{
  "type": "FeatureCollection",
  "features": [
    {
      "type": "Feature",
      "geometry": {
        "type": "Point",
        "coordinates": [
          28.28713,
          -15.40669
        ]
      },
      "properties": {
        "name": "Lusaka",
        "country": "Zambia",
        "region": "Lusaka Province",
        "elevation_m": null,
        "population": 2212301,
        "feature_type": "capital of a political entity",
        "geoname_id": 909137
      }
    },
    {
      "type": "Feature",
      "geometry": {
        "type": "Point",
        "coordinates": [
          28.21323,
          -12.80243
        ]
      },
      "properties": {
        "name": "Kitwe",
        "country": "Zambia",
        "region": "Copperbelt",
        "elevation_m": null,
        "population": 665961,
        "feature_type": "populated place",
        "geoname_id": 911148
      }
    },
    {
      "type": "Feature",
      "geometry": {
        "type": "Point",
        "coordinates": [
          28.63659,
          -12.95867
        ]
      },
      "properties": {
        "name": "Ndola",
        "country": "Zambia",
        "region": "Copperbelt",
        "elevation_m": null,
        "population": 627503,
        "feature_type": "seat of a first-order administrative division",
        "geoname_id": 901344
      }
    },
    {
      "type": "Feature",
      "geometry": {
        "type": "Point",
        "coordinates": [
          32.65,
          -13.63333
        ]
      },
      "properties": {
        "name": "Chipata",
        "country": "Zambia",
        "region": "Eastern Province",
        "elevation_m": null,
        "population": 327059,
        "feature_type": "seat of a first-order administrative division",
        "geoname_id": 918702
      }
    },
    {
      "type": "Feature",
      "geometry": {
        "type": "Point",
        "coordinates": [
          26.38938,
          -12.1688
        ]
      },
      "properties": {
        "name": "Solwezi",
        "country": "Zambia",
        "region": "North-Western",
        "elevation_m": null,
        "population": 301370,
        "feature_type": "seat of a first-order administrative division",
        "geoname_id": 897045
      }
    },
    {
      "type": "Feature",
      "geometry": {
        "type": "Point",
        "coordinates": [
          28.44644,
          -14.4469
        ]
      },
      "properties": {
        "name": "Kabwe",
        "country": "Zambia",
        "region": "Central Province",
        "elevation_m": null,
        "population": 288598,
        "feature_type": "seat of a first-order administrative division",
        "geoname_id": 916095
      }
    },
    {
      "type": "Feature",
      "geometry": {
        "type": "Point",
        "coordinates": [
          27.88382,
          -12.52897
        ]
      },
      "properties": {
        "name": "Chingola",
        "country": "Zambia",
        "region": "Copperbelt",
        "elevation_m": null,
        "population": 256560,
        "feature_type": "seat of a second-order administrative division",
        "geoname_id": 919009
      }
    },
    {
      "type": "Feature",
      "geometry": {
        "type": "Point",
        "coordinates": [
          28.41661,
          -13.13667
        ]
      },
      "properties": {
        "name": "Luanshya",
        "country": "Zambia",
        "region": "Copperbelt",
        "elevation_m": null,
        "population": 193293,
        "feature_type": "populated place",
        "geoname_id": 909863
      }
    },
    {
      "type": "Feature",
      "geometry": {
        "type": "Point",
        "coordinates": [
          31.18084,
          -10.21289
        ]
      },
      "properties": {
        "name": "Kasama",
        "country": "Zambia",
        "region": "Northern Province",
        "elevation_m": null,
        "population": 179636,
        "feature_type": "seat of a first-order administrative division",
        "geoname_id": 912764
      }
    },
    {
      "type": "Feature",
      "geometry": {
        "type": "Point",
        "coordinates": [
          25.85425,
          -17.84194
        ]
      },
      "properties": {
        "name": "Livingstone",
        "country": "Zambia",
        "region": "Southern Province",
        "elevation_m": null,
        "population": 178361,
        "feature_type": "seat of a second-order administrative division",
        "geoname_id": 910111
      }
    },
    {
      "type": "Feature",
      "geometry": {
        "type": "Point",
        "coordinates": [
          28.89431,
          -11.19976
        ]
      },
      "properties": {
        "name": "Mansa",
        "country": "Zambia",
        "region": "Luapula Province",
        "elevation_m": null,
        "population": 170965,
        "feature_type": "seat of a first-order administrative division",
        "geoname_id": 907770
      }
    },
    {
      "type": "Feature",
      "geometry": {
        "type": "Point",
        "coordinates": [
          28.24071,
          -12.54982
        ]
      },
      "properties": {
        "name": "Mufulira",
        "country": "Zambia",
        "region": "Copperbelt",
        "elevation_m": null,
        "population": 169136,
        "feature_type": "populated place",
        "geoname_id": 905395
      }
    },
    {
      "type": "Feature",
      "geometry": {
        "type": "Point",
        "coordinates": [
          28.26868,
          -15.31737
        ]
      },
      "properties": {
        "name": "Chunga",
        "country": "Zambia",
        "region": "Lusaka Province",
        "elevation_m": null,
        "population": 115539,
        "feature_type": "populated place",
        "geoname_id": 13132725
      }
    },
    {
      "type": "Feature",
      "geometry": {
        "type": "Point",
        "coordinates": [
          27.82286,
          -12.36475
        ]
      },
      "properties": {
        "name": "Chililabombwe",
        "country": "Zambia",
        "region": "Copperbelt",
        "elevation_m": null,
        "population": 113876,
        "feature_type": "populated place",
        "geoname_id": 919544
      }
    },
    {
      "type": "Feature",
      "geometry": {
        "type": "Point",
        "coordinates": [
          23.12741,
          -15.24835
        ]
      },
      "properties": {
        "name": "Mongu",
        "country": "Zambia",
        "region": "Western Province",
        "elevation_m": null,
        "population": 111450,
        "feature_type": "seat of a first-order administrative division",
        "geoname_id": 906054
      }
    },
    {
      "type": "Feature",
      "geometry": {
        "type": "Point",
        "coordinates": [
          27.748,
          -15.85601
        ]
      },
      "properties": {
        "name": "Mazabuka",
        "country": "Zambia",
        "region": "Southern Province",
        "elevation_m": null,
        "population": 104412,
        "feature_type": "populated place",
        "geoname_id": 907111
      }
    },
    {
      "type": "Feature",
      "geometry": {
        "type": "Point",
        "coordinates": [
          28.18136,
          -15.76911
        ]
      },
      "properties": {
        "name": "Kafue",
        "country": "Zambia",
        "region": "Lusaka Province",
        "elevation_m": null,
        "population": 104174,
        "feature_type": "populated place",
        "geoname_id": 915883
      }
    },
    {
      "type": "Feature",
      "geometry": {
        "type": "Point",
        "coordinates": [
          28.09479,
          -12.84151
        ]
      },
      "properties": {
        "name": "Kalulushi",
        "country": "Zambia",
        "region": "Copperbelt",
        "elevation_m": null,
        "population": 104046,
        "feature_type": "populated place",
        "geoname_id": 914959
      }
    },
    {
      "type": "Feature",
      "geometry": {
        "type": "Point",
        "coordinates": [
          26.9875,
          -16.80889
        ]
      },
      "properties": {
        "name": "Choma",
        "country": "Zambia",
        "region": "Southern Province",
        "elevation_m": null,
        "population": 98974,
        "feature_type": "seat of a first-order administrative division",
        "geoname_id": 917748
      }
    },
    {
      "type": "Feature",
      "geometry": {
        "type": "Point",
        "coordinates": [
          28.18986,
          -15.39053
        ]
      },
      "properties": {
        "name": "Namalombwe",
        "country": "Zambia",
        "region": "Lusaka Province",
        "elevation_m": null,
        "population": 97758,
        "feature_type": "populated place",
        "geoname_id": 13132732
      }
    },
    {
      "type": "Feature",
      "geometry": {
        "type": "Point",
        "coordinates": [
          32.745,
          -9.34213
        ]
      },
      "properties": {
        "name": "Nakonde",
        "country": "Zambia",
        "region": "Muchinga",
        "elevation_m": null,
        "population": 91107,
        "feature_type": "populated place",
        "geoname_id": 175555
      }
    },
    {
      "type": "Feature",
      "geometry": {
        "type": "Point",
        "coordinates": [
          28.66985,
          -13.97147
        ]
      },
      "properties": {
        "name": "Kapiri Mposhi",
        "country": "Zambia",
        "region": "Central Province",
        "elevation_m": null,
        "population": 83211,
        "feature_type": "populated place",
        "geoname_id": 913029
      }
    },
    {
      "type": "Feature",
      "geometry": {
        "type": "Point",
        "coordinates": [
          28.37416,
          -15.35454
        ]
      },
      "properties": {
        "name": "Madido",
        "country": "Zambia",
        "region": "Lusaka Province",
        "elevation_m": null,
        "population": 80782,
        "feature_type": "populated place",
        "geoname_id": 13132727
      }
    },
    {
      "type": "Feature",
      "geometry": {
        "type": "Point",
        "coordinates": [
          28.73396,
          -9.34506
        ]
      },
      "properties": {
        "name": "Nchelenge",
        "country": "Zambia",
        "region": "Luapula Province",
        "elevation_m": null,
        "population": 77746,
        "feature_type": "populated place",
        "geoname_id": 175499
      }
    },
    {
      "type": "Feature",
      "geometry": {
        "type": "Point",
        "coordinates": [
          31.45287,
          -11.83431
        ]
      },
      "properties": {
        "name": "Mpika",
        "country": "Zambia",
        "region": "Muchinga",
        "elevation_m": null,
        "population": 63740,
        "feature_type": "populated place",
        "geoname_id": 905846
      }
    },
    {
      "type": "Feature",
      "geometry": {
        "type": "Point",
        "coordinates": [
          27.47724,
          -16.27149
        ]
      },
      "properties": {
        "name": "Monze",
        "country": "Zambia",
        "region": "Southern Province",
        "elevation_m": null,
        "population": 60281,
        "feature_type": "populated place",
        "geoname_id": 906043
      }
    },
    {
      "type": "Feature",
      "geometry": {
        "type": "Point",
        "coordinates": [
          31.31975,
          -14.24117
        ]
      },
      "properties": {
        "name": "Petauke",
        "country": "Zambia",
        "region": "Eastern Province",
        "elevation_m": null,
        "population": 58156,
        "feature_type": "populated place",
        "geoname_id": 899825
      }
    },
    {
      "type": "Feature",
      "geometry": {
        "type": "Point",
        "coordinates": [
          28.68204,
          -15.32916
        ]
      },
      "properties": {
        "name": "Chongwe",
        "country": "Zambia",
        "region": "Lusaka Province",
        "elevation_m": null,
        "population": 57443,
        "feature_type": "populated place",
        "geoname_id": 917688
      }
    },
    {
      "type": "Feature",
      "geometry": {
        "type": "Point",
        "coordinates": [
          31.11405,
          -8.76234
        ]
      },
      "properties": {
        "name": "Mpulungu",
        "country": "Zambia",
        "region": "Northern Province",
        "elevation_m": null,
        "population": 55405,
        "feature_type": "populated place",
        "geoname_id": 175961
      }
    },
    {
      "type": "Feature",
      "geometry": {
        "type": "Point",
        "coordinates": [
          28.2701,
          -15.57079
        ]
      },
      "properties": {
        "name": "Chilanga Township",
        "country": "Zambia",
        "region": "Lusaka Province",
        "elevation_m": null,
        "population": 54046,
        "feature_type": "populated place",
        "geoname_id": 7932530
      }
    },
    {
      "type": "Feature",
      "geometry": {
        "type": "Point",
        "coordinates": [
          29.55652,
          -11.36491
        ]
      },
      "properties": {
        "name": "Samfya",
        "country": "Zambia",
        "region": "Luapula Province",
        "elevation_m": null,
        "population": 51309,
        "feature_type": "populated place",
        "geoname_id": 899274
      }
    },
    {
      "type": "Feature",
      "geometry": {
        "type": "Point",
        "coordinates": [
          27.0619,
          -14.98293
        ]
      },
      "properties": {
        "name": "Mumbwa",
        "country": "Zambia",
        "region": "Central Province",
        "elevation_m": null,
        "population": 49461,
        "feature_type": "populated place",
        "geoname_id": 904422
      }
    },
    {
      "type": "Feature",
      "geometry": {
        "type": "Point",
        "coordinates": [
          29.3939,
          -13.62015
        ]
      },
      "properties": {
        "name": "Mkushi",
        "country": "Zambia",
        "region": "Central Province",
        "elevation_m": null,
        "population": 45927,
        "feature_type": "populated place",
        "geoname_id": 906221
      }
    },
    {
      "type": "Feature",
      "geometry": {
        "type": "Point",
        "coordinates": [
          32.08333,
          -14.05
        ]
      },
      "properties": {
        "name": "Katete",
        "country": "Zambia",
        "region": "Eastern Province",
        "elevation_m": null,
        "population": 45402,
        "feature_type": "populated place",
        "geoname_id": 912072
      }
    },
    {
      "type": "Feature",
      "geometry": {
        "type": "Point",
        "coordinates": [
          33.1782,
          -12.29292
        ]
      },
      "properties": {
        "name": "Lundazi",
        "country": "Zambia",
        "region": "Eastern Province",
        "elevation_m": null,
        "population": 45149,
        "feature_type": "populated place",
        "geoname_id": 909299
      }
    },
    {
      "type": "Feature",
      "geometry": {
        "type": "Point",
        "coordinates": [
          31.36587,
          -8.84024
        ]
      },
      "properties": {
        "name": "Mbala",
        "country": "Zambia",
        "region": "Northern Province",
        "elevation_m": null,
        "population": 42424,
        "feature_type": "populated place",
        "geoname_id": 176146
      }
    },
    {
      "type": "Feature",
      "geometry": {
        "type": "Point",
        "coordinates": [
          28.35099,
          -15.48211
        ]
      },
      "properties": {
        "name": "Chisankane",
        "country": "Zambia",
        "region": "Lusaka Province",
        "elevation_m": null,
        "population": 41014,
        "feature_type": "populated place",
        "geoname_id": 13132724
      }
    },
    {
      "type": "Feature",
      "geometry": {
        "type": "Point",
        "coordinates": [
          26.42727,
          -12.09514
        ]
      },
      "properties": {
        "name": "Kansanshi",
        "country": "Zambia",
        "region": "North-Western",
        "elevation_m": null,
        "population": 40705,
        "feature_type": "populated place",
        "geoname_id": 913613
      }
    },
    {
      "type": "Feature",
      "geometry": {
        "type": "Point",
        "coordinates": [
          32.08162,
          -10.54142
        ]
      },
      "properties": {
        "name": "Chinsali",
        "country": "Zambia",
        "region": "Muchinga",
        "elevation_m": null,
        "population": 38805,
        "feature_type": "seat of a first-order administrative division",
        "geoname_id": 918905
      }
    },
    {
      "type": "Feature",
      "geometry": {
        "type": "Point",
        "coordinates": [
          29.66193,
          -8.46887
        ]
      },
      "properties": {
        "name": "Kaputa",
        "country": "Zambia",
        "region": "Northern Province",
        "elevation_m": null,
        "population": 35663,
        "feature_type": "populated place",
        "geoname_id": 176758
      }
    },
    {
      "type": "Feature",
      "geometry": {
        "type": "Point",
        "coordinates": [
          28.84311,
          -16.03577
        ]
      },
      "properties": {
        "name": "Chirundu",
        "country": "Zambia",
        "region": "Southern Province",
        "elevation_m": null,
        "population": 35403,
        "feature_type": "populated place",
        "geoname_id": 918488
      }
    },
    {
      "type": "Feature",
      "geometry": {
        "type": "Point",
        "coordinates": [
          28.05367,
          -12.63247
        ]
      },
      "properties": {
        "name": "Chambishi",
        "country": "Zambia",
        "region": "Copperbelt",
        "elevation_m": null,
        "population": 34888,
        "feature_type": "populated place",
        "geoname_id": 920820
      }
    },
    {
      "type": "Feature",
      "geometry": {
        "type": "Point",
        "coordinates": [
          24.8,
          -14.78333
        ]
      },
      "properties": {
        "name": "Kaoma",
        "country": "Zambia",
        "region": "Western Province",
        "elevation_m": null,
        "population": 34347,
        "feature_type": "populated place",
        "geoname_id": 913323
      }
    },
    {
      "type": "Feature",
      "geometry": {
        "type": "Point",
        "coordinates": [
          32.63353,
          -10.16062
        ]
      },
      "properties": {
        "name": "Isoka",
        "country": "Zambia",
        "region": "Muchinga",
        "elevation_m": null,
        "population": 31739,
        "feature_type": "populated place",
        "geoname_id": 916668
      }
    },
    {
      "type": "Feature",
      "geometry": {
        "type": "Point",
        "coordinates": [
          29.07913,
          -9.7915
        ]
      },
      "properties": {
        "name": "Kawambwa",
        "country": "Zambia",
        "region": "Luapula Province",
        "elevation_m": null,
        "population": 31161,
        "feature_type": "populated place",
        "geoname_id": 176555
      }
    },
    {
      "type": "Feature",
      "geometry": {
        "type": "Point",
        "coordinates": [
          26.48369,
          -17.02581
        ]
      },
      "properties": {
        "name": "Kalomo",
        "country": "Zambia",
        "region": "Southern Province",
        "elevation_m": null,
        "population": 30781,
        "feature_type": "populated place",
        "geoname_id": 915086
      }
    },
    {
      "type": "Feature",
      "geometry": {
        "type": "Point",
        "coordinates": [
          30.12501,
          -9.37273
        ]
      },
      "properties": {
        "name": "Mporokoso",
        "country": "Zambia",
        "region": "Northern Province",
        "elevation_m": null,
        "population": 30381,
        "feature_type": "populated place",
        "geoname_id": 175967
      }
    },
    {
      "type": "Feature",
      "geometry": {
        "type": "Point",
        "coordinates": [
          30.23522,
          -13.23251
        ]
      },
      "properties": {
        "name": "Serenje",
        "country": "Zambia",
        "region": "Central Province",
        "elevation_m": null,
        "population": 30217,
        "feature_type": "populated place",
        "geoname_id": 898912
      }
    },
    {
      "type": "Feature",
      "geometry": {
        "type": "Point",
        "coordinates": [
          24.29684,
          -17.47593
        ]
      },
      "properties": {
        "name": "Sesheke",
        "country": "Zambia",
        "region": "Western Province",
        "elevation_m": null,
        "population": 29922,
        "feature_type": "populated place",
        "geoname_id": 898905
      }
    },
    {
      "type": "Feature",
      "geometry": {
        "type": "Point",
        "coordinates": [
          25.8338,
          -13.45836
        ]
      },
      "properties": {
        "name": "Kasempa",
        "country": "Zambia",
        "region": "North-Western",
        "elevation_m": null,
        "population": 28894,
        "feature_type": "populated place",
        "geoname_id": 912628
      }
    },
    {
      "type": "Feature",
      "geometry": {
        "type": "Point",
        "coordinates": [
          25.84862,
          -12.31477
        ]
      },
      "properties": {
        "name": "Manyama",
        "country": "Zambia",
        "region": "North-Western",
        "elevation_m": null,
        "population": 28825,
        "feature_type": "populated place",
        "geoname_id": 13132728
      }
    },
    {
      "type": "Feature",
      "geometry": {
        "type": "Point",
        "coordinates": [
          29.92712,
          -10.2621
        ]
      },
      "properties": {
        "name": "Luwingu",
        "country": "Zambia",
        "region": "Northern Province",
        "elevation_m": null,
        "population": 28436,
        "feature_type": "populated place",
        "geoname_id": 908913
      }
    },
    {
      "type": "Feature",
      "geometry": {
        "type": "Point",
        "coordinates": [
          28.67206,
          -12.93688
        ]
      },
      "properties": {
        "name": "Mapalo",
        "country": "Zambia",
        "region": "Copperbelt",
        "elevation_m": null,
        "population": 26986,
        "feature_type": "populated place",
        "geoname_id": 13132729
      }
    },
    {
      "type": "Feature",
      "geometry": {
        "type": "Point",
        "coordinates": [
          28.70876,
          -16.53818
        ]
      },
      "properties": {
        "name": "Siavonga",
        "country": "Zambia",
        "region": "Southern Province",
        "elevation_m": null,
        "population": 26951,
        "feature_type": "populated place",
        "geoname_id": 898188
      }
    },
    {
      "type": "Feature",
      "geometry": {
        "type": "Point",
        "coordinates": [
          23.10467,
          -13.54323
        ]
      },
      "properties": {
        "name": "Zambezi",
        "country": "Zambia",
        "region": "North-Western",
        "elevation_m": null,
        "population": 26885,
        "feature_type": "populated place",
        "geoname_id": 895953
      }
    },
    {
      "type": "Feature",
      "geometry": {
        "type": "Point",
        "coordinates": [
          25.00653,
          -13.13701
        ]
      },
      "properties": {
        "name": "Mufumbwe",
        "country": "Zambia",
        "region": "North-Western",
        "elevation_m": null,
        "population": 25667,
        "feature_type": "populated place",
        "geoname_id": 13132730
      }
    },
    {
      "type": "Feature",
      "geometry": {
        "type": "Point",
        "coordinates": [
          24.42926,
          -11.73584
        ]
      },
      "properties": {
        "name": "Mwinilunga",
        "country": "Zambia",
        "region": "North-Western",
        "elevation_m": null,
        "population": 25425,
        "feature_type": "populated place",
        "geoname_id": 902620
      }
    },
    {
      "type": "Feature",
      "geometry": {
        "type": "Point",
        "coordinates": [
          28.15504,
          -13.50914
        ]
      },
      "properties": {
        "name": "Mpongwe",
        "country": "Zambia",
        "region": "Copperbelt",
        "elevation_m": null,
        "population": 25388,
        "feature_type": "populated place",
        "geoname_id": 905789
      }
    },
    {
      "type": "Feature",
      "geometry": {
        "type": "Point",
        "coordinates": [
          26.04155,
          -15.73691
        ]
      },
      "properties": {
        "name": "Itezhi-Tezhi",
        "country": "Zambia",
        "region": "Southern Province",
        "elevation_m": null,
        "population": 22449,
        "feature_type": "populated place",
        "geoname_id": 6695527
      }
    },
    {
      "type": "Feature",
      "geometry": {
        "type": "Point",
        "coordinates": [
          27.15,
          -17.36667
        ]
      },
      "properties": {
        "name": "Maamba",
        "country": "Zambia",
        "region": "Southern Province",
        "elevation_m": null,
        "population": 21676,
        "feature_type": "populated place",
        "geoname_id": 908718
      }
    },
    {
      "type": "Feature",
      "geometry": {
        "type": "Point",
        "coordinates": [
          28.11026,
          -15.31864
        ]
      },
      "properties": {
        "name": "Lusaka West",
        "country": "Zambia",
        "region": "Lusaka Province",
        "elevation_m": null,
        "population": 21655,
        "feature_type": "populated place",
        "geoname_id": 13132726
      }
    },
    {
      "type": "Feature",
      "geometry": {
        "type": "Point",
        "coordinates": [
          23.26667,
          -16.11667
        ]
      },
      "properties": {
        "name": "Senanga",
        "country": "Zambia",
        "region": "Western Province",
        "elevation_m": null,
        "population": 20878,
        "feature_type": "populated place",
        "geoname_id": 898947
      }
    },
    {
      "type": "Feature",
      "geometry": {
        "type": "Point",
        "coordinates": [
          28.42201,
          -15.38958
        ]
      },
      "properties": {
        "name": "Ntandabale",
        "country": "Zambia",
        "region": "Lusaka Province",
        "elevation_m": null,
        "population": 20254,
        "feature_type": "populated place",
        "geoname_id": 13132733
      }
    },
    {
      "type": "Feature",
      "geometry": {
        "type": "Point",
        "coordinates": [
          28.53436,
          -15.44623
        ]
      },
      "properties": {
        "name": "Palabana",
        "country": "Zambia",
        "region": "Lusaka Province",
        "elevation_m": null,
        "population": 19769,
        "feature_type": "populated place",
        "geoname_id": 13132734
      }
    },
    {
      "type": "Feature",
      "geometry": {
        "type": "Point",
        "coordinates": [
          23.24196,
          -14.37067
        ]
      },
      "properties": {
        "name": "Lukulu",
        "country": "Zambia",
        "region": "Western Province",
        "elevation_m": null,
        "population": 19344,
        "feature_type": "populated place",
        "geoname_id": 909488
      }
    },
    {
      "type": "Feature",
      "geometry": {
        "type": "Point",
        "coordinates": [
          24.33532,
          -13.41646
        ]
      },
      "properties": {
        "name": "Manyinga",
        "country": "Zambia",
        "region": "North-Western",
        "elevation_m": null,
        "population": 19317,
        "feature_type": "populated place",
        "geoname_id": 907705
      }
    },
    {
      "type": "Feature",
      "geometry": {
        "type": "Point",
        "coordinates": [
          30.8149,
          -14.55656
        ]
      },
      "properties": {
        "name": "Nyimba",
        "country": "Zambia",
        "region": "Eastern Province",
        "elevation_m": null,
        "population": 19252,
        "feature_type": "populated place",
        "geoname_id": 900056
      }
    },
    {
      "type": "Feature",
      "geometry": {
        "type": "Point",
        "coordinates": [
          22.68333,
          -13.06667
        ]
      },
      "properties": {
        "name": "Chavuma",
        "country": "Zambia",
        "region": "North-Western",
        "elevation_m": null,
        "population": 18902,
        "feature_type": "populated place",
        "geoname_id": 920470
      }
    },
    {
      "type": "Feature",
      "geometry": {
        "type": "Point",
        "coordinates": [
          31.7629,
          -14.21004
        ]
      },
      "properties": {
        "name": "Sinda",
        "country": "Zambia",
        "region": "Eastern Province",
        "elevation_m": null,
        "population": 18716,
        "feature_type": "populated place",
        "geoname_id": 897454
      }
    },
    {
      "type": "Feature",
      "geometry": {
        "type": "Point",
        "coordinates": [
          22.67926,
          -14.99307
        ]
      },
      "properties": {
        "name": "Kalabo",
        "country": "Zambia",
        "region": "Western Province",
        "elevation_m": null,
        "population": 18477,
        "feature_type": "populated place",
        "geoname_id": 915471
      }
    },
    {
      "type": "Feature",
      "geometry": {
        "type": "Point",
        "coordinates": [
          25.49613,
          -12.10932
        ]
      },
      "properties": {
        "name": "Chisasa",
        "country": "Zambia",
        "region": "North-Western",
        "elevation_m": null,
        "population": 17169,
        "feature_type": "populated place",
        "geoname_id": 918398
      }
    },
    {
      "type": "Feature",
      "geometry": {
        "type": "Point",
        "coordinates": [
          27.92441,
          -15.50819
        ]
      },
      "properties": {
        "name": "Nampundwe",
        "country": "Zambia",
        "region": "Central Province",
        "elevation_m": null,
        "population": 16396,
        "feature_type": "populated place",
        "geoname_id": 8298600
      }
    },
    {
      "type": "Feature",
      "geometry": {
        "type": "Point",
        "coordinates": [
          28.76038,
          -9.82202
        ]
      },
      "properties": {
        "name": "Mwansabombwe",
        "country": "Zambia",
        "region": "Luapula Province",
        "elevation_m": null,
        "population": 16077,
        "feature_type": "populated place",
        "geoname_id": 13132731
      }
    },
    {
      "type": "Feature",
      "geometry": {
        "type": "Point",
        "coordinates": [
          26.43839,
          -15.75042
        ]
      },
      "properties": {
        "name": "Namwala",
        "country": "Zambia",
        "region": "Southern Province",
        "elevation_m": null,
        "population": 15614,
        "feature_type": "populated place",
        "geoname_id": 901766
      }
    },
    {
      "type": "Feature",
      "geometry": {
        "type": "Point",
        "coordinates": [
          27.46179,
          -17.2614
        ]
      },
      "properties": {
        "name": "Sinazongwe",
        "country": "Zambia",
        "region": "Southern Province",
        "elevation_m": null,
        "population": 15191,
        "feature_type": "populated place",
        "geoname_id": 897456
      }
    },
    {
      "type": "Feature",
      "geometry": {
        "type": "Point",
        "coordinates": [
          29.16142,
          -8.66043
        ]
      },
      "properties": {
        "name": "Chiengi",
        "country": "Zambia",
        "region": "Luapula Province",
        "elevation_m": null,
        "population": 15165,
        "feature_type": "populated place",
        "geoname_id": 177748
      }
    },
    {
      "type": "Feature",
      "geometry": {
        "type": "Point",
        "coordinates": [
          24.20081,
          -13.59268
        ]
      },
      "properties": {
        "name": "Kabompo",
        "country": "Zambia",
        "region": "North-Western",
        "elevation_m": null,
        "population": 15069,
        "feature_type": "populated place",
        "geoname_id": 916246
      }
    },
    {
      "type": "Feature",
      "geometry": {
        "type": "Point",
        "coordinates": [
          28.43333,
          -13.36667
        ]
      },
      "properties": {
        "name": "Ibenga",
        "country": "Zambia",
        "region": "Copperbelt",
        "elevation_m": null,
        "population": 14056,
        "feature_type": "populated place",
        "geoname_id": 916938
      }
    },
    {
      "type": "Feature",
      "geometry": {
        "type": "Point",
        "coordinates": [
          28.41596,
          -15.29973
        ]
      },
      "properties": {
        "name": "Chinkuli",
        "country": "Zambia",
        "region": "Lusaka Province",
        "elevation_m": null,
        "population": 14034,
        "feature_type": "populated place",
        "geoname_id": 13132723
      }
    },
    {
      "type": "Feature",
      "geometry": {
        "type": "Point",
        "coordinates": [
          29.78333,
          -11.88333
        ]
      },
      "properties": {
        "name": "Kataba",
        "country": "Zambia",
        "region": "Copperbelt",
        "elevation_m": null,
        "population": 14000,
        "feature_type": "populated place",
        "geoname_id": 912226
      }
    },
    {
      "type": "Feature",
      "geometry": {
        "type": "Point",
        "coordinates": [
          28.16456,
          -15.49236
        ]
      },
      "properties": {
        "name": "Chilongolo",
        "country": "Zambia",
        "region": "Lusaka Province",
        "elevation_m": null,
        "population": 13662,
        "feature_type": "populated place",
        "geoname_id": 13132721
      }
    },
    {
      "type": "Feature",
      "geometry": {
        "type": "Point",
        "coordinates": [
          33.1521,
          -11.21303
        ]
      },
      "properties": {
        "name": "Chama",
        "country": "Zambia",
        "region": "Muchinga",
        "elevation_m": null,
        "population": 12923,
        "feature_type": "populated place",
        "geoname_id": 920901
      }
    },
    {
      "type": "Feature",
      "geometry": {
        "type": "Point",
        "coordinates": [
          29.64619,
          -11.11654
        ]
      },
      "properties": {
        "name": "Lubwe",
        "country": "Zambia",
        "region": "Luapula Province",
        "elevation_m": null,
        "population": 12643,
        "feature_type": "populated place",
        "geoname_id": 909722
      }
    },
    {
      "type": "Feature",
      "geometry": {
        "type": "Point",
        "coordinates": [
          31.36942,
          -10.1732
        ]
      },
      "properties": {
        "name": "Mungwi",
        "country": "Zambia",
        "region": "Northern Province",
        "elevation_m": null,
        "population": 12536,
        "feature_type": "populated place",
        "geoname_id": 904241
      }
    },
    {
      "type": "Feature",
      "geometry": {
        "type": "Point",
        "coordinates": [
          25.27473,
          -17.79356
        ]
      },
      "properties": {
        "name": "Kazungula",
        "country": "Zambia",
        "region": "Southern Province",
        "elevation_m": null,
        "population": 12095,
        "feature_type": "populated place",
        "geoname_id": 911300
      }
    },
    {
      "type": "Feature",
      "geometry": {
        "type": "Point",
        "coordinates": [
          23.13757,
          -15.09691
        ]
      },
      "properties": {
        "name": "Limulunga",
        "country": "Zambia",
        "region": "Western Province",
        "elevation_m": null,
        "population": 10684,
        "feature_type": "populated place",
        "geoname_id": 910361
      }
    },
    {
      "type": "Feature",
      "geometry": {
        "type": "Point",
        "coordinates": [
          27.77994,
          -15.83244
        ]
      },
      "properties": {
        "name": "Nakambala",
        "country": "Zambia",
        "region": "Southern Province",
        "elevation_m": null,
        "population": 10425,
        "feature_type": "populated place",
        "geoname_id": 902344
      }
    },
    {
      "type": "Feature",
      "geometry": {
        "type": "Point",
        "coordinates": [
          28.70085,
          -15.38546
        ]
      },
      "properties": {
        "name": "Chalimbana",
        "country": "Zambia",
        "region": "Lusaka Province",
        "elevation_m": null,
        "population": 10196,
        "feature_type": "populated place",
        "geoname_id": 13132720
      }
    },
    {
      "type": "Feature",
      "geometry": {
        "type": "Point",
        "coordinates": [
          29.94634,
          -11.11459
        ]
      },
      "properties": {
        "name": "Chilubi",
        "country": "Zambia",
        "region": "Northern Province",
        "elevation_m": null,
        "population": 9962,
        "feature_type": "populated place",
        "geoname_id": 13132722
      }
    },
    {
      "type": "Feature",
      "geometry": {
        "type": "Point",
        "coordinates": [
          27.87632,
          -15.86698
        ]
      },
      "properties": {
        "name": "Lubombo",
        "country": "Zambia",
        "region": "Southern Province",
        "elevation_m": null,
        "population": 9811,
        "feature_type": "populated place",
        "geoname_id": 909752
      }
    },
    {
      "type": "Feature",
      "geometry": {
        "type": "Point",
        "coordinates": [
          30.41667,
          -15.61667
        ]
      },
      "properties": {
        "name": "Luangwa",
        "country": "Zambia",
        "region": "Lusaka Province",
        "elevation_m": null,
        "population": 9187,
        "feature_type": "populated place",
        "geoname_id": 909887
      }
    },
    {
      "type": "Feature",
      "geometry": {
        "type": "Point",
        "coordinates": [
          29.04265,
          -9.04865
        ]
      },
      "properties": {
        "name": "Mununga",
        "country": "Zambia",
        "region": "Luapula Province",
        "elevation_m": null,
        "population": 9135,
        "feature_type": "populated place",
        "geoname_id": 175808
      }
    },
    {
      "type": "Feature",
      "geometry": {
        "type": "Point",
        "coordinates": [
          25.00271,
          -13.46586
        ]
      },
      "properties": {
        "name": "Kalengwa",
        "country": "Zambia",
        "region": "North-Western",
        "elevation_m": null,
        "population": 7574,
        "feature_type": "populated place",
        "geoname_id": 915285
      }
    },
    {
      "type": "Feature",
      "geometry": {
        "type": "Point",
        "coordinates": [
          24.8,
          -13.68333
        ]
      },
      "properties": {
        "name": "Mufumbwe",
        "country": "Zambia",
        "region": "North-Western",
        "elevation_m": null,
        "population": 6155,
        "feature_type": "populated place",
        "geoname_id": 905382
      }
    },
    {
      "type": "Feature",
      "geometry": {
        "type": "Point",
        "coordinates": [
          32.43917,
          -14.06779
        ]
      },
      "properties": {
        "name": "Chadiza",
        "country": "Zambia",
        "region": "Eastern Province",
        "elevation_m": null,
        "population": 5670,
        "feature_type": "populated place",
        "geoname_id": 921028
      }
    },
    {
      "type": "Feature",
      "geometry": {
        "type": "Point",
        "coordinates": [
          28.07057,
          -14.65685
        ]
      },
      "properties": {
        "name": "Chibombo",
        "country": "Zambia",
        "region": "Central Province",
        "elevation_m": null,
        "population": 4477,
        "feature_type": "populated place",
        "geoname_id": 920233
      }
    },
    {
      "type": "Feature",
      "geometry": {
        "type": "Point",
        "coordinates": [
          28.698,
          -10.38447
        ]
      },
      "properties": {
        "name": "Mwense",
        "country": "Zambia",
        "region": "Luapula Province",
        "elevation_m": null,
        "population": 4378,
        "feature_type": "populated place",
        "geoname_id": 902721
      }
    },
    {
      "type": "Feature",
      "geometry": {
        "type": "Point",
        "coordinates": [
          27.60691,
          -16.49755
        ]
      },
      "properties": {
        "name": "Gwembe",
        "country": "Zambia",
        "region": "Southern Province",
        "elevation_m": null,
        "population": 2052,
        "feature_type": "populated place",
        "geoname_id": 917011
      }
    },
    {
      "type": "Feature",
      "geometry": {
        "type": "Point",
        "coordinates": [
          24.61667,
          -16.3
        ]
      },
      "properties": {
        "name": "Seramputa",
        "country": "Zambia",
        "region": "Western Province",
        "elevation_m": null,
        "population": 0,
        "feature_type": "populated place",
        "geoname_id": 898915
      }
    },
    {
      "type": "Feature",
      "geometry": {
        "type": "Point",
        "coordinates": [
          32.28333,
          -11.05
        ]
      },
      "properties": {
        "name": "Sepeti",
        "country": "Zambia",
        "region": "Muchinga",
        "elevation_m": null,
        "population": 0,
        "feature_type": "populated place",
        "geoname_id": 898916
      }
    },
    {
      "type": "Feature",
      "geometry": {
        "type": "Point",
        "coordinates": [
          30.7295,
          -12.8818
        ]
      },
      "properties": {
        "name": "Sepe Katoba",
        "country": "Zambia",
        "region": "Central Province",
        "elevation_m": null,
        "population": 0,
        "feature_type": "populated place",
        "geoname_id": 898917
      }
    },
    {
      "type": "Feature",
      "geometry": {
        "type": "Point",
        "coordinates": [
          33.16667,
          -11.71667
        ]
      },
      "properties": {
        "name": "Sepa",
        "country": "Zambia",
        "region": "Muchinga",
        "elevation_m": null,
        "population": 0,
        "feature_type": "populated place",
        "geoname_id": 898920
      }
    },
    {
      "type": "Feature",
      "geometry": {
        "type": "Point",
        "coordinates": [
          27.56667,
          -12.7
        ]
      },
      "properties": {
        "name": "Sensenta",
        "country": "Zambia",
        "region": "Copperbelt",
        "elevation_m": null,
        "population": 0,
        "feature_type": "populated place",
        "geoname_id": 898923
      }
    },
    {
      "type": "Feature",
      "geometry": {
        "type": "Point",
        "coordinates": [
          28.13333,
          -14.6
        ]
      },
      "properties": {
        "name": "Senseka",
        "country": "Zambia",
        "region": "Central Province",
        "elevation_m": null,
        "population": 0,
        "feature_type": "populated place",
        "geoname_id": 898924
      }
    },
    {
      "type": "Feature",
      "geometry": {
        "type": "Point",
        "coordinates": [
          31.68333,
          -14.23333
        ]
      },
      "properties": {
        "name": "Sense",
        "country": "Zambia",
        "region": "Eastern Province",
        "elevation_m": null,
        "population": 0,
        "feature_type": "populated place",
        "geoname_id": 898925
      }
    },
    {
      "type": "Feature",
      "geometry": {
        "type": "Point",
        "coordinates": [
          25.94503,
          -17.62782
        ]
      },
      "properties": {
        "name": "Senkobo",
        "country": "Zambia",
        "region": "Southern Province",
        "elevation_m": null,
        "population": 0,
        "feature_type": "populated place",
        "geoname_id": 898927
      }
    },
    {
      "type": "Feature",
      "geometry": {
        "type": "Point",
        "coordinates": [
          24.28333,
          -12.83333
        ]
      },
      "properties": {
        "name": "Sengelenge",
        "country": "Zambia",
        "region": "North-Western",
        "elevation_m": null,
        "population": 0,
        "feature_type": "populated place",
        "geoname_id": 898932
      }
    },
    {
      "type": "Feature",
      "geometry": {
        "type": "Point",
        "coordinates": [
          23.71667,
          -15.65
        ]
      },
      "properties": {
        "name": "Senete",
        "country": "Zambia",
        "region": "Western Province",
        "elevation_m": null,
        "population": 0,
        "feature_type": "populated place",
        "geoname_id": 898938
      }
    },
    {
      "type": "Feature",
      "geometry": {
        "type": "Point",
        "coordinates": [
          32.01498,
          -14.36912
        ]
      },
      "properties": {
        "name": "Senenzi",
        "country": "Zambia",
        "region": "Eastern Province",
        "elevation_m": null,
        "population": 0,
        "feature_type": "populated place",
        "geoname_id": 898939
      }
    },
    {
      "type": "Feature",
      "geometry": {
        "type": "Point",
        "coordinates": [
          27.946,
          -14.89808
        ]
      },
      "properties": {
        "name": "Sendwe",
        "country": "Zambia",
        "region": "Central Province",
        "elevation_m": null,
        "population": 0,
        "feature_type": "populated place",
        "geoname_id": 898941
      }
    },
    {
      "type": "Feature",
      "geometry": {
        "type": "Point",
        "coordinates": [
          23.63333,
          -15.48333
        ]
      },
      "properties": {
        "name": "Sende",
        "country": "Zambia",
        "region": "Western Province",
        "elevation_m": null,
        "population": 0,
        "feature_type": "populated place",
        "geoname_id": 898942
      }
    },
    {
      "type": "Feature",
      "geometry": {
        "type": "Point",
        "coordinates": [
          23.45,
          -13.7
        ]
      },
      "properties": {
        "name": "Sendambu",
        "country": "Zambia",
        "region": "North-Western",
        "elevation_m": null,
        "population": 0,
        "feature_type": "populated place",
        "geoname_id": 898943
      }
    },
    {
      "type": "Feature",
      "geometry": {
        "type": "Point",
        "coordinates": [
          24.86667,
          -15.06667
        ]
      },
      "properties": {
        "name": "Sempieka",
        "country": "Zambia",
        "region": "Western Province",
        "elevation_m": null,
        "population": 0,
        "feature_type": "populated place",
        "geoname_id": 898949
      }
    },
    {
      "type": "Feature",
      "geometry": {
        "type": "Point",
        "coordinates": [
          28.18082,
          -13.00959
        ]
      },
      "properties": {
        "name": "Sempala",
        "country": "Zambia",
        "region": "Copperbelt",
        "elevation_m": null,
        "population": 0,
        "feature_type": "populated place",
        "geoname_id": 898950
      }
    },
    {
      "type": "Feature",
      "geometry": {
        "type": "Point",
        "coordinates": [
          24.75,
          -15.5
        ]
      },
      "properties": {
        "name": "Sembulule",
        "country": "Zambia",
        "region": "Western Province",
        "elevation_m": null,
        "population": 0,
        "feature_type": "populated place",
        "geoname_id": 898952
      }
    },
    {
      "type": "Feature",
      "geometry": {
        "type": "Point",
        "coordinates": [
          22.66667,
          -15.23333
        ]
      },
      "properties": {
        "name": "Selwa",
        "country": "Zambia",
        "region": "Western Province",
        "elevation_m": null,
        "population": 0,
        "feature_type": "populated place",
        "geoname_id": 898954
      }
    },
    {
      "type": "Feature",
      "geometry": {
        "type": "Point",
        "coordinates": [
          22.9,
          -14.11667
        ]
      },
      "properties": {
        "name": "Selwa",
        "country": "Zambia",
        "region": "Western Province",
        "elevation_m": null,
        "population": 0,
        "feature_type": "populated place",
        "geoname_id": 898955
      }
    },
    {
      "type": "Feature",
      "geometry": {
        "type": "Point",
        "coordinates": [
          27.25,
          -15.41667
        ]
      },
      "properties": {
        "name": "Seluka",
        "country": "Zambia",
        "region": "Central Province",
        "elevation_m": null,
        "population": 0,
        "feature_type": "populated place",
        "geoname_id": 898956
      }
    },
    {
      "type": "Feature",
      "geometry": {
        "type": "Point",
        "coordinates": [
          23.31667,
          -17.05
        ]
      },
      "properties": {
        "name": "Selonga",
        "country": "Zambia",
        "region": "Western Province",
        "elevation_m": null,
        "population": 0,
        "feature_type": "abandoned populated place",
        "geoname_id": 898958
      }
    },
    {
      "type": "Feature",
      "geometry": {
        "type": "Point",
        "coordinates": [
          23.46667,
          -16.95
        ]
      },
      "properties": {
        "name": "Selonga",
        "country": "Zambia",
        "region": "Western Province",
        "elevation_m": null,
        "population": 0,
        "feature_type": "populated place",
        "geoname_id": 898959
      }
    },
    {
      "type": "Feature",
      "geometry": {
        "type": "Point",
        "coordinates": [
          30.87874,
          -13.1619
        ]
      },
      "properties": {
        "name": "Selenge",
        "country": "Zambia",
        "region": "Central Province",
        "elevation_m": null,
        "population": 0,
        "feature_type": "populated place",
        "geoname_id": 898963
      }
    },
    {
      "type": "Feature",
      "geometry": {
        "type": "Point",
        "coordinates": [
          31.40822,
          -10.84016
        ]
      },
      "properties": {
        "name": "Sele",
        "country": "Zambia",
        "region": "Muchinga",
        "elevation_m": null,
        "population": 0,
        "feature_type": "populated place",
        "geoname_id": 898965
      }
    },
    {
      "type": "Feature",
      "geometry": {
        "type": "Point",
        "coordinates": [
          25.62863,
          -17.64865
        ]
      },
      "properties": {
        "name": "Sekute",
        "country": "Zambia",
        "region": "Southern Province",
        "elevation_m": null,
        "population": 0,
        "feature_type": "populated place",
        "geoname_id": 898968
      }
    },
    {
      "type": "Feature",
      "geometry": {
        "type": "Point",
        "coordinates": [
          26.94279,
          -14.29865
        ]
      },
      "properties": {
        "name": "Seku",
        "country": "Zambia",
        "region": "North-Western",
        "elevation_m": null,
        "population": 0,
        "feature_type": "populated place",
        "geoname_id": 898971
      }
    },
    {
      "type": "Feature",
      "geometry": {
        "type": "Point",
        "coordinates": [
          30.74123,
          -13.01512
        ]
      },
      "properties": {
        "name": "Sekonde Musoko",
        "country": "Zambia",
        "region": "Central Province",
        "elevation_m": null,
        "population": 0,
        "feature_type": "populated place",
        "geoname_id": 898972
      }
    },
    {
      "type": "Feature",
      "geometry": {
        "type": "Point",
        "coordinates": [
          30.65975,
          -12.90879
        ]
      },
      "properties": {
        "name": "Sekonde Mashimikila",
        "country": "Zambia",
        "region": "Central Province",
        "elevation_m": null,
        "population": 0,
        "feature_type": "populated place",
        "geoname_id": 898973
      }
    },
    {
      "type": "Feature",
      "geometry": {
        "type": "Point",
        "coordinates": [
          30.65238,
          -12.86344
        ]
      },
      "properties": {
        "name": "Sekonde Luenga",
        "country": "Zambia",
        "region": "Central Province",
        "elevation_m": null,
        "population": 0,
        "feature_type": "populated place",
        "geoname_id": 898974
      }
    },
    {
      "type": "Feature",
      "geometry": {
        "type": "Point",
        "coordinates": [
          24.86667,
          -16.4
        ]
      },
      "properties": {
        "name": "Sekete",
        "country": "Zambia",
        "region": "Western Province",
        "elevation_m": null,
        "population": 0,
        "feature_type": "populated place",
        "geoname_id": 898975
      }
    },
    {
      "type": "Feature",
      "geometry": {
        "type": "Point",
        "coordinates": [
          30.93307,
          -10.14515
        ]
      },
      "properties": {
        "name": "Seketa",
        "country": "Zambia",
        "region": "Northern Province",
        "elevation_m": null,
        "population": 0,
        "feature_type": "populated place",
        "geoname_id": 898976
      }
    },
    {
      "type": "Feature",
      "geometry": {
        "type": "Point",
        "coordinates": [
          24.3,
          -14.93333
        ]
      },
      "properties": {
        "name": "Sekesa",
        "country": "Zambia",
        "region": "Western Province",
        "elevation_m": null,
        "population": 0,
        "feature_type": "populated place",
        "geoname_id": 898977
      }
    },
    {
      "type": "Feature",
      "geometry": {
        "type": "Point",
        "coordinates": [
          30.66667,
          -12.96667
        ]
      },
      "properties": {
        "name": "Sekelio",
        "country": "Zambia",
        "region": "Central Province",
        "elevation_m": null,
        "population": 0,
        "feature_type": "populated place",
        "geoname_id": 898978
      }
    },
    {
      "type": "Feature",
      "geometry": {
        "type": "Point",
        "coordinates": [
          30.74806,
          -13.12496
        ]
      },
      "properties": {
        "name": "Sekeleti",
        "country": "Zambia",
        "region": "Central Province",
        "elevation_m": null,
        "population": 0,
        "feature_type": "populated place",
        "geoname_id": 898979
      }
    },
    {
      "type": "Feature",
      "geometry": {
        "type": "Point",
        "coordinates": [
          31.41667,
          -14.1
        ]
      },
      "properties": {
        "name": "Sekelani",
        "country": "Zambia",
        "region": "Eastern Province",
        "elevation_m": null,
        "population": 0,
        "feature_type": "populated place",
        "geoname_id": 898980
      }
    },
    {
      "type": "Feature",
      "geometry": {
        "type": "Point",
        "coordinates": [
          30.38703,
          -13.01499
        ]
      },
      "properties": {
        "name": "Sekayo",
        "country": "Zambia",
        "region": "Central Province",
        "elevation_m": null,
        "population": 0,
        "feature_type": "populated place",
        "geoname_id": 898982
      }
    },
    {
      "type": "Feature",
      "geometry": {
        "type": "Point",
        "coordinates": [
          32.54272,
          -13.35323
        ]
      },
      "properties": {
        "name": "Seka",
        "country": "Zambia",
        "region": "Eastern Province",
        "elevation_m": null,
        "population": 0,
        "feature_type": "populated place",
        "geoname_id": 898983
      }
    },
    {
      "type": "Feature",
      "geometry": {
        "type": "Point",
        "coordinates": [
          24.05467,
          -11.05046
        ]
      },
      "properties": {
        "name": "Sejimi",
        "country": "Zambia",
        "region": "North-Western",
        "elevation_m": null,
        "population": 0,
        "feature_type": "populated place",
        "geoname_id": 898984
      }
    },
    {
      "type": "Feature",
      "geometry": {
        "type": "Point",
        "coordinates": [
          23.19547,
          -15.35517
        ]
      },
      "properties": {
        "name": "Sefula",
        "country": "Zambia",
        "region": "Western Province",
        "elevation_m": null,
        "population": 0,
        "feature_type": "populated place",
        "geoname_id": 898990
      }
    },
    {
      "type": "Feature",
      "geometry": {
        "type": "Point",
        "coordinates": [
          23.15,
          -13.68333
        ]
      },
      "properties": {
        "name": "Sefu",
        "country": "Zambia",
        "region": "North-Western",
        "elevation_m": null,
        "population": 0,
        "feature_type": "populated place",
        "geoname_id": 898992
      }
    },
    {
      "type": "Feature",
      "geometry": {
        "type": "Point",
        "coordinates": [
          22.55891,
          -13.12693
        ]
      },
      "properties": {
        "name": "Sefu",
        "country": "Zambia",
        "region": "North-Western",
        "elevation_m": null,
        "population": 0,
        "feature_type": "populated place",
        "geoname_id": 898993
      }
    },
    {
      "type": "Feature",
      "geometry": {
        "type": "Point",
        "coordinates": [
          32.78333,
          -10.46667
        ]
      },
      "properties": {
        "name": "Sefu",
        "country": "Zambia",
        "region": "Muchinga",
        "elevation_m": null,
        "population": 0,
        "feature_type": "populated place",
        "geoname_id": 898994
      }
    },
    {
      "type": "Feature",
      "geometry": {
        "type": "Point",
        "coordinates": [
          29.15,
          -10.78333
        ]
      },
      "properties": {
        "name": "Sebunda",
        "country": "Zambia",
        "region": "Luapula Province",
        "elevation_m": null,
        "population": 0,
        "feature_type": "populated place",
        "geoname_id": 898997
      }
    },
    {
      "type": "Feature",
      "geometry": {
        "type": "Point",
        "coordinates": [
          30.86454,
          -13.16461
        ]
      },
      "properties": {
        "name": "Sebuloni Sambwa",
        "country": "Zambia",
        "region": "Central Province",
        "elevation_m": null,
        "population": 0,
        "feature_type": "populated place",
        "geoname_id": 898998
      }
    },
    {
      "type": "Feature",
      "geometry": {
        "type": "Point",
        "coordinates": [
          30.9478,
          -13.19776
        ]
      },
      "properties": {
        "name": "Sebuloni Musinga",
        "country": "Zambia",
        "region": "Central Province",
        "elevation_m": null,
        "population": 0,
        "feature_type": "populated place",
        "geoname_id": 898999
      }
    },
    {
      "type": "Feature",
      "geometry": {
        "type": "Point",
        "coordinates": [
          23.73333,
          -15.55
        ]
      },
      "properties": {
        "name": "Sazue",
        "country": "Zambia",
        "region": "Western Province",
        "elevation_m": null,
        "population": 0,
        "feature_type": "populated place",
        "geoname_id": 899004
      }
    },
    {
      "type": "Feature",
      "geometry": {
        "type": "Point",
        "coordinates": [
          23.43333,
          -15.83333
        ]
      },
      "properties": {
        "name": "Sazingu",
        "country": "Zambia",
        "region": "Western Province",
        "elevation_m": null,
        "population": 0,
        "feature_type": "populated place",
        "geoname_id": 899005
      }
    },
    {
      "type": "Feature",
      "geometry": {
        "type": "Point",
        "coordinates": [
          22.65,
          -15.28333
        ]
      },
      "properties": {
        "name": "Sazinga",
        "country": "Zambia",
        "region": "Western Province",
        "elevation_m": null,
        "population": 0,
        "feature_type": "populated place",
        "geoname_id": 899006
      }
    },
    {
      "type": "Feature",
      "geometry": {
        "type": "Point",
        "coordinates": [
          24.98333,
          -16.63333
        ]
      },
      "properties": {
        "name": "Sazibila",
        "country": "Zambia",
        "region": "Western Province",
        "elevation_m": null,
        "population": 0,
        "feature_type": "populated place",
        "geoname_id": 899007
      }
    },
    {
      "type": "Feature",
      "geometry": {
        "type": "Point",
        "coordinates": [
          23.78333,
          -15.53333
        ]
      },
      "properties": {
        "name": "Sazhi",
        "country": "Zambia",
        "region": "Western Province",
        "elevation_m": null,
        "population": 0,
        "feature_type": "populated place",
        "geoname_id": 899008
      }
    },
    {
      "type": "Feature",
      "geometry": {
        "type": "Point",
        "coordinates": [
          23.21667,
          -14.05
        ]
      },
      "properties": {
        "name": "Sazhi",
        "country": "Zambia",
        "region": "Western Province",
        "elevation_m": null,
        "population": 0,
        "feature_type": "populated place",
        "geoname_id": 899009
      }
    },
    {
      "type": "Feature",
      "geometry": {
        "type": "Point",
        "coordinates": [
          23,
          -15.55
        ]
      },
      "properties": {
        "name": "Saywa",
        "country": "Zambia",
        "region": "Western Province",
        "elevation_m": null,
        "population": 0,
        "feature_type": "populated place",
        "geoname_id": 899010
      }
    },
    {
      "type": "Feature",
      "geometry": {
        "type": "Point",
        "coordinates": [
          30.90769,
          -13.11818
        ]
      },
      "properties": {
        "name": "Sayoni Msasa",
        "country": "Zambia",
        "region": "Central Province",
        "elevation_m": null,
        "population": 0,
        "feature_type": "populated place",
        "geoname_id": 899011
      }
    },
    {
      "type": "Feature",
      "geometry": {
        "type": "Point",
        "coordinates": [
          22.76667,
          -13.23333
        ]
      },
      "properties": {
        "name": "Sayito",
        "country": "Zambia",
        "region": "North-Western",
        "elevation_m": null,
        "population": 0,
        "feature_type": "populated place",
        "geoname_id": 899012
      }
    },
    {
      "type": "Feature",
      "geometry": {
        "type": "Point",
        "coordinates": [
          32.48822,
          -13.89518
        ]
      },
      "properties": {
        "name": "Sayiri",
        "country": "Zambia",
        "region": "Eastern Province",
        "elevation_m": null,
        "population": 0,
        "feature_type": "populated place",
        "geoname_id": 899013
      }
    },
    {
      "type": "Feature",
      "geometry": {
        "type": "Point",
        "coordinates": [
          31.96667,
          -13.58333
        ]
      },
      "properties": {
        "name": "Sayiri",
        "country": "Zambia",
        "region": "Eastern Province",
        "elevation_m": null,
        "population": 0,
        "feature_type": "populated place",
        "geoname_id": 899014
      }
    },
    {
      "type": "Feature",
      "geometry": {
        "type": "Point",
        "coordinates": [
          23.3,
          -15.98333
        ]
      },
      "properties": {
        "name": "Sayela",
        "country": "Zambia",
        "region": "Western Province",
        "elevation_m": null,
        "population": 0,
        "feature_type": "populated place",
        "geoname_id": 899016
      }
    },
    {
      "type": "Feature",
      "geometry": {
        "type": "Point",
        "coordinates": [
          27.38333,
          -16.95
        ]
      },
      "properties": {
        "name": "Saye",
        "country": "Zambia",
        "region": "Southern Province",
        "elevation_m": null,
        "population": 0,
        "feature_type": "populated place",
        "geoname_id": 899017
      }
    },
    {
      "type": "Feature",
      "geometry": {
        "type": "Point",
        "coordinates": [
          23.19158,
          -13.84423
        ]
      },
      "properties": {
        "name": "Sayavwa",
        "country": "Zambia",
        "region": "North-Western",
        "elevation_m": null,
        "population": 0,
        "feature_type": "populated place",
        "geoname_id": 899019
      }
    },
    {
      "type": "Feature",
      "geometry": {
        "type": "Point",
        "coordinates": [
          25.26015,
          -14.97996
        ]
      },
      "properties": {
        "name": "Sayama",
        "country": "Zambia",
        "region": "Western Province",
        "elevation_m": null,
        "population": 0,
        "feature_type": "populated place",
        "geoname_id": 899020
      }
    },
    {
      "type": "Feature",
      "geometry": {
        "type": "Point",
        "coordinates": [
          32.37867,
          -13.57307
        ]
      },
      "properties": {
        "name": "Sawaza",
        "country": "Zambia",
        "region": "Eastern Province",
        "elevation_m": null,
        "population": 0,
        "feature_type": "populated place",
        "geoname_id": 899023
      }
    },
    {
      "type": "Feature",
      "geometry": {
        "type": "Point",
        "coordinates": [
          24.56667,
          -14.7
        ]
      },
      "properties": {
        "name": "Sawalala",
        "country": "Zambia",
        "region": "Western Province",
        "elevation_m": null,
        "population": 0,
        "feature_type": "populated place",
        "geoname_id": 899024
      }
    },
    {
      "type": "Feature",
      "geometry": {
        "type": "Point",
        "coordinates": [
          23.77029,
          -13.38171
        ]
      },
      "properties": {
        "name": "Savisonga",
        "country": "Zambia",
        "region": "North-Western",
        "elevation_m": null,
        "population": 0,
        "feature_type": "populated place",
        "geoname_id": 899025
      }
    },
    {
      "type": "Feature",
      "geometry": {
        "type": "Point",
        "coordinates": [
          22.06667,
          -13.45
        ]
      },
      "properties": {
        "name": "Savihemba",
        "country": "Zambia",
        "region": "North-Western",
        "elevation_m": null,
        "population": 0,
        "feature_type": "populated place",
        "geoname_id": 899026
      }
    },
    {
      "type": "Feature",
      "geometry": {
        "type": "Point",
        "coordinates": [
          33.2,
          -12.31667
        ]
      },
      "properties": {
        "name": "Savia",
        "country": "Zambia",
        "region": "Eastern Province",
        "elevation_m": null,
        "population": 0,
        "feature_type": "populated place",
        "geoname_id": 899027
      }
    },
    {
      "type": "Feature",
      "geometry": {
        "type": "Point",
        "coordinates": [
          32.16176,
          -14.31324
        ]
      },
      "properties": {
        "name": "Savala",
        "country": "Zambia",
        "region": "Eastern Province",
        "elevation_m": null,
        "population": 0,
        "feature_type": "populated place",
        "geoname_id": 899029
      }
    },
    {
      "type": "Feature",
      "geometry": {
        "type": "Point",
        "coordinates": [
          30.62897,
          -12.89821
        ]
      },
      "properties": {
        "name": "Sauti Mulungu",
        "country": "Zambia",
        "region": "Central Province",
        "elevation_m": null,
        "population": 0,
        "feature_type": "populated place",
        "geoname_id": 899031
      }
    },
    {
      "type": "Feature",
      "geometry": {
        "type": "Point",
        "coordinates": [
          30.61698,
          -12.8583
        ]
      },
      "properties": {
        "name": "Sauti Mubengwa",
        "country": "Zambia",
        "region": "Central Province",
        "elevation_m": null,
        "population": 0,
        "feature_type": "populated place",
        "geoname_id": 899032
      }
    },
    {
      "type": "Feature",
      "geometry": {
        "type": "Point",
        "coordinates": [
          30.27059,
          -12.81879
        ]
      },
      "properties": {
        "name": "Sausande Changwe",
        "country": "Zambia",
        "region": "Central Province",
        "elevation_m": null,
        "population": 0,
        "feature_type": "populated place",
        "geoname_id": 899033
      }
    },
    {
      "type": "Feature",
      "geometry": {
        "type": "Point",
        "coordinates": [
          30.66973,
          -12.90825
        ]
      },
      "properties": {
        "name": "Saumoni Kasinje",
        "country": "Zambia",
        "region": "Central Province",
        "elevation_m": null,
        "population": 0,
        "feature_type": "populated place",
        "geoname_id": 899034
      }
    },
    {
      "type": "Feature",
      "geometry": {
        "type": "Point",
        "coordinates": [
          30.71667,
          -12.93333
        ]
      },
      "properties": {
        "name": "Saulo Chintu",
        "country": "Zambia",
        "region": "Central Province",
        "elevation_m": null,
        "population": 0,
        "feature_type": "populated place",
        "geoname_id": 899035
      }
    },
    {
      "type": "Feature",
      "geometry": {
        "type": "Point",
        "coordinates": [
          28.6,
          -14
        ]
      },
      "properties": {
        "name": "Saulo",
        "country": "Zambia",
        "region": "Central Province",
        "elevation_m": null,
        "population": 0,
        "feature_type": "populated place",
        "geoname_id": 899036
      }
    },
    {
      "type": "Feature",
      "geometry": {
        "type": "Point",
        "coordinates": [
          31.28333,
          -14.26667
        ]
      },
      "properties": {
        "name": "Saule",
        "country": "Zambia",
        "region": "Eastern Province",
        "elevation_m": null,
        "population": 0,
        "feature_type": "populated place",
        "geoname_id": 899038
      }
    },
    {
      "type": "Feature",
      "geometry": {
        "type": "Point",
        "coordinates": [
          23.08333,
          -13.86667
        ]
      },
      "properties": {
        "name": "Satumba",
        "country": "Zambia",
        "region": "North-Western",
        "elevation_m": null,
        "population": 0,
        "feature_type": "populated place",
        "geoname_id": 899041
      }
    },
    {
      "type": "Feature",
      "geometry": {
        "type": "Point",
        "coordinates": [
          22.81667,
          -13.21667
        ]
      },
      "properties": {
        "name": "Satoka",
        "country": "Zambia",
        "region": "North-Western",
        "elevation_m": null,
        "population": 0,
        "feature_type": "populated place",
        "geoname_id": 899042
      }
    },
    {
      "type": "Feature",
      "geometry": {
        "type": "Point",
        "coordinates": [
          30.92926,
          -13.16963
        ]
      },
      "properties": {
        "name": "Sati Chawe",
        "country": "Zambia",
        "region": "Central Province",
        "elevation_m": null,
        "population": 0,
        "feature_type": "populated place",
        "geoname_id": 899043
      }
    },
    {
      "type": "Feature",
      "geometry": {
        "type": "Point",
        "coordinates": [
          23.08333,
          -15.5
        ]
      },
      "properties": {
        "name": "Saswabili",
        "country": "Zambia",
        "region": "Western Province",
        "elevation_m": null,
        "population": 0,
        "feature_type": "populated place",
        "geoname_id": 899044
      }
    },
    {
      "type": "Feature",
      "geometry": {
        "type": "Point",
        "coordinates": [
          22.98333,
          -14.03333
        ]
      },
      "properties": {
        "name": "Sasunga",
        "country": "Zambia",
        "region": "Western Province",
        "elevation_m": null,
        "population": 0,
        "feature_type": "populated place",
        "geoname_id": 899045
      }
    },
    {
      "type": "Feature",
      "geometry": {
        "type": "Point",
        "coordinates": [
          23.88333,
          -15.16667
        ]
      },
      "properties": {
        "name": "Sasisa",
        "country": "Zambia",
        "region": "Western Province",
        "elevation_m": null,
        "population": 0,
        "feature_type": "populated place",
        "geoname_id": 899047
      }
    },
    {
      "type": "Feature",
      "geometry": {
        "type": "Point",
        "coordinates": [
          23.55,
          -15.4
        ]
      },
      "properties": {
        "name": "Sasinda",
        "country": "Zambia",
        "region": "Western Province",
        "elevation_m": null,
        "population": 0,
        "feature_type": "populated place",
        "geoname_id": 899048
      }
    },
    {
      "type": "Feature",
      "geometry": {
        "type": "Point",
        "coordinates": [
          22.95,
          -14.11667
        ]
      },
      "properties": {
        "name": "Sashinde",
        "country": "Zambia",
        "region": "Western Province",
        "elevation_m": null,
        "population": 0,
        "feature_type": "populated place",
        "geoname_id": 899049
      }
    },
    {
      "type": "Feature",
      "geometry": {
        "type": "Point",
        "coordinates": [
          31.58333,
          -14.08333
        ]
      },
      "properties": {
        "name": "Sasawala",
        "country": "Zambia",
        "region": "Eastern Province",
        "elevation_m": null,
        "population": 0,
        "feature_type": "populated place",
        "geoname_id": 899050
      }
    },
    {
      "type": "Feature",
      "geometry": {
        "type": "Point",
        "coordinates": [
          23.8,
          -14.41667
        ]
      },
      "properties": {
        "name": "Sasali",
        "country": "Zambia",
        "region": "Western Province",
        "elevation_m": null,
        "population": 0,
        "feature_type": "populated place",
        "geoname_id": 899054
      }
    },
    {
      "type": "Feature",
      "geometry": {
        "type": "Point",
        "coordinates": [
          23.11667,
          -13.33333
        ]
      },
      "properties": {
        "name": "Sarapuka",
        "country": "Zambia",
        "region": "North-Western",
        "elevation_m": null,
        "population": 0,
        "feature_type": "populated place",
        "geoname_id": 899060
      }
    },
    {
      "type": "Feature",
      "geometry": {
        "type": "Point",
        "coordinates": [
          23.66667,
          -15.73333
        ]
      },
      "properties": {
        "name": "Sara",
        "country": "Zambia",
        "region": "Western Province",
        "elevation_m": null,
        "population": 0,
        "feature_type": "populated place",
        "geoname_id": 899061
      }
    },
    {
      "type": "Feature",
      "geometry": {
        "type": "Point",
        "coordinates": [
          22.7,
          -15.36667
        ]
      },
      "properties": {
        "name": "Sapi",
        "country": "Zambia",
        "region": "Western Province",
        "elevation_m": null,
        "population": 0,
        "feature_type": "populated place",
        "geoname_id": 899062
      }
    },
    {
      "type": "Feature",
      "geometry": {
        "type": "Point",
        "coordinates": [
          22.01667,
          -13.43333
        ]
      },
      "properties": {
        "name": "Sapezo",
        "country": "Zambia",
        "region": "North-Western",
        "elevation_m": null,
        "population": 0,
        "feature_type": "populated place",
        "geoname_id": 899063
      }
    },
    {
      "type": "Feature",
      "geometry": {
        "type": "Point",
        "coordinates": [
          24.06667,
          -11.46667
        ]
      },
      "properties": {
        "name": "Sapeta",
        "country": "Zambia",
        "region": "North-Western",
        "elevation_m": null,
        "population": 0,
        "feature_type": "populated place",
        "geoname_id": 899064
      }
    },
    {
      "type": "Feature",
      "geometry": {
        "type": "Point",
        "coordinates": [
          23,
          -14.15
        ]
      },
      "properties": {
        "name": "Sapasa",
        "country": "Zambia",
        "region": "Western Province",
        "elevation_m": null,
        "population": 0,
        "feature_type": "populated place",
        "geoname_id": 899065
      }
    },
    {
      "type": "Feature",
      "geometry": {
        "type": "Point",
        "coordinates": [
          29,
          -14.9
        ]
      },
      "properties": {
        "name": "Sapani",
        "country": "Zambia",
        "region": "Central Province",
        "elevation_m": null,
        "population": 0,
        "feature_type": "populated place",
        "geoname_id": 899066
      }
    },
    {
      "type": "Feature",
      "geometry": {
        "type": "Point",
        "coordinates": [
          24.6,
          -14.7
        ]
      },
      "properties": {
        "name": "Sapalata",
        "country": "Zambia",
        "region": "Western Province",
        "elevation_m": null,
        "population": 0,
        "feature_type": "populated place",
        "geoname_id": 899067
      }
    },
    {
      "type": "Feature",
      "geometry": {
        "type": "Point",
        "coordinates": [
          23.75,
          -17.11667
        ]
      },
      "properties": {
        "name": "Sapalamango",
        "country": "Zambia",
        "region": "Western Province",
        "elevation_m": null,
        "population": 0,
        "feature_type": "populated place",
        "geoname_id": 899068
      }
    },
    {
      "type": "Feature",
      "geometry": {
        "type": "Point",
        "coordinates": [
          24.94532,
          -16.6805
        ]
      },
      "properties": {
        "name": "Sanzila",
        "country": "Zambia",
        "region": "Western Province",
        "elevation_m": null,
        "population": 0,
        "feature_type": "populated place",
        "geoname_id": 899070
      }
    },
    {
      "type": "Feature",
      "geometry": {
        "type": "Point",
        "coordinates": [
          22.75,
          -15.16667
        ]
      },
      "properties": {
        "name": "Sanyemba",
        "country": "Zambia",
        "region": "Western Province",
        "elevation_m": null,
        "population": 0,
        "feature_type": "populated place",
        "geoname_id": 899072
      }
    },
    {
      "type": "Feature",
      "geometry": {
        "type": "Point",
        "coordinates": [
          24.23333,
          -14.86667
        ]
      },
      "properties": {
        "name": "Sanyamuka",
        "country": "Zambia",
        "region": "Western Province",
        "elevation_m": null,
        "population": 0,
        "feature_type": "populated place",
        "geoname_id": 899073
      }
    },
    {
      "type": "Feature",
      "geometry": {
        "type": "Point",
        "coordinates": [
          24.91667,
          -16.23333
        ]
      },
      "properties": {
        "name": "Sanyamka",
        "country": "Zambia",
        "region": "Western Province",
        "elevation_m": null,
        "population": 0,
        "feature_type": "populated place",
        "geoname_id": 899074
      }
    },
    {
      "type": "Feature",
      "geometry": {
        "type": "Point",
        "coordinates": [
          23.41667,
          -16.48333
        ]
      },
      "properties": {
        "name": "Sanyambe",
        "country": "Zambia",
        "region": "Western Province",
        "elevation_m": null,
        "population": 0,
        "feature_type": "populated place",
        "geoname_id": 899075
      }
    },
    {
      "type": "Feature",
      "geometry": {
        "type": "Point",
        "coordinates": [
          23.83333,
          -14.81667
        ]
      },
      "properties": {
        "name": "Santumba",
        "country": "Zambia",
        "region": "Western Province",
        "elevation_m": null,
        "population": 0,
        "feature_type": "populated place",
        "geoname_id": 899077
      }
    },
    {
      "type": "Feature",
      "geometry": {
        "type": "Point",
        "coordinates": [
          23.06667,
          -15.48333
        ]
      },
      "properties": {
        "name": "Santase",
        "country": "Zambia",
        "region": "Western Province",
        "elevation_m": null,
        "population": 0,
        "feature_type": "populated place",
        "geoname_id": 899078
      }
    },
    {
      "type": "Feature",
      "geometry": {
        "type": "Point",
        "coordinates": [
          29.85,
          -12.51667
        ]
      },
      "properties": {
        "name": "Santanini",
        "country": "Zambia",
        "region": "Central Province",
        "elevation_m": null,
        "population": 0,
        "feature_type": "populated place",
        "geoname_id": 899079
      }
    },
    {
      "type": "Feature",
      "geometry": {
        "type": "Point",
        "coordinates": [
          24.42184,
          -16.38339
        ]
      },
      "properties": {
        "name": "Santando",
        "country": "Zambia",
        "region": "Western Province",
        "elevation_m": null,
        "population": 0,
        "feature_type": "populated place",
        "geoname_id": 899080
      }
    },
    {
      "type": "Feature",
      "geometry": {
        "type": "Point",
        "coordinates": [
          30.01667,
          -11.11667
        ]
      },
      "properties": {
        "name": "Santa Maria",
        "country": "Zambia",
        "region": "Northern Province",
        "elevation_m": null,
        "population": 0,
        "feature_type": "populated place",
        "geoname_id": 899082
      }
    },
    {
      "type": "Feature",
      "geometry": {
        "type": "Point",
        "coordinates": [
          33.25,
          -10.18333
        ]
      },
      "properties": {
        "name": "Sansi",
        "country": "Zambia",
        "region": "Muchinga",
        "elevation_m": null,
        "population": 0,
        "feature_type": "populated place",
        "geoname_id": 899083
      }
    },
    {
      "type": "Feature",
      "geometry": {
        "type": "Point",
        "coordinates": [
          27.48333,
          -16.6
        ]
      },
      "properties": {
        "name": "Sansemuna",
        "country": "Zambia",
        "region": "Southern Province",
        "elevation_m": null,
        "population": 0,
        "feature_type": "populated place",
        "geoname_id": 899085
      }
    },
    {
      "type": "Feature",
      "geometry": {
        "type": "Point",
        "coordinates": [
          24.5,
          -15.1
        ]
      },
      "properties": {
        "name": "Sanono",
        "country": "Zambia",
        "region": "Western Province",
        "elevation_m": null,
        "population": 0,
        "feature_type": "populated place",
        "geoname_id": 899089
      }
    },
    {
      "type": "Feature",
      "geometry": {
        "type": "Point",
        "coordinates": [
          24.98354,
          -16.58933
        ]
      },
      "properties": {
        "name": "Sankwendendi",
        "country": "Zambia",
        "region": "Western Province",
        "elevation_m": null,
        "population": 0,
        "feature_type": "populated place",
        "geoname_id": 899090
      }
    },
    {
      "type": "Feature",
      "geometry": {
        "type": "Point",
        "coordinates": [
          24.1,
          -16.1
        ]
      },
      "properties": {
        "name": "Sankumbwa",
        "country": "Zambia",
        "region": "Western Province",
        "elevation_m": null,
        "population": 0,
        "feature_type": "populated place",
        "geoname_id": 899091
      }
    },
    {
      "type": "Feature",
      "geometry": {
        "type": "Point",
        "coordinates": [
          23,
          -15.75
        ]
      },
      "properties": {
        "name": "Sankumbi",
        "country": "Zambia",
        "region": "Western Province",
        "elevation_m": null,
        "population": 0,
        "feature_type": "populated place",
        "geoname_id": 899092
      }
    },
    {
      "type": "Feature",
      "geometry": {
        "type": "Point",
        "coordinates": [
          31.819,
          -11.7185
        ]
      },
      "properties": {
        "name": "Sankula",
        "country": "Zambia",
        "region": "Muchinga",
        "elevation_m": null,
        "population": 0,
        "feature_type": "populated place",
        "geoname_id": 899093
      }
    },
    {
      "type": "Feature",
      "geometry": {
        "type": "Point",
        "coordinates": [
          24.73333,
          -16.91667
        ]
      },
      "properties": {
        "name": "Sankoli",
        "country": "Zambia",
        "region": "Western Province",
        "elevation_m": null,
        "population": 0,
        "feature_type": "populated place",
        "geoname_id": 899096
      }
    },
    {
      "type": "Feature",
      "geometry": {
        "type": "Point",
        "coordinates": [
          30.75,
          -10
        ]
      },
      "properties": {
        "name": "Sankalimba",
        "country": "Zambia",
        "region": "Northern Province",
        "elevation_m": null,
        "population": 0,
        "feature_type": "populated place",
        "geoname_id": 899099
      }
    },
    {
      "type": "Feature",
      "geometry": {
        "type": "Point",
        "coordinates": [
          25.78333,
          -17.85
        ]
      },
      "properties": {
        "name": "Sankaia",
        "country": "Zambia",
        "region": "Southern Province",
        "elevation_m": null,
        "population": 0,
        "feature_type": "populated place",
        "geoname_id": 899100
      }
    },
    {
      "type": "Feature",
      "geometry": {
        "type": "Point",
        "coordinates": [
          24.56667,
          -15.96667
        ]
      },
      "properties": {
        "name": "Sanjungu",
        "country": "Zambia",
        "region": "Western Province",
        "elevation_m": null,
        "population": 0,
        "feature_type": "populated place",
        "geoname_id": 899101
      }
    },
    {
      "type": "Feature",
      "geometry": {
        "type": "Point",
        "coordinates": [
          24.5,
          -15.1
        ]
      },
      "properties": {
        "name": "Sanjongo",
        "country": "Zambia",
        "region": "Western Province",
        "elevation_m": null,
        "population": 0,
        "feature_type": "populated place",
        "geoname_id": 899102
      }
    },
    {
      "type": "Feature",
      "geometry": {
        "type": "Point",
        "coordinates": [
          23.1,
          -13.95
        ]
      },
      "properties": {
        "name": "Sanjongo",
        "country": "Zambia",
        "region": "North-Western",
        "elevation_m": null,
        "population": 0,
        "feature_type": "populated place",
        "geoname_id": 899103
      }
    },
    {
      "type": "Feature",
      "geometry": {
        "type": "Point",
        "coordinates": [
          22.66641,
          -13.0732
        ]
      },
      "properties": {
        "name": "Sanjongo",
        "country": "Zambia",
        "region": "North-Western",
        "elevation_m": null,
        "population": 0,
        "feature_type": "populated place",
        "geoname_id": 899104
      }
    },
    {
      "type": "Feature",
      "geometry": {
        "type": "Point",
        "coordinates": [
          27.95641,
          -15.52786
        ]
      },
      "properties": {
        "name": "Sanje",
        "country": "Zambia",
        "region": "Northern Province",
        "elevation_m": null,
        "population": 0,
        "feature_type": "populated place",
        "geoname_id": 899107
      }
    },
    {
      "type": "Feature",
      "geometry": {
        "type": "Point",
        "coordinates": [
          31.43333,
          -14.41667
        ]
      },
      "properties": {
        "name": "Sanje",
        "country": "Zambia",
        "region": "Eastern Province",
        "elevation_m": null,
        "population": 0,
        "feature_type": "populated place",
        "geoname_id": 899108
      }
    },
    {
      "type": "Feature",
      "geometry": {
        "type": "Point",
        "coordinates": [
          24.01667,
          -14.03333
        ]
      },
      "properties": {
        "name": "Sanjamba",
        "country": "Zambia",
        "region": "Western Province",
        "elevation_m": null,
        "population": 0,
        "feature_type": "populated place",
        "geoname_id": 899112
      }
    },
    {
      "type": "Feature",
      "geometry": {
        "type": "Point",
        "coordinates": [
          29.88333,
          -12.83333
        ]
      },
      "properties": {
        "name": "Sangwi",
        "country": "Zambia",
        "region": "Central Province",
        "elevation_m": null,
        "population": 0,
        "feature_type": "populated place",
        "geoname_id": 899114
      }
    },
    {
      "type": "Feature",
      "geometry": {
        "type": "Point",
        "coordinates": [
          25.05,
          -16.75
        ]
      },
      "properties": {
        "name": "Sangu Jack",
        "country": "Zambia",
        "region": "Western Province",
        "elevation_m": null,
        "population": 0,
        "feature_type": "populated place",
        "geoname_id": 899118
      }
    },
    {
      "type": "Feature",
      "geometry": {
        "type": "Point",
        "coordinates": [
          23.9,
          -15.33333
        ]
      },
      "properties": {
        "name": "Sangongola",
        "country": "Zambia",
        "region": "Western Province",
        "elevation_m": null,
        "population": 0,
        "feature_type": "populated place",
        "geoname_id": 899123
      }
    },
    {
      "type": "Feature",
      "geometry": {
        "type": "Point",
        "coordinates": [
          25.06667,
          -16.76667
        ]
      },
      "properties": {
        "name": "Sangombe",
        "country": "Zambia",
        "region": "Western Province",
        "elevation_m": null,
        "population": 0,
        "feature_type": "populated place",
        "geoname_id": 899124
      }
    },
    {
      "type": "Feature",
      "geometry": {
        "type": "Point",
        "coordinates": [
          23.8,
          -13.26667
        ]
      },
      "properties": {
        "name": "Sangombe",
        "country": "Zambia",
        "region": "North-Western",
        "elevation_m": null,
        "population": 0,
        "feature_type": "populated place",
        "geoname_id": 899125
      }
    },
    {
      "type": "Feature",
      "geometry": {
        "type": "Point",
        "coordinates": [
          22.88333,
          -14.08333
        ]
      },
      "properties": {
        "name": "Sangoloshi",
        "country": "Zambia",
        "region": "Western Province",
        "elevation_m": null,
        "population": 0,
        "feature_type": "populated place",
        "geoname_id": 899128
      }
    },
    {
      "type": "Feature",
      "geometry": {
        "type": "Point",
        "coordinates": [
          26.8,
          -15.66667
        ]
      },
      "properties": {
        "name": "Sango",
        "country": "Zambia",
        "region": "Southern Province",
        "elevation_m": null,
        "population": 0,
        "feature_type": "populated place",
        "geoname_id": 899130
      }
    },
    {
      "type": "Feature",
      "geometry": {
        "type": "Point",
        "coordinates": [
          23.41667,
          -16.58333
        ]
      },
      "properties": {
        "name": "Sangaya",
        "country": "Zambia",
        "region": "Western Province",
        "elevation_m": null,
        "population": 0,
        "feature_type": "populated place",
        "geoname_id": 899131
      }
    },
    {
      "type": "Feature",
      "geometry": {
        "type": "Point",
        "coordinates": [
          33.53333,
          -10.41667
        ]
      },
      "properties": {
        "name": "Sanga Sanga",
        "country": "Zambia",
        "region": "Muchinga",
        "elevation_m": null,
        "population": 0,
        "feature_type": "populated place",
        "geoname_id": 899132
      }
    },
    {
      "type": "Feature",
      "geometry": {
        "type": "Point",
        "coordinates": [
          24.28333,
          -16.26667
        ]
      },
      "properties": {
        "name": "Sangambo",
        "country": "Zambia",
        "region": "Western Province",
        "elevation_m": null,
        "population": 0,
        "feature_type": "populated place",
        "geoname_id": 899133
      }
    },
    {
      "type": "Feature",
      "geometry": {
        "type": "Point",
        "coordinates": [
          22.6,
          -15.01667
        ]
      },
      "properties": {
        "name": "Sangambo",
        "country": "Zambia",
        "region": "Western Province",
        "elevation_m": null,
        "population": 0,
        "feature_type": "populated place",
        "geoname_id": 899134
      }
    },
    {
      "type": "Feature",
      "geometry": {
        "type": "Point",
        "coordinates": [
          22.13333,
          -13.48333
        ]
      },
      "properties": {
        "name": "Sangambo",
        "country": "Zambia",
        "region": "North-Western",
        "elevation_m": null,
        "population": 0,
        "feature_type": "populated place",
        "geoname_id": 899135
      }
    },
    {
      "type": "Feature",
      "geometry": {
        "type": "Point",
        "coordinates": [
          24.72955,
          -16.82851
        ]
      },
      "properties": {
        "name": "Sanga",
        "country": "Zambia",
        "region": "Western Province",
        "elevation_m": null,
        "population": 0,
        "feature_type": "populated place",
        "geoname_id": 899140
      }
    },
    {
      "type": "Feature",
      "geometry": {
        "type": "Point",
        "coordinates": [
          28.11667,
          -14.93333
        ]
      },
      "properties": {
        "name": "Sandwe",
        "country": "Zambia",
        "region": "Central Province",
        "elevation_m": null,
        "population": 0,
        "feature_type": "populated place",
        "geoname_id": 899142
      }
    },
    {
      "type": "Feature",
      "geometry": {
        "type": "Point",
        "coordinates": [
          31.57889,
          -13.80794
        ]
      },
      "properties": {
        "name": "Sandwe",
        "country": "Zambia",
        "region": "Eastern Province",
        "elevation_m": null,
        "population": 0,
        "feature_type": "populated place",
        "geoname_id": 899143
      }
    },
    {
      "type": "Feature",
      "geometry": {
        "type": "Point",
        "coordinates": [
          24.56667,
          -15.55
        ]
      },
      "properties": {
        "name": "Sandongo",
        "country": "Zambia",
        "region": "Western Province",
        "elevation_m": null,
        "population": 0,
        "feature_type": "populated place",
        "geoname_id": 899144
      }
    },
    {
      "type": "Feature",
      "geometry": {
        "type": "Point",
        "coordinates": [
          22.95,
          -15.15
        ]
      },
      "properties": {
        "name": "Sandi",
        "country": "Zambia",
        "region": "Western Province",
        "elevation_m": null,
        "population": 0,
        "feature_type": "populated place",
        "geoname_id": 899145
      }
    },
    {
      "type": "Feature",
      "geometry": {
        "type": "Point",
        "coordinates": [
          30.30878,
          -12.87893
        ]
      },
      "properties": {
        "name": "Sande Mulungwe",
        "country": "Zambia",
        "region": "Central Province",
        "elevation_m": null,
        "population": 0,
        "feature_type": "populated place",
        "geoname_id": 899147
      }
    },
    {
      "type": "Feature",
      "geometry": {
        "type": "Point",
        "coordinates": [
          23.11667,
          -13.65
        ]
      },
      "properties": {
        "name": "Sandemba",
        "country": "Zambia",
        "region": "North-Western",
        "elevation_m": null,
        "population": 0,
        "feature_type": "populated place",
        "geoname_id": 899148
      }
    },
    {
      "type": "Feature",
      "geometry": {
        "type": "Point",
        "coordinates": [
          30.33473,
          -12.80191
        ]
      },
      "properties": {
        "name": "Sande Manyolwa",
        "country": "Zambia",
        "region": "Central Province",
        "elevation_m": null,
        "population": 0,
        "feature_type": "populated place",
        "geoname_id": 899149
      }
    },
    {
      "type": "Feature",
      "geometry": {
        "type": "Point",
        "coordinates": [
          32.41667,
          -10.05
        ]
      },
      "properties": {
        "name": "Sande",
        "country": "Zambia",
        "region": "Muchinga",
        "elevation_m": null,
        "population": 0,
        "feature_type": "populated place",
        "geoname_id": 899151
      }
    },
    {
      "type": "Feature",
      "geometry": {
        "type": "Point",
        "coordinates": [
          25.58333,
          -17.83333
        ]
      },
      "properties": {
        "name": "Sandavu",
        "country": "Zambia",
        "region": "Southern Province",
        "elevation_m": null,
        "population": 0,
        "feature_type": "populated place",
        "geoname_id": 899153
      }
    },
    {
      "type": "Feature",
      "geometry": {
        "type": "Point",
        "coordinates": [
          22.90649,
          -15.17828
        ]
      },
      "properties": {
        "name": "Sandaula",
        "country": "Zambia",
        "region": "Western Province",
        "elevation_m": null,
        "population": 0,
        "feature_type": "populated place",
        "geoname_id": 899154
      }
    },
    {
      "type": "Feature",
      "geometry": {
        "type": "Point",
        "coordinates": [
          26.35649,
          -12.35169
        ]
      },
      "properties": {
        "name": "Sandangombe",
        "country": "Zambia",
        "region": "North-Western",
        "elevation_m": null,
        "population": 0,
        "feature_type": "populated place",
        "geoname_id": 899157
      }
    },
    {
      "type": "Feature",
      "geometry": {
        "type": "Point",
        "coordinates": [
          23.88333,
          -14.9
        ]
      },
      "properties": {
        "name": "Sandandula",
        "country": "Zambia",
        "region": "Western Province",
        "elevation_m": null,
        "population": 0,
        "feature_type": "populated place",
        "geoname_id": 899158
      }
    },
    {
      "type": "Feature",
      "geometry": {
        "type": "Point",
        "coordinates": [
          30.68456,
          -12.87741
        ]
      },
      "properties": {
        "name": "Sandala Kalunga",
        "country": "Zambia",
        "region": "Central Province",
        "elevation_m": null,
        "population": 0,
        "feature_type": "populated place",
        "geoname_id": 899159
      }
    },
    {
      "type": "Feature",
      "geometry": {
        "type": "Point",
        "coordinates": [
          22.43333,
          -16.63333
        ]
      },
      "properties": {
        "name": "Sandala",
        "country": "Zambia",
        "region": "Western Province",
        "elevation_m": null,
        "population": 0,
        "feature_type": "abandoned populated place",
        "geoname_id": 899160
      }
    },
    {
      "type": "Feature",
      "geometry": {
        "type": "Point",
        "coordinates": [
          23.05,
          -14.08333
        ]
      },
      "properties": {
        "name": "Sandala",
        "country": "Zambia",
        "region": "Western Province",
        "elevation_m": null,
        "population": 0,
        "feature_type": "populated place",
        "geoname_id": 899161
      }
    },
    {
      "type": "Feature",
      "geometry": {
        "type": "Point",
        "coordinates": [
          23.25,
          -14.4
        ]
      },
      "properties": {
        "name": "Sancta Maria",
        "country": "Zambia",
        "region": "Western Province",
        "elevation_m": null,
        "population": 0,
        "feature_type": "populated place",
        "geoname_id": 899164
      }
    },
    {
      "type": "Feature",
      "geometry": {
        "type": "Point",
        "coordinates": [
          23.48333,
          -15.68333
        ]
      },
      "properties": {
        "name": "Sanchela",
        "country": "Zambia",
        "region": "Western Province",
        "elevation_m": null,
        "population": 0,
        "feature_type": "populated place",
        "geoname_id": 899165
      }
    },
    {
      "type": "Feature",
      "geometry": {
        "type": "Point",
        "coordinates": [
          25.13484,
          -16.89941
        ]
      },
      "properties": {
        "name": "Sanambila",
        "country": "Zambia",
        "region": "Western Province",
        "elevation_m": null,
        "population": 0,
        "feature_type": "populated place",
        "geoname_id": 899168
      }
    },
    {
      "type": "Feature",
      "geometry": {
        "type": "Point",
        "coordinates": [
          24.99294,
          -16.33639
        ]
      },
      "properties": {
        "name": "San Ala",
        "country": "Zambia",
        "region": "Western Province",
        "elevation_m": null,
        "population": 0,
        "feature_type": "populated place",
        "geoname_id": 899169
      }
    },
    {
      "type": "Feature",
      "geometry": {
        "type": "Point",
        "coordinates": [
          24,
          -15.06667
        ]
      },
      "properties": {
        "name": "Samwila",
        "country": "Zambia",
        "region": "Western Province",
        "elevation_m": null,
        "population": 0,
        "feature_type": "populated place",
        "geoname_id": 899171
      }
    },
    {
      "type": "Feature",
      "geometry": {
        "type": "Point",
        "coordinates": [
          25,
          -16.36667
        ]
      },
      "properties": {
        "name": "Samwenda",
        "country": "Zambia",
        "region": "Western Province",
        "elevation_m": null,
        "population": 0,
        "feature_type": "populated place",
        "geoname_id": 899172
      }
    },
    {
      "type": "Feature",
      "geometry": {
        "type": "Point",
        "coordinates": [
          30.32639,
          -12.76654
        ]
      },
      "properties": {
        "name": "Samwell Luba",
        "country": "Zambia",
        "region": "Central Province",
        "elevation_m": null,
        "population": 0,
        "feature_type": "populated place",
        "geoname_id": 899173
      }
    },
    {
      "type": "Feature",
      "geometry": {
        "type": "Point",
        "coordinates": [
          30.28835,
          -12.8856
        ]
      },
      "properties": {
        "name": "Samwell Kampeshi",
        "country": "Zambia",
        "region": "Central Province",
        "elevation_m": null,
        "population": 0,
        "feature_type": "populated place",
        "geoname_id": 899174
      }
    },
    {
      "type": "Feature",
      "geometry": {
        "type": "Point",
        "coordinates": [
          31.86667,
          -14.05
        ]
      },
      "properties": {
        "name": "Samwele",
        "country": "Zambia",
        "region": "Eastern Province",
        "elevation_m": null,
        "population": 0,
        "feature_type": "populated place",
        "geoname_id": 899175
      }
    },
    {
      "type": "Feature",
      "geometry": {
        "type": "Point",
        "coordinates": [
          32.13333,
          -13.76667
        ]
      },
      "properties": {
        "name": "Samwele",
        "country": "Zambia",
        "region": "Eastern Province",
        "elevation_m": null,
        "population": 0,
        "feature_type": "populated place",
        "geoname_id": 899176
      }
    },
    {
      "type": "Feature",
      "geometry": {
        "type": "Point",
        "coordinates": [
          24.44265,
          -16.2634
        ]
      },
      "properties": {
        "name": "Samwanza",
        "country": "Zambia",
        "region": "Western Province",
        "elevation_m": null,
        "population": 0,
        "feature_type": "populated place",
        "geoname_id": 899177
      }
    },
    {
      "type": "Feature",
      "geometry": {
        "type": "Point",
        "coordinates": [
          22.7,
          -13.85
        ]
      },
      "properties": {
        "name": "Samwanji",
        "country": "Zambia",
        "region": "North-Western",
        "elevation_m": null,
        "population": 0,
        "feature_type": "populated place",
        "geoname_id": 899178
      }
    },
    {
      "type": "Feature",
      "geometry": {
        "type": "Point",
        "coordinates": [
          23.48333,
          -13.03333
        ]
      },
      "properties": {
        "name": "Samwambu",
        "country": "Zambia",
        "region": "North-Western",
        "elevation_m": null,
        "population": 0,
        "feature_type": "populated place",
        "geoname_id": 899179
      }
    },
    {
      "type": "Feature",
      "geometry": {
        "type": "Point",
        "coordinates": [
          24.88333,
          -15.7
        ]
      },
      "properties": {
        "name": "Samwambo",
        "country": "Zambia",
        "region": "Western Province",
        "elevation_m": null,
        "population": 0,
        "feature_type": "populated place",
        "geoname_id": 899180
      }
    },
    {
      "type": "Feature",
      "geometry": {
        "type": "Point",
        "coordinates": [
          24.51381,
          -16.92589
        ]
      },
      "properties": {
        "name": "Samwali",
        "country": "Zambia",
        "region": "Western Province",
        "elevation_m": null,
        "population": 0,
        "feature_type": "populated place",
        "geoname_id": 899181
      }
    },
    {
      "type": "Feature",
      "geometry": {
        "type": "Point",
        "coordinates": [
          24.51667,
          -12.05
        ]
      },
      "properties": {
        "name": "Samvula",
        "country": "Zambia",
        "region": "North-Western",
        "elevation_m": null,
        "population": 0,
        "feature_type": "populated place",
        "geoname_id": 899182
      }
    },
    {
      "type": "Feature",
      "geometry": {
        "type": "Point",
        "coordinates": [
          22.81667,
          -13.26667
        ]
      },
      "properties": {
        "name": "Samuzala",
        "country": "Zambia",
        "region": "North-Western",
        "elevation_m": null,
        "population": 0,
        "feature_type": "populated place",
        "geoname_id": 899183
      }
    },
    {
      "type": "Feature",
      "geometry": {
        "type": "Point",
        "coordinates": [
          23.9,
          -14.9
        ]
      },
      "properties": {
        "name": "Samuyeyi",
        "country": "Zambia",
        "region": "Western Province",
        "elevation_m": null,
        "population": 0,
        "feature_type": "populated place",
        "geoname_id": 899184
      }
    },
    {
      "type": "Feature",
      "geometry": {
        "type": "Point",
        "coordinates": [
          22.53333,
          -15.75
        ]
      },
      "properties": {
        "name": "Samuya",
        "country": "Zambia",
        "region": "Western Province",
        "elevation_m": null,
        "population": 0,
        "feature_type": "populated place",
        "geoname_id": 899185
      }
    },
    {
      "type": "Feature",
      "geometry": {
        "type": "Point",
        "coordinates": [
          22.61667,
          -15.63333
        ]
      },
      "properties": {
        "name": "Samuya",
        "country": "Zambia",
        "region": "Western Province",
        "elevation_m": null,
        "population": 0,
        "feature_type": "populated place",
        "geoname_id": 899186
      }
    },
    {
      "type": "Feature",
      "geometry": {
        "type": "Point",
        "coordinates": [
          23.43333,
          -13.06667
        ]
      },
      "properties": {
        "name": "Samuwika",
        "country": "Zambia",
        "region": "North-Western",
        "elevation_m": null,
        "population": 0,
        "feature_type": "populated place",
        "geoname_id": 899187
      }
    },
    {
      "type": "Feature",
      "geometry": {
        "type": "Point",
        "coordinates": [
          24.6,
          -14.88333
        ]
      },
      "properties": {
        "name": "Samuwema",
        "country": "Zambia",
        "region": "Western Province",
        "elevation_m": null,
        "population": 0,
        "feature_type": "populated place",
        "geoname_id": 899188
      }
    },
    {
      "type": "Feature",
      "geometry": {
        "type": "Point",
        "coordinates": [
          24.79502,
          -11.42671
        ]
      },
      "properties": {
        "name": "Samuwana",
        "country": "Zambia",
        "region": "North-Western",
        "elevation_m": null,
        "population": 0,
        "feature_type": "populated place",
        "geoname_id": 899189
      }
    },
    {
      "type": "Feature",
      "geometry": {
        "type": "Point",
        "coordinates": [
          23.98333,
          -14.45
        ]
      },
      "properties": {
        "name": "Samutwi",
        "country": "Zambia",
        "region": "Western Province",
        "elevation_m": null,
        "population": 0,
        "feature_type": "populated place",
        "geoname_id": 899190
      }
    },
    {
      "type": "Feature",
      "geometry": {
        "type": "Point",
        "coordinates": [
          22.83333,
          -14.08333
        ]
      },
      "properties": {
        "name": "Samututa",
        "country": "Zambia",
        "region": "Western Province",
        "elevation_m": null,
        "population": 0,
        "feature_type": "populated place",
        "geoname_id": 899191
      }
    },
    {
      "type": "Feature",
      "geometry": {
        "type": "Point",
        "coordinates": [
          23.06667,
          -15.45
        ]
      },
      "properties": {
        "name": "Samutumwa",
        "country": "Zambia",
        "region": "Western Province",
        "elevation_m": null,
        "population": 0,
        "feature_type": "populated place",
        "geoname_id": 899192
      }
    },
    {
      "type": "Feature",
      "geometry": {
        "type": "Point",
        "coordinates": [
          23.71667,
          -13.3
        ]
      },
      "properties": {
        "name": "Samutela",
        "country": "Zambia",
        "region": "North-Western",
        "elevation_m": null,
        "population": 0,
        "feature_type": "populated place",
        "geoname_id": 899194
      }
    },
    {
      "type": "Feature",
      "geometry": {
        "type": "Point",
        "coordinates": [
          24.67054,
          -11.76503
        ]
      },
      "properties": {
        "name": "Samuteba",
        "country": "Zambia",
        "region": "North-Western",
        "elevation_m": null,
        "population": 0,
        "feature_type": "populated place",
        "geoname_id": 899196
      }
    },
    {
      "type": "Feature",
      "geometry": {
        "type": "Point",
        "coordinates": [
          24.66945,
          -11.74402
        ]
      },
      "properties": {
        "name": "Samuteba",
        "country": "Zambia",
        "region": "North-Western",
        "elevation_m": null,
        "population": 0,
        "feature_type": "populated place",
        "geoname_id": 899197
      }
    },
    {
      "type": "Feature",
      "geometry": {
        "type": "Point",
        "coordinates": [
          24.2,
          -16.2
        ]
      },
      "properties": {
        "name": "Samutamsu",
        "country": "Zambia",
        "region": "Western Province",
        "elevation_m": null,
        "population": 0,
        "feature_type": "populated place",
        "geoname_id": 899198
      }
    },
    {
      "type": "Feature",
      "geometry": {
        "type": "Point",
        "coordinates": [
          22.85,
          -15.35
        ]
      },
      "properties": {
        "name": "Samutala",
        "country": "Zambia",
        "region": "Western Province",
        "elevation_m": null,
        "population": 0,
        "feature_type": "populated place",
        "geoname_id": 899199
      }
    },
    {
      "type": "Feature",
      "geometry": {
        "type": "Point",
        "coordinates": [
          23.7,
          -13.38333
        ]
      },
      "properties": {
        "name": "Samusweka",
        "country": "Zambia",
        "region": "North-Western",
        "elevation_m": null,
        "population": 0,
        "feature_type": "populated place",
        "geoname_id": 899200
      }
    },
    {
      "type": "Feature",
      "geometry": {
        "type": "Point",
        "coordinates": [
          23.43333,
          -15.78333
        ]
      },
      "properties": {
        "name": "Samusole",
        "country": "Zambia",
        "region": "Western Province",
        "elevation_m": null,
        "population": 0,
        "feature_type": "populated place",
        "geoname_id": 899201
      }
    },
    {
      "type": "Feature",
      "geometry": {
        "type": "Point",
        "coordinates": [
          23.43333,
          -14.16667
        ]
      },
      "properties": {
        "name": "Samusalu",
        "country": "Zambia",
        "region": "Western Province",
        "elevation_m": null,
        "population": 0,
        "feature_type": "populated place",
        "geoname_id": 899203
      }
    },
    {
      "type": "Feature",
      "geometry": {
        "type": "Point",
        "coordinates": [
          24.73333,
          -15.55
        ]
      },
      "properties": {
        "name": "Samunyumbwe",
        "country": "Zambia",
        "region": "Western Province",
        "elevation_m": null,
        "population": 0,
        "feature_type": "populated place",
        "geoname_id": 899204
      }
    },
    {
      "type": "Feature",
      "geometry": {
        "type": "Point",
        "coordinates": [
          24.95,
          -12.45
        ]
      },
      "properties": {
        "name": "Samunyinga",
        "country": "Zambia",
        "region": "North-Western",
        "elevation_m": null,
        "population": 0,
        "feature_type": "populated place",
        "geoname_id": 899205
      }
    },
    {
      "type": "Feature",
      "geometry": {
        "type": "Point",
        "coordinates": [
          24.33333,
          -16.2
        ]
      },
      "properties": {
        "name": "Samuntamfu",
        "country": "Zambia",
        "region": "Western Province",
        "elevation_m": null,
        "population": 0,
        "feature_type": "populated place",
        "geoname_id": 899206
      }
    },
    {
      "type": "Feature",
      "geometry": {
        "type": "Point",
        "coordinates": [
          30.65927,
          -12.92006
        ]
      },
      "properties": {
        "name": "Samu Ngosa",
        "country": "Zambia",
        "region": "Central Province",
        "elevation_m": null,
        "population": 0,
        "feature_type": "populated place",
        "geoname_id": 899208
      }
    },
    {
      "type": "Feature",
      "geometry": {
        "type": "Point",
        "coordinates": [
          23.93333,
          -14.66667
        ]
      },
      "properties": {
        "name": "Samungole",
        "country": "Zambia",
        "region": "Western Province",
        "elevation_m": null,
        "population": 0,
        "feature_type": "populated place",
        "geoname_id": 899209
      }
    },
    {
      "type": "Feature",
      "geometry": {
        "type": "Point",
        "coordinates": [
          23.10462,
          -13.72186
        ]
      },
      "properties": {
        "name": "Samungamba",
        "country": "Zambia",
        "region": "North-Western",
        "elevation_m": null,
        "population": 0,
        "feature_type": "populated place",
        "geoname_id": 899210
      }
    },
    {
      "type": "Feature",
      "geometry": {
        "type": "Point",
        "coordinates": [
          22.96667,
          -13.96667
        ]
      },
      "properties": {
        "name": "Samuneko",
        "country": "Zambia",
        "region": "Eastern Province",
        "elevation_m": null,
        "population": 0,
        "feature_type": "populated place",
        "geoname_id": 899212
      }
    },
    {
      "type": "Feature",
      "geometry": {
        "type": "Point",
        "coordinates": [
          22.71667,
          -15.31667
        ]
      },
      "properties": {
        "name": "Samundenda",
        "country": "Zambia",
        "region": "Western Province",
        "elevation_m": null,
        "population": 0,
        "feature_type": "populated place",
        "geoname_id": 899213
      }
    },
    {
      "type": "Feature",
      "geometry": {
        "type": "Point",
        "coordinates": [
          23.83333,
          -15.83333
        ]
      },
      "properties": {
        "name": "Samumangu",
        "country": "Zambia",
        "region": "Western Province",
        "elevation_m": null,
        "population": 0,
        "feature_type": "populated place",
        "geoname_id": 899214
      }
    },
    {
      "type": "Feature",
      "geometry": {
        "type": "Point",
        "coordinates": [
          23.08333,
          -14.23333
        ]
      },
      "properties": {
        "name": "Samulinga",
        "country": "Zambia",
        "region": "Western Province",
        "elevation_m": null,
        "population": 0,
        "feature_type": "populated place",
        "geoname_id": 899215
      }
    },
    {
      "type": "Feature",
      "geometry": {
        "type": "Point",
        "coordinates": [
          23.55,
          -15.4
        ]
      },
      "properties": {
        "name": "Samulinda",
        "country": "Zambia",
        "region": "Western Province",
        "elevation_m": null,
        "population": 0,
        "feature_type": "populated place",
        "geoname_id": 899216
      }
    },
    {
      "type": "Feature",
      "geometry": {
        "type": "Point",
        "coordinates": [
          22.05,
          -14.31667
        ]
      },
      "properties": {
        "name": "Samulambo",
        "country": "Zambia",
        "region": "Western Province",
        "elevation_m": null,
        "population": 0,
        "feature_type": "populated place",
        "geoname_id": 899217
      }
    },
    {
      "type": "Feature",
      "geometry": {
        "type": "Point",
        "coordinates": [
          23.38333,
          -14.2
        ]
      },
      "properties": {
        "name": "Samukwamba",
        "country": "Zambia",
        "region": "Western Province",
        "elevation_m": null,
        "population": 0,
        "feature_type": "populated place",
        "geoname_id": 899218
      }
    },
    {
      "type": "Feature",
      "geometry": {
        "type": "Point",
        "coordinates": [
          22.36667,
          -13.81667
        ]
      },
      "properties": {
        "name": "Samukumbi",
        "country": "Zambia",
        "region": "Eastern Province",
        "elevation_m": null,
        "population": 0,
        "feature_type": "populated place",
        "geoname_id": 899219
      }
    },
    {
      "type": "Feature",
      "geometry": {
        "type": "Point",
        "coordinates": [
          23.86667,
          -14.01667
        ]
      },
      "properties": {
        "name": "Samukuma",
        "country": "Zambia",
        "region": "Western Province",
        "elevation_m": null,
        "population": 0,
        "feature_type": "populated place",
        "geoname_id": 899220
      }
    },
    {
      "type": "Feature",
      "geometry": {
        "type": "Point",
        "coordinates": [
          24.95,
          -16.45
        ]
      },
      "properties": {
        "name": "Samukopa",
        "country": "Zambia",
        "region": "Western Province",
        "elevation_m": null,
        "population": 0,
        "feature_type": "populated place",
        "geoname_id": 899222
      }
    },
    {
      "type": "Feature",
      "geometry": {
        "type": "Point",
        "coordinates": [
          23.91667,
          -14.63333
        ]
      },
      "properties": {
        "name": "Samukono",
        "country": "Zambia",
        "region": "Western Province",
        "elevation_m": null,
        "population": 0,
        "feature_type": "populated place",
        "geoname_id": 899223
      }
    },
    {
      "type": "Feature",
      "geometry": {
        "type": "Point",
        "coordinates": [
          24.81667,
          -16.56667
        ]
      },
      "properties": {
        "name": "Samukiti",
        "country": "Zambia",
        "region": "Western Province",
        "elevation_m": null,
        "population": 0,
        "feature_type": "populated place",
        "geoname_id": 899226
      }
    },
    {
      "type": "Feature",
      "geometry": {
        "type": "Point",
        "coordinates": [
          24.81667,
          -15.68333
        ]
      },
      "properties": {
        "name": "Samukimba",
        "country": "Zambia",
        "region": "Western Province",
        "elevation_m": null,
        "population": 0,
        "feature_type": "populated place",
        "geoname_id": 899227
      }
    },
    {
      "type": "Feature",
      "geometry": {
        "type": "Point",
        "coordinates": [
          24.68333,
          -16.55
        ]
      },
      "properties": {
        "name": "Samukiche",
        "country": "Zambia",
        "region": "Western Province",
        "elevation_m": null,
        "population": 0,
        "feature_type": "populated place",
        "geoname_id": 899228
      }
    },
    {
      "type": "Feature",
      "geometry": {
        "type": "Point",
        "coordinates": [
          22,
          -13.46667
        ]
      },
      "properties": {
        "name": "Samukele",
        "country": "Zambia",
        "region": "North-Western",
        "elevation_m": null,
        "population": 0,
        "feature_type": "populated place",
        "geoname_id": 899230
      }
    },
    {
      "type": "Feature",
      "geometry": {
        "type": "Point",
        "coordinates": [
          28.43333,
          -14.56667
        ]
      },
      "properties": {
        "name": "Samukela",
        "country": "Zambia",
        "region": "Central Province",
        "elevation_m": null,
        "population": 0,
        "feature_type": "populated place",
        "geoname_id": 899231
      }
    },
    {
      "type": "Feature",
      "geometry": {
        "type": "Point",
        "coordinates": [
          23.31667,
          -14.9
        ]
      },
      "properties": {
        "name": "Samukanda",
        "country": "Zambia",
        "region": "Western Province",
        "elevation_m": null,
        "population": 0,
        "feature_type": "populated place",
        "geoname_id": 899232
      }
    },
    {
      "type": "Feature",
      "geometry": {
        "type": "Point",
        "coordinates": [
          22.96667,
          -13.16667
        ]
      },
      "properties": {
        "name": "Samujimu",
        "country": "Zambia",
        "region": "North-Western",
        "elevation_m": null,
        "population": 0,
        "feature_type": "populated place",
        "geoname_id": 899233
      }
    },
    {
      "type": "Feature",
      "geometry": {
        "type": "Point",
        "coordinates": [
          24.33333,
          -11.88333
        ]
      },
      "properties": {
        "name": "Samujata",
        "country": "Zambia",
        "region": "North-Western",
        "elevation_m": null,
        "population": 0,
        "feature_type": "populated place",
        "geoname_id": 899234
      }
    },
    {
      "type": "Feature",
      "geometry": {
        "type": "Point",
        "coordinates": [
          24.16667,
          -11.1
        ]
      },
      "properties": {
        "name": "Samujaba",
        "country": "Zambia",
        "region": "North-Western",
        "elevation_m": null,
        "population": 0,
        "feature_type": "populated place",
        "geoname_id": 899235
      }
    },
    {
      "type": "Feature",
      "geometry": {
        "type": "Point",
        "coordinates": [
          23.96667,
          -15.28333
        ]
      },
      "properties": {
        "name": "Samuhata",
        "country": "Zambia",
        "region": "Western Province",
        "elevation_m": null,
        "population": 0,
        "feature_type": "populated place",
        "geoname_id": 899236
      }
    },
    {
      "type": "Feature",
      "geometry": {
        "type": "Point",
        "coordinates": [
          23.85,
          -14.76667
        ]
      },
      "properties": {
        "name": "Samuele",
        "country": "Zambia",
        "region": "Western Province",
        "elevation_m": null,
        "population": 0,
        "feature_type": "populated place",
        "geoname_id": 899237
      }
    },
    {
      "type": "Feature",
      "geometry": {
        "type": "Point",
        "coordinates": [
          25.16667,
          -14.65
        ]
      },
      "properties": {
        "name": "Samuele",
        "country": "Zambia",
        "region": "Western Province",
        "elevation_m": null,
        "population": 0,
        "feature_type": "populated place",
        "geoname_id": 899238
      }
    },
    {
      "type": "Feature",
      "geometry": {
        "type": "Point",
        "coordinates": [
          30.60948,
          -12.89152
        ]
      },
      "properties": {
        "name": "Samuel Chipepe",
        "country": "Zambia",
        "region": "Central Province",
        "elevation_m": null,
        "population": 0,
        "feature_type": "populated place",
        "geoname_id": 899239
      }
    },
    {
      "type": "Feature",
      "geometry": {
        "type": "Point",
        "coordinates": [
          31.60155,
          -13.70787
        ]
      },
      "properties": {
        "name": "Samuel",
        "country": "Zambia",
        "region": "Eastern Province",
        "elevation_m": null,
        "population": 0,
        "feature_type": "populated place",
        "geoname_id": 899240
      }
    },
    {
      "type": "Feature",
      "geometry": {
        "type": "Point",
        "coordinates": [
          31.6,
          -13.55
        ]
      },
      "properties": {
        "name": "Samuel",
        "country": "Zambia",
        "region": "Eastern Province",
        "elevation_m": null,
        "population": 0,
        "feature_type": "populated place",
        "geoname_id": 899241
      }
    },
    {
      "type": "Feature",
      "geometry": {
        "type": "Point",
        "coordinates": [
          23.83333,
          -14.75
        ]
      },
      "properties": {
        "name": "Samubi",
        "country": "Zambia",
        "region": "Western Province",
        "elevation_m": null,
        "population": 0,
        "feature_type": "populated place",
        "geoname_id": 899242
      }
    },
    {
      "type": "Feature",
      "geometry": {
        "type": "Point",
        "coordinates": [
          27.55039,
          -14.61014
        ]
      },
      "properties": {
        "name": "Samu",
        "country": "Zambia",
        "region": "Central Province",
        "elevation_m": null,
        "population": 0,
        "feature_type": "populated place",
        "geoname_id": 899243
      }
    },
    {
      "type": "Feature",
      "geometry": {
        "type": "Point",
        "coordinates": [
          29.51667,
          -11.4
        ]
      },
      "properties": {
        "name": "Samu",
        "country": "Zambia",
        "region": "Luapula Province",
        "elevation_m": null,
        "population": 0,
        "feature_type": "populated place",
        "geoname_id": 899244
      }
    },
    {
      "type": "Feature",
      "geometry": {
        "type": "Point",
        "coordinates": [
          30.5679,
          -12.98586
        ]
      },
      "properties": {
        "name": "Samson Ngosa",
        "country": "Zambia",
        "region": "Central Province",
        "elevation_m": null,
        "population": 0,
        "feature_type": "populated place",
        "geoname_id": 899245
      }
    },
    {
      "type": "Feature",
      "geometry": {
        "type": "Point",
        "coordinates": [
          33.01667,
          -10.16667
        ]
      },
      "properties": {
        "name": "Samson Mulambya",
        "country": "Zambia",
        "region": "Muchinga",
        "elevation_m": null,
        "population": 0,
        "feature_type": "populated place",
        "geoname_id": 899246
      }
    },
    {
      "type": "Feature",
      "geometry": {
        "type": "Point",
        "coordinates": [
          30.55635,
          -12.97645
        ]
      },
      "properties": {
        "name": "Samsoni Mwapesenu",
        "country": "Zambia",
        "region": "Central Province",
        "elevation_m": null,
        "population": 0,
        "feature_type": "populated place",
        "geoname_id": 899247
      }
    },
    {
      "type": "Feature",
      "geometry": {
        "type": "Point",
        "coordinates": [
          30.63031,
          -12.84737
        ]
      },
      "properties": {
        "name": "Samson chikatashi",
        "country": "Zambia",
        "region": "Central Province",
        "elevation_m": null,
        "population": 0,
        "feature_type": "populated place",
        "geoname_id": 899248
      }
    },
    {
      "type": "Feature",
      "geometry": {
        "type": "Point",
        "coordinates": [
          31.95298,
          -13.821
        ]
      },
      "properties": {
        "name": "Samson",
        "country": "Zambia",
        "region": "Eastern Province",
        "elevation_m": null,
        "population": 0,
        "feature_type": "populated place",
        "geoname_id": 899249
      }
    },
    {
      "type": "Feature",
      "geometry": {
        "type": "Point",
        "coordinates": [
          31.91667,
          -13.16667
        ]
      },
      "properties": {
        "name": "Samson",
        "country": "Zambia",
        "region": "Eastern Province",
        "elevation_m": null,
        "population": 0,
        "feature_type": "populated place",
        "geoname_id": 899250
      }
    },
    {
      "type": "Feature",
      "geometry": {
        "type": "Point",
        "coordinates": [
          23.53333,
          -14.55
        ]
      },
      "properties": {
        "name": "Sampoko",
        "country": "Zambia",
        "region": "Western Province",
        "elevation_m": null,
        "population": 0,
        "feature_type": "populated place",
        "geoname_id": 899251
      }
    },
    {
      "type": "Feature",
      "geometry": {
        "type": "Point",
        "coordinates": [
          24.73333,
          -16.13333
        ]
      },
      "properties": {
        "name": "Sampeni",
        "country": "Zambia",
        "region": "Western Province",
        "elevation_m": null,
        "population": 0,
        "feature_type": "populated place",
        "geoname_id": 899252
      }
    },
    {
      "type": "Feature",
      "geometry": {
        "type": "Point",
        "coordinates": [
          24.77685,
          -16.55936
        ]
      },
      "properties": {
        "name": "Sampande",
        "country": "Zambia",
        "region": "Western Province",
        "elevation_m": null,
        "population": 0,
        "feature_type": "populated place",
        "geoname_id": 899253
      }
    },
    {
      "type": "Feature",
      "geometry": {
        "type": "Point",
        "coordinates": [
          31.12515,
          -10.18823
        ]
      },
      "properties": {
        "name": "Sampa",
        "country": "Zambia",
        "region": "Northern Province",
        "elevation_m": null,
        "population": 0,
        "feature_type": "populated place",
        "geoname_id": 899254
      }
    },
    {
      "type": "Feature",
      "geometry": {
        "type": "Point",
        "coordinates": [
          23.61667,
          -15.26667
        ]
      },
      "properties": {
        "name": "Samoshela",
        "country": "Zambia",
        "region": "Western Province",
        "elevation_m": null,
        "population": 0,
        "feature_type": "populated place",
        "geoname_id": 899255
      }
    },
    {
      "type": "Feature",
      "geometry": {
        "type": "Point",
        "coordinates": [
          23.71667,
          -15.43333
        ]
      },
      "properties": {
        "name": "Samolanda",
        "country": "Zambia",
        "region": "Western Province",
        "elevation_m": null,
        "population": 0,
        "feature_type": "populated place",
        "geoname_id": 899256
      }
    },
    {
      "type": "Feature",
      "geometry": {
        "type": "Point",
        "coordinates": [
          30.34485,
          -12.79869
        ]
      },
      "properties": {
        "name": "Sam Nkutu",
        "country": "Zambia",
        "region": "Central Province",
        "elevation_m": null,
        "population": 0,
        "feature_type": "populated place",
        "geoname_id": 899257
      }
    },
    {
      "type": "Feature",
      "geometry": {
        "type": "Point",
        "coordinates": [
          33.43333,
          -10.43333
        ]
      },
      "properties": {
        "name": "Sam Muwowo",
        "country": "Zambia",
        "region": "Muchinga",
        "elevation_m": null,
        "population": 0,
        "feature_type": "populated place",
        "geoname_id": 899258
      }
    },
    {
      "type": "Feature",
      "geometry": {
        "type": "Point",
        "coordinates": [
          24.1,
          -13.46667
        ]
      },
      "properties": {
        "name": "Samiyengo",
        "country": "Zambia",
        "region": "North-Western",
        "elevation_m": null,
        "population": 0,
        "feature_type": "populated place",
        "geoname_id": 899259
      }
    },
    {
      "type": "Feature",
      "geometry": {
        "type": "Point",
        "coordinates": [
          24.98333,
          -16.35
        ]
      },
      "properties": {
        "name": "Samiwangu",
        "country": "Zambia",
        "region": "Western Province",
        "elevation_m": null,
        "population": 0,
        "feature_type": "populated place",
        "geoname_id": 899260
      }
    },
    {
      "type": "Feature",
      "geometry": {
        "type": "Point",
        "coordinates": [
          25.06667,
          -16.78333
        ]
      },
      "properties": {
        "name": "Samitunta",
        "country": "Zambia",
        "region": "Western Province",
        "elevation_m": null,
        "population": 0,
        "feature_type": "populated place",
        "geoname_id": 899261
      }
    },
    {
      "type": "Feature",
      "geometry": {
        "type": "Point",
        "coordinates": [
          22.93333,
          -14.08333
        ]
      },
      "properties": {
        "name": "Samitembo",
        "country": "Zambia",
        "region": "Western Province",
        "elevation_m": null,
        "population": 0,
        "feature_type": "populated place",
        "geoname_id": 899262
      }
    },
    {
      "type": "Feature",
      "geometry": {
        "type": "Point",
        "coordinates": [
          24.48333,
          -15.08333
        ]
      },
      "properties": {
        "name": "Samitambi",
        "country": "Zambia",
        "region": "Western Province",
        "elevation_m": null,
        "population": 0,
        "feature_type": "populated place",
        "geoname_id": 899263
      }
    },
    {
      "type": "Feature",
      "geometry": {
        "type": "Point",
        "coordinates": [
          24.43333,
          -16.25
        ]
      },
      "properties": {
        "name": "Samisisi",
        "country": "Zambia",
        "region": "Western Province",
        "elevation_m": null,
        "population": 0,
        "feature_type": "populated place",
        "geoname_id": 899264
      }
    },
    {
      "type": "Feature",
      "geometry": {
        "type": "Point",
        "coordinates": [
          25.01667,
          -16.21667
        ]
      },
      "properties": {
        "name": "Samisisi",
        "country": "Zambia",
        "region": "Western Province",
        "elevation_m": null,
        "population": 0,
        "feature_type": "populated place",
        "geoname_id": 899265
      }
    },
    {
      "type": "Feature",
      "geometry": {
        "type": "Point",
        "coordinates": [
          24.25,
          -15.33333
        ]
      },
      "properties": {
        "name": "Saminimba",
        "country": "Zambia",
        "region": "Western Province",
        "elevation_m": null,
        "population": 0,
        "feature_type": "populated place",
        "geoname_id": 899266
      }
    },
    {
      "type": "Feature",
      "geometry": {
        "type": "Point",
        "coordinates": [
          23.23552,
          -13.94652
        ]
      },
      "properties": {
        "name": "Samilimo",
        "country": "Zambia",
        "region": "North-Western",
        "elevation_m": null,
        "population": 0,
        "feature_type": "populated place",
        "geoname_id": 899268
      }
    },
    {
      "type": "Feature",
      "geometry": {
        "type": "Point",
        "coordinates": [
          25.3,
          -14.68333
        ]
      },
      "properties": {
        "name": "Samilangu",
        "country": "Zambia",
        "region": "Western Province",
        "elevation_m": null,
        "population": 0,
        "feature_type": "populated place",
        "geoname_id": 899269
      }
    },
    {
      "type": "Feature",
      "geometry": {
        "type": "Point",
        "coordinates": [
          22.88333,
          -15.43333
        ]
      },
      "properties": {
        "name": "Samihuma",
        "country": "Zambia",
        "region": "Western Province",
        "elevation_m": null,
        "population": 0,
        "feature_type": "populated place",
        "geoname_id": 899270
      }
    },
    {
      "type": "Feature",
      "geometry": {
        "type": "Point",
        "coordinates": [
          30.88333,
          -10.71667
        ]
      },
      "properties": {
        "name": "Samfwe",
        "country": "Zambia",
        "region": "Northern Province",
        "elevation_m": null,
        "population": 0,
        "feature_type": "populated place",
        "geoname_id": 899276
      }
    },
    {
      "type": "Feature",
      "geometry": {
        "type": "Point",
        "coordinates": [
          23.25,
          -15.58333
        ]
      },
      "properties": {
        "name": "Sameyi",
        "country": "Zambia",
        "region": "Western Province",
        "elevation_m": null,
        "population": 0,
        "feature_type": "populated place",
        "geoname_id": 899278
      }
    },
    {
      "type": "Feature",
      "geometry": {
        "type": "Point",
        "coordinates": [
          23.26667,
          -15.43333
        ]
      },
      "properties": {
        "name": "Sameneka",
        "country": "Zambia",
        "region": "Western Province",
        "elevation_m": null,
        "population": 0,
        "feature_type": "populated place",
        "geoname_id": 899279
      }
    },
    {
      "type": "Feature",
      "geometry": {
        "type": "Point",
        "coordinates": [
          24.83333,
          -15.71667
        ]
      },
      "properties": {
        "name": "Samendelo",
        "country": "Zambia",
        "region": "Western Province",
        "elevation_m": null,
        "population": 0,
        "feature_type": "populated place",
        "geoname_id": 899280
      }
    },
    {
      "type": "Feature",
      "geometry": {
        "type": "Point",
        "coordinates": [
          24.58333,
          -14.7
        ]
      },
      "properties": {
        "name": "Sambweti",
        "country": "Zambia",
        "region": "Western Province",
        "elevation_m": null,
        "population": 0,
        "feature_type": "populated place",
        "geoname_id": 899281
      }
    },
    {
      "type": "Feature",
      "geometry": {
        "type": "Point",
        "coordinates": [
          25.33333,
          -12.03333
        ]
      },
      "properties": {
        "name": "Sambweshi",
        "country": "Zambia",
        "region": "North-Western",
        "elevation_m": null,
        "population": 0,
        "feature_type": "populated place",
        "geoname_id": 899282
      }
    },
    {
      "type": "Feature",
      "geometry": {
        "type": "Point",
        "coordinates": [
          24.35,
          -14.58333
        ]
      },
      "properties": {
        "name": "Sambwechi",
        "country": "Zambia",
        "region": "Western Province",
        "elevation_m": null,
        "population": 0,
        "feature_type": "populated place",
        "geoname_id": 899283
      }
    },
    {
      "type": "Feature",
      "geometry": {
        "type": "Point",
        "coordinates": [
          25.06667,
          -17.18333
        ]
      },
      "properties": {
        "name": "Sambututu",
        "country": "Zambia",
        "region": "Western Province",
        "elevation_m": null,
        "population": 0,
        "feature_type": "populated place",
        "geoname_id": 899287
      }
    },
    {
      "type": "Feature",
      "geometry": {
        "type": "Point",
        "coordinates": [
          28.51667,
          -14.71667
        ]
      },
      "properties": {
        "name": "Sambulelo",
        "country": "Zambia",
        "region": "Central Province",
        "elevation_m": null,
        "population": 0,
        "feature_type": "populated place",
        "geoname_id": 899289
      }
    },
    {
      "type": "Feature",
      "geometry": {
        "type": "Point",
        "coordinates": [
          23.53333,
          -15.61667
        ]
      },
      "properties": {
        "name": "Sambulalu",
        "country": "Zambia",
        "region": "Western Province",
        "elevation_m": null,
        "population": 0,
        "feature_type": "populated place",
        "geoname_id": 899290
      }
    },
    {
      "type": "Feature",
      "geometry": {
        "type": "Point",
        "coordinates": [
          23.15,
          -15.56667
        ]
      },
      "properties": {
        "name": "Sambole",
        "country": "Zambia",
        "region": "Western Province",
        "elevation_m": null,
        "population": 0,
        "feature_type": "populated place",
        "geoname_id": 899292
      }
    },
    {
      "type": "Feature",
      "geometry": {
        "type": "Point",
        "coordinates": [
          32.13333,
          -13.93333
        ]
      },
      "properties": {
        "name": "Sambo",
        "country": "Zambia",
        "region": "Eastern Province",
        "elevation_m": null,
        "population": 0,
        "feature_type": "populated place",
        "geoname_id": 899293
      }
    },
    {
      "type": "Feature",
      "geometry": {
        "type": "Point",
        "coordinates": [
          23.73333,
          -14.71667
        ]
      },
      "properties": {
        "name": "Sambingila",
        "country": "Zambia",
        "region": "Western Province",
        "elevation_m": null,
        "population": 0,
        "feature_type": "populated place",
        "geoname_id": 899296
      }
    },
    {
      "type": "Feature",
      "geometry": {
        "type": "Point",
        "coordinates": [
          22.93333,
          -13.11667
        ]
      },
      "properties": {
        "name": "Sambingila",
        "country": "Zambia",
        "region": "North-Western",
        "elevation_m": null,
        "population": 0,
        "feature_type": "populated place",
        "geoname_id": 899297
      }
    },
    {
      "type": "Feature",
      "geometry": {
        "type": "Point",
        "coordinates": [
          23.61667,
          -14.41667
        ]
      },
      "properties": {
        "name": "Sambilishi",
        "country": "Zambia",
        "region": "Western Province",
        "elevation_m": null,
        "population": 0,
        "feature_type": "populated place",
        "geoname_id": 899299
      }
    },
    {
      "type": "Feature",
      "geometry": {
        "type": "Point",
        "coordinates": [
          23.41667,
          -17.63333
        ]
      },
      "properties": {
        "name": "Sambile",
        "country": "Zambia",
        "region": "Western Province",
        "elevation_m": null,
        "population": 0,
        "feature_type": "populated place",
        "geoname_id": 899300
      }
    },
    {
      "type": "Feature",
      "geometry": {
        "type": "Point",
        "coordinates": [
          24.8,
          -17.35
        ]
      },
      "properties": {
        "name": "Sambila",
        "country": "Zambia",
        "region": "Western Province",
        "elevation_m": null,
        "population": 0,
        "feature_type": "populated place",
        "geoname_id": 899302
      }
    },
    {
      "type": "Feature",
      "geometry": {
        "type": "Point",
        "coordinates": [
          23.13333,
          -15.43333
        ]
      },
      "properties": {
        "name": "Sambiana",
        "country": "Zambia",
        "region": "Western Province",
        "elevation_m": null,
        "population": 0,
        "feature_type": "populated place",
        "geoname_id": 899303
      }
    },
    {
      "type": "Feature",
      "geometry": {
        "type": "Point",
        "coordinates": [
          23.2,
          -15.55
        ]
      },
      "properties": {
        "name": "Sambi",
        "country": "Zambia",
        "region": "Western Province",
        "elevation_m": null,
        "population": 0,
        "feature_type": "populated place",
        "geoname_id": 899304
      }
    },
    {
      "type": "Feature",
      "geometry": {
        "type": "Point",
        "coordinates": [
          30.66437,
          -12.96102
        ]
      },
      "properties": {
        "name": "Sambesi Mwanje",
        "country": "Zambia",
        "region": "Central Province",
        "elevation_m": null,
        "population": 0,
        "feature_type": "populated place",
        "geoname_id": 899305
      }
    },
    {
      "type": "Feature",
      "geometry": {
        "type": "Point",
        "coordinates": [
          23,
          -15.61667
        ]
      },
      "properties": {
        "name": "Sambe",
        "country": "Zambia",
        "region": "Western Province",
        "elevation_m": null,
        "population": 0,
        "feature_type": "populated place",
        "geoname_id": 899309
      }
    },
    {
      "type": "Feature",
      "geometry": {
        "type": "Point",
        "coordinates": [
          22.88333,
          -13.16667
        ]
      },
      "properties": {
        "name": "Sambaza",
        "country": "Zambia",
        "region": "North-Western",
        "elevation_m": null,
        "population": 0,
        "feature_type": "populated place",
        "geoname_id": 899310
      }
    },
    {
      "type": "Feature",
      "geometry": {
        "type": "Point",
        "coordinates": [
          22.8,
          -14.05
        ]
      },
      "properties": {
        "name": "Sambaula",
        "country": "Zambia",
        "region": "Western Province",
        "elevation_m": null,
        "population": 0,
        "feature_type": "populated place",
        "geoname_id": 899311
      }
    },
    {
      "type": "Feature",
      "geometry": {
        "type": "Point",
        "coordinates": [
          29.66671,
          -15.09444
        ]
      },
      "properties": {
        "name": "Sambani",
        "country": "Zambia",
        "region": "Lusaka Province",
        "elevation_m": null,
        "population": 0,
        "feature_type": "populated place",
        "geoname_id": 899313
      }
    },
    {
      "type": "Feature",
      "geometry": {
        "type": "Point",
        "coordinates": [
          32.78101,
          -11.52494
        ]
      },
      "properties": {
        "name": "Sambangombe",
        "country": "Zambia",
        "region": "Muchinga",
        "elevation_m": null,
        "population": 0,
        "feature_type": "populated place",
        "geoname_id": 899315
      }
    },
    {
      "type": "Feature",
      "geometry": {
        "type": "Point",
        "coordinates": [
          23.93333,
          -13.03333
        ]
      },
      "properties": {
        "name": "Sambandu",
        "country": "Zambia",
        "region": "North-Western",
        "elevation_m": null,
        "population": 0,
        "feature_type": "populated place",
        "geoname_id": 899316
      }
    },
    {
      "type": "Feature",
      "geometry": {
        "type": "Point",
        "coordinates": [
          23.28333,
          -16.4
        ]
      },
      "properties": {
        "name": "Sambambi",
        "country": "Zambia",
        "region": "Western Province",
        "elevation_m": null,
        "population": 0,
        "feature_type": "populated place",
        "geoname_id": 899317
      }
    },
    {
      "type": "Feature",
      "geometry": {
        "type": "Point",
        "coordinates": [
          23.05,
          -14.76667
        ]
      },
      "properties": {
        "name": "Sambambi",
        "country": "Zambia",
        "region": "Western Province",
        "elevation_m": null,
        "population": 0,
        "feature_type": "populated place",
        "geoname_id": 899318
      }
    },
    {
      "type": "Feature",
      "geometry": {
        "type": "Point",
        "coordinates": [
          23.96667,
          -14.56667
        ]
      },
      "properties": {
        "name": "Sambambi",
        "country": "Zambia",
        "region": "Western Province",
        "elevation_m": null,
        "population": 0,
        "feature_type": "populated place",
        "geoname_id": 899319
      }
    },
    {
      "type": "Feature",
      "geometry": {
        "type": "Point",
        "coordinates": [
          24.27943,
          -12.79382
        ]
      },
      "properties": {
        "name": "Sambalama",
        "country": "Zambia",
        "region": "North-Western",
        "elevation_m": null,
        "population": 0,
        "feature_type": "populated place",
        "geoname_id": 899320
      }
    },
    {
      "type": "Feature",
      "geometry": {
        "type": "Point",
        "coordinates": [
          23.11667,
          -14.15
        ]
      },
      "properties": {
        "name": "Sambalakato",
        "country": "Zambia",
        "region": "Western Province",
        "elevation_m": null,
        "population": 0,
        "feature_type": "populated place",
        "geoname_id": 899321
      }
    },
    {
      "type": "Feature",
      "geometry": {
        "type": "Point",
        "coordinates": [
          23.32158,
          -17.52904
        ]
      },
      "properties": {
        "name": "Sambala",
        "country": "Zambia",
        "region": "Western Province",
        "elevation_m": null,
        "population": 0,
        "feature_type": "populated place",
        "geoname_id": 899322
      }
    },
    {
      "type": "Feature",
      "geometry": {
        "type": "Point",
        "coordinates": [
          23.56667,
          -15.4
        ]
      },
      "properties": {
        "name": "Sambaimbai",
        "country": "Zambia",
        "region": "Western Province",
        "elevation_m": null,
        "population": 0,
        "feature_type": "populated place",
        "geoname_id": 899323
      }
    },
    {
      "type": "Feature",
      "geometry": {
        "type": "Point",
        "coordinates": [
          29.95,
          -12.88333
        ]
      },
      "properties": {
        "name": "Samba",
        "country": "Zambia",
        "region": "Central Province",
        "elevation_m": null,
        "population": 0,
        "feature_type": "populated place",
        "geoname_id": 899329
      }
    },
    {
      "type": "Feature",
      "geometry": {
        "type": "Point",
        "coordinates": [
          24.73333,
          -16.15
        ]
      },
      "properties": {
        "name": "Samaziao",
        "country": "Zambia",
        "region": "Western Province",
        "elevation_m": null,
        "population": 0,
        "feature_type": "populated place",
        "geoname_id": 899330
      }
    },
    {
      "type": "Feature",
      "geometry": {
        "type": "Point",
        "coordinates": [
          25.26667,
          -14.36667
        ]
      },
      "properties": {
        "name": "Samayanda",
        "country": "Zambia",
        "region": "North-Western",
        "elevation_m": null,
        "population": 0,
        "feature_type": "populated place",
        "geoname_id": 899331
      }
    },
    {
      "type": "Feature",
      "geometry": {
        "type": "Point",
        "coordinates": [
          23.9,
          -15.9
        ]
      },
      "properties": {
        "name": "Samatunga",
        "country": "Zambia",
        "region": "Western Province",
        "elevation_m": null,
        "population": 0,
        "feature_type": "populated place",
        "geoname_id": 899333
      }
    },
    {
      "type": "Feature",
      "geometry": {
        "type": "Point",
        "coordinates": [
          24.18333,
          -16.81667
        ]
      },
      "properties": {
        "name": "Samatongo",
        "country": "Zambia",
        "region": "Western Province",
        "elevation_m": null,
        "population": 0,
        "feature_type": "populated place",
        "geoname_id": 899334
      }
    },
    {
      "type": "Feature",
      "geometry": {
        "type": "Point",
        "coordinates": [
          27.96667,
          -16.03333
        ]
      },
      "properties": {
        "name": "Samatibu",
        "country": "Zambia",
        "region": "Southern Province",
        "elevation_m": null,
        "population": 0,
        "feature_type": "populated place",
        "geoname_id": 899335
      }
    },
    {
      "type": "Feature",
      "geometry": {
        "type": "Point",
        "coordinates": [
          22.91667,
          -13.93333
        ]
      },
      "properties": {
        "name": "Samatemu",
        "country": "Zambia",
        "region": "Eastern Province",
        "elevation_m": null,
        "population": 0,
        "feature_type": "populated place",
        "geoname_id": 899336
      }
    },
    {
      "type": "Feature",
      "geometry": {
        "type": "Point",
        "coordinates": [
          25.6,
          -17.83333
        ]
      },
      "properties": {
        "name": "Samate",
        "country": "Zambia",
        "region": "Southern Province",
        "elevation_m": null,
        "population": 0,
        "feature_type": "populated place",
        "geoname_id": 899337
      }
    },
    {
      "type": "Feature",
      "geometry": {
        "type": "Point",
        "coordinates": [
          27.45,
          -16.66667
        ]
      },
      "properties": {
        "name": "Samatanga",
        "country": "Zambia",
        "region": "Southern Province",
        "elevation_m": null,
        "population": 0,
        "feature_type": "populated place",
        "geoname_id": 899338
      }
    },
    {
      "type": "Feature",
      "geometry": {
        "type": "Point",
        "coordinates": [
          24.5,
          -16.5
        ]
      },
      "properties": {
        "name": "Samasumo",
        "country": "Zambia",
        "region": "Western Province",
        "elevation_m": null,
        "population": 0,
        "feature_type": "populated place",
        "geoname_id": 899339
      }
    },
    {
      "type": "Feature",
      "geometry": {
        "type": "Point",
        "coordinates": [
          23.03333,
          -15.48333
        ]
      },
      "properties": {
        "name": "Samasongo",
        "country": "Zambia",
        "region": "Western Province",
        "elevation_m": null,
        "population": 0,
        "feature_type": "populated place",
        "geoname_id": 899340
      }
    },
    {
      "type": "Feature",
      "geometry": {
        "type": "Point",
        "coordinates": [
          22.91667,
          -14
        ]
      },
      "properties": {
        "name": "Samashila",
        "country": "Zambia",
        "region": "Western Province",
        "elevation_m": null,
        "population": 0,
        "feature_type": "populated place",
        "geoname_id": 899341
      }
    },
    {
      "type": "Feature",
      "geometry": {
        "type": "Point",
        "coordinates": [
          24.26667,
          -14.85
        ]
      },
      "properties": {
        "name": "Samasaku",
        "country": "Zambia",
        "region": "Western Province",
        "elevation_m": null,
        "population": 0,
        "feature_type": "populated place",
        "geoname_id": 899342
      }
    },
    {
      "type": "Feature",
      "geometry": {
        "type": "Point",
        "coordinates": [
          23.71667,
          -14.8
        ]
      },
      "properties": {
        "name": "Samasaku",
        "country": "Zambia",
        "region": "Western Province",
        "elevation_m": null,
        "population": 0,
        "feature_type": "populated place",
        "geoname_id": 899343
      }
    },
    {
      "type": "Feature",
      "geometry": {
        "type": "Point",
        "coordinates": [
          23.06667,
          -17.25
        ]
      },
      "properties": {
        "name": "Samanyati",
        "country": "Zambia",
        "region": "Western Province",
        "elevation_m": null,
        "population": 0,
        "feature_type": "abandoned populated place",
        "geoname_id": 899344
      }
    },
    {
      "type": "Feature",
      "geometry": {
        "type": "Point",
        "coordinates": [
          23.03333,
          -17.21667
        ]
      },
      "properties": {
        "name": "Samanyati",
        "country": "Zambia",
        "region": "Western Province",
        "elevation_m": null,
        "population": 0,
        "feature_type": "populated place",
        "geoname_id": 899345
      }
    },
    {
      "type": "Feature",
      "geometry": {
        "type": "Point",
        "coordinates": [
          24.5,
          -15.73333
        ]
      },
      "properties": {
        "name": "Samanjata",
        "country": "Zambia",
        "region": "Western Province",
        "elevation_m": null,
        "population": 0,
        "feature_type": "populated place",
        "geoname_id": 899346
      }
    },
    {
      "type": "Feature",
      "geometry": {
        "type": "Point",
        "coordinates": [
          25.06667,
          -11.26667
        ]
      },
      "properties": {
        "name": "Samanjata",
        "country": "Zambia",
        "region": "North-Western",
        "elevation_m": null,
        "population": 0,
        "feature_type": "populated place",
        "geoname_id": 899347
      }
    },
    {
      "type": "Feature",
      "geometry": {
        "type": "Point",
        "coordinates": [
          23.8,
          -16.83333
        ]
      },
      "properties": {
        "name": "Samani",
        "country": "Zambia",
        "region": "Western Province",
        "elevation_m": null,
        "population": 0,
        "feature_type": "populated place",
        "geoname_id": 899348
      }
    },
    {
      "type": "Feature",
      "geometry": {
        "type": "Point",
        "coordinates": [
          23.91667,
          -16.93333
        ]
      },
      "properties": {
        "name": "Samango",
        "country": "Zambia",
        "region": "Western Province",
        "elevation_m": null,
        "population": 0,
        "feature_type": "populated place",
        "geoname_id": 899350
      }
    },
    {
      "type": "Feature",
      "geometry": {
        "type": "Point",
        "coordinates": [
          24,
          -17
        ]
      },
      "properties": {
        "name": "Samanga",
        "country": "Zambia",
        "region": "Western Province",
        "elevation_m": null,
        "population": 0,
        "feature_type": "populated place",
        "geoname_id": 899351
      }
    },
    {
      "type": "Feature",
      "geometry": {
        "type": "Point",
        "coordinates": [
          23.8598,
          -16.91198
        ]
      },
      "properties": {
        "name": "Samanga",
        "country": "Zambia",
        "region": "Western Province",
        "elevation_m": null,
        "population": 0,
        "feature_type": "populated place",
        "geoname_id": 899352
      }
    },
    {
      "type": "Feature",
      "geometry": {
        "type": "Point",
        "coordinates": [
          24.31667,
          -14.61667
        ]
      },
      "properties": {
        "name": "Samandanji",
        "country": "Zambia",
        "region": "Western Province",
        "elevation_m": null,
        "population": 0,
        "feature_type": "populated place",
        "geoname_id": 899354
      }
    },
    {
      "type": "Feature",
      "geometry": {
        "type": "Point",
        "coordinates": [
          23.73333,
          -15.3
        ]
      },
      "properties": {
        "name": "Samalulu",
        "country": "Zambia",
        "region": "Western Province",
        "elevation_m": null,
        "population": 0,
        "feature_type": "populated place",
        "geoname_id": 899355
      }
    },
    {
      "type": "Feature",
      "geometry": {
        "type": "Point",
        "coordinates": [
          23.78333,
          -15.78333
        ]
      },
      "properties": {
        "name": "Samaluka",
        "country": "Zambia",
        "region": "Western Province",
        "elevation_m": null,
        "population": 0,
        "feature_type": "populated place",
        "geoname_id": 899356
      }
    },
    {
      "type": "Feature",
      "geometry": {
        "type": "Point",
        "coordinates": [
          24.06667,
          -11.03333
        ]
      },
      "properties": {
        "name": "Samalozana",
        "country": "Zambia",
        "region": "North-Western",
        "elevation_m": null,
        "population": 0,
        "feature_type": "populated place",
        "geoname_id": 899357
      }
    },
    {
      "type": "Feature",
      "geometry": {
        "type": "Point",
        "coordinates": [
          23.98333,
          -14.71667
        ]
      },
      "properties": {
        "name": "Samalinda",
        "country": "Zambia",
        "region": "Western Province",
        "elevation_m": null,
        "population": 0,
        "feature_type": "populated place",
        "geoname_id": 899358
      }
    },
    {
      "type": "Feature",
      "geometry": {
        "type": "Point",
        "coordinates": [
          23.25,
          -13.68333
        ]
      },
      "properties": {
        "name": "Samalesu",
        "country": "Zambia",
        "region": "North-Western",
        "elevation_m": null,
        "population": 0,
        "feature_type": "populated place",
        "geoname_id": 899359
      }
    },
    {
      "type": "Feature",
      "geometry": {
        "type": "Point",
        "coordinates": [
          22.8,
          -13.05
        ]
      },
      "properties": {
        "name": "Samalenge",
        "country": "Zambia",
        "region": "North-Western",
        "elevation_m": null,
        "population": 0,
        "feature_type": "populated place",
        "geoname_id": 899360
      }
    },
    {
      "type": "Feature",
      "geometry": {
        "type": "Point",
        "coordinates": [
          23.81667,
          -14.8
        ]
      },
      "properties": {
        "name": "Samalanda",
        "country": "Zambia",
        "region": "Western Province",
        "elevation_m": null,
        "population": 0,
        "feature_type": "populated place",
        "geoname_id": 899361
      }
    },
    {
      "type": "Feature",
      "geometry": {
        "type": "Point",
        "coordinates": [
          24.51667,
          -16.48333
        ]
      },
      "properties": {
        "name": "Samakutu",
        "country": "Zambia",
        "region": "Western Province",
        "elevation_m": null,
        "population": 0,
        "feature_type": "populated place",
        "geoname_id": 899362
      }
    },
    {
      "type": "Feature",
      "geometry": {
        "type": "Point",
        "coordinates": [
          23.08333,
          -13.65
        ]
      },
      "properties": {
        "name": "Samakayi",
        "country": "Zambia",
        "region": "North-Western",
        "elevation_m": null,
        "population": 0,
        "feature_type": "populated place",
        "geoname_id": 899363
      }
    },
    {
      "type": "Feature",
      "geometry": {
        "type": "Point",
        "coordinates": [
          24.65,
          -16.6
        ]
      },
      "properties": {
        "name": "Samakala",
        "country": "Zambia",
        "region": "Western Province",
        "elevation_m": null,
        "population": 0,
        "feature_type": "populated place",
        "geoname_id": 899364
      }
    },
    {
      "type": "Feature",
      "geometry": {
        "type": "Point",
        "coordinates": [
          24.64301,
          -16.55926
        ]
      },
      "properties": {
        "name": "Samakala",
        "country": "Zambia",
        "region": "Western Province",
        "elevation_m": null,
        "population": 0,
        "feature_type": "populated place",
        "geoname_id": 899365
      }
    },
    {
      "type": "Feature",
      "geometry": {
        "type": "Point",
        "coordinates": [
          23.63333,
          -15.45
        ]
      },
      "properties": {
        "name": "Samakaka",
        "country": "Zambia",
        "region": "Western Province",
        "elevation_m": null,
        "population": 0,
        "feature_type": "populated place",
        "geoname_id": 899366
      }
    },
    {
      "type": "Feature",
      "geometry": {
        "type": "Point",
        "coordinates": [
          22.56667,
          -14.96667
        ]
      },
      "properties": {
        "name": "Samajamba",
        "country": "Zambia",
        "region": "Western Province",
        "elevation_m": null,
        "population": 0,
        "feature_type": "populated place",
        "geoname_id": 899367
      }
    },
    {
      "type": "Feature",
      "geometry": {
        "type": "Point",
        "coordinates": [
          24.7,
          -16.43333
        ]
      },
      "properties": {
        "name": "Samahutu",
        "country": "Zambia",
        "region": "Western Province",
        "elevation_m": null,
        "population": 0,
        "feature_type": "populated place",
        "geoname_id": 899368
      }
    },
    {
      "type": "Feature",
      "geometry": {
        "type": "Point",
        "coordinates": [
          24.8,
          -16.51667
        ]
      },
      "properties": {
        "name": "Samahuba",
        "country": "Zambia",
        "region": "Western Province",
        "elevation_m": null,
        "population": 0,
        "feature_type": "populated place",
        "geoname_id": 899369
      }
    },
    {
      "type": "Feature",
      "geometry": {
        "type": "Point",
        "coordinates": [
          23.2,
          -14.45
        ]
      },
      "properties": {
        "name": "Samahongo",
        "country": "Zambia",
        "region": "Western Province",
        "elevation_m": null,
        "population": 0,
        "feature_type": "populated place",
        "geoname_id": 899370
      }
    },
    {
      "type": "Feature",
      "geometry": {
        "type": "Point",
        "coordinates": [
          22.23333,
          -13.98333
        ]
      },
      "properties": {
        "name": "Samahongo",
        "country": "Zambia",
        "region": "Western Province",
        "elevation_m": null,
        "population": 0,
        "feature_type": "populated place",
        "geoname_id": 899371
      }
    },
    {
      "type": "Feature",
      "geometry": {
        "type": "Point",
        "coordinates": [
          24.85,
          -12.83333
        ]
      },
      "properties": {
        "name": "Samahiti",
        "country": "Zambia",
        "region": "North-Western",
        "elevation_m": null,
        "population": 0,
        "feature_type": "populated place",
        "geoname_id": 899373
      }
    },
    {
      "type": "Feature",
      "geometry": {
        "type": "Point",
        "coordinates": [
          23.1889,
          -13.95633
        ]
      },
      "properties": {
        "name": "Samahina",
        "country": "Zambia",
        "region": "North-Western",
        "elevation_m": null,
        "population": 0,
        "feature_type": "populated place",
        "geoname_id": 899374
      }
    },
    {
      "type": "Feature",
      "geometry": {
        "type": "Point",
        "coordinates": [
          23.23333,
          -13.65
        ]
      },
      "properties": {
        "name": "Samahina",
        "country": "Zambia",
        "region": "North-Western",
        "elevation_m": null,
        "population": 0,
        "feature_type": "populated place",
        "geoname_id": 899375
      }
    },
    {
      "type": "Feature",
      "geometry": {
        "type": "Point",
        "coordinates": [
          24.33073,
          -11.18912
        ]
      },
      "properties": {
        "name": "Samahina",
        "country": "Zambia",
        "region": "North-Western",
        "elevation_m": null,
        "population": 0,
        "feature_type": "populated place",
        "geoname_id": 899376
      }
    },
    {
      "type": "Feature",
      "geometry": {
        "type": "Point",
        "coordinates": [
          24.30003,
          -11.14105
        ]
      },
      "properties": {
        "name": "Samahima",
        "country": "Zambia",
        "region": "North-Western",
        "elevation_m": null,
        "population": 0,
        "feature_type": "populated place",
        "geoname_id": 899377
      }
    },
    {
      "type": "Feature",
      "geometry": {
        "type": "Point",
        "coordinates": [
          23.7,
          -15.78333
        ]
      },
      "properties": {
        "name": "Samahamba",
        "country": "Zambia",
        "region": "Western Province",
        "elevation_m": null,
        "population": 0,
        "feature_type": "populated place",
        "geoname_id": 899379
      }
    },
    {
      "type": "Feature",
      "geometry": {
        "type": "Point",
        "coordinates": [
          23.33333,
          -13.23333
        ]
      },
      "properties": {
        "name": "Samahamba",
        "country": "Zambia",
        "region": "North-Western",
        "elevation_m": null,
        "population": 0,
        "feature_type": "populated place",
        "geoname_id": 899380
      }
    },
    {
      "type": "Feature",
      "geometry": {
        "type": "Point",
        "coordinates": [
          24.9,
          -16.16667
        ]
      },
      "properties": {
        "name": "Samafulo",
        "country": "Zambia",
        "region": "Western Province",
        "elevation_m": null,
        "population": 0,
        "feature_type": "populated place",
        "geoname_id": 899381
      }
    },
    {
      "type": "Feature",
      "geometry": {
        "type": "Point",
        "coordinates": [
          22.01667,
          -13.75
        ]
      },
      "properties": {
        "name": "Samachata",
        "country": "Zambia",
        "region": "Eastern Province",
        "elevation_m": null,
        "population": 0,
        "feature_type": "populated place",
        "geoname_id": 899382
      }
    },
    {
      "type": "Feature",
      "geometry": {
        "type": "Point",
        "coordinates": [
          23.58333,
          -16.63333
        ]
      },
      "properties": {
        "name": "Samabi",
        "country": "Zambia",
        "region": "Western Province",
        "elevation_m": null,
        "population": 0,
        "feature_type": "populated place",
        "geoname_id": 899383
      }
    },
    {
      "type": "Feature",
      "geometry": {
        "type": "Point",
        "coordinates": [
          33.26667,
          -10.1
        ]
      },
      "properties": {
        "name": "Sam",
        "country": "Zambia",
        "region": "Muchinga",
        "elevation_m": null,
        "population": 0,
        "feature_type": "populated place",
        "geoname_id": 899384
      }
    },
    {
      "type": "Feature",
      "geometry": {
        "type": "Point",
        "coordinates": [
          23.86667,
          -14.48333
        ]
      },
      "properties": {
        "name": "Salwimba",
        "country": "Zambia",
        "region": "Western Province",
        "elevation_m": null,
        "population": 0,
        "feature_type": "populated place",
        "geoname_id": 899385
      }
    },
    {
      "type": "Feature",
      "geometry": {
        "type": "Point",
        "coordinates": [
          23.88333,
          -13.63333
        ]
      },
      "properties": {
        "name": "Salwemba",
        "country": "Zambia",
        "region": "North-Western",
        "elevation_m": null,
        "population": 0,
        "feature_type": "populated place",
        "geoname_id": 899386
      }
    },
    {
      "type": "Feature",
      "geometry": {
        "type": "Point",
        "coordinates": [
          23.58333,
          -14.46667
        ]
      },
      "properties": {
        "name": "Salundu",
        "country": "Zambia",
        "region": "Western Province",
        "elevation_m": null,
        "population": 0,
        "feature_type": "populated place",
        "geoname_id": 899388
      }
    },
    {
      "type": "Feature",
      "geometry": {
        "type": "Point",
        "coordinates": [
          24.96395,
          -16.93585
        ]
      },
      "properties": {
        "name": "Salumbwe",
        "country": "Zambia",
        "region": "Western Province",
        "elevation_m": null,
        "population": 0,
        "feature_type": "populated place",
        "geoname_id": 899391
      }
    },
    {
      "type": "Feature",
      "geometry": {
        "type": "Point",
        "coordinates": [
          22.63333,
          -15.3
        ]
      },
      "properties": {
        "name": "Salumayi",
        "country": "Zambia",
        "region": "Western Province",
        "elevation_m": null,
        "population": 0,
        "feature_type": "populated place",
        "geoname_id": 899392
      }
    },
    {
      "type": "Feature",
      "geometry": {
        "type": "Point",
        "coordinates": [
          23.05,
          -13.18333
        ]
      },
      "properties": {
        "name": "Salumai",
        "country": "Zambia",
        "region": "North-Western",
        "elevation_m": null,
        "population": 0,
        "feature_type": "populated place",
        "geoname_id": 899393
      }
    },
    {
      "type": "Feature",
      "geometry": {
        "type": "Point",
        "coordinates": [
          23.71667,
          -15.95
        ]
      },
      "properties": {
        "name": "Salukokisa",
        "country": "Zambia",
        "region": "Western Province",
        "elevation_m": null,
        "population": 0,
        "feature_type": "populated place",
        "geoname_id": 899395
      }
    },
    {
      "type": "Feature",
      "geometry": {
        "type": "Point",
        "coordinates": [
          24.12364,
          -10.96655
        ]
      },
      "properties": {
        "name": "Salujinga",
        "country": "Zambia",
        "region": "North-Western",
        "elevation_m": null,
        "population": 0,
        "feature_type": "populated place",
        "geoname_id": 899396
      }
    },
    {
      "type": "Feature",
      "geometry": {
        "type": "Point",
        "coordinates": [
          24.6,
          -16.28333
        ]
      },
      "properties": {
        "name": "Salubono",
        "country": "Zambia",
        "region": "Western Province",
        "elevation_m": null,
        "population": 0,
        "feature_type": "populated place",
        "geoname_id": 899397
      }
    },
    {
      "type": "Feature",
      "geometry": {
        "type": "Point",
        "coordinates": [
          27.63333,
          -16.03333
        ]
      },
      "properties": {
        "name": "Salubala",
        "country": "Zambia",
        "region": "Southern Province",
        "elevation_m": null,
        "population": 0,
        "feature_type": "populated place",
        "geoname_id": 899398
      }
    },
    {
      "type": "Feature",
      "geometry": {
        "type": "Point",
        "coordinates": [
          23.6,
          -14.45
        ]
      },
      "properties": {
        "name": "Salonga",
        "country": "Zambia",
        "region": "Western Province",
        "elevation_m": null,
        "population": 0,
        "feature_type": "populated place",
        "geoname_id": 899399
      }
    },
    {
      "type": "Feature",
      "geometry": {
        "type": "Point",
        "coordinates": [
          23.2,
          -14.08333
        ]
      },
      "properties": {
        "name": "Salonga",
        "country": "Zambia",
        "region": "Western Province",
        "elevation_m": null,
        "population": 0,
        "feature_type": "populated place",
        "geoname_id": 899400
      }
    },
    {
      "type": "Feature",
      "geometry": {
        "type": "Point",
        "coordinates": [
          23.88333,
          -14.76667
        ]
      },
      "properties": {
        "name": "Saliyungela",
        "country": "Zambia",
        "region": "Western Province",
        "elevation_m": null,
        "population": 0,
        "feature_type": "populated place",
        "geoname_id": 899402
      }
    },
    {
      "type": "Feature",
      "geometry": {
        "type": "Point",
        "coordinates": [
          23.83333,
          -14.8
        ]
      },
      "properties": {
        "name": "Saliuma",
        "country": "Zambia",
        "region": "Western Province",
        "elevation_m": null,
        "population": 0,
        "feature_type": "populated place",
        "geoname_id": 899403
      }
    },
    {
      "type": "Feature",
      "geometry": {
        "type": "Point",
        "coordinates": [
          23.98333,
          -14.48333
        ]
      },
      "properties": {
        "name": "Salinoka",
        "country": "Zambia",
        "region": "Western Province",
        "elevation_m": null,
        "population": 0,
        "feature_type": "populated place",
        "geoname_id": 899404
      }
    },
    {
      "type": "Feature",
      "geometry": {
        "type": "Point",
        "coordinates": [
          24.76667,
          -15.63333
        ]
      },
      "properties": {
        "name": "Salingoi",
        "country": "Zambia",
        "region": "Western Province",
        "elevation_m": null,
        "population": 0,
        "feature_type": "populated place",
        "geoname_id": 899405
      }
    },
    {
      "type": "Feature",
      "geometry": {
        "type": "Point",
        "coordinates": [
          32.11667,
          -12.61667
        ]
      },
      "properties": {
        "name": "Salimu",
        "country": "Zambia",
        "region": "Eastern Province",
        "elevation_m": null,
        "population": 0,
        "feature_type": "populated place",
        "geoname_id": 899406
      }
    },
    {
      "type": "Feature",
      "geometry": {
        "type": "Point",
        "coordinates": [
          24.93333,
          -15.66667
        ]
      },
      "properties": {
        "name": "Salimbunda",
        "country": "Zambia",
        "region": "Western Province",
        "elevation_m": null,
        "population": 0,
        "feature_type": "populated place",
        "geoname_id": 899407
      }
    },
    {
      "type": "Feature",
      "geometry": {
        "type": "Point",
        "coordinates": [
          23.6,
          -15.66667
        ]
      },
      "properties": {
        "name": "Salimbunda",
        "country": "Zambia",
        "region": "Western Province",
        "elevation_m": null,
        "population": 0,
        "feature_type": "populated place",
        "geoname_id": 899408
      }
    },
    {
      "type": "Feature",
      "geometry": {
        "type": "Point",
        "coordinates": [
          31.86667,
          -13.11667
        ]
      },
      "properties": {
        "name": "Salima",
        "country": "Zambia",
        "region": "Eastern Province",
        "elevation_m": null,
        "population": 0,
        "feature_type": "populated place",
        "geoname_id": 899409
      }
    },
    {
      "type": "Feature",
      "geometry": {
        "type": "Point",
        "coordinates": [
          30.68494,
          -12.96223
        ]
      },
      "properties": {
        "name": "Salili Kapika",
        "country": "Zambia",
        "region": "Central Province",
        "elevation_m": null,
        "population": 0,
        "feature_type": "populated place",
        "geoname_id": 899410
      }
    },
    {
      "type": "Feature",
      "geometry": {
        "type": "Point",
        "coordinates": [
          24.83333,
          -15.53333
        ]
      },
      "properties": {
        "name": "Salikumbi",
        "country": "Zambia",
        "region": "Western Province",
        "elevation_m": null,
        "population": 0,
        "feature_type": "populated place",
        "geoname_id": 899412
      }
    },
    {
      "type": "Feature",
      "geometry": {
        "type": "Point",
        "coordinates": [
          24.45,
          -13.95
        ]
      },
      "properties": {
        "name": "Salikula",
        "country": "Zambia",
        "region": "Western Province",
        "elevation_m": null,
        "population": 0,
        "feature_type": "populated place",
        "geoname_id": 899413
      }
    },
    {
      "type": "Feature",
      "geometry": {
        "type": "Point",
        "coordinates": [
          23.65,
          -13.9
        ]
      },
      "properties": {
        "name": "Salikishi",
        "country": "Zambia",
        "region": "North-Western",
        "elevation_m": null,
        "population": 0,
        "feature_type": "populated place",
        "geoname_id": 899414
      }
    },
    {
      "type": "Feature",
      "geometry": {
        "type": "Point",
        "coordinates": [
          22.35,
          -13.06667
        ]
      },
      "properties": {
        "name": "Salikishi",
        "country": "Zambia",
        "region": "North-Western",
        "elevation_m": null,
        "population": 0,
        "feature_type": "populated place",
        "geoname_id": 899415
      }
    },
    {
      "type": "Feature",
      "geometry": {
        "type": "Point",
        "coordinates": [
          23.06667,
          -15.4
        ]
      },
      "properties": {
        "name": "Salikaya",
        "country": "Zambia",
        "region": "Western Province",
        "elevation_m": null,
        "population": 0,
        "feature_type": "populated place",
        "geoname_id": 899416
      }
    },
    {
      "type": "Feature",
      "geometry": {
        "type": "Point",
        "coordinates": [
          23.51667,
          -13.46667
        ]
      },
      "properties": {
        "name": "Salijila",
        "country": "Zambia",
        "region": "North-Western",
        "elevation_m": null,
        "population": 0,
        "feature_type": "populated place",
        "geoname_id": 899417
      }
    },
    {
      "type": "Feature",
      "geometry": {
        "type": "Point",
        "coordinates": [
          23,
          -14.16667
        ]
      },
      "properties": {
        "name": "Salihongo",
        "country": "Zambia",
        "region": "Western Province",
        "elevation_m": null,
        "population": 0,
        "feature_type": "populated place",
        "geoname_id": 899418
      }
    },
    {
      "type": "Feature",
      "geometry": {
        "type": "Point",
        "coordinates": [
          22.93333,
          -13.96667
        ]
      },
      "properties": {
        "name": "Salihongo",
        "country": "Zambia",
        "region": "Western Province",
        "elevation_m": null,
        "population": 0,
        "feature_type": "populated place",
        "geoname_id": 899419
      }
    },
    {
      "type": "Feature",
      "geometry": {
        "type": "Point",
        "coordinates": [
          23.25,
          -14.35
        ]
      },
      "properties": {
        "name": "Salidunda",
        "country": "Zambia",
        "region": "Western Province",
        "elevation_m": null,
        "population": 0,
        "feature_type": "populated place",
        "geoname_id": 899420
      }
    },
    {
      "type": "Feature",
      "geometry": {
        "type": "Point",
        "coordinates": [
          27.66667,
          -12.35
        ]
      },
      "properties": {
        "name": "Saleni",
        "country": "Zambia",
        "region": "Copperbelt",
        "elevation_m": null,
        "population": 0,
        "feature_type": "populated place",
        "geoname_id": 899421
      }
    },
    {
      "type": "Feature",
      "geometry": {
        "type": "Point",
        "coordinates": [
          30.70167,
          -12.88115
        ]
      },
      "properties": {
        "name": "Salati Chikombe",
        "country": "Zambia",
        "region": "Central Province",
        "elevation_m": null,
        "population": 0,
        "feature_type": "populated place",
        "geoname_id": 899422
      }
    },
    {
      "type": "Feature",
      "geometry": {
        "type": "Point",
        "coordinates": [
          32.4,
          -13.56667
        ]
      },
      "properties": {
        "name": "Salanje",
        "country": "Zambia",
        "region": "Eastern Province",
        "elevation_m": null,
        "population": 0,
        "feature_type": "populated place",
        "geoname_id": 899425
      }
    },
    {
      "type": "Feature",
      "geometry": {
        "type": "Point",
        "coordinates": [
          30.51563,
          -12.98915
        ]
      },
      "properties": {
        "name": "Salamu Katikulula",
        "country": "Zambia",
        "region": "Central Province",
        "elevation_m": null,
        "population": 0,
        "feature_type": "populated place",
        "geoname_id": 899428
      }
    },
    {
      "type": "Feature",
      "geometry": {
        "type": "Point",
        "coordinates": [
          28.12572,
          -16.48809
        ]
      },
      "properties": {
        "name": "Salamuka",
        "country": "Zambia",
        "region": "Southern Province",
        "elevation_m": null,
        "population": 0,
        "feature_type": "populated place",
        "geoname_id": 899429
      }
    },
    {
      "type": "Feature",
      "geometry": {
        "type": "Point",
        "coordinates": [
          22.55,
          -15.01667
        ]
      },
      "properties": {
        "name": "Salalo",
        "country": "Zambia",
        "region": "Western Province",
        "elevation_m": null,
        "population": 0,
        "feature_type": "populated place",
        "geoname_id": 899430
      }
    },
    {
      "type": "Feature",
      "geometry": {
        "type": "Point",
        "coordinates": [
          30.82165,
          -13.05634
        ]
      },
      "properties": {
        "name": "Sala Kunda",
        "country": "Zambia",
        "region": "Central Province",
        "elevation_m": null,
        "population": 0,
        "feature_type": "populated place",
        "geoname_id": 899432
      }
    },
    {
      "type": "Feature",
      "geometry": {
        "type": "Point",
        "coordinates": [
          24.28333,
          -11.23333
        ]
      },
      "properties": {
        "name": "Sakuyema",
        "country": "Zambia",
        "region": "North-Western",
        "elevation_m": null,
        "population": 0,
        "feature_type": "populated place",
        "geoname_id": 899440
      }
    },
    {
      "type": "Feature",
      "geometry": {
        "type": "Point",
        "coordinates": [
          23.18333,
          -15.86667
        ]
      },
      "properties": {
        "name": "Sakuya",
        "country": "Zambia",
        "region": "Western Province",
        "elevation_m": null,
        "population": 0,
        "feature_type": "populated place",
        "geoname_id": 899441
      }
    },
    {
      "type": "Feature",
      "geometry": {
        "type": "Point",
        "coordinates": [
          24.78333,
          -15.53333
        ]
      },
      "properties": {
        "name": "Sakutunga",
        "country": "Zambia",
        "region": "Western Province",
        "elevation_m": null,
        "population": 0,
        "feature_type": "populated place",
        "geoname_id": 899442
      }
    },
    {
      "type": "Feature",
      "geometry": {
        "type": "Point",
        "coordinates": [
          22.43333,
          -13.46667
        ]
      },
      "properties": {
        "name": "Sakutoha",
        "country": "Zambia",
        "region": "North-Western",
        "elevation_m": null,
        "population": 0,
        "feature_type": "populated place",
        "geoname_id": 899443
      }
    },
    {
      "type": "Feature",
      "geometry": {
        "type": "Point",
        "coordinates": [
          24.45,
          -15.06667
        ]
      },
      "properties": {
        "name": "Sakutalika",
        "country": "Zambia",
        "region": "Western Province",
        "elevation_m": null,
        "population": 0,
        "feature_type": "populated place",
        "geoname_id": 899444
      }
    },
    {
      "type": "Feature",
      "geometry": {
        "type": "Point",
        "coordinates": [
          23.26667,
          -14.11667
        ]
      },
      "properties": {
        "name": "Sakutalika",
        "country": "Zambia",
        "region": "North-Western",
        "elevation_m": null,
        "population": 0,
        "feature_type": "populated place",
        "geoname_id": 899445
      }
    },
    {
      "type": "Feature",
      "geometry": {
        "type": "Point",
        "coordinates": [
          22.76667,
          -13.65
        ]
      },
      "properties": {
        "name": "Sakutalika",
        "country": "Zambia",
        "region": "North-Western",
        "elevation_m": null,
        "population": 0,
        "feature_type": "populated place",
        "geoname_id": 899446
      }
    },
    {
      "type": "Feature",
      "geometry": {
        "type": "Point",
        "coordinates": [
          23.63333,
          -15.43333
        ]
      },
      "properties": {
        "name": "Sakutafuna",
        "country": "Zambia",
        "region": "Western Province",
        "elevation_m": null,
        "population": 0,
        "feature_type": "populated place",
        "geoname_id": 899447
      }
    },
    {
      "type": "Feature",
      "geometry": {
        "type": "Point",
        "coordinates": [
          24.33333,
          -14.61667
        ]
      },
      "properties": {
        "name": "Sakundula",
        "country": "Zambia",
        "region": "Western Province",
        "elevation_m": null,
        "population": 0,
        "feature_type": "populated place",
        "geoname_id": 899448
      }
    },
    {
      "type": "Feature",
      "geometry": {
        "type": "Point",
        "coordinates": [
          23.6,
          -15.65
        ]
      },
      "properties": {
        "name": "Sakumbe",
        "country": "Zambia",
        "region": "Western Province",
        "elevation_m": null,
        "population": 0,
        "feature_type": "populated place",
        "geoname_id": 899449
      }
    },
    {
      "type": "Feature",
      "geometry": {
        "type": "Point",
        "coordinates": [
          23.25,
          -14.4
        ]
      },
      "properties": {
        "name": "Sakulanda",
        "country": "Zambia",
        "region": "Western Province",
        "elevation_m": null,
        "population": 0,
        "feature_type": "populated place",
        "geoname_id": 899450
      }
    },
    {
      "type": "Feature",
      "geometry": {
        "type": "Point",
        "coordinates": [
          23.03333,
          -14.06667
        ]
      },
      "properties": {
        "name": "Sakuhuka",
        "country": "Zambia",
        "region": "Western Province",
        "elevation_m": null,
        "population": 0,
        "feature_type": "populated place",
        "geoname_id": 899451
      }
    },
    {
      "type": "Feature",
      "geometry": {
        "type": "Point",
        "coordinates": [
          23.2,
          -15.36667
        ]
      },
      "properties": {
        "name": "Sakubita",
        "country": "Zambia",
        "region": "Western Province",
        "elevation_m": null,
        "population": 0,
        "feature_type": "populated place",
        "geoname_id": 899452
      }
    },
    {
      "type": "Feature",
      "geometry": {
        "type": "Point",
        "coordinates": [
          22.8,
          -15.06667
        ]
      },
      "properties": {
        "name": "Sakubita",
        "country": "Zambia",
        "region": "Western Province",
        "elevation_m": null,
        "population": 0,
        "feature_type": "populated place",
        "geoname_id": 899453
      }
    },
    {
      "type": "Feature",
      "geometry": {
        "type": "Point",
        "coordinates": [
          22.61667,
          -14.86667
        ]
      },
      "properties": {
        "name": "Sakubita",
        "country": "Zambia",
        "region": "Western Province",
        "elevation_m": null,
        "population": 0,
        "feature_type": "populated place",
        "geoname_id": 899454
      }
    },
    {
      "type": "Feature",
      "geometry": {
        "type": "Point",
        "coordinates": [
          22.43333,
          -14.8
        ]
      },
      "properties": {
        "name": "Sakubita",
        "country": "Zambia",
        "region": "Western Province",
        "elevation_m": null,
        "population": 0,
        "feature_type": "populated place",
        "geoname_id": 899455
      }
    },
    {
      "type": "Feature",
      "geometry": {
        "type": "Point",
        "coordinates": [
          23.01667,
          -14.63333
        ]
      },
      "properties": {
        "name": "Sakubita",
        "country": "Zambia",
        "region": "Western Province",
        "elevation_m": null,
        "population": 0,
        "feature_type": "populated place",
        "geoname_id": 899456
      }
    },
    {
      "type": "Feature",
      "geometry": {
        "type": "Point",
        "coordinates": [
          27.99306,
          -14.79862
        ]
      },
      "properties": {
        "name": "Sako",
        "country": "Zambia",
        "region": "Central Province",
        "elevation_m": null,
        "population": 0,
        "feature_type": "populated place",
        "geoname_id": 899457
      }
    },
    {
      "type": "Feature",
      "geometry": {
        "type": "Point",
        "coordinates": [
          30.93114,
          -13.23743
        ]
      },
      "properties": {
        "name": "Sakeyo Katandula",
        "country": "Zambia",
        "region": "Central Province",
        "elevation_m": null,
        "population": 0,
        "feature_type": "populated place",
        "geoname_id": 899458
      }
    },
    {
      "type": "Feature",
      "geometry": {
        "type": "Point",
        "coordinates": [
          30.97123,
          -13.03652
        ]
      },
      "properties": {
        "name": "Sakeni Chisaka",
        "country": "Zambia",
        "region": "Central Province",
        "elevation_m": null,
        "population": 0,
        "feature_type": "populated place",
        "geoname_id": 899459
      }
    },
    {
      "type": "Feature",
      "geometry": {
        "type": "Point",
        "coordinates": [
          30.50725,
          -12.80517
        ]
      },
      "properties": {
        "name": "Sakeni Chipe",
        "country": "Zambia",
        "region": "Central Province",
        "elevation_m": null,
        "population": 0,
        "feature_type": "populated place",
        "geoname_id": 899460
      }
    },
    {
      "type": "Feature",
      "geometry": {
        "type": "Point",
        "coordinates": [
          24.81667,
          -14.65
        ]
      },
      "properties": {
        "name": "Sakazungula",
        "country": "Zambia",
        "region": "Western Province",
        "elevation_m": null,
        "population": 0,
        "feature_type": "populated place",
        "geoname_id": 899464
      }
    },
    {
      "type": "Feature",
      "geometry": {
        "type": "Point",
        "coordinates": [
          22.96667,
          -13.26667
        ]
      },
      "properties": {
        "name": "Sakazau",
        "country": "Zambia",
        "region": "North-Western",
        "elevation_m": null,
        "population": 0,
        "feature_type": "populated place",
        "geoname_id": 899465
      }
    },
    {
      "type": "Feature",
      "geometry": {
        "type": "Point",
        "coordinates": [
          23,
          -15.78333
        ]
      },
      "properties": {
        "name": "Sakayunga",
        "country": "Zambia",
        "region": "Western Province",
        "elevation_m": null,
        "population": 0,
        "feature_type": "populated place",
        "geoname_id": 899466
      }
    },
    {
      "type": "Feature",
      "geometry": {
        "type": "Point",
        "coordinates": [
          24.5,
          -15.1
        ]
      },
      "properties": {
        "name": "Sakayombo",
        "country": "Zambia",
        "region": "Western Province",
        "elevation_m": null,
        "population": 0,
        "feature_type": "populated place",
        "geoname_id": 899467
      }
    },
    {
      "type": "Feature",
      "geometry": {
        "type": "Point",
        "coordinates": [
          22.01667,
          -13.48333
        ]
      },
      "properties": {
        "name": "Sakayelu",
        "country": "Zambia",
        "region": "North-Western",
        "elevation_m": null,
        "population": 0,
        "feature_type": "populated place",
        "geoname_id": 899468
      }
    },
    {
      "type": "Feature",
      "geometry": {
        "type": "Point",
        "coordinates": [
          22.31667,
          -13.58333
        ]
      },
      "properties": {
        "name": "Sakawewe",
        "country": "Zambia",
        "region": "North-Western",
        "elevation_m": null,
        "population": 0,
        "feature_type": "populated place",
        "geoname_id": 899469
      }
    },
    {
      "type": "Feature",
      "geometry": {
        "type": "Point",
        "coordinates": [
          23.05,
          -14.18333
        ]
      },
      "properties": {
        "name": "Sakavui",
        "country": "Zambia",
        "region": "Western Province",
        "elevation_m": null,
        "population": 0,
        "feature_type": "populated place",
        "geoname_id": 899470
      }
    },
    {
      "type": "Feature",
      "geometry": {
        "type": "Point",
        "coordinates": [
          22.6,
          -13.98333
        ]
      },
      "properties": {
        "name": "Sakavui",
        "country": "Zambia",
        "region": "Western Province",
        "elevation_m": null,
        "population": 0,
        "feature_type": "populated place",
        "geoname_id": 899471
      }
    },
    {
      "type": "Feature",
      "geometry": {
        "type": "Point",
        "coordinates": [
          23.08333,
          -13.38333
        ]
      },
      "properties": {
        "name": "Sakaumbu",
        "country": "Zambia",
        "region": "North-Western",
        "elevation_m": null,
        "population": 0,
        "feature_type": "populated place",
        "geoname_id": 899472
      }
    },
    {
      "type": "Feature",
      "geometry": {
        "type": "Point",
        "coordinates": [
          24.23333,
          -16.18333
        ]
      },
      "properties": {
        "name": "Sakatwiti",
        "country": "Zambia",
        "region": "Western Province",
        "elevation_m": null,
        "population": 0,
        "feature_type": "populated place",
        "geoname_id": 899473
      }
    },
    {
      "type": "Feature",
      "geometry": {
        "type": "Point",
        "coordinates": [
          23.4,
          -14.2
        ]
      },
      "properties": {
        "name": "Sakatwanda",
        "country": "Zambia",
        "region": "Western Province",
        "elevation_m": null,
        "population": 0,
        "feature_type": "populated place",
        "geoname_id": 899474
      }
    },
    {
      "type": "Feature",
      "geometry": {
        "type": "Point",
        "coordinates": [
          24.18052,
          -11.1909
        ]
      },
      "properties": {
        "name": "Sakatwalu",
        "country": "Zambia",
        "region": "North-Western",
        "elevation_m": null,
        "population": 0,
        "feature_type": "populated place",
        "geoname_id": 899475
      }
    },
    {
      "type": "Feature",
      "geometry": {
        "type": "Point",
        "coordinates": [
          23.88692,
          -13.37128
        ]
      },
      "properties": {
        "name": "Sakatwala",
        "country": "Zambia",
        "region": "North-Western",
        "elevation_m": null,
        "population": 0,
        "feature_type": "populated place",
        "geoname_id": 899476
      }
    },
    {
      "type": "Feature",
      "geometry": {
        "type": "Point",
        "coordinates": [
          24.8,
          -16.58333
        ]
      },
      "properties": {
        "name": "Sakatolo",
        "country": "Zambia",
        "region": "Western Province",
        "elevation_m": null,
        "population": 0,
        "feature_type": "populated place",
        "geoname_id": 899478
      }
    },
    {
      "type": "Feature",
      "geometry": {
        "type": "Point",
        "coordinates": [
          23.08333,
          -13.76667
        ]
      },
      "properties": {
        "name": "Sakatengo",
        "country": "Zambia",
        "region": "North-Western",
        "elevation_m": null,
        "population": 0,
        "feature_type": "populated place",
        "geoname_id": 899480
      }
    },
    {
      "type": "Feature",
      "geometry": {
        "type": "Point",
        "coordinates": [
          22.03333,
          -13.75
        ]
      },
      "properties": {
        "name": "Sakatengo",
        "country": "Zambia",
        "region": "Western Province",
        "elevation_m": null,
        "population": 0,
        "feature_type": "populated place",
        "geoname_id": 899481
      }
    },
    {
      "type": "Feature",
      "geometry": {
        "type": "Point",
        "coordinates": [
          23.03333,
          -13.6
        ]
      },
      "properties": {
        "name": "Sakatengo",
        "country": "Zambia",
        "region": "North-Western",
        "elevation_m": null,
        "population": 0,
        "feature_type": "populated place",
        "geoname_id": 899482
      }
    },
    {
      "type": "Feature",
      "geometry": {
        "type": "Point",
        "coordinates": [
          24.15,
          -11.23333
        ]
      },
      "properties": {
        "name": "Sakatenga",
        "country": "Zambia",
        "region": "North-Western",
        "elevation_m": null,
        "population": 0,
        "feature_type": "populated place",
        "geoname_id": 899483
      }
    },
    {
      "type": "Feature",
      "geometry": {
        "type": "Point",
        "coordinates": [
          23.68333,
          -15.76667
        ]
      },
      "properties": {
        "name": "Sakataka",
        "country": "Zambia",
        "region": "Western Province",
        "elevation_m": null,
        "population": 0,
        "feature_type": "populated place",
        "geoname_id": 899484
      }
    },
    {
      "type": "Feature",
      "geometry": {
        "type": "Point",
        "coordinates": [
          23.05,
          -14.28333
        ]
      },
      "properties": {
        "name": "Sakasumbi",
        "country": "Zambia",
        "region": "Western Province",
        "elevation_m": null,
        "population": 0,
        "feature_type": "populated place",
        "geoname_id": 899486
      }
    },
    {
      "type": "Feature",
      "geometry": {
        "type": "Point",
        "coordinates": [
          23.05,
          -13.85
        ]
      },
      "properties": {
        "name": "Sakasoma",
        "country": "Zambia",
        "region": "North-Western",
        "elevation_m": null,
        "population": 0,
        "feature_type": "populated place",
        "geoname_id": 899487
      }
    },
    {
      "type": "Feature",
      "geometry": {
        "type": "Point",
        "coordinates": [
          24.23333,
          -16.18333
        ]
      },
      "properties": {
        "name": "Sakapuchi",
        "country": "Zambia",
        "region": "Western Province",
        "elevation_m": null,
        "population": 0,
        "feature_type": "populated place",
        "geoname_id": 899489
      }
    },
    {
      "type": "Feature",
      "geometry": {
        "type": "Point",
        "coordinates": [
          22.58333,
          -13.68333
        ]
      },
      "properties": {
        "name": "Sakapicha",
        "country": "Zambia",
        "region": "North-Western",
        "elevation_m": null,
        "population": 0,
        "feature_type": "populated place",
        "geoname_id": 899490
      }
    },
    {
      "type": "Feature",
      "geometry": {
        "type": "Point",
        "coordinates": [
          23.28333,
          -14.21667
        ]
      },
      "properties": {
        "name": "Sakapeka",
        "country": "Zambia",
        "region": "Western Province",
        "elevation_m": null,
        "population": 0,
        "feature_type": "populated place",
        "geoname_id": 899491
      }
    },
    {
      "type": "Feature",
      "geometry": {
        "type": "Point",
        "coordinates": [
          23.43333,
          -15.85
        ]
      },
      "properties": {
        "name": "Sakapasu",
        "country": "Zambia",
        "region": "Western Province",
        "elevation_m": null,
        "population": 0,
        "feature_type": "populated place",
        "geoname_id": 899492
      }
    },
    {
      "type": "Feature",
      "geometry": {
        "type": "Point",
        "coordinates": [
          23.23333,
          -14.33333
        ]
      },
      "properties": {
        "name": "Sakapanga",
        "country": "Zambia",
        "region": "Western Province",
        "elevation_m": null,
        "population": 0,
        "feature_type": "populated place",
        "geoname_id": 899493
      }
    },
    {
      "type": "Feature",
      "geometry": {
        "type": "Point",
        "coordinates": [
          23.2,
          -13.03333
        ]
      },
      "properties": {
        "name": "Sakapalu",
        "country": "Zambia",
        "region": "North-Western",
        "elevation_m": null,
        "population": 0,
        "feature_type": "populated place",
        "geoname_id": 899494
      }
    },
    {
      "type": "Feature",
      "geometry": {
        "type": "Point",
        "coordinates": [
          24.45,
          -13.95
        ]
      },
      "properties": {
        "name": "Sakapalo",
        "country": "Zambia",
        "region": "Western Province",
        "elevation_m": null,
        "population": 0,
        "feature_type": "populated place",
        "geoname_id": 899495
      }
    },
    {
      "type": "Feature",
      "geometry": {
        "type": "Point",
        "coordinates": [
          24.43333,
          -14.81667
        ]
      },
      "properties": {
        "name": "Sakanyawa",
        "country": "Zambia",
        "region": "Western Province",
        "elevation_m": null,
        "population": 0,
        "feature_type": "populated place",
        "geoname_id": 899496
      }
    },
    {
      "type": "Feature",
      "geometry": {
        "type": "Point",
        "coordinates": [
          25.16699,
          -16.97867
        ]
      },
      "properties": {
        "name": "Sakanoto",
        "country": "Zambia",
        "region": "Western Province",
        "elevation_m": null,
        "population": 0,
        "feature_type": "populated place",
        "geoname_id": 899497
      }
    },
    {
      "type": "Feature",
      "geometry": {
        "type": "Point",
        "coordinates": [
          23.16667,
          -15.05
        ]
      },
      "properties": {
        "name": "Sakanga",
        "country": "Zambia",
        "region": "Western Province",
        "elevation_m": null,
        "population": 0,
        "feature_type": "populated place",
        "geoname_id": 899498
      }
    },
    {
      "type": "Feature",
      "geometry": {
        "type": "Point",
        "coordinates": [
          24.51667,
          -12.56667
        ]
      },
      "properties": {
        "name": "Sakamwamba",
        "country": "Zambia",
        "region": "North-Western",
        "elevation_m": null,
        "population": 0,
        "feature_type": "populated place",
        "geoname_id": 899500
      }
    },
    {
      "type": "Feature",
      "geometry": {
        "type": "Point",
        "coordinates": [
          23.3,
          -14.23333
        ]
      },
      "properties": {
        "name": "Sakamuseke",
        "country": "Zambia",
        "region": "Western Province",
        "elevation_m": null,
        "population": 0,
        "feature_type": "populated place",
        "geoname_id": 899501
      }
    },
    {
      "type": "Feature",
      "geometry": {
        "type": "Point",
        "coordinates": [
          23.25,
          -14.28333
        ]
      },
      "properties": {
        "name": "Sakamizhi",
        "country": "Zambia",
        "region": "Western Province",
        "elevation_m": null,
        "population": 0,
        "feature_type": "populated place",
        "geoname_id": 899502
      }
    },
    {
      "type": "Feature",
      "geometry": {
        "type": "Point",
        "coordinates": [
          22.68333,
          -13.1
        ]
      },
      "properties": {
        "name": "Sakamiji",
        "country": "Zambia",
        "region": "North-Western",
        "elevation_m": null,
        "population": 0,
        "feature_type": "populated place",
        "geoname_id": 899503
      }
    },
    {
      "type": "Feature",
      "geometry": {
        "type": "Point",
        "coordinates": [
          23.91667,
          -14.46667
        ]
      },
      "properties": {
        "name": "Sakambanja",
        "country": "Zambia",
        "region": "Western Province",
        "elevation_m": null,
        "population": 0,
        "feature_type": "populated place",
        "geoname_id": 899504
      }
    },
    {
      "type": "Feature",
      "geometry": {
        "type": "Point",
        "coordinates": [
          23.08333,
          -14.18333
        ]
      },
      "properties": {
        "name": "Sakambanja",
        "country": "Zambia",
        "region": "Western Province",
        "elevation_m": null,
        "population": 0,
        "feature_type": "populated place",
        "geoname_id": 899505
      }
    },
    {
      "type": "Feature",
      "geometry": {
        "type": "Point",
        "coordinates": [
          23.05,
          -13.38333
        ]
      },
      "properties": {
        "name": "Sakambanja",
        "country": "Zambia",
        "region": "North-Western",
        "elevation_m": null,
        "population": 0,
        "feature_type": "populated place",
        "geoname_id": 899506
      }
    },
    {
      "type": "Feature",
      "geometry": {
        "type": "Point",
        "coordinates": [
          29.54753,
          -11.8796
        ]
      },
      "properties": {
        "name": "Sakamba",
        "country": "Zambia",
        "region": "Luapula Province",
        "elevation_m": null,
        "population": 0,
        "feature_type": "populated place",
        "geoname_id": 899507
      }
    },
    {
      "type": "Feature",
      "geometry": {
        "type": "Point",
        "coordinates": [
          24.85,
          -16.26667
        ]
      },
      "properties": {
        "name": "Sakamata",
        "country": "Zambia",
        "region": "Western Province",
        "elevation_m": null,
        "population": 0,
        "feature_type": "populated place",
        "geoname_id": 899508
      }
    },
    {
      "type": "Feature",
      "geometry": {
        "type": "Point",
        "coordinates": [
          22.55,
          -14.26667
        ]
      },
      "properties": {
        "name": "Sakalunde",
        "country": "Zambia",
        "region": "Western Province",
        "elevation_m": null,
        "population": 0,
        "feature_type": "populated place",
        "geoname_id": 899511
      }
    },
    {
      "type": "Feature",
      "geometry": {
        "type": "Point",
        "coordinates": [
          23.5,
          -14.16667
        ]
      },
      "properties": {
        "name": "Sakalunda",
        "country": "Zambia",
        "region": "Western Province",
        "elevation_m": null,
        "population": 0,
        "feature_type": "populated place",
        "geoname_id": 899512
      }
    },
    {
      "type": "Feature",
      "geometry": {
        "type": "Point",
        "coordinates": [
          22.7469,
          -13.5216
        ]
      },
      "properties": {
        "name": "Sakalunda",
        "country": "Zambia",
        "region": "North-Western",
        "elevation_m": null,
        "population": 0,
        "feature_type": "populated place",
        "geoname_id": 899513
      }
    },
    {
      "type": "Feature",
      "geometry": {
        "type": "Point",
        "coordinates": [
          23.75,
          -15.55
        ]
      },
      "properties": {
        "name": "Sakaluma",
        "country": "Zambia",
        "region": "Western Province",
        "elevation_m": null,
        "population": 0,
        "feature_type": "populated place",
        "geoname_id": 899514
      }
    },
    {
      "type": "Feature",
      "geometry": {
        "type": "Point",
        "coordinates": [
          23.61667,
          -15.51667
        ]
      },
      "properties": {
        "name": "Sakaleshi",
        "country": "Zambia",
        "region": "Western Province",
        "elevation_m": null,
        "population": 0,
        "feature_type": "populated place",
        "geoname_id": 899515
      }
    },
    {
      "type": "Feature",
      "geometry": {
        "type": "Point",
        "coordinates": [
          24.20844,
          -16.28498
        ]
      },
      "properties": {
        "name": "Sakakuwa",
        "country": "Zambia",
        "region": "Western Province",
        "elevation_m": null,
        "population": 0,
        "feature_type": "populated place",
        "geoname_id": 899518
      }
    },
    {
      "type": "Feature",
      "geometry": {
        "type": "Point",
        "coordinates": [
          22.61667,
          -15.06667
        ]
      },
      "properties": {
        "name": "Sakakunu",
        "country": "Zambia",
        "region": "Western Province",
        "elevation_m": null,
        "population": 0,
        "feature_type": "populated place",
        "geoname_id": 899519
      }
    },
    {
      "type": "Feature",
      "geometry": {
        "type": "Point",
        "coordinates": [
          24.06893,
          -13.04747
        ]
      },
      "properties": {
        "name": "Sakakonga",
        "country": "Zambia",
        "region": "North-Western",
        "elevation_m": null,
        "population": 0,
        "feature_type": "populated place",
        "geoname_id": 899520
      }
    },
    {
      "type": "Feature",
      "geometry": {
        "type": "Point",
        "coordinates": [
          22.61667,
          -13.78333
        ]
      },
      "properties": {
        "name": "Sakakoma",
        "country": "Zambia",
        "region": "North-Western",
        "elevation_m": null,
        "population": 0,
        "feature_type": "populated place",
        "geoname_id": 899521
      }
    },
    {
      "type": "Feature",
      "geometry": {
        "type": "Point",
        "coordinates": [
          22.98333,
          -13.91667
        ]
      },
      "properties": {
        "name": "Sakahia",
        "country": "Zambia",
        "region": "North-Western",
        "elevation_m": null,
        "population": 0,
        "feature_type": "populated place",
        "geoname_id": 899523
      }
    },
    {
      "type": "Feature",
      "geometry": {
        "type": "Point",
        "coordinates": [
          23.23333,
          -13.85
        ]
      },
      "properties": {
        "name": "Sakahande",
        "country": "Zambia",
        "region": "North-Western",
        "elevation_m": null,
        "population": 0,
        "feature_type": "populated place",
        "geoname_id": 899524
      }
    },
    {
      "type": "Feature",
      "geometry": {
        "type": "Point",
        "coordinates": [
          24.28333,
          -14.55
        ]
      },
      "properties": {
        "name": "Sakafwapu",
        "country": "Zambia",
        "region": "Western Province",
        "elevation_m": null,
        "population": 0,
        "feature_type": "populated place",
        "geoname_id": 899525
      }
    },
    {
      "type": "Feature",
      "geometry": {
        "type": "Point",
        "coordinates": [
          32.45,
          -12.28333
        ]
      },
      "properties": {
        "name": "Sakabemba",
        "country": "Zambia",
        "region": "Eastern Province",
        "elevation_m": null,
        "population": 0,
        "feature_type": "populated place",
        "geoname_id": 899526
      }
    },
    {
      "type": "Feature",
      "geometry": {
        "type": "Point",
        "coordinates": [
          28.11667,
          -14.3
        ]
      },
      "properties": {
        "name": "Saka",
        "country": "Zambia",
        "region": "Central Province",
        "elevation_m": null,
        "population": 0,
        "feature_type": "populated place",
        "geoname_id": 899528
      }
    },
    {
      "type": "Feature",
      "geometry": {
        "type": "Point",
        "coordinates": [
          28.5,
          -13.23333
        ]
      },
      "properties": {
        "name": "Saka",
        "country": "Zambia",
        "region": "Copperbelt",
        "elevation_m": null,
        "population": 0,
        "feature_type": "populated place",
        "geoname_id": 899529
      }
    },
    {
      "type": "Feature",
      "geometry": {
        "type": "Point",
        "coordinates": [
          22.33333,
          -13.7
        ]
      },
      "properties": {
        "name": "Sajinga",
        "country": "Zambia",
        "region": "North-Western",
        "elevation_m": null,
        "population": 0,
        "feature_type": "populated place",
        "geoname_id": 899530
      }
    },
    {
      "type": "Feature",
      "geometry": {
        "type": "Point",
        "coordinates": [
          30.80077,
          -14.51976
        ]
      },
      "properties": {
        "name": "Saisi",
        "country": "Zambia",
        "region": "Eastern Province",
        "elevation_m": null,
        "population": 0,
        "feature_type": "populated place",
        "geoname_id": 899531
      }
    },
    {
      "type": "Feature",
      "geometry": {
        "type": "Point",
        "coordinates": [
          30.30393,
          -12.87032
        ]
      },
      "properties": {
        "name": "Saioni Mabuluchi",
        "country": "Zambia",
        "region": "Central Province",
        "elevation_m": null,
        "population": 0,
        "feature_type": "populated place",
        "geoname_id": 899532
      }
    },
    {
      "type": "Feature",
      "geometry": {
        "type": "Point",
        "coordinates": [
          30.39394,
          -12.89
        ]
      },
      "properties": {
        "name": "Saioni Chaia",
        "country": "Zambia",
        "region": "Central Province",
        "elevation_m": null,
        "population": 0,
        "feature_type": "populated place",
        "geoname_id": 899533
      }
    },
    {
      "type": "Feature",
      "geometry": {
        "type": "Point",
        "coordinates": [
          27.36667,
          -12.88333
        ]
      },
      "properties": {
        "name": "Saint Mary’s",
        "country": "Zambia",
        "region": "Copperbelt",
        "elevation_m": null,
        "population": 0,
        "feature_type": "populated place",
        "geoname_id": 899540
      }
    },
    {
      "type": "Feature",
      "geometry": {
        "type": "Point",
        "coordinates": [
          23.15808,
          -15.07231
        ]
      },
      "properties": {
        "name": "Saint Lawrence",
        "country": "Zambia",
        "region": "Western Province",
        "elevation_m": null,
        "population": 0,
        "feature_type": "populated place",
        "geoname_id": 899543
      }
    },
    {
      "type": "Feature",
      "geometry": {
        "type": "Point",
        "coordinates": [
          28.01667,
          -12.9
        ]
      },
      "properties": {
        "name": "Saint Joseph’s",
        "country": "Zambia",
        "region": "Copperbelt",
        "elevation_m": null,
        "population": 0,
        "feature_type": "populated place",
        "geoname_id": 899546
      }
    },
    {
      "type": "Feature",
      "geometry": {
        "type": "Point",
        "coordinates": [
          32.01667,
          -14.06667
        ]
      },
      "properties": {
        "name": "Saint Francis",
        "country": "Zambia",
        "region": "Eastern Province",
        "elevation_m": null,
        "population": 0,
        "feature_type": "populated place",
        "geoname_id": 899552
      }
    },
    {
      "type": "Feature",
      "geometry": {
        "type": "Point",
        "coordinates": [
          26.5,
          -12.48333
        ]
      },
      "properties": {
        "name": "Saint Francis",
        "country": "Zambia",
        "region": "North-Western",
        "elevation_m": null,
        "population": 0,
        "feature_type": "populated place",
        "geoname_id": 899553
      }
    },
    {
      "type": "Feature",
      "geometry": {
        "type": "Point",
        "coordinates": [
          27.93333,
          -13.46667
        ]
      },
      "properties": {
        "name": "Saint Anthony’s",
        "country": "Zambia",
        "region": "Copperbelt",
        "elevation_m": null,
        "population": 0,
        "feature_type": "populated place",
        "geoname_id": 899556
      }
    },
    {
      "type": "Feature",
      "geometry": {
        "type": "Point",
        "coordinates": [
          25,
          -16.25
        ]
      },
      "properties": {
        "name": "Saingwe",
        "country": "Zambia",
        "region": "Western Province",
        "elevation_m": null,
        "population": 0,
        "feature_type": "populated place",
        "geoname_id": 899557
      }
    },
    {
      "type": "Feature",
      "geometry": {
        "type": "Point",
        "coordinates": [
          24.71667,
          -15.4
        ]
      },
      "properties": {
        "name": "Saingwe",
        "country": "Zambia",
        "region": "Western Province",
        "elevation_m": null,
        "population": 0,
        "feature_type": "populated place",
        "geoname_id": 899558
      }
    },
    {
      "type": "Feature",
      "geometry": {
        "type": "Point",
        "coordinates": [
          24.58333,
          -14.85
        ]
      },
      "properties": {
        "name": "Saingwe",
        "country": "Zambia",
        "region": "Western Province",
        "elevation_m": null,
        "population": 0,
        "feature_type": "populated place",
        "geoname_id": 899559
      }
    },
    {
      "type": "Feature",
      "geometry": {
        "type": "Point",
        "coordinates": [
          24.01667,
          -14.45
        ]
      },
      "properties": {
        "name": "Saingwe",
        "country": "Zambia",
        "region": "Western Province",
        "elevation_m": null,
        "population": 0,
        "feature_type": "populated place",
        "geoname_id": 899560
      }
    },
    {
      "type": "Feature",
      "geometry": {
        "type": "Point",
        "coordinates": [
          24.8797,
          -12.04355
        ]
      },
      "properties": {
        "name": "Sailunga",
        "country": "Zambia",
        "region": "North-Western",
        "elevation_m": null,
        "population": 0,
        "feature_type": "populated place",
        "geoname_id": 899561
      }
    },
    {
      "type": "Feature",
      "geometry": {
        "type": "Point",
        "coordinates": [
          31.91678,
          -13.55763
        ]
      },
      "properties": {
        "name": "Saili",
        "country": "Zambia",
        "region": "Eastern Province",
        "elevation_m": null,
        "population": 0,
        "feature_type": "populated place",
        "geoname_id": 899562
      }
    },
    {
      "type": "Feature",
      "geometry": {
        "type": "Point",
        "coordinates": [
          31.05,
          -12.46667
        ]
      },
      "properties": {
        "name": "Saidi Chene",
        "country": "Zambia",
        "region": "Muchinga",
        "elevation_m": null,
        "population": 0,
        "feature_type": "populated place",
        "geoname_id": 899563
      }
    },
    {
      "type": "Feature",
      "geometry": {
        "type": "Point",
        "coordinates": [
          23.2,
          -15.98333
        ]
      },
      "properties": {
        "name": "Saidi",
        "country": "Zambia",
        "region": "Western Province",
        "elevation_m": null,
        "population": 0,
        "feature_type": "populated place",
        "geoname_id": 899564
      }
    },
    {
      "type": "Feature",
      "geometry": {
        "type": "Point",
        "coordinates": [
          23.03333,
          -15.51667
        ]
      },
      "properties": {
        "name": "Saidi",
        "country": "Zambia",
        "region": "Western Province",
        "elevation_m": null,
        "population": 0,
        "feature_type": "populated place",
        "geoname_id": 899565
      }
    },
    {
      "type": "Feature",
      "geometry": {
        "type": "Point",
        "coordinates": [
          32.46667,
          -13.53333
        ]
      },
      "properties": {
        "name": "Saidi",
        "country": "Zambia",
        "region": "Eastern Province",
        "elevation_m": null,
        "population": 0,
        "feature_type": "populated place",
        "geoname_id": 899566
      }
    },
    {
      "type": "Feature",
      "geometry": {
        "type": "Point",
        "coordinates": [
          31.8,
          -13.11667
        ]
      },
      "properties": {
        "name": "Saidi",
        "country": "Zambia",
        "region": "Eastern Province",
        "elevation_m": null,
        "population": 0,
        "feature_type": "populated place",
        "geoname_id": 899567
      }
    },
    {
      "type": "Feature",
      "geometry": {
        "type": "Point",
        "coordinates": [
          32.23333,
          -12.71667
        ]
      },
      "properties": {
        "name": "Saidi",
        "country": "Zambia",
        "region": "Eastern Province",
        "elevation_m": null,
        "population": 0,
        "feature_type": "populated place",
        "geoname_id": 899568
      }
    },
    {
      "type": "Feature",
      "geometry": {
        "type": "Point",
        "coordinates": [
          32.35,
          -12.15
        ]
      },
      "properties": {
        "name": "Saidi",
        "country": "Zambia",
        "region": "Muchinga",
        "elevation_m": null,
        "population": 0,
        "feature_type": "populated place",
        "geoname_id": 899569
      }
    },
    {
      "type": "Feature",
      "geometry": {
        "type": "Point",
        "coordinates": [
          23.63333,
          -15.65
        ]
      },
      "properties": {
        "name": "Safundula",
        "country": "Zambia",
        "region": "Western Province",
        "elevation_m": null,
        "population": 0,
        "feature_type": "populated place",
        "geoname_id": 899572
      }
    },
    {
      "type": "Feature",
      "geometry": {
        "type": "Point",
        "coordinates": [
          23.78333,
          -14.9
        ]
      },
      "properties": {
        "name": "Safukuma",
        "country": "Zambia",
        "region": "Western Province",
        "elevation_m": null,
        "population": 0,
        "feature_type": "populated place",
        "geoname_id": 899573
      }
    },
    {
      "type": "Feature",
      "geometry": {
        "type": "Point",
        "coordinates": [
          31.33333,
          -14.48333
        ]
      },
      "properties": {
        "name": "Saduki",
        "country": "Zambia",
        "region": "Eastern Province",
        "elevation_m": null,
        "population": 0,
        "feature_type": "populated place",
        "geoname_id": 899577
      }
    },
    {
      "type": "Feature",
      "geometry": {
        "type": "Point",
        "coordinates": [
          24.23333,
          -15.15
        ]
      },
      "properties": {
        "name": "Sacitundu",
        "country": "Zambia",
        "region": "Western Province",
        "elevation_m": null,
        "population": 0,
        "feature_type": "populated place",
        "geoname_id": 899579
      }
    },
    {
      "type": "Feature",
      "geometry": {
        "type": "Point",
        "coordinates": [
          24.78333,
          -14.76667
        ]
      },
      "properties": {
        "name": "Sacitumbu",
        "country": "Zambia",
        "region": "Western Province",
        "elevation_m": null,
        "population": 0,
        "feature_type": "populated place",
        "geoname_id": 899580
      }
    },
    {
      "type": "Feature",
      "geometry": {
        "type": "Point",
        "coordinates": [
          24.25,
          -14.56667
        ]
      },
      "properties": {
        "name": "Sacinkubu",
        "country": "Zambia",
        "region": "Western Province",
        "elevation_m": null,
        "population": 0,
        "feature_type": "populated place",
        "geoname_id": 899581
      }
    },
    {
      "type": "Feature",
      "geometry": {
        "type": "Point",
        "coordinates": [
          24.78333,
          -17.31667
        ]
      },
      "properties": {
        "name": "Sachunkachunka",
        "country": "Zambia",
        "region": "Western Province",
        "elevation_m": null,
        "population": 0,
        "feature_type": "populated place",
        "geoname_id": 899582
      }
    },
    {
      "type": "Feature",
      "geometry": {
        "type": "Point",
        "coordinates": [
          24.86667,
          -16.2
        ]
      },
      "properties": {
        "name": "Sachumpa",
        "country": "Zambia",
        "region": "Western Province",
        "elevation_m": null,
        "population": 0,
        "feature_type": "populated place",
        "geoname_id": 899583
      }
    },
    {
      "type": "Feature",
      "geometry": {
        "type": "Point",
        "coordinates": [
          24.85,
          -16.16667
        ]
      },
      "properties": {
        "name": "Sachumpa",
        "country": "Zambia",
        "region": "Western Province",
        "elevation_m": null,
        "population": 0,
        "feature_type": "populated place",
        "geoname_id": 899584
      }
    },
    {
      "type": "Feature",
      "geometry": {
        "type": "Point",
        "coordinates": [
          22.68333,
          -13.2
        ]
      },
      "properties": {
        "name": "Sachivundu",
        "country": "Zambia",
        "region": "North-Western",
        "elevation_m": null,
        "population": 0,
        "feature_type": "populated place",
        "geoname_id": 899585
      }
    },
    {
      "type": "Feature",
      "geometry": {
        "type": "Point",
        "coordinates": [
          24.15,
          -15.35
        ]
      },
      "properties": {
        "name": "Sachishika",
        "country": "Zambia",
        "region": "Western Province",
        "elevation_m": null,
        "population": 0,
        "feature_type": "populated place",
        "geoname_id": 899586
      }
    },
    {
      "type": "Feature",
      "geometry": {
        "type": "Point",
        "coordinates": [
          24.08333,
          -13.28333
        ]
      },
      "properties": {
        "name": "Sachishika",
        "country": "Zambia",
        "region": "North-Western",
        "elevation_m": null,
        "population": 0,
        "feature_type": "populated place",
        "geoname_id": 899587
      }
    },
    {
      "type": "Feature",
      "geometry": {
        "type": "Point",
        "coordinates": [
          22.85,
          -13.21667
        ]
      },
      "properties": {
        "name": "Sachisengo",
        "country": "Zambia",
        "region": "North-Western",
        "elevation_m": null,
        "population": 0,
        "feature_type": "populated place",
        "geoname_id": 899588
      }
    },
    {
      "type": "Feature",
      "geometry": {
        "type": "Point",
        "coordinates": [
          22.21667,
          -13.15
        ]
      },
      "properties": {
        "name": "Sachinyemba",
        "country": "Zambia",
        "region": "North-Western",
        "elevation_m": null,
        "population": 0,
        "feature_type": "populated place",
        "geoname_id": 899589
      }
    },
    {
      "type": "Feature",
      "geometry": {
        "type": "Point",
        "coordinates": [
          23.13333,
          -13.66667
        ]
      },
      "properties": {
        "name": "Sachingongo",
        "country": "Zambia",
        "region": "North-Western",
        "elevation_m": null,
        "population": 0,
        "feature_type": "populated place",
        "geoname_id": 899590
      }
    },
    {
      "type": "Feature",
      "geometry": {
        "type": "Point",
        "coordinates": [
          24.21667,
          -14.73333
        ]
      },
      "properties": {
        "name": "Sachimalya",
        "country": "Zambia",
        "region": "Western Province",
        "elevation_m": null,
        "population": 0,
        "feature_type": "populated place",
        "geoname_id": 899591
      }
    },
    {
      "type": "Feature",
      "geometry": {
        "type": "Point",
        "coordinates": [
          23.05,
          -14.25
        ]
      },
      "properties": {
        "name": "Sachilunga",
        "country": "Zambia",
        "region": "Western Province",
        "elevation_m": null,
        "population": 0,
        "feature_type": "populated place",
        "geoname_id": 899592
      }
    },
    {
      "type": "Feature",
      "geometry": {
        "type": "Point",
        "coordinates": [
          22.91667,
          -13.23333
        ]
      },
      "properties": {
        "name": "Sachilombo",
        "country": "Zambia",
        "region": "North-Western",
        "elevation_m": null,
        "population": 0,
        "feature_type": "populated place",
        "geoname_id": 899593
      }
    },
    {
      "type": "Feature",
      "geometry": {
        "type": "Point",
        "coordinates": [
          23.25,
          -14.06667
        ]
      },
      "properties": {
        "name": "Sachilambo",
        "country": "Zambia",
        "region": "North-Western",
        "elevation_m": null,
        "population": 0,
        "feature_type": "populated place",
        "geoname_id": 899594
      }
    },
    {
      "type": "Feature",
      "geometry": {
        "type": "Point",
        "coordinates": [
          22.68333,
          -13.81667
        ]
      },
      "properties": {
        "name": "Sachikinda",
        "country": "Zambia",
        "region": "North-Western",
        "elevation_m": null,
        "population": 0,
        "feature_type": "populated place",
        "geoname_id": 899595
      }
    },
    {
      "type": "Feature",
      "geometry": {
        "type": "Point",
        "coordinates": [
          23.03333,
          -14.13333
        ]
      },
      "properties": {
        "name": "Sachikasa",
        "country": "Zambia",
        "region": "Western Province",
        "elevation_m": null,
        "population": 0,
        "feature_type": "populated place",
        "geoname_id": 899596
      }
    },
    {
      "type": "Feature",
      "geometry": {
        "type": "Point",
        "coordinates": [
          24.93333,
          -16.45
        ]
      },
      "properties": {
        "name": "Sachieso",
        "country": "Zambia",
        "region": "Western Province",
        "elevation_m": null,
        "population": 0,
        "feature_type": "populated place",
        "geoname_id": 899597
      }
    },
    {
      "type": "Feature",
      "geometry": {
        "type": "Point",
        "coordinates": [
          23.08333,
          -15.51667
        ]
      },
      "properties": {
        "name": "Sachibutu",
        "country": "Zambia",
        "region": "Western Province",
        "elevation_m": null,
        "population": 0,
        "feature_type": "populated place",
        "geoname_id": 899598
      }
    },
    {
      "type": "Feature",
      "geometry": {
        "type": "Point",
        "coordinates": [
          24.71667,
          -16.91667
        ]
      },
      "properties": {
        "name": "Sachibi",
        "country": "Zambia",
        "region": "Western Province",
        "elevation_m": null,
        "population": 0,
        "feature_type": "populated place",
        "geoname_id": 899600
      }
    },
    {
      "type": "Feature",
      "geometry": {
        "type": "Point",
        "coordinates": [
          23.66667,
          -15.95
        ]
      },
      "properties": {
        "name": "Sachiambe",
        "country": "Zambia",
        "region": "Western Province",
        "elevation_m": null,
        "population": 0,
        "feature_type": "populated place",
        "geoname_id": 899602
      }
    },
    {
      "type": "Feature",
      "geometry": {
        "type": "Point",
        "coordinates": [
          30.56741,
          -12.9389
        ]
      },
      "properties": {
        "name": "Sachia Bwale",
        "country": "Zambia",
        "region": "Central Province",
        "elevation_m": null,
        "population": 0,
        "feature_type": "populated place",
        "geoname_id": 899603
      }
    },
    {
      "type": "Feature",
      "geometry": {
        "type": "Point",
        "coordinates": [
          24.7,
          -11.55
        ]
      },
      "properties": {
        "name": "Sachenge",
        "country": "Zambia",
        "region": "North-Western",
        "elevation_m": null,
        "population": 0,
        "feature_type": "populated place",
        "geoname_id": 899604
      }
    },
    {
      "type": "Feature",
      "geometry": {
        "type": "Point",
        "coordinates": [
          24.9,
          -16.16667
        ]
      },
      "properties": {
        "name": "Sachelo",
        "country": "Zambia",
        "region": "Western Province",
        "elevation_m": null,
        "population": 0,
        "feature_type": "populated place",
        "geoname_id": 899606
      }
    },
    {
      "type": "Feature",
      "geometry": {
        "type": "Point",
        "coordinates": [
          23.88555,
          -13.41618
        ]
      },
      "properties": {
        "name": "Sacheka",
        "country": "Zambia",
        "region": "North-Western",
        "elevation_m": null,
        "population": 0,
        "feature_type": "populated place",
        "geoname_id": 899607
      }
    },
    {
      "type": "Feature",
      "geometry": {
        "type": "Point",
        "coordinates": [
          22.7,
          -13.05
        ]
      },
      "properties": {
        "name": "Sacheka",
        "country": "Zambia",
        "region": "North-Western",
        "elevation_m": null,
        "population": 0,
        "feature_type": "populated place",
        "geoname_id": 899608
      }
    },
    {
      "type": "Feature",
      "geometry": {
        "type": "Point",
        "coordinates": [
          23.1,
          -13.61667
        ]
      },
      "properties": {
        "name": "Sachala",
        "country": "Zambia",
        "region": "North-Western",
        "elevation_m": null,
        "population": 0,
        "feature_type": "populated place",
        "geoname_id": 899609
      }
    },
    {
      "type": "Feature",
      "geometry": {
        "type": "Point",
        "coordinates": [
          22.75,
          -15.48333
        ]
      },
      "properties": {
        "name": "Sabwiya",
        "country": "Zambia",
        "region": "Western Province",
        "elevation_m": null,
        "population": 0,
        "feature_type": "populated place",
        "geoname_id": 899610
      }
    },
    {
      "type": "Feature",
      "geometry": {
        "type": "Point",
        "coordinates": [
          24.81667,
          -15.85
        ]
      },
      "properties": {
        "name": "Sabwilo",
        "country": "Zambia",
        "region": "Western Province",
        "elevation_m": null,
        "population": 0,
        "feature_type": "populated place",
        "geoname_id": 899611
      }
    },
    {
      "type": "Feature",
      "geometry": {
        "type": "Point",
        "coordinates": [
          27.5,
          -16.63333
        ]
      },
      "properties": {
        "name": "Sabwiene",
        "country": "Zambia",
        "region": "Southern Province",
        "elevation_m": null,
        "population": 0,
        "feature_type": "populated place",
        "geoname_id": 899612
      }
    },
    {
      "type": "Feature",
      "geometry": {
        "type": "Point",
        "coordinates": [
          31.36667,
          -11.75
        ]
      },
      "properties": {
        "name": "Sabwa",
        "country": "Zambia",
        "region": "Muchinga",
        "elevation_m": null,
        "population": 0,
        "feature_type": "populated place",
        "geoname_id": 899613
      }
    },
    {
      "type": "Feature",
      "geometry": {
        "type": "Point",
        "coordinates": [
          24.69074,
          -16.5012
        ]
      },
      "properties": {
        "name": "Sabutali",
        "country": "Zambia",
        "region": "Western Province",
        "elevation_m": null,
        "population": 0,
        "feature_type": "populated place",
        "geoname_id": 899614
      }
    },
    {
      "type": "Feature",
      "geometry": {
        "type": "Point",
        "coordinates": [
          30.36088,
          -12.80441
        ]
      },
      "properties": {
        "name": "Sabunika Kaunga",
        "country": "Zambia",
        "region": "Central Province",
        "elevation_m": null,
        "population": 0,
        "feature_type": "populated place",
        "geoname_id": 899615
      }
    },
    {
      "type": "Feature",
      "geometry": {
        "type": "Point",
        "coordinates": [
          32.81166,
          -10.14463
        ]
      },
      "properties": {
        "name": "Sabuni",
        "country": "Zambia",
        "region": "Muchinga",
        "elevation_m": null,
        "population": 0,
        "feature_type": "populated place",
        "geoname_id": 899616
      }
    },
    {
      "type": "Feature",
      "geometry": {
        "type": "Point",
        "coordinates": [
          32.18333,
          -12.85
        ]
      },
      "properties": {
        "name": "Sabumi",
        "country": "Zambia",
        "region": "Eastern Province",
        "elevation_m": null,
        "population": 0,
        "feature_type": "populated place",
        "geoname_id": 899617
      }
    },
    {
      "type": "Feature",
      "geometry": {
        "type": "Point",
        "coordinates": [
          24.70384,
          -16.96642
        ]
      },
      "properties": {
        "name": "Sabukube",
        "country": "Zambia",
        "region": "Western Province",
        "elevation_m": null,
        "population": 0,
        "feature_type": "populated place",
        "geoname_id": 899618
      }
    },
    {
      "type": "Feature",
      "geometry": {
        "type": "Point",
        "coordinates": [
          29.55,
          -15.21667
        ]
      },
      "properties": {
        "name": "Sabola",
        "country": "Zambia",
        "region": "Lusaka Province",
        "elevation_m": null,
        "population": 0,
        "feature_type": "populated place",
        "geoname_id": 899619
      }
    },
    {
      "type": "Feature",
      "geometry": {
        "type": "Point",
        "coordinates": [
          22.25,
          -14
        ]
      },
      "properties": {
        "name": "Sabindonga",
        "country": "Zambia",
        "region": "Western Province",
        "elevation_m": null,
        "population": 0,
        "feature_type": "populated place",
        "geoname_id": 899621
      }
    },
    {
      "type": "Feature",
      "geometry": {
        "type": "Point",
        "coordinates": [
          23.8,
          -14.41667
        ]
      },
      "properties": {
        "name": "Sabimbu",
        "country": "Zambia",
        "region": "Western Province",
        "elevation_m": null,
        "population": 0,
        "feature_type": "populated place",
        "geoname_id": 899622
      }
    },
    {
      "type": "Feature",
      "geometry": {
        "type": "Point",
        "coordinates": [
          31.3,
          -10.45
        ]
      },
      "properties": {
        "name": "Sabe",
        "country": "Zambia",
        "region": "Northern Province",
        "elevation_m": null,
        "population": 0,
        "feature_type": "populated place",
        "geoname_id": 899624
      }
    },
    {
      "type": "Feature",
      "geometry": {
        "type": "Point",
        "coordinates": [
          24.97418,
          -16.45631
        ]
      },
      "properties": {
        "name": "Sabazibi",
        "country": "Zambia",
        "region": "Western Province",
        "elevation_m": null,
        "population": 0,
        "feature_type": "populated place",
        "geoname_id": 899625
      }
    },
    {
      "type": "Feature",
      "geometry": {
        "type": "Point",
        "coordinates": [
          29.41667,
          -11.31667
        ]
      },
      "properties": {
        "name": "Sabau",
        "country": "Zambia",
        "region": "Luapula Province",
        "elevation_m": null,
        "population": 0,
        "feature_type": "populated place",
        "geoname_id": 899626
      }
    },
    {
      "type": "Feature",
      "geometry": {
        "type": "Point",
        "coordinates": [
          23.96667,
          -16.98333
        ]
      },
      "properties": {
        "name": "Sabasiye",
        "country": "Zambia",
        "region": "Western Province",
        "elevation_m": null,
        "population": 0,
        "feature_type": "populated place",
        "geoname_id": 899627
      }
    },
    {
      "type": "Feature",
      "geometry": {
        "type": "Point",
        "coordinates": [
          29.72067,
          -15.1273
        ]
      },
      "properties": {
        "name": "Sabao Chapita",
        "country": "Zambia",
        "region": "Lusaka Province",
        "elevation_m": null,
        "population": 0,
        "feature_type": "populated place",
        "geoname_id": 899628
      }
    },
    {
      "type": "Feature",
      "geometry": {
        "type": "Point",
        "coordinates": [
          22.78333,
          -14.73333
        ]
      },
      "properties": {
        "name": "Saamu",
        "country": "Zambia",
        "region": "Western Province",
        "elevation_m": null,
        "population": 0,
        "feature_type": "populated place",
        "geoname_id": 899629
      }
    },
    {
      "type": "Feature",
      "geometry": {
        "type": "Point",
        "coordinates": [
          27.53333,
          -16.43333
        ]
      },
      "properties": {
        "name": "Rusangu",
        "country": "Zambia",
        "region": "Southern Province",
        "elevation_m": null,
        "population": 0,
        "feature_type": "populated place",
        "geoname_id": 899639
      }
    },
    {
      "type": "Feature",
      "geometry": {
        "type": "Point",
        "coordinates": [
          27.61667,
          -16.03333
        ]
      },
      "properties": {
        "name": "Runde",
        "country": "Zambia",
        "region": "Southern Province",
        "elevation_m": null,
        "population": 0,
        "feature_type": "populated place",
        "geoname_id": 899640
      }
    },
    {
      "type": "Feature",
      "geometry": {
        "type": "Point",
        "coordinates": [
          31.91667,
          -11.13333
        ]
      },
      "properties": {
        "name": "Rumbuka",
        "country": "Zambia",
        "region": "Muchinga",
        "elevation_m": null,
        "population": 0,
        "feature_type": "populated place",
        "geoname_id": 899641
      }
    },
    {
      "type": "Feature",
      "geometry": {
        "type": "Point",
        "coordinates": [
          29.63579,
          -15.08123
        ]
      },
      "properties": {
        "name": "Rufunsa",
        "country": "Zambia",
        "region": "Lusaka Province",
        "elevation_m": null,
        "population": 0,
        "feature_type": "populated place",
        "geoname_id": 899644
      }
    },
    {
      "type": "Feature",
      "geometry": {
        "type": "Point",
        "coordinates": [
          32.4187,
          -13.5861
        ]
      },
      "properties": {
        "name": "Rufu",
        "country": "Zambia",
        "region": "Eastern Province",
        "elevation_m": null,
        "population": 0,
        "feature_type": "populated place",
        "geoname_id": 899646
      }
    },
    {
      "type": "Feature",
      "geometry": {
        "type": "Point",
        "coordinates": [
          32.73333,
          -13.4
        ]
      },
      "properties": {
        "name": "Rufu",
        "country": "Zambia",
        "region": "Eastern Province",
        "elevation_m": null,
        "population": 0,
        "feature_type": "populated place",
        "geoname_id": 899647
      }
    },
    {
      "type": "Feature",
      "geometry": {
        "type": "Point",
        "coordinates": [
          31.56204,
          -14.53122
        ]
      },
      "properties": {
        "name": "Rubeni",
        "country": "Zambia",
        "region": "Eastern Province",
        "elevation_m": null,
        "population": 0,
        "feature_type": "populated place",
        "geoname_id": 899649
      }
    },
    {
      "type": "Feature",
      "geometry": {
        "type": "Point",
        "coordinates": [
          31.91423,
          -14.09946
        ]
      },
      "properties": {
        "name": "Rubeni",
        "country": "Zambia",
        "region": "Eastern Province",
        "elevation_m": null,
        "population": 0,
        "feature_type": "populated place",
        "geoname_id": 899650
      }
    },
    {
      "type": "Feature",
      "geometry": {
        "type": "Point",
        "coordinates": [
          31.68333,
          -13.25
        ]
      },
      "properties": {
        "name": "Rubeni",
        "country": "Zambia",
        "region": "Eastern Province",
        "elevation_m": null,
        "population": 0,
        "feature_type": "populated place",
        "geoname_id": 899651
      }
    },
    {
      "type": "Feature",
      "geometry": {
        "type": "Point",
        "coordinates": [
          30.49523,
          -12.74624
        ]
      },
      "properties": {
        "name": "Ruben Chishiki",
        "country": "Zambia",
        "region": "Central Province",
        "elevation_m": null,
        "population": 0,
        "feature_type": "populated place",
        "geoname_id": 899652
      }
    },
    {
      "type": "Feature",
      "geometry": {
        "type": "Point",
        "coordinates": [
          29.3,
          -15.38333
        ]
      },
      "properties": {
        "name": "Roma",
        "country": "Zambia",
        "region": "Lusaka Province",
        "elevation_m": null,
        "population": 0,
        "feature_type": "populated place",
        "geoname_id": 899660
      }
    },
    {
      "type": "Feature",
      "geometry": {
        "type": "Point",
        "coordinates": [
          32.33333,
          -13.88333
        ]
      },
      "properties": {
        "name": "Roki",
        "country": "Zambia",
        "region": "Eastern Province",
        "elevation_m": null,
        "population": 0,
        "feature_type": "populated place",
        "geoname_id": 899662
      }
    },
    {
      "type": "Feature",
      "geometry": {
        "type": "Point",
        "coordinates": [
          32.53333,
          -10.25
        ]
      },
      "properties": {
        "name": "Robert Siyame",
        "country": "Zambia",
        "region": "Muchinga",
        "elevation_m": null,
        "population": 0,
        "feature_type": "populated place",
        "geoname_id": 899666
      }
    },
    {
      "type": "Feature",
      "geometry": {
        "type": "Point",
        "coordinates": [
          33.23333,
          -10.2
        ]
      },
      "properties": {
        "name": "Robert Ngambe",
        "country": "Zambia",
        "region": "Muchinga",
        "elevation_m": null,
        "population": 0,
        "feature_type": "populated place",
        "geoname_id": 899667
      }
    },
    {
      "type": "Feature",
      "geometry": {
        "type": "Point",
        "coordinates": [
          33,
          -10.3
        ]
      },
      "properties": {
        "name": "Robert Mutambo",
        "country": "Zambia",
        "region": "Muchinga",
        "elevation_m": null,
        "population": 0,
        "feature_type": "populated place",
        "geoname_id": 899668
      }
    },
    {
      "type": "Feature",
      "geometry": {
        "type": "Point",
        "coordinates": [
          30.68921,
          -12.89781
        ]
      },
      "properties": {
        "name": "Robert Mumba",
        "country": "Zambia",
        "region": "Central Province",
        "elevation_m": null,
        "population": 0,
        "feature_type": "populated place",
        "geoname_id": 899669
      }
    },
    {
      "type": "Feature",
      "geometry": {
        "type": "Point",
        "coordinates": [
          33.31667,
          -10.18333
        ]
      },
      "properties": {
        "name": "Robert Mugala",
        "country": "Zambia",
        "region": "Muchinga",
        "elevation_m": null,
        "population": 0,
        "feature_type": "populated place",
        "geoname_id": 899670
      }
    },
    {
      "type": "Feature",
      "geometry": {
        "type": "Point",
        "coordinates": [
          31.55,
          -13.86667
        ]
      },
      "properties": {
        "name": "Robert Chimpape",
        "country": "Zambia",
        "region": "Eastern Province",
        "elevation_m": null,
        "population": 0,
        "feature_type": "populated place",
        "geoname_id": 899671
      }
    },
    {
      "type": "Feature",
      "geometry": {
        "type": "Point",
        "coordinates": [
          31.9,
          -14.31667
        ]
      },
      "properties": {
        "name": "Robert",
        "country": "Zambia",
        "region": "Eastern Province",
        "elevation_m": null,
        "population": 0,
        "feature_type": "populated place",
        "geoname_id": 899672
      }
    },
    {
      "type": "Feature",
      "geometry": {
        "type": "Point",
        "coordinates": [
          25.85,
          -17.86667
        ]
      },
      "properties": {
        "name": "Riverside",
        "country": "Zambia",
        "region": "Southern Province",
        "elevation_m": null,
        "population": 0,
        "feature_type": "section of populated place",
        "geoname_id": 899678
      }
    },
    {
      "type": "Feature",
      "geometry": {
        "type": "Point",
        "coordinates": [
          28.31667,
          -15.45
        ]
      },
      "properties": {
        "name": "Ridgeway",
        "country": "Zambia",
        "region": "Lusaka Province",
        "elevation_m": null,
        "population": 0,
        "feature_type": "section of populated place",
        "geoname_id": 899683
      }
    },
    {
      "type": "Feature",
      "geometry": {
        "type": "Point",
        "coordinates": [
          32.15,
          -11.11667
        ]
      },
      "properties": {
        "name": "Rapia",
        "country": "Zambia",
        "region": "Muchinga",
        "elevation_m": null,
        "population": 0,
        "feature_type": "populated place",
        "geoname_id": 899690
      }
    },
    {
      "type": "Feature",
      "geometry": {
        "type": "Point",
        "coordinates": [
          29.96667,
          -11.68333
        ]
      },
      "properties": {
        "name": "Pyana Walya",
        "country": "Zambia",
        "region": "Luapula Province",
        "elevation_m": null,
        "population": 0,
        "feature_type": "populated place",
        "geoname_id": 899695
      }
    },
    {
      "type": "Feature",
      "geometry": {
        "type": "Point",
        "coordinates": [
          26.8,
          -15.43333
        ]
      },
      "properties": {
        "name": "Putu",
        "country": "Zambia",
        "region": "Southern Province",
        "elevation_m": null,
        "population": 0,
        "feature_type": "populated place",
        "geoname_id": 899702
      }
    },
    {
      "type": "Feature",
      "geometry": {
        "type": "Point",
        "coordinates": [
          26.51667,
          -12.26667
        ]
      },
      "properties": {
        "name": "Pupi",
        "country": "Zambia",
        "region": "North-Western",
        "elevation_m": null,
        "population": 0,
        "feature_type": "populated place",
        "geoname_id": 899705
      }
    },
    {
      "type": "Feature",
      "geometry": {
        "type": "Point",
        "coordinates": [
          28.25,
          -14.1
        ]
      },
      "properties": {
        "name": "Pungwa",
        "country": "Zambia",
        "region": "Central Province",
        "elevation_m": null,
        "population": 0,
        "feature_type": "populated place",
        "geoname_id": 899708
      }
    },
    {
      "type": "Feature",
      "geometry": {
        "type": "Point",
        "coordinates": [
          27.45327,
          -13.18769
        ]
      },
      "properties": {
        "name": "Pungula",
        "country": "Zambia",
        "region": "Copperbelt",
        "elevation_m": null,
        "population": 0,
        "feature_type": "populated place",
        "geoname_id": 899709
      }
    },
    {
      "type": "Feature",
      "geometry": {
        "type": "Point",
        "coordinates": [
          32.86667,
          -14
        ]
      },
      "properties": {
        "name": "Pundi",
        "country": "Zambia",
        "region": "Eastern Province",
        "elevation_m": null,
        "population": 0,
        "feature_type": "populated place",
        "geoname_id": 899713
      }
    },
    {
      "type": "Feature",
      "geometry": {
        "type": "Point",
        "coordinates": [
          24.02342,
          -14.01266
        ]
      },
      "properties": {
        "name": "Pumpola",
        "country": "Zambia",
        "region": "Western Province",
        "elevation_m": null,
        "population": 0,
        "feature_type": "populated place",
        "geoname_id": 899717
      }
    },
    {
      "type": "Feature",
      "geometry": {
        "type": "Point",
        "coordinates": [
          24.08333,
          -13.96667
        ]
      },
      "properties": {
        "name": "Pumpola",
        "country": "Zambia",
        "region": "Western Province",
        "elevation_m": null,
        "population": 0,
        "feature_type": "populated place",
        "geoname_id": 899718
      }
    },
    {
      "type": "Feature",
      "geometry": {
        "type": "Point",
        "coordinates": [
          30.71482,
          -13.05026
        ]
      },
      "properties": {
        "name": "Pumbila Chilaka",
        "country": "Zambia",
        "region": "Central Province",
        "elevation_m": null,
        "population": 0,
        "feature_type": "populated place",
        "geoname_id": 899721
      }
    },
    {
      "type": "Feature",
      "geometry": {
        "type": "Point",
        "coordinates": [
          22.93333,
          -15.11667
        ]
      },
      "properties": {
        "name": "Pulu",
        "country": "Zambia",
        "region": "Western Province",
        "elevation_m": null,
        "population": 0,
        "feature_type": "populated place",
        "geoname_id": 899724
      }
    },
    {
      "type": "Feature",
      "geometry": {
        "type": "Point",
        "coordinates": [
          31.93192,
          -14.07389
        ]
      },
      "properties": {
        "name": "Pulazi",
        "country": "Zambia",
        "region": "Eastern Province",
        "elevation_m": null,
        "population": 0,
        "feature_type": "populated place",
        "geoname_id": 899726
      }
    },
    {
      "type": "Feature",
      "geometry": {
        "type": "Point",
        "coordinates": [
          26.91667,
          -14.93333
        ]
      },
      "properties": {
        "name": "Pulamu",
        "country": "Zambia",
        "region": "Central Province",
        "elevation_m": null,
        "population": 0,
        "feature_type": "populated place",
        "geoname_id": 899727
      }
    },
    {
      "type": "Feature",
      "geometry": {
        "type": "Point",
        "coordinates": [
          28.5,
          -14.81667
        ]
      },
      "properties": {
        "name": "Pukuma",
        "country": "Zambia",
        "region": "Central Province",
        "elevation_m": null,
        "population": 0,
        "feature_type": "populated place",
        "geoname_id": 899729
      }
    },
    {
      "type": "Feature",
      "geometry": {
        "type": "Point",
        "coordinates": [
          28.65989,
          -13.27813
        ]
      },
      "properties": {
        "name": "Pukota",
        "country": "Zambia",
        "region": "Copperbelt",
        "elevation_m": null,
        "population": 0,
        "feature_type": "populated place",
        "geoname_id": 899731
      }
    },
    {
      "type": "Feature",
      "geometry": {
        "type": "Point",
        "coordinates": [
          24.55,
          -15.08333
        ]
      },
      "properties": {
        "name": "Puka",
        "country": "Zambia",
        "region": "Western Province",
        "elevation_m": null,
        "population": 0,
        "feature_type": "populated place",
        "geoname_id": 899732
      }
    },
    {
      "type": "Feature",
      "geometry": {
        "type": "Point",
        "coordinates": [
          24.65,
          -17.41667
        ]
      },
      "properties": {
        "name": "Poto",
        "country": "Zambia",
        "region": "Western Province",
        "elevation_m": null,
        "population": 0,
        "feature_type": "populated place",
        "geoname_id": 899737
      }
    },
    {
      "type": "Feature",
      "geometry": {
        "type": "Point",
        "coordinates": [
          31.60929,
          -10.42098
        ]
      },
      "properties": {
        "name": "Poto",
        "country": "Zambia",
        "region": "Northern Province",
        "elevation_m": null,
        "population": 0,
        "feature_type": "populated place",
        "geoname_id": 899738
      }
    },
    {
      "type": "Feature",
      "geometry": {
        "type": "Point",
        "coordinates": [
          26.05,
          -17.61667
        ]
      },
      "properties": {
        "name": "Pora",
        "country": "Zambia",
        "region": "Southern Province",
        "elevation_m": null,
        "population": 0,
        "feature_type": "populated place",
        "geoname_id": 899744
      }
    },
    {
      "type": "Feature",
      "geometry": {
        "type": "Point",
        "coordinates": [
          26.08333,
          -16.8
        ]
      },
      "properties": {
        "name": "Popila",
        "country": "Zambia",
        "region": "Southern Province",
        "elevation_m": null,
        "population": 0,
        "feature_type": "populated place",
        "geoname_id": 899745
      }
    },
    {
      "type": "Feature",
      "geometry": {
        "type": "Point",
        "coordinates": [
          30.35481,
          -12.8071
        ]
      },
      "properties": {
        "name": "Pontino Bwalia",
        "country": "Zambia",
        "region": "Central Province",
        "elevation_m": null,
        "population": 0,
        "feature_type": "populated place",
        "geoname_id": 899747
      }
    },
    {
      "type": "Feature",
      "geometry": {
        "type": "Point",
        "coordinates": [
          32.65,
          -11.56667
        ]
      },
      "properties": {
        "name": "Pondo",
        "country": "Zambia",
        "region": "Muchinga",
        "elevation_m": null,
        "population": 0,
        "feature_type": "populated place",
        "geoname_id": 899750
      }
    },
    {
      "type": "Feature",
      "geometry": {
        "type": "Point",
        "coordinates": [
          22.18333,
          -13.91667
        ]
      },
      "properties": {
        "name": "Ponde",
        "country": "Zambia",
        "region": "Western Province",
        "elevation_m": null,
        "population": 0,
        "feature_type": "populated place",
        "geoname_id": 899752
      }
    },
    {
      "type": "Feature",
      "geometry": {
        "type": "Point",
        "coordinates": [
          30.93075,
          -10.37219
        ]
      },
      "properties": {
        "name": "Ponde",
        "country": "Zambia",
        "region": "Northern Province",
        "elevation_m": null,
        "population": 0,
        "feature_type": "populated place",
        "geoname_id": 899753
      }
    },
    {
      "type": "Feature",
      "geometry": {
        "type": "Point",
        "coordinates": [
          30.91667,
          -14.65
        ]
      },
      "properties": {
        "name": "Pondani",
        "country": "Zambia",
        "region": "Eastern Province",
        "elevation_m": null,
        "population": 0,
        "feature_type": "populated place",
        "geoname_id": 899754
      }
    },
    {
      "type": "Feature",
      "geometry": {
        "type": "Point",
        "coordinates": [
          33.23333,
          -10.08333
        ]
      },
      "properties": {
        "name": "Pondamele",
        "country": "Zambia",
        "region": "Muchinga",
        "elevation_m": null,
        "population": 0,
        "feature_type": "populated place",
        "geoname_id": 899755
      }
    },
    {
      "type": "Feature",
      "geometry": {
        "type": "Point",
        "coordinates": [
          32.16667,
          -13.25
        ]
      },
      "properties": {
        "name": "Pondamali",
        "country": "Zambia",
        "region": "Eastern Province",
        "elevation_m": null,
        "population": 0,
        "feature_type": "populated place",
        "geoname_id": 899756
      }
    },
    {
      "type": "Feature",
      "geometry": {
        "type": "Point",
        "coordinates": [
          32.1,
          -13.13333
        ]
      },
      "properties": {
        "name": "Pondamali",
        "country": "Zambia",
        "region": "Eastern Province",
        "elevation_m": null,
        "population": 0,
        "feature_type": "populated place",
        "geoname_id": 899757
      }
    },
    {
      "type": "Feature",
      "geometry": {
        "type": "Point",
        "coordinates": [
          33.26667,
          -10.11667
        ]
      },
      "properties": {
        "name": "Pondamali",
        "country": "Zambia",
        "region": "Muchinga",
        "elevation_m": null,
        "population": 0,
        "feature_type": "populated place",
        "geoname_id": 899758
      }
    },
    {
      "type": "Feature",
      "geometry": {
        "type": "Point",
        "coordinates": [
          30.71667,
          -10.15
        ]
      },
      "properties": {
        "name": "Pomwa",
        "country": "Zambia",
        "region": "Northern Province",
        "elevation_m": null,
        "population": 0,
        "feature_type": "populated place",
        "geoname_id": 899759
      }
    },
    {
      "type": "Feature",
      "geometry": {
        "type": "Point",
        "coordinates": [
          30.39642,
          -14.44635
        ]
      },
      "properties": {
        "name": "Pompi",
        "country": "Zambia",
        "region": "Eastern Province",
        "elevation_m": null,
        "population": 0,
        "feature_type": "populated place",
        "geoname_id": 899762
      }
    },
    {
      "type": "Feature",
      "geometry": {
        "type": "Point",
        "coordinates": [
          28.36667,
          -14.16667
        ]
      },
      "properties": {
        "name": "Pomboloka",
        "country": "Zambia",
        "region": "Central Province",
        "elevation_m": null,
        "population": 0,
        "feature_type": "populated place",
        "geoname_id": 899766
      }
    },
    {
      "type": "Feature",
      "geometry": {
        "type": "Point",
        "coordinates": [
          28.4,
          -14.25
        ]
      },
      "properties": {
        "name": "Pombalola",
        "country": "Zambia",
        "region": "Central Province",
        "elevation_m": null,
        "population": 0,
        "feature_type": "populated place",
        "geoname_id": 899768
      }
    },
    {
      "type": "Feature",
      "geometry": {
        "type": "Point",
        "coordinates": [
          31.8,
          -14.41667
        ]
      },
      "properties": {
        "name": "Polyoni",
        "country": "Zambia",
        "region": "Eastern Province",
        "elevation_m": null,
        "population": 0,
        "feature_type": "populated place",
        "geoname_id": 899770
      }
    },
    {
      "type": "Feature",
      "geometry": {
        "type": "Point",
        "coordinates": [
          23.33333,
          -16.41667
        ]
      },
      "properties": {
        "name": "Polota",
        "country": "Zambia",
        "region": "Western Province",
        "elevation_m": null,
        "population": 0,
        "feature_type": "populated place",
        "geoname_id": 899771
      }
    },
    {
      "type": "Feature",
      "geometry": {
        "type": "Point",
        "coordinates": [
          23.81576,
          -13.40448
        ]
      },
      "properties": {
        "name": "Polota",
        "country": "Zambia",
        "region": "North-Western",
        "elevation_m": null,
        "population": 0,
        "feature_type": "populated place",
        "geoname_id": 899772
      }
    },
    {
      "type": "Feature",
      "geometry": {
        "type": "Point",
        "coordinates": [
          30.73103,
          -12.81379
        ]
      },
      "properties": {
        "name": "Polande",
        "country": "Zambia",
        "region": "Central Province",
        "elevation_m": null,
        "population": 0,
        "feature_type": "populated place",
        "geoname_id": 899775
      }
    },
    {
      "type": "Feature",
      "geometry": {
        "type": "Point",
        "coordinates": [
          26.76211,
          -17.78302
        ]
      },
      "properties": {
        "name": "Pokuma",
        "country": "Zambia",
        "region": "Southern Province",
        "elevation_m": null,
        "population": 0,
        "feature_type": "populated place",
        "geoname_id": 899776
      }
    },
    {
      "type": "Feature",
      "geometry": {
        "type": "Point",
        "coordinates": [
          24.63333,
          -14.73333
        ]
      },
      "properties": {
        "name": "Pokola",
        "country": "Zambia",
        "region": "Western Province",
        "elevation_m": null,
        "population": 0,
        "feature_type": "populated place",
        "geoname_id": 899779
      }
    },
    {
      "type": "Feature",
      "geometry": {
        "type": "Point",
        "coordinates": [
          24.55,
          -14.66667
        ]
      },
      "properties": {
        "name": "Pokola",
        "country": "Zambia",
        "region": "Western Province",
        "elevation_m": null,
        "population": 0,
        "feature_type": "populated place",
        "geoname_id": 899780
      }
    },
    {
      "type": "Feature",
      "geometry": {
        "type": "Point",
        "coordinates": [
          24.68333,
          -14.65
        ]
      },
      "properties": {
        "name": "Pokola",
        "country": "Zambia",
        "region": "Western Province",
        "elevation_m": null,
        "population": 0,
        "feature_type": "populated place",
        "geoname_id": 899781
      }
    },
    {
      "type": "Feature",
      "geometry": {
        "type": "Point",
        "coordinates": [
          32.71667,
          -11.65
        ]
      },
      "properties": {
        "name": "Pogoloni",
        "country": "Zambia",
        "region": "Muchinga",
        "elevation_m": null,
        "population": 0,
        "feature_type": "populated place",
        "geoname_id": 899784
      }
    },
    {
      "type": "Feature",
      "geometry": {
        "type": "Point",
        "coordinates": [
          28.66325,
          -12.88108
        ]
      },
      "properties": {
        "name": "Pitila",
        "country": "Zambia",
        "region": "Copperbelt",
        "elevation_m": null,
        "population": 0,
        "feature_type": "populated place",
        "geoname_id": 899787
      }
    },
    {
      "type": "Feature",
      "geometry": {
        "type": "Point",
        "coordinates": [
          24.77228,
          -16.55753
        ]
      },
      "properties": {
        "name": "Piti",
        "country": "Zambia",
        "region": "Western Province",
        "elevation_m": null,
        "population": 0,
        "feature_type": "populated place",
        "geoname_id": 899788
      }
    },
    {
      "type": "Feature",
      "geometry": {
        "type": "Point",
        "coordinates": [
          30.39016,
          -12.54033
        ]
      },
      "properties": {
        "name": "Pita Mulongoti",
        "country": "Zambia",
        "region": "Central Province",
        "elevation_m": null,
        "population": 0,
        "feature_type": "populated place",
        "geoname_id": 899789
      }
    },
    {
      "type": "Feature",
      "geometry": {
        "type": "Point",
        "coordinates": [
          30.60492,
          -12.75427
        ]
      },
      "properties": {
        "name": "Pitala Mpande",
        "country": "Zambia",
        "region": "Central Province",
        "elevation_m": null,
        "population": 0,
        "feature_type": "populated place",
        "geoname_id": 899790
      }
    },
    {
      "type": "Feature",
      "geometry": {
        "type": "Point",
        "coordinates": [
          30.65418,
          -13.1604
        ]
      },
      "properties": {
        "name": "Pitala",
        "country": "Zambia",
        "region": "Central Province",
        "elevation_m": null,
        "population": 0,
        "feature_type": "populated place",
        "geoname_id": 899791
      }
    },
    {
      "type": "Feature",
      "geometry": {
        "type": "Point",
        "coordinates": [
          33.05,
          -11
        ]
      },
      "properties": {
        "name": "Pipa",
        "country": "Zambia",
        "region": "Muchinga",
        "elevation_m": null,
        "population": 0,
        "feature_type": "populated place",
        "geoname_id": 899793
      }
    },
    {
      "type": "Feature",
      "geometry": {
        "type": "Point",
        "coordinates": [
          28.35,
          -14.06667
        ]
      },
      "properties": {
        "name": "Pintwa",
        "country": "Zambia",
        "region": "Central Province",
        "elevation_m": null,
        "population": 0,
        "feature_type": "populated place",
        "geoname_id": 899794
      }
    },
    {
      "type": "Feature",
      "geometry": {
        "type": "Point",
        "coordinates": [
          32.03949,
          -13.97805
        ]
      },
      "properties": {
        "name": "Pindu",
        "country": "Zambia",
        "region": "Eastern Province",
        "elevation_m": null,
        "population": 0,
        "feature_type": "populated place",
        "geoname_id": 899795
      }
    },
    {
      "type": "Feature",
      "geometry": {
        "type": "Point",
        "coordinates": [
          29.14838,
          -14.78721
        ]
      },
      "properties": {
        "name": "Pindoma",
        "country": "Zambia",
        "region": "Central Province",
        "elevation_m": null,
        "population": 0,
        "feature_type": "populated place",
        "geoname_id": 899796
      }
    },
    {
      "type": "Feature",
      "geometry": {
        "type": "Point",
        "coordinates": [
          28.13333,
          -14.26667
        ]
      },
      "properties": {
        "name": "Piluka",
        "country": "Zambia",
        "region": "Central Province",
        "elevation_m": null,
        "population": 0,
        "feature_type": "populated place",
        "geoname_id": 899798
      }
    },
    {
      "type": "Feature",
      "geometry": {
        "type": "Point",
        "coordinates": [
          22.95,
          -15.51667
        ]
      },
      "properties": {
        "name": "Pilola",
        "country": "Zambia",
        "region": "Western Province",
        "elevation_m": null,
        "population": 0,
        "feature_type": "populated place",
        "geoname_id": 899799
      }
    },
    {
      "type": "Feature",
      "geometry": {
        "type": "Point",
        "coordinates": [
          32.5,
          -12.28333
        ]
      },
      "properties": {
        "name": "Pikani",
        "country": "Zambia",
        "region": "Eastern Province",
        "elevation_m": null,
        "population": 0,
        "feature_type": "populated place",
        "geoname_id": 899801
      }
    },
    {
      "type": "Feature",
      "geometry": {
        "type": "Point",
        "coordinates": [
          33.18333,
          -12.26667
        ]
      },
      "properties": {
        "name": "Pikamalazo",
        "country": "Zambia",
        "region": "Eastern Province",
        "elevation_m": null,
        "population": 0,
        "feature_type": "populated place",
        "geoname_id": 899802
      }
    },
    {
      "type": "Feature",
      "geometry": {
        "type": "Point",
        "coordinates": [
          33.2348,
          -12.21354
        ]
      },
      "properties": {
        "name": "Pikamalaza",
        "country": "Zambia",
        "region": "Eastern Province",
        "elevation_m": null,
        "population": 0,
        "feature_type": "populated place",
        "geoname_id": 899803
      }
    },
    {
      "type": "Feature",
      "geometry": {
        "type": "Point",
        "coordinates": [
          32.63333,
          -13.48333
        ]
      },
      "properties": {
        "name": "Phillip",
        "country": "Zambia",
        "region": "Eastern Province",
        "elevation_m": null,
        "population": 0,
        "feature_type": "populated place",
        "geoname_id": 899807
      }
    },
    {
      "type": "Feature",
      "geometry": {
        "type": "Point",
        "coordinates": [
          30.77238,
          -13.10521
        ]
      },
      "properties": {
        "name": "Philipo Katola",
        "country": "Zambia",
        "region": "Central Province",
        "elevation_m": null,
        "population": 0,
        "feature_type": "populated place",
        "geoname_id": 899808
      }
    },
    {
      "type": "Feature",
      "geometry": {
        "type": "Point",
        "coordinates": [
          31.00107,
          -14.59209
        ]
      },
      "properties": {
        "name": "Philipo",
        "country": "Zambia",
        "region": "Eastern Province",
        "elevation_m": null,
        "population": 0,
        "feature_type": "populated place",
        "geoname_id": 899809
      }
    },
    {
      "type": "Feature",
      "geometry": {
        "type": "Point",
        "coordinates": [
          31.60012,
          -13.71919
        ]
      },
      "properties": {
        "name": "Philipo",
        "country": "Zambia",
        "region": "Eastern Province",
        "elevation_m": null,
        "population": 0,
        "feature_type": "populated place",
        "geoname_id": 899810
      }
    },
    {
      "type": "Feature",
      "geometry": {
        "type": "Point",
        "coordinates": [
          30.89985,
          -13.06053
        ]
      },
      "properties": {
        "name": "Philipo",
        "country": "Zambia",
        "region": "Central Province",
        "elevation_m": null,
        "population": 0,
        "feature_type": "populated place",
        "geoname_id": 899811
      }
    },
    {
      "type": "Feature",
      "geometry": {
        "type": "Point",
        "coordinates": [
          30.93333,
          -14.58333
        ]
      },
      "properties": {
        "name": "Philip",
        "country": "Zambia",
        "region": "Eastern Province",
        "elevation_m": null,
        "population": 0,
        "feature_type": "populated place",
        "geoname_id": 899812
      }
    },
    {
      "type": "Feature",
      "geometry": {
        "type": "Point",
        "coordinates": [
          23.34847,
          -14.20469
        ]
      },
      "properties": {
        "name": "Pezo",
        "country": "Zambia",
        "region": "Western Province",
        "elevation_m": null,
        "population": 0,
        "feature_type": "populated place",
        "geoname_id": 899813
      }
    },
    {
      "type": "Feature",
      "geometry": {
        "type": "Point",
        "coordinates": [
          33.43333,
          -10.56667
        ]
      },
      "properties": {
        "name": "Petros",
        "country": "Zambia",
        "region": "Muchinga",
        "elevation_m": null,
        "population": 0,
        "feature_type": "populated place",
        "geoname_id": 899814
      }
    },
    {
      "type": "Feature",
      "geometry": {
        "type": "Point",
        "coordinates": [
          31.71893,
          -14.42737
        ]
      },
      "properties": {
        "name": "Petro",
        "country": "Zambia",
        "region": "Eastern Province",
        "elevation_m": null,
        "population": 0,
        "feature_type": "populated place",
        "geoname_id": 899815
      }
    },
    {
      "type": "Feature",
      "geometry": {
        "type": "Point",
        "coordinates": [
          30.612,
          -12.85709
        ]
      },
      "properties": {
        "name": "Peter Kampati",
        "country": "Zambia",
        "region": "Central Province",
        "elevation_m": null,
        "population": 0,
        "feature_type": "populated place",
        "geoname_id": 899817
      }
    },
    {
      "type": "Feature",
      "geometry": {
        "type": "Point",
        "coordinates": [
          33.51667,
          -10.28333
        ]
      },
      "properties": {
        "name": "Peter Kaila",
        "country": "Zambia",
        "region": "Muchinga",
        "elevation_m": null,
        "population": 0,
        "feature_type": "populated place",
        "geoname_id": 899818
      }
    },
    {
      "type": "Feature",
      "geometry": {
        "type": "Point",
        "coordinates": [
          33.15,
          -10.36667
        ]
      },
      "properties": {
        "name": "Peter",
        "country": "Zambia",
        "region": "Muchinga",
        "elevation_m": null,
        "population": 0,
        "feature_type": "populated place",
        "geoname_id": 899819
      }
    },
    {
      "type": "Feature",
      "geometry": {
        "type": "Point",
        "coordinates": [
          29.83572,
          -12.35085
        ]
      },
      "properties": {
        "name": "Petembe",
        "country": "Zambia",
        "region": "Central Province",
        "elevation_m": null,
        "population": 0,
        "feature_type": "populated place",
        "geoname_id": 899820
      }
    },
    {
      "type": "Feature",
      "geometry": {
        "type": "Point",
        "coordinates": [
          31.13187,
          -10.59524
        ]
      },
      "properties": {
        "name": "Pepo",
        "country": "Zambia",
        "region": "Northern Province",
        "elevation_m": null,
        "population": 0,
        "feature_type": "populated place",
        "geoname_id": 899833
      }
    },
    {
      "type": "Feature",
      "geometry": {
        "type": "Point",
        "coordinates": [
          24.96667,
          -15.45
        ]
      },
      "properties": {
        "name": "Pepela",
        "country": "Zambia",
        "region": "Western Province",
        "elevation_m": null,
        "population": 0,
        "feature_type": "populated place",
        "geoname_id": 899834
      }
    },
    {
      "type": "Feature",
      "geometry": {
        "type": "Point",
        "coordinates": [
          32.41364,
          -13.52584
        ]
      },
      "properties": {
        "name": "Pepe",
        "country": "Zambia",
        "region": "Eastern Province",
        "elevation_m": null,
        "population": 0,
        "feature_type": "populated place",
        "geoname_id": 899836
      }
    },
    {
      "type": "Feature",
      "geometry": {
        "type": "Point",
        "coordinates": [
          31.85,
          -14.35
        ]
      },
      "properties": {
        "name": "Penyani",
        "country": "Zambia",
        "region": "Eastern Province",
        "elevation_m": null,
        "population": 0,
        "feature_type": "populated place",
        "geoname_id": 899838
      }
    },
    {
      "type": "Feature",
      "geometry": {
        "type": "Point",
        "coordinates": [
          30.45394,
          -13.02339
        ]
      },
      "properties": {
        "name": "Pensulo",
        "country": "Zambia",
        "region": "Central Province",
        "elevation_m": null,
        "population": 0,
        "feature_type": "populated place",
        "geoname_id": 899839
      }
    },
    {
      "type": "Feature",
      "geometry": {
        "type": "Point",
        "coordinates": [
          31.41667,
          -10.31667
        ]
      },
      "properties": {
        "name": "Penjala-Chanda",
        "country": "Zambia",
        "region": "Northern Province",
        "elevation_m": null,
        "population": 0,
        "feature_type": "populated place",
        "geoname_id": 899842
      }
    },
    {
      "type": "Feature",
      "geometry": {
        "type": "Point",
        "coordinates": [
          30.31777,
          -12.73421
        ]
      },
      "properties": {
        "name": "Peni Lumwanshya",
        "country": "Zambia",
        "region": "Central Province",
        "elevation_m": null,
        "population": 0,
        "feature_type": "populated place",
        "geoname_id": 899843
      }
    },
    {
      "type": "Feature",
      "geometry": {
        "type": "Point",
        "coordinates": [
          27.95,
          -14.96667
        ]
      },
      "properties": {
        "name": "Pengaula",
        "country": "Zambia",
        "region": "Central Province",
        "elevation_m": null,
        "population": 0,
        "feature_type": "populated place",
        "geoname_id": 899844
      }
    },
    {
      "type": "Feature",
      "geometry": {
        "type": "Point",
        "coordinates": [
          31.74442,
          -13.61241
        ]
      },
      "properties": {
        "name": "Pendwe",
        "country": "Zambia",
        "region": "Eastern Province",
        "elevation_m": null,
        "population": 0,
        "feature_type": "populated place",
        "geoname_id": 899845
      }
    },
    {
      "type": "Feature",
      "geometry": {
        "type": "Point",
        "coordinates": [
          32.06667,
          -12.33333
        ]
      },
      "properties": {
        "name": "Penda",
        "country": "Zambia",
        "region": "Muchinga",
        "elevation_m": null,
        "population": 0,
        "feature_type": "populated place",
        "geoname_id": 899846
      }
    },
    {
      "type": "Feature",
      "geometry": {
        "type": "Point",
        "coordinates": [
          30.3891,
          -12.86857
        ]
      },
      "properties": {
        "name": "Pencil Kalungwa",
        "country": "Zambia",
        "region": "Central Province",
        "elevation_m": null,
        "population": 0,
        "feature_type": "populated place",
        "geoname_id": 899847
      }
    },
    {
      "type": "Feature",
      "geometry": {
        "type": "Point",
        "coordinates": [
          33.36667,
          -12.56667
        ]
      },
      "properties": {
        "name": "Pempe",
        "country": "Zambia",
        "region": "Eastern Province",
        "elevation_m": null,
        "population": 0,
        "feature_type": "populated place",
        "geoname_id": 899849
      }
    },
    {
      "type": "Feature",
      "geometry": {
        "type": "Point",
        "coordinates": [
          23.51667,
          -13.48333
        ]
      },
      "properties": {
        "name": "Pembe",
        "country": "Zambia",
        "region": "North-Western",
        "elevation_m": null,
        "population": 0,
        "feature_type": "populated place",
        "geoname_id": 899855
      }
    },
    {
      "type": "Feature",
      "geometry": {
        "type": "Point",
        "coordinates": [
          31.88054,
          -13.13447
        ]
      },
      "properties": {
        "name": "Pembe",
        "country": "Zambia",
        "region": "Eastern Province",
        "elevation_m": null,
        "population": 0,
        "feature_type": "populated place",
        "geoname_id": 899856
      }
    },
    {
      "type": "Feature",
      "geometry": {
        "type": "Point",
        "coordinates": [
          32.95139,
          -14.01366
        ]
      },
      "properties": {
        "name": "Pembamoyo",
        "country": "Zambia",
        "region": "Eastern Province",
        "elevation_m": null,
        "population": 0,
        "feature_type": "populated place",
        "geoname_id": 899858
      }
    },
    {
      "type": "Feature",
      "geometry": {
        "type": "Point",
        "coordinates": [
          27.37775,
          -16.51315
        ]
      },
      "properties": {
        "name": "Pemba",
        "country": "Zambia",
        "region": "Southern Province",
        "elevation_m": null,
        "population": 0,
        "feature_type": "populated place",
        "geoname_id": 899859
      }
    },
    {
      "type": "Feature",
      "geometry": {
        "type": "Point",
        "coordinates": [
          32.45,
          -13.6
        ]
      },
      "properties": {
        "name": "Pemba",
        "country": "Zambia",
        "region": "Eastern Province",
        "elevation_m": null,
        "population": 0,
        "feature_type": "populated place",
        "geoname_id": 899860
      }
    },
    {
      "type": "Feature",
      "geometry": {
        "type": "Point",
        "coordinates": [
          31.91361,
          -13.58613
        ]
      },
      "properties": {
        "name": "Pemba",
        "country": "Zambia",
        "region": "Eastern Province",
        "elevation_m": null,
        "population": 0,
        "feature_type": "populated place",
        "geoname_id": 899861
      }
    },
    {
      "type": "Feature",
      "geometry": {
        "type": "Point",
        "coordinates": [
          32.46667,
          -13.41667
        ]
      },
      "properties": {
        "name": "Pemba",
        "country": "Zambia",
        "region": "Eastern Province",
        "elevation_m": null,
        "population": 0,
        "feature_type": "populated place",
        "geoname_id": 899862
      }
    },
    {
      "type": "Feature",
      "geometry": {
        "type": "Point",
        "coordinates": [
          33.3,
          -10.6
        ]
      },
      "properties": {
        "name": "Pemba",
        "country": "Zambia",
        "region": "Muchinga",
        "elevation_m": null,
        "population": 0,
        "feature_type": "populated place",
        "geoname_id": 899863
      }
    },
    {
      "type": "Feature",
      "geometry": {
        "type": "Point",
        "coordinates": [
          30.89218,
          -13.2246
        ]
      },
      "properties": {
        "name": "Pelesenje",
        "country": "Zambia",
        "region": "Central Province",
        "elevation_m": null,
        "population": 0,
        "feature_type": "populated place",
        "geoname_id": 899864
      }
    },
    {
      "type": "Feature",
      "geometry": {
        "type": "Point",
        "coordinates": [
          25.11667,
          -16.36667
        ]
      },
      "properties": {
        "name": "Pelembe",
        "country": "Zambia",
        "region": "Western Province",
        "elevation_m": null,
        "population": 0,
        "feature_type": "populated place",
        "geoname_id": 899865
      }
    },
    {
      "type": "Feature",
      "geometry": {
        "type": "Point",
        "coordinates": [
          23.25,
          -14.31667
        ]
      },
      "properties": {
        "name": "Pelekwa",
        "country": "Zambia",
        "region": "Western Province",
        "elevation_m": null,
        "population": 0,
        "feature_type": "populated place",
        "geoname_id": 899867
      }
    },
    {
      "type": "Feature",
      "geometry": {
        "type": "Point",
        "coordinates": [
          30.9173,
          -13.21894
        ]
      },
      "properties": {
        "name": "Peleka",
        "country": "Zambia",
        "region": "Central Province",
        "elevation_m": null,
        "population": 0,
        "feature_type": "populated place",
        "geoname_id": 899868
      }
    },
    {
      "type": "Feature",
      "geometry": {
        "type": "Point",
        "coordinates": [
          25.15,
          -14.96667
        ]
      },
      "properties": {
        "name": "Pelama",
        "country": "Zambia",
        "region": "Western Province",
        "elevation_m": null,
        "population": 0,
        "feature_type": "populated place",
        "geoname_id": 899869
      }
    },
    {
      "type": "Feature",
      "geometry": {
        "type": "Point",
        "coordinates": [
          31.95532,
          -14.08171
        ]
      },
      "properties": {
        "name": "Pekete",
        "country": "Zambia",
        "region": "Eastern Province",
        "elevation_m": null,
        "population": 0,
        "feature_type": "populated place",
        "geoname_id": 899870
      }
    },
    {
      "type": "Feature",
      "geometry": {
        "type": "Point",
        "coordinates": [
          29.6,
          -13.78333
        ]
      },
      "properties": {
        "name": "Pekankopwa",
        "country": "Zambia",
        "region": "Central Province",
        "elevation_m": null,
        "population": 0,
        "feature_type": "populated place",
        "geoname_id": 899871
      }
    },
    {
      "type": "Feature",
      "geometry": {
        "type": "Point",
        "coordinates": [
          32.4,
          -13.58333
        ]
      },
      "properties": {
        "name": "Payani",
        "country": "Zambia",
        "region": "Eastern Province",
        "elevation_m": null,
        "population": 0,
        "feature_type": "populated place",
        "geoname_id": 899873
      }
    },
    {
      "type": "Feature",
      "geometry": {
        "type": "Point",
        "coordinates": [
          31.82602,
          -14.292
        ]
      },
      "properties": {
        "name": "Paundi",
        "country": "Zambia",
        "region": "Eastern Province",
        "elevation_m": null,
        "population": 0,
        "feature_type": "populated place",
        "geoname_id": 899875
      }
    },
    {
      "type": "Feature",
      "geometry": {
        "type": "Point",
        "coordinates": [
          30.80368,
          -13.141
        ]
      },
      "properties": {
        "name": "Paulo Kamwendo",
        "country": "Zambia",
        "region": "Central Province",
        "elevation_m": null,
        "population": 0,
        "feature_type": "populated place",
        "geoname_id": 899876
      }
    },
    {
      "type": "Feature",
      "geometry": {
        "type": "Point",
        "coordinates": [
          30.37602,
          -12.97553
        ]
      },
      "properties": {
        "name": "Paul Mwelwa Chileka",
        "country": "Zambia",
        "region": "Central Province",
        "elevation_m": null,
        "population": 0,
        "feature_type": "populated place",
        "geoname_id": 899877
      }
    },
    {
      "type": "Feature",
      "geometry": {
        "type": "Point",
        "coordinates": [
          31.3,
          -14.18333
        ]
      },
      "properties": {
        "name": "Paul Mwanza",
        "country": "Zambia",
        "region": "Eastern Province",
        "elevation_m": null,
        "population": 0,
        "feature_type": "populated place",
        "geoname_id": 899878
      }
    },
    {
      "type": "Feature",
      "geometry": {
        "type": "Point",
        "coordinates": [
          30.35148,
          -12.71163
        ]
      },
      "properties": {
        "name": "Paul Chisabula",
        "country": "Zambia",
        "region": "Central Province",
        "elevation_m": null,
        "population": 0,
        "feature_type": "populated place",
        "geoname_id": 899879
      }
    },
    {
      "type": "Feature",
      "geometry": {
        "type": "Point",
        "coordinates": [
          30.66667,
          -12.78333
        ]
      },
      "properties": {
        "name": "Paul Chibuye",
        "country": "Zambia",
        "region": "Central Province",
        "elevation_m": null,
        "population": 0,
        "feature_type": "populated place",
        "geoname_id": 899880
      }
    },
    {
      "type": "Feature",
      "geometry": {
        "type": "Point",
        "coordinates": [
          23.58333,
          -14.13333
        ]
      },
      "properties": {
        "name": "Patapota",
        "country": "Zambia",
        "region": "Western Province",
        "elevation_m": null,
        "population": 0,
        "feature_type": "populated place",
        "geoname_id": 899882
      }
    },
    {
      "type": "Feature",
      "geometry": {
        "type": "Point",
        "coordinates": [
          27.3,
          -13.21667
        ]
      },
      "properties": {
        "name": "Patama",
        "country": "Zambia",
        "region": "Copperbelt",
        "elevation_m": null,
        "population": 0,
        "feature_type": "populated place",
        "geoname_id": 899884
      }
    },
    {
      "type": "Feature",
      "geometry": {
        "type": "Point",
        "coordinates": [
          30.16667,
          -12.48333
        ]
      },
      "properties": {
        "name": "Patama",
        "country": "Zambia",
        "region": "Central Province",
        "elevation_m": null,
        "population": 0,
        "feature_type": "populated place",
        "geoname_id": 899885
      }
    },
    {
      "type": "Feature",
      "geometry": {
        "type": "Point",
        "coordinates": [
          30.9072,
          -13.19664
        ]
      },
      "properties": {
        "name": "Pasinge Kasemba",
        "country": "Zambia",
        "region": "Central Province",
        "elevation_m": null,
        "population": 0,
        "feature_type": "populated place",
        "geoname_id": 899887
      }
    },
    {
      "type": "Feature",
      "geometry": {
        "type": "Point",
        "coordinates": [
          25.85,
          -17.85
        ]
      },
      "properties": {
        "name": "Park View",
        "country": "Zambia",
        "region": "Southern Province",
        "elevation_m": null,
        "population": 0,
        "feature_type": "section of populated place",
        "geoname_id": 899890
      }
    },
    {
      "type": "Feature",
      "geometry": {
        "type": "Point",
        "coordinates": [
          33.16667,
          -12.28333
        ]
      },
      "properties": {
        "name": "Papia",
        "country": "Zambia",
        "region": "Eastern Province",
        "elevation_m": null,
        "population": 0,
        "feature_type": "populated place",
        "geoname_id": 899893
      }
    },
    {
      "type": "Feature",
      "geometry": {
        "type": "Point",
        "coordinates": [
          22.68333,
          -15.01667
        ]
      },
      "properties": {
        "name": "Papelo",
        "country": "Zambia",
        "region": "Western Province",
        "elevation_m": null,
        "population": 0,
        "feature_type": "populated place",
        "geoname_id": 899894
      }
    },
    {
      "type": "Feature",
      "geometry": {
        "type": "Point",
        "coordinates": [
          27.61667,
          -12.6
        ]
      },
      "properties": {
        "name": "Papaloka",
        "country": "Zambia",
        "region": "Copperbelt",
        "elevation_m": null,
        "population": 0,
        "feature_type": "populated place",
        "geoname_id": 899897
      }
    },
    {
      "type": "Feature",
      "geometry": {
        "type": "Point",
        "coordinates": [
          27.19805,
          -14.07654
        ]
      },
      "properties": {
        "name": "Panshi",
        "country": "Zambia",
        "region": "Central Province",
        "elevation_m": null,
        "population": 0,
        "feature_type": "populated place",
        "geoname_id": 899901
      }
    },
    {
      "type": "Feature",
      "geometry": {
        "type": "Point",
        "coordinates": [
          31.91715,
          -13.26846
        ]
      },
      "properties": {
        "name": "Panku",
        "country": "Zambia",
        "region": "Eastern Province",
        "elevation_m": null,
        "population": 0,
        "feature_type": "populated place",
        "geoname_id": 899903
      }
    },
    {
      "type": "Feature",
      "geometry": {
        "type": "Point",
        "coordinates": [
          30.46667,
          -12.73333
        ]
      },
      "properties": {
        "name": "Panga",
        "country": "Zambia",
        "region": "Central Province",
        "elevation_m": null,
        "population": 0,
        "feature_type": "populated place",
        "geoname_id": 899908
      }
    },
    {
      "type": "Feature",
      "geometry": {
        "type": "Point",
        "coordinates": [
          27.98333,
          -15.2
        ]
      },
      "properties": {
        "name": "Pandula",
        "country": "Zambia",
        "region": "Central Province",
        "elevation_m": null,
        "population": 0,
        "feature_type": "populated place",
        "geoname_id": 899912
      }
    },
    {
      "type": "Feature",
      "geometry": {
        "type": "Point",
        "coordinates": [
          32.61179,
          -13.28566
        ]
      },
      "properties": {
        "name": "Pandi",
        "country": "Zambia",
        "region": "Eastern Province",
        "elevation_m": null,
        "population": 0,
        "feature_type": "populated place",
        "geoname_id": 899914
      }
    },
    {
      "type": "Feature",
      "geometry": {
        "type": "Point",
        "coordinates": [
          27.91667,
          -14.91667
        ]
      },
      "properties": {
        "name": "Pande",
        "country": "Zambia",
        "region": "Central Province",
        "elevation_m": null,
        "population": 0,
        "feature_type": "populated place",
        "geoname_id": 899918
      }
    },
    {
      "type": "Feature",
      "geometry": {
        "type": "Point",
        "coordinates": [
          31.68418,
          -14.31222
        ]
      },
      "properties": {
        "name": "Pandala",
        "country": "Zambia",
        "region": "Eastern Province",
        "elevation_m": null,
        "population": 0,
        "feature_type": "populated place",
        "geoname_id": 899919
      }
    },
    {
      "type": "Feature",
      "geometry": {
        "type": "Point",
        "coordinates": [
          32.3188,
          -10.16099
        ]
      },
      "properties": {
        "name": "Pamelele",
        "country": "Zambia",
        "region": "Muchinga",
        "elevation_m": null,
        "population": 0,
        "feature_type": "populated place",
        "geoname_id": 899922
      }
    },
    {
      "type": "Feature",
      "geometry": {
        "type": "Point",
        "coordinates": [
          28.81667,
          -16.16667
        ]
      },
      "properties": {
        "name": "Pambazana",
        "country": "Zambia",
        "region": "Southern Province",
        "elevation_m": null,
        "population": 0,
        "feature_type": "populated place",
        "geoname_id": 899923
      }
    },
    {
      "type": "Feature",
      "geometry": {
        "type": "Point",
        "coordinates": [
          32.46667,
          -12.23333
        ]
      },
      "properties": {
        "name": "Palmgrove",
        "country": "Zambia",
        "region": "Eastern Province",
        "elevation_m": null,
        "population": 0,
        "feature_type": "populated place",
        "geoname_id": 899929
      }
    },
    {
      "type": "Feature",
      "geometry": {
        "type": "Point",
        "coordinates": [
          25.05,
          -16.5
        ]
      },
      "properties": {
        "name": "Palata",
        "country": "Zambia",
        "region": "Western Province",
        "elevation_m": null,
        "population": 0,
        "feature_type": "populated place",
        "geoname_id": 899935
      }
    },
    {
      "type": "Feature",
      "geometry": {
        "type": "Point",
        "coordinates": [
          22.38333,
          -13.43333
        ]
      },
      "properties": {
        "name": "Palapala",
        "country": "Zambia",
        "region": "North-Western",
        "elevation_m": null,
        "population": 0,
        "feature_type": "populated place",
        "geoname_id": 899937
      }
    },
    {
      "type": "Feature",
      "geometry": {
        "type": "Point",
        "coordinates": [
          23.38333,
          -14.93333
        ]
      },
      "properties": {
        "name": "Palanyana",
        "country": "Zambia",
        "region": "Western Province",
        "elevation_m": null,
        "population": 0,
        "feature_type": "populated place",
        "geoname_id": 899938
      }
    },
    {
      "type": "Feature",
      "geometry": {
        "type": "Point",
        "coordinates": [
          30.63546,
          -12.8906
        ]
      },
      "properties": {
        "name": "Pakeni Mwape",
        "country": "Zambia",
        "region": "Central Province",
        "elevation_m": null,
        "population": 0,
        "feature_type": "populated place",
        "geoname_id": 899944
      }
    },
    {
      "type": "Feature",
      "geometry": {
        "type": "Point",
        "coordinates": [
          26.28333,
          -12.48333
        ]
      },
      "properties": {
        "name": "Pakarepi",
        "country": "Zambia",
        "region": "North-Western",
        "elevation_m": null,
        "population": 0,
        "feature_type": "populated place",
        "geoname_id": 899945
      }
    },
    {
      "type": "Feature",
      "geometry": {
        "type": "Point",
        "coordinates": [
          30.34418,
          -12.80211
        ]
      },
      "properties": {
        "name": "Pai Mutakasha",
        "country": "Zambia",
        "region": "Central Province",
        "elevation_m": null,
        "population": 0,
        "feature_type": "populated place",
        "geoname_id": 899946
      }
    },
    {
      "type": "Feature",
      "geometry": {
        "type": "Point",
        "coordinates": [
          32.05933,
          -14.1742
        ]
      },
      "properties": {
        "name": "Paela",
        "country": "Zambia",
        "region": "Eastern Province",
        "elevation_m": null,
        "population": 0,
        "feature_type": "populated place",
        "geoname_id": 899947
      }
    },
    {
      "type": "Feature",
      "geometry": {
        "type": "Point",
        "coordinates": [
          32.19661,
          -14.32747
        ]
      },
      "properties": {
        "name": "Padooko",
        "country": "Zambia",
        "region": "Eastern Province",
        "elevation_m": null,
        "population": 0,
        "feature_type": "populated place",
        "geoname_id": 899948
      }
    },
    {
      "type": "Feature",
      "geometry": {
        "type": "Point",
        "coordinates": [
          29.9,
          -13.15
        ]
      },
      "properties": {
        "name": "Pachemba",
        "country": "Zambia",
        "region": "Central Province",
        "elevation_m": null,
        "population": 0,
        "feature_type": "populated place",
        "geoname_id": 899949
      }
    },
    {
      "type": "Feature",
      "geometry": {
        "type": "Point",
        "coordinates": [
          31.66667,
          -13.31667
        ]
      },
      "properties": {
        "name": "Oove Msaope",
        "country": "Zambia",
        "region": "Eastern Province",
        "elevation_m": null,
        "population": 0,
        "feature_type": "populated place",
        "geoname_id": 899957
      }
    },
    {
      "type": "Feature",
      "geometry": {
        "type": "Point",
        "coordinates": [
          31.13192,
          -10.1262
        ]
      },
      "properties": {
        "name": "Onole",
        "country": "Zambia",
        "region": "Northern Province",
        "elevation_m": null,
        "population": 0,
        "feature_type": "populated place",
        "geoname_id": 899958
      }
    },
    {
      "type": "Feature",
      "geometry": {
        "type": "Point",
        "coordinates": [
          28.31667,
          -15.38333
        ]
      },
      "properties": {
        "name": "Olympia Park",
        "country": "Zambia",
        "region": "Lusaka Province",
        "elevation_m": null,
        "population": 0,
        "feature_type": "section of populated place",
        "geoname_id": 899968
      }
    },
    {
      "type": "Feature",
      "geometry": {
        "type": "Point",
        "coordinates": [
          30.05,
          -12.31667
        ]
      },
      "properties": {
        "name": "Olomani",
        "country": "Zambia",
        "region": "Central Province",
        "elevation_m": null,
        "population": 0,
        "feature_type": "populated place",
        "geoname_id": 899970
      }
    },
    {
      "type": "Feature",
      "geometry": {
        "type": "Point",
        "coordinates": [
          23.15,
          -15.63333
        ]
      },
      "properties": {
        "name": "Ololo",
        "country": "Zambia",
        "region": "Western Province",
        "elevation_m": null,
        "population": 0,
        "feature_type": "populated place",
        "geoname_id": 899971
      }
    },
    {
      "type": "Feature",
      "geometry": {
        "type": "Point",
        "coordinates": [
          27.81667,
          -16.55
        ]
      },
      "properties": {
        "name": "Oligonkezya",
        "country": "Zambia",
        "region": "Southern Province",
        "elevation_m": null,
        "population": 0,
        "feature_type": "populated place",
        "geoname_id": 899972
      }
    },
    {
      "type": "Feature",
      "geometry": {
        "type": "Point",
        "coordinates": [
          32.16144,
          -14.30628
        ]
      },
      "properties": {
        "name": "Old Songwe",
        "country": "Zambia",
        "region": "Eastern Province",
        "elevation_m": null,
        "population": 0,
        "feature_type": "populated place",
        "geoname_id": 899973
      }
    },
    {
      "type": "Feature",
      "geometry": {
        "type": "Point",
        "coordinates": [
          24.22316,
          -17.46226
        ]
      },
      "properties": {
        "name": "Sizuka",
        "country": "Zambia",
        "region": "Western Province",
        "elevation_m": null,
        "population": 0,
        "feature_type": "populated place",
        "geoname_id": 899974
      }
    },
    {
      "type": "Feature",
      "geometry": {
        "type": "Point",
        "coordinates": [
          31.0863,
          -14.0392
        ]
      },
      "properties": {
        "name": "Old Petauke",
        "country": "Zambia",
        "region": "Eastern Province",
        "elevation_m": null,
        "population": 0,
        "feature_type": "populated place",
        "geoname_id": 899975
      }
    },
    {
      "type": "Feature",
      "geometry": {
        "type": "Point",
        "coordinates": [
          29.36295,
          -14.35492
        ]
      },
      "properties": {
        "name": "Old Mkushi",
        "country": "Zambia",
        "region": "Central Province",
        "elevation_m": null,
        "population": 0,
        "feature_type": "populated place",
        "geoname_id": 899976
      }
    },
    {
      "type": "Feature",
      "geometry": {
        "type": "Point",
        "coordinates": [
          24.21979,
          -13.30115
        ]
      },
      "properties": {
        "name": "Old Manyinga",
        "country": "Zambia",
        "region": "North-Western",
        "elevation_m": null,
        "population": 0,
        "feature_type": "populated place",
        "geoname_id": 899977
      }
    },
    {
      "type": "Feature",
      "geometry": {
        "type": "Point",
        "coordinates": [
          33.16667,
          -11.95
        ]
      },
      "properties": {
        "name": "Old Magodi",
        "country": "Zambia",
        "region": "Eastern Province",
        "elevation_m": null,
        "population": 0,
        "feature_type": "populated place",
        "geoname_id": 899978
      }
    },
    {
      "type": "Feature",
      "geometry": {
        "type": "Point",
        "coordinates": [
          27.65,
          -15.2
        ]
      },
      "properties": {
        "name": "Old Chibuluma",
        "country": "Zambia",
        "region": "Central Province",
        "elevation_m": null,
        "population": 0,
        "feature_type": "populated place",
        "geoname_id": 899982
      }
    },
    {
      "type": "Feature",
      "geometry": {
        "type": "Point",
        "coordinates": [
          30.31667,
          -12.73333
        ]
      },
      "properties": {
        "name": "Oka Mataka",
        "country": "Zambia",
        "region": "Central Province",
        "elevation_m": null,
        "population": 0,
        "feature_type": "populated place",
        "geoname_id": 899983
      }
    },
    {
      "type": "Feature",
      "geometry": {
        "type": "Point",
        "coordinates": [
          30.40004,
          -12.67236
        ]
      },
      "properties": {
        "name": "Oka Kamwendo",
        "country": "Zambia",
        "region": "Central Province",
        "elevation_m": null,
        "population": 0,
        "feature_type": "populated place",
        "geoname_id": 899984
      }
    },
    {
      "type": "Feature",
      "geometry": {
        "type": "Point",
        "coordinates": [
          30.36189,
          -12.86698
        ]
      },
      "properties": {
        "name": "Oka Chabala",
        "country": "Zambia",
        "region": "Central Province",
        "elevation_m": null,
        "population": 0,
        "feature_type": "populated place",
        "geoname_id": 899985
      }
    },
    {
      "type": "Feature",
      "geometry": {
        "type": "Point",
        "coordinates": [
          22.11667,
          -14.48333
        ]
      },
      "properties": {
        "name": "Oayo",
        "country": "Zambia",
        "region": "Western Province",
        "elevation_m": null,
        "population": 0,
        "feature_type": "populated place",
        "geoname_id": 899987
      }
    },
    {
      "type": "Feature",
      "geometry": {
        "type": "Point",
        "coordinates": [
          31.31667,
          -14.35
        ]
      },
      "properties": {
        "name": "Nzunguni",
        "country": "Zambia",
        "region": "Eastern Province",
        "elevation_m": null,
        "population": 0,
        "feature_type": "populated place",
        "geoname_id": 899988
      }
    },
    {
      "type": "Feature",
      "geometry": {
        "type": "Point",
        "coordinates": [
          25.91667,
          -17.36667
        ]
      },
      "properties": {
        "name": "Nzunge",
        "country": "Zambia",
        "region": "Southern Province",
        "elevation_m": null,
        "population": 0,
        "feature_type": "populated place",
        "geoname_id": 899989
      }
    },
    {
      "type": "Feature",
      "geometry": {
        "type": "Point",
        "coordinates": [
          27.3,
          -15.46667
        ]
      },
      "properties": {
        "name": "Nzovu",
        "country": "Zambia",
        "region": "Central Province",
        "elevation_m": null,
        "population": 0,
        "feature_type": "populated place",
        "geoname_id": 899993
      }
    },
    {
      "type": "Feature",
      "geometry": {
        "type": "Point",
        "coordinates": [
          26.77318,
          -15.4132
        ]
      },
      "properties": {
        "name": "Nzovu",
        "country": "Zambia",
        "region": "Southern Province",
        "elevation_m": null,
        "population": 0,
        "feature_type": "populated place",
        "geoname_id": 899994
      }
    },
    {
      "type": "Feature",
      "geometry": {
        "type": "Point",
        "coordinates": [
          31.52477,
          -14.54865
        ]
      },
      "properties": {
        "name": "Nzoole",
        "country": "Zambia",
        "region": "Eastern Province",
        "elevation_m": null,
        "population": 0,
        "feature_type": "populated place",
        "geoname_id": 899995
      }
    },
    {
      "type": "Feature",
      "geometry": {
        "type": "Point",
        "coordinates": [
          24.55,
          -15.56667
        ]
      },
      "properties": {
        "name": "Nzinzi",
        "country": "Zambia",
        "region": "Western Province",
        "elevation_m": null,
        "population": 0,
        "feature_type": "populated place",
        "geoname_id": 899997
      }
    },
    {
      "type": "Feature",
      "geometry": {
        "type": "Point",
        "coordinates": [
          24.1,
          -17.21667
        ]
      },
      "properties": {
        "name": "Nzimba",
        "country": "Zambia",
        "region": "Western Province",
        "elevation_m": null,
        "population": 0,
        "feature_type": "populated place",
        "geoname_id": 899998
      }
    },
    {
      "type": "Feature",
      "geometry": {
        "type": "Point",
        "coordinates": [
          25.05,
          -14.4
        ]
      },
      "properties": {
        "name": "Nzele",
        "country": "Zambia",
        "region": "Eastern Province",
        "elevation_m": null,
        "population": 0,
        "feature_type": "populated place",
        "geoname_id": 899999
      }
    },
    {
      "type": "Feature",
      "geometry": {
        "type": "Point",
        "coordinates": [
          27.31667,
          -15.2
        ]
      },
      "properties": {
        "name": "Nzavu",
        "country": "Zambia",
        "region": "Central Province",
        "elevation_m": null,
        "population": 0,
        "feature_type": "populated place",
        "geoname_id": 900001
      }
    },
    {
      "type": "Feature",
      "geometry": {
        "type": "Point",
        "coordinates": [
          27.26667,
          -17.45
        ]
      },
      "properties": {
        "name": "Nzambala",
        "country": "Zambia",
        "region": "Southern Province",
        "elevation_m": null,
        "population": 0,
        "feature_type": "populated place",
        "geoname_id": 900002
      }
    },
    {
      "type": "Feature",
      "geometry": {
        "type": "Point",
        "coordinates": [
          32.46597,
          -13.7636
        ]
      },
      "properties": {
        "name": "Nzamane",
        "country": "Zambia",
        "region": "Eastern Province",
        "elevation_m": null,
        "population": 0,
        "feature_type": "populated place",
        "geoname_id": 900003
      }
    },
    {
      "type": "Feature",
      "geometry": {
        "type": "Point",
        "coordinates": [
          32.76667,
          -13.51667
        ]
      },
      "properties": {
        "name": "Nzamane",
        "country": "Zambia",
        "region": "Eastern Province",
        "elevation_m": null,
        "population": 0,
        "feature_type": "populated place",
        "geoname_id": 900004
      }
    },
    {
      "type": "Feature",
      "geometry": {
        "type": "Point",
        "coordinates": [
          22.16667,
          -14.95
        ]
      },
      "properties": {
        "name": "Nyunyi",
        "country": "Zambia",
        "region": "Western Province",
        "elevation_m": null,
        "population": 0,
        "feature_type": "populated place",
        "geoname_id": 900007
      }
    },
    {
      "type": "Feature",
      "geometry": {
        "type": "Point",
        "coordinates": [
          33.01667,
          -10.25
        ]
      },
      "properties": {
        "name": "Nyungwe",
        "country": "Zambia",
        "region": "Muchinga",
        "elevation_m": null,
        "population": 0,
        "feature_type": "populated place",
        "geoname_id": 900010
      }
    },
    {
      "type": "Feature",
      "geometry": {
        "type": "Point",
        "coordinates": [
          25,
          -16.33333
        ]
      },
      "properties": {
        "name": "Nyungu",
        "country": "Zambia",
        "region": "Western Province",
        "elevation_m": null,
        "population": 0,
        "feature_type": "populated place",
        "geoname_id": 900012
      }
    },
    {
      "type": "Feature",
      "geometry": {
        "type": "Point",
        "coordinates": [
          22.35,
          -14.91667
        ]
      },
      "properties": {
        "name": "Nyungu",
        "country": "Zambia",
        "region": "Western Province",
        "elevation_m": null,
        "population": 0,
        "feature_type": "populated place",
        "geoname_id": 900013
      }
    },
    {
      "type": "Feature",
      "geometry": {
        "type": "Point",
        "coordinates": [
          23.16667,
          -16.56667
        ]
      },
      "properties": {
        "name": "Nyungano",
        "country": "Zambia",
        "region": "Western Province",
        "elevation_m": null,
        "population": 0,
        "feature_type": "populated place",
        "geoname_id": 900015
      }
    },
    {
      "type": "Feature",
      "geometry": {
        "type": "Point",
        "coordinates": [
          24.86667,
          -16.13333
        ]
      },
      "properties": {
        "name": "Nyundu",
        "country": "Zambia",
        "region": "Western Province",
        "elevation_m": null,
        "population": 0,
        "feature_type": "populated place",
        "geoname_id": 900017
      }
    },
    {
      "type": "Feature",
      "geometry": {
        "type": "Point",
        "coordinates": [
          24.95,
          -15.68333
        ]
      },
      "properties": {
        "name": "Nyundu",
        "country": "Zambia",
        "region": "Western Province",
        "elevation_m": null,
        "population": 0,
        "feature_type": "populated place",
        "geoname_id": 900018
      }
    },
    {
      "type": "Feature",
      "geometry": {
        "type": "Point",
        "coordinates": [
          24.61667,
          -15.25
        ]
      },
      "properties": {
        "name": "Nyundu",
        "country": "Zambia",
        "region": "Western Province",
        "elevation_m": null,
        "population": 0,
        "feature_type": "populated place",
        "geoname_id": 900019
      }
    },
    {
      "type": "Feature",
      "geometry": {
        "type": "Point",
        "coordinates": [
          24.46667,
          -15.06667
        ]
      },
      "properties": {
        "name": "Nyundu",
        "country": "Zambia",
        "region": "Western Province",
        "elevation_m": null,
        "population": 0,
        "feature_type": "populated place",
        "geoname_id": 900020
      }
    },
    {
      "type": "Feature",
      "geometry": {
        "type": "Point",
        "coordinates": [
          23.01667,
          -14.58333
        ]
      },
      "properties": {
        "name": "Nyundu",
        "country": "Zambia",
        "region": "Western Province",
        "elevation_m": null,
        "population": 0,
        "feature_type": "populated place",
        "geoname_id": 900021
      }
    },
    {
      "type": "Feature",
      "geometry": {
        "type": "Point",
        "coordinates": [
          23.23333,
          -14.21667
        ]
      },
      "properties": {
        "name": "Nyundu",
        "country": "Zambia",
        "region": "Western Province",
        "elevation_m": null,
        "population": 0,
        "feature_type": "populated place",
        "geoname_id": 900022
      }
    },
    {
      "type": "Feature",
      "geometry": {
        "type": "Point",
        "coordinates": [
          24.26143,
          -12.84475
        ]
      },
      "properties": {
        "name": "Nyundu",
        "country": "Zambia",
        "region": "North-Western",
        "elevation_m": null,
        "population": 0,
        "feature_type": "populated place",
        "geoname_id": 900023
      }
    },
    {
      "type": "Feature",
      "geometry": {
        "type": "Point",
        "coordinates": [
          31.83333,
          -14.41667
        ]
      },
      "properties": {
        "name": "Nyundo",
        "country": "Zambia",
        "region": "Eastern Province",
        "elevation_m": null,
        "population": 0,
        "feature_type": "populated place",
        "geoname_id": 900025
      }
    },
    {
      "type": "Feature",
      "geometry": {
        "type": "Point",
        "coordinates": [
          26.36667,
          -15.16667
        ]
      },
      "properties": {
        "name": "Nyumbwe",
        "country": "Zambia",
        "region": "Central Province",
        "elevation_m": null,
        "population": 0,
        "feature_type": "populated place",
        "geoname_id": 900026
      }
    },
    {
      "type": "Feature",
      "geometry": {
        "type": "Point",
        "coordinates": [
          22.55,
          -14.91667
        ]
      },
      "properties": {
        "name": "Nyumbu",
        "country": "Zambia",
        "region": "Western Province",
        "elevation_m": null,
        "population": 0,
        "feature_type": "populated place",
        "geoname_id": 900027
      }
    },
    {
      "type": "Feature",
      "geometry": {
        "type": "Point",
        "coordinates": [
          32.7745,
          -14.02393
        ]
      },
      "properties": {
        "name": "Nyumbu",
        "country": "Zambia",
        "region": "Eastern Province",
        "elevation_m": null,
        "population": 0,
        "feature_type": "populated place",
        "geoname_id": 900028
      }
    },
    {
      "type": "Feature",
      "geometry": {
        "type": "Point",
        "coordinates": [
          29.38333,
          -15
        ]
      },
      "properties": {
        "name": "Nyukato",
        "country": "Zambia",
        "region": "Lusaka Province",
        "elevation_m": null,
        "population": 0,
        "feature_type": "populated place",
        "geoname_id": 900035
      }
    },
    {
      "type": "Feature",
      "geometry": {
        "type": "Point",
        "coordinates": [
          30.15,
          -11.86667
        ]
      },
      "properties": {
        "name": "Nyremu",
        "country": "Zambia",
        "region": "Muchinga",
        "elevation_m": null,
        "population": 0,
        "feature_type": "populated place",
        "geoname_id": 900036
      }
    },
    {
      "type": "Feature",
      "geometry": {
        "type": "Point",
        "coordinates": [
          31.4665,
          -14.50992
        ]
      },
      "properties": {
        "name": "Nyonyo",
        "country": "Zambia",
        "region": "Eastern Province",
        "elevation_m": null,
        "population": 0,
        "feature_type": "populated place",
        "geoname_id": 900039
      }
    },
    {
      "type": "Feature",
      "geometry": {
        "type": "Point",
        "coordinates": [
          23.53333,
          -15.6
        ]
      },
      "properties": {
        "name": "Nyongola",
        "country": "Zambia",
        "region": "Western Province",
        "elevation_m": null,
        "population": 0,
        "feature_type": "populated place",
        "geoname_id": 900041
      }
    },
    {
      "type": "Feature",
      "geometry": {
        "type": "Point",
        "coordinates": [
          32.42281,
          -13.53448
        ]
      },
      "properties": {
        "name": "Nyongo",
        "country": "Zambia",
        "region": "Eastern Province",
        "elevation_m": null,
        "population": 0,
        "feature_type": "populated place",
        "geoname_id": 900042
      }
    },
    {
      "type": "Feature",
      "geometry": {
        "type": "Point",
        "coordinates": [
          31.08333,
          -10.18333
        ]
      },
      "properties": {
        "name": "Nyola",
        "country": "Zambia",
        "region": "Northern Province",
        "elevation_m": null,
        "population": 0,
        "feature_type": "populated place",
        "geoname_id": 900045
      }
    },
    {
      "type": "Feature",
      "geometry": {
        "type": "Point",
        "coordinates": [
          26.89724,
          -14.84363
        ]
      },
      "properties": {
        "name": "Nyoko",
        "country": "Zambia",
        "region": "Central Province",
        "elevation_m": null,
        "population": 0,
        "feature_type": "populated place",
        "geoname_id": 900046
      }
    },
    {
      "type": "Feature",
      "geometry": {
        "type": "Point",
        "coordinates": [
          26.6,
          -13.35
        ]
      },
      "properties": {
        "name": "Nyoka",
        "country": "Zambia",
        "region": "North-Western",
        "elevation_m": null,
        "population": 0,
        "feature_type": "populated place",
        "geoname_id": 900047
      }
    },
    {
      "type": "Feature",
      "geometry": {
        "type": "Point",
        "coordinates": [
          27.28333,
          -15.73333
        ]
      },
      "properties": {
        "name": "Nyimba",
        "country": "Zambia",
        "region": "Southern Province",
        "elevation_m": null,
        "population": 0,
        "feature_type": "populated place",
        "geoname_id": 900055
      }
    },
    {
      "type": "Feature",
      "geometry": {
        "type": "Point",
        "coordinates": [
          22.31667,
          -14.93333
        ]
      },
      "properties": {
        "name": "Nyeyengo",
        "country": "Zambia",
        "region": "Western Province",
        "elevation_m": null,
        "population": 0,
        "feature_type": "populated place",
        "geoname_id": 900063
      }
    },
    {
      "type": "Feature",
      "geometry": {
        "type": "Point",
        "coordinates": [
          32.4,
          -13.55
        ]
      },
      "properties": {
        "name": "Nyerere",
        "country": "Zambia",
        "region": "Eastern Province",
        "elevation_m": null,
        "population": 0,
        "feature_type": "populated place",
        "geoname_id": 900064
      }
    },
    {
      "type": "Feature",
      "geometry": {
        "type": "Point",
        "coordinates": [
          28.66173,
          -13.4972
        ]
      },
      "properties": {
        "name": "Nyenyeshi",
        "country": "Zambia",
        "region": "Copperbelt",
        "elevation_m": null,
        "population": 0,
        "feature_type": "populated place",
        "geoname_id": 900066
      }
    },
    {
      "type": "Feature",
      "geometry": {
        "type": "Point",
        "coordinates": [
          27.48333,
          -16.63333
        ]
      },
      "properties": {
        "name": "Nyende",
        "country": "Zambia",
        "region": "Southern Province",
        "elevation_m": null,
        "population": 0,
        "feature_type": "populated place",
        "geoname_id": 900073
      }
    },
    {
      "type": "Feature",
      "geometry": {
        "type": "Point",
        "coordinates": [
          32.88443,
          -10.52248
        ]
      },
      "properties": {
        "name": "Nyembe",
        "country": "Zambia",
        "region": "Muchinga",
        "elevation_m": null,
        "population": 0,
        "feature_type": "populated place",
        "geoname_id": 900075
      }
    },
    {
      "type": "Feature",
      "geometry": {
        "type": "Point",
        "coordinates": [
          27.52475,
          -14.60401
        ]
      },
      "properties": {
        "name": "Nyemba",
        "country": "Zambia",
        "region": "Central Province",
        "elevation_m": null,
        "population": 0,
        "feature_type": "populated place",
        "geoname_id": 900078
      }
    },
    {
      "type": "Feature",
      "geometry": {
        "type": "Point",
        "coordinates": [
          25.65545,
          -13.39197
        ]
      },
      "properties": {
        "name": "Nyemba",
        "country": "Zambia",
        "region": "North-Western",
        "elevation_m": null,
        "population": 0,
        "feature_type": "populated place",
        "geoname_id": 900079
      }
    },
    {
      "type": "Feature",
      "geometry": {
        "type": "Point",
        "coordinates": [
          31.35015,
          -14.41916
        ]
      },
      "properties": {
        "name": "Nyazoma",
        "country": "Zambia",
        "region": "Eastern Province",
        "elevation_m": null,
        "population": 0,
        "feature_type": "populated place",
        "geoname_id": 900084
      }
    },
    {
      "type": "Feature",
      "geometry": {
        "type": "Point",
        "coordinates": [
          32.83079,
          -13.52607
        ]
      },
      "properties": {
        "name": "Nyaziomyu",
        "country": "Zambia",
        "region": "Eastern Province",
        "elevation_m": null,
        "population": 0,
        "feature_type": "populated place",
        "geoname_id": 900085
      }
    },
    {
      "type": "Feature",
      "geometry": {
        "type": "Point",
        "coordinates": [
          22.51667,
          -13.66667
        ]
      },
      "properties": {
        "name": "Nyawanda",
        "country": "Zambia",
        "region": "North-Western",
        "elevation_m": null,
        "population": 0,
        "feature_type": "populated place",
        "geoname_id": 900088
      }
    },
    {
      "type": "Feature",
      "geometry": {
        "type": "Point",
        "coordinates": [
          25.89233,
          -17.18342
        ]
      },
      "properties": {
        "name": "Nyawa",
        "country": "Zambia",
        "region": "Southern Province",
        "elevation_m": null,
        "population": 0,
        "feature_type": "populated place",
        "geoname_id": 900089
      }
    },
    {
      "type": "Feature",
      "geometry": {
        "type": "Point",
        "coordinates": [
          31.71667,
          -14.35
        ]
      },
      "properties": {
        "name": "Nyavuta Chikwena",
        "country": "Zambia",
        "region": "Eastern Province",
        "elevation_m": null,
        "population": 0,
        "feature_type": "populated place",
        "geoname_id": 900090
      }
    },
    {
      "type": "Feature",
      "geometry": {
        "type": "Point",
        "coordinates": [
          31.38825,
          -14.53956
        ]
      },
      "properties": {
        "name": "Nyavndi",
        "country": "Zambia",
        "region": "Eastern Province",
        "elevation_m": null,
        "population": 0,
        "feature_type": "populated place",
        "geoname_id": 900091
      }
    },
    {
      "type": "Feature",
      "geometry": {
        "type": "Point",
        "coordinates": [
          31.7,
          -14.5
        ]
      },
      "properties": {
        "name": "Nyatuwondo",
        "country": "Zambia",
        "region": "Eastern Province",
        "elevation_m": null,
        "population": 0,
        "feature_type": "populated place",
        "geoname_id": 900100
      }
    },
    {
      "type": "Feature",
      "geometry": {
        "type": "Point",
        "coordinates": [
          31.03333,
          -14.48333
        ]
      },
      "properties": {
        "name": "Nyatunguzike",
        "country": "Zambia",
        "region": "Eastern Province",
        "elevation_m": null,
        "population": 0,
        "feature_type": "populated place",
        "geoname_id": 900105
      }
    },
    {
      "type": "Feature",
      "geometry": {
        "type": "Point",
        "coordinates": [
          31.64254,
          -14.48505
        ]
      },
      "properties": {
        "name": "Nyatande",
        "country": "Zambia",
        "region": "Eastern Province",
        "elevation_m": null,
        "population": 0,
        "feature_type": "populated place",
        "geoname_id": 900110
      }
    },
    {
      "type": "Feature",
      "geometry": {
        "type": "Point",
        "coordinates": [
          22.2,
          -13.15
        ]
      },
      "properties": {
        "name": "Nyatanda",
        "country": "Zambia",
        "region": "North-Western",
        "elevation_m": null,
        "population": 0,
        "feature_type": "populated place",
        "geoname_id": 900111
      }
    },
    {
      "type": "Feature",
      "geometry": {
        "type": "Point",
        "coordinates": [
          24.58125,
          -11.73389
        ]
      },
      "properties": {
        "name": "Nyasomba",
        "country": "Zambia",
        "region": "North-Western",
        "elevation_m": null,
        "population": 0,
        "feature_type": "populated place",
        "geoname_id": 900113
      }
    },
    {
      "type": "Feature",
      "geometry": {
        "type": "Point",
        "coordinates": [
          33.13333,
          -12.26667
        ]
      },
      "properties": {
        "name": "Nyarvanga",
        "country": "Zambia",
        "region": "Eastern Province",
        "elevation_m": null,
        "population": 0,
        "feature_type": "populated place",
        "geoname_id": 900116
      }
    },
    {
      "type": "Feature",
      "geometry": {
        "type": "Point",
        "coordinates": [
          23.21667,
          -13.91667
        ]
      },
      "properties": {
        "name": "Nyapasa",
        "country": "Zambia",
        "region": "North-Western",
        "elevation_m": null,
        "population": 0,
        "feature_type": "populated place",
        "geoname_id": 900117
      }
    },
    {
      "type": "Feature",
      "geometry": {
        "type": "Point",
        "coordinates": [
          31.43333,
          -14.48333
        ]
      },
      "properties": {
        "name": "Nyanzingwe",
        "country": "Zambia",
        "region": "Eastern Province",
        "elevation_m": null,
        "population": 0,
        "feature_type": "populated place",
        "geoname_id": 900119
      }
    },
    {
      "type": "Feature",
      "geometry": {
        "type": "Point",
        "coordinates": [
          30.80067,
          -14.54119
        ]
      },
      "properties": {
        "name": "Nyankwaya",
        "country": "Zambia",
        "region": "Eastern Province",
        "elevation_m": null,
        "population": 0,
        "feature_type": "populated place",
        "geoname_id": 900132
      }
    },
    {
      "type": "Feature",
      "geometry": {
        "type": "Point",
        "coordinates": [
          31.35196,
          -14.62843
        ]
      },
      "properties": {
        "name": "Nyankundi",
        "country": "Zambia",
        "region": "Eastern Province",
        "elevation_m": null,
        "population": 0,
        "feature_type": "populated place",
        "geoname_id": 900133
      }
    },
    {
      "type": "Feature",
      "geometry": {
        "type": "Point",
        "coordinates": [
          32.9,
          -10.63333
        ]
      },
      "properties": {
        "name": "Nyanjo",
        "country": "Zambia",
        "region": "Muchinga",
        "elevation_m": null,
        "population": 0,
        "feature_type": "populated place",
        "geoname_id": 900139
      }
    },
    {
      "type": "Feature",
      "geometry": {
        "type": "Point",
        "coordinates": [
          23.3,
          -13.96667
        ]
      },
      "properties": {
        "name": "Nyanjimba",
        "country": "Zambia",
        "region": "North-Western",
        "elevation_m": null,
        "population": 0,
        "feature_type": "populated place",
        "geoname_id": 900141
      }
    },
    {
      "type": "Feature",
      "geometry": {
        "type": "Point",
        "coordinates": [
          31.83333,
          -14.41667
        ]
      },
      "properties": {
        "name": "Nyanjeta",
        "country": "Zambia",
        "region": "Eastern Province",
        "elevation_m": null,
        "population": 0,
        "feature_type": "populated place",
        "geoname_id": 900143
      }
    },
    {
      "type": "Feature",
      "geometry": {
        "type": "Point",
        "coordinates": [
          31.8,
          -14.4
        ]
      },
      "properties": {
        "name": "Nyanje",
        "country": "Zambia",
        "region": "Eastern Province",
        "elevation_m": null,
        "population": 0,
        "feature_type": "populated place",
        "geoname_id": 900144
      }
    },
    {
      "type": "Feature",
      "geometry": {
        "type": "Point",
        "coordinates": [
          23.73333,
          -13.55
        ]
      },
      "properties": {
        "name": "Nyangwali",
        "country": "Zambia",
        "region": "North-Western",
        "elevation_m": null,
        "population": 0,
        "feature_type": "populated place",
        "geoname_id": 900151
      }
    },
    {
      "type": "Feature",
      "geometry": {
        "type": "Point",
        "coordinates": [
          31.88333,
          -14.43333
        ]
      },
      "properties": {
        "name": "Nyangoza",
        "country": "Zambia",
        "region": "Eastern Province",
        "elevation_m": null,
        "population": 0,
        "feature_type": "populated place",
        "geoname_id": 900155
      }
    },
    {
      "type": "Feature",
      "geometry": {
        "type": "Point",
        "coordinates": [
          31.20082,
          -14.35322
        ]
      },
      "properties": {
        "name": "Nyangombe",
        "country": "Zambia",
        "region": "Eastern Province",
        "elevation_m": null,
        "population": 0,
        "feature_type": "populated place",
        "geoname_id": 900159
      }
    },
    {
      "type": "Feature",
      "geometry": {
        "type": "Point",
        "coordinates": [
          31.16667,
          -14.25
        ]
      },
      "properties": {
        "name": "Nyangombe",
        "country": "Zambia",
        "region": "Eastern Province",
        "elevation_m": null,
        "population": 0,
        "feature_type": "populated place",
        "geoname_id": 900160
      }
    },
    {
      "type": "Feature",
      "geometry": {
        "type": "Point",
        "coordinates": [
          27.08333,
          -17.66667
        ]
      },
      "properties": {
        "name": "Nyanga",
        "country": "Zambia",
        "region": "Southern Province",
        "elevation_m": null,
        "population": 0,
        "feature_type": "populated place",
        "geoname_id": 900164
      }
    },
    {
      "type": "Feature",
      "geometry": {
        "type": "Point",
        "coordinates": [
          25.35,
          -12.33333
        ]
      },
      "properties": {
        "name": "Nyanga",
        "country": "Zambia",
        "region": "North-Western",
        "elevation_m": null,
        "population": 0,
        "feature_type": "populated place",
        "geoname_id": 900165
      }
    },
    {
      "type": "Feature",
      "geometry": {
        "type": "Point",
        "coordinates": [
          32.83956,
          -13.43086
        ]
      },
      "properties": {
        "name": "Nyanda",
        "country": "Zambia",
        "region": "Eastern Province",
        "elevation_m": null,
        "population": 0,
        "feature_type": "populated place",
        "geoname_id": 900167
      }
    },
    {
      "type": "Feature",
      "geometry": {
        "type": "Point",
        "coordinates": [
          30.93696,
          -14.44101
        ]
      },
      "properties": {
        "name": "Nyanchinko",
        "country": "Zambia",
        "region": "Eastern Province",
        "elevation_m": null,
        "population": 0,
        "feature_type": "populated place",
        "geoname_id": 900169
      }
    },
    {
      "type": "Feature",
      "geometry": {
        "type": "Point",
        "coordinates": [
          24.27596,
          -12.75367
        ]
      },
      "properties": {
        "name": "Nyamwena",
        "country": "Zambia",
        "region": "North-Western",
        "elevation_m": null,
        "population": 0,
        "feature_type": "populated place",
        "geoname_id": 900172
      }
    },
    {
      "type": "Feature",
      "geometry": {
        "type": "Point",
        "coordinates": [
          23.06667,
          -13.4
        ]
      },
      "properties": {
        "name": "Nyamwana",
        "country": "Zambia",
        "region": "North-Western",
        "elevation_m": null,
        "population": 0,
        "feature_type": "populated place",
        "geoname_id": 900173
      }
    },
    {
      "type": "Feature",
      "geometry": {
        "type": "Point",
        "coordinates": [
          31.01667,
          -14.6
        ]
      },
      "properties": {
        "name": "Nyamwa",
        "country": "Zambia",
        "region": "Eastern Province",
        "elevation_m": null,
        "population": 0,
        "feature_type": "populated place",
        "geoname_id": 900174
      }
    },
    {
      "type": "Feature",
      "geometry": {
        "type": "Point",
        "coordinates": [
          31.23333,
          -13.98333
        ]
      },
      "properties": {
        "name": "Nyamuwama",
        "country": "Zambia",
        "region": "Eastern Province",
        "elevation_m": null,
        "population": 0,
        "feature_type": "populated place",
        "geoname_id": 900178
      }
    },
    {
      "type": "Feature",
      "geometry": {
        "type": "Point",
        "coordinates": [
          24.83333,
          -11.41667
        ]
      },
      "properties": {
        "name": "Nyamutinta",
        "country": "Zambia",
        "region": "North-Western",
        "elevation_m": null,
        "population": 0,
        "feature_type": "populated place",
        "geoname_id": 900180
      }
    },
    {
      "type": "Feature",
      "geometry": {
        "type": "Point",
        "coordinates": [
          22.78333,
          -15.03333
        ]
      },
      "properties": {
        "name": "Nyamutelo",
        "country": "Zambia",
        "region": "Western Province",
        "elevation_m": null,
        "population": 0,
        "feature_type": "populated place",
        "geoname_id": 900181
      }
    },
    {
      "type": "Feature",
      "geometry": {
        "type": "Point",
        "coordinates": [
          22.73333,
          -13.48333
        ]
      },
      "properties": {
        "name": "Nyamundengo",
        "country": "Zambia",
        "region": "North-Western",
        "elevation_m": null,
        "population": 0,
        "feature_type": "populated place",
        "geoname_id": 900185
      }
    },
    {
      "type": "Feature",
      "geometry": {
        "type": "Point",
        "coordinates": [
          31.51667,
          -14.51667
        ]
      },
      "properties": {
        "name": "Nyamulopa",
        "country": "Zambia",
        "region": "Eastern Province",
        "elevation_m": null,
        "population": 0,
        "feature_type": "populated place",
        "geoname_id": 900186
      }
    },
    {
      "type": "Feature",
      "geometry": {
        "type": "Point",
        "coordinates": [
          31.36667,
          -14.4
        ]
      },
      "properties": {
        "name": "Nyamulima",
        "country": "Zambia",
        "region": "Eastern Province",
        "elevation_m": null,
        "population": 0,
        "feature_type": "populated place",
        "geoname_id": 900187
      }
    },
    {
      "type": "Feature",
      "geometry": {
        "type": "Point",
        "coordinates": [
          24.9,
          -14.85
        ]
      },
      "properties": {
        "name": "Nyamukatwa",
        "country": "Zambia",
        "region": "Western Province",
        "elevation_m": null,
        "population": 0,
        "feature_type": "populated place",
        "geoname_id": 900188
      }
    },
    {
      "type": "Feature",
      "geometry": {
        "type": "Point",
        "coordinates": [
          31.9,
          -14.28333
        ]
      },
      "properties": {
        "name": "Nyamseta",
        "country": "Zambia",
        "region": "Eastern Province",
        "elevation_m": null,
        "population": 0,
        "feature_type": "populated place",
        "geoname_id": 900192
      }
    },
    {
      "type": "Feature",
      "geometry": {
        "type": "Point",
        "coordinates": [
          31.55694,
          -14.3172
        ]
      },
      "properties": {
        "name": "Nyampinga",
        "country": "Zambia",
        "region": "Eastern Province",
        "elevation_m": null,
        "population": 0,
        "feature_type": "populated place",
        "geoname_id": 900196
      }
    },
    {
      "type": "Feature",
      "geometry": {
        "type": "Point",
        "coordinates": [
          31.56993,
          -14.52796
        ]
      },
      "properties": {
        "name": "Nyamphanza",
        "country": "Zambia",
        "region": "Eastern Province",
        "elevation_m": null,
        "population": 0,
        "feature_type": "populated place",
        "geoname_id": 900198
      }
    },
    {
      "type": "Feature",
      "geometry": {
        "type": "Point",
        "coordinates": [
          31.22275,
          -14.21491
        ]
      },
      "properties": {
        "name": "Nyamphande",
        "country": "Zambia",
        "region": "Eastern Province",
        "elevation_m": null,
        "population": 0,
        "feature_type": "populated place",
        "geoname_id": 900199
      }
    },
    {
      "type": "Feature",
      "geometry": {
        "type": "Point",
        "coordinates": [
          23.31667,
          -13.36667
        ]
      },
      "properties": {
        "name": "Nyampasa",
        "country": "Zambia",
        "region": "North-Western",
        "elevation_m": null,
        "population": 0,
        "feature_type": "populated place",
        "geoname_id": 900202
      }
    },
    {
      "type": "Feature",
      "geometry": {
        "type": "Point",
        "coordinates": [
          29.88333,
          -15.2
        ]
      },
      "properties": {
        "name": "Nyampandu",
        "country": "Zambia",
        "region": "Lusaka Province",
        "elevation_m": null,
        "population": 0,
        "feature_type": "populated place",
        "geoname_id": 900205
      }
    },
    {
      "type": "Feature",
      "geometry": {
        "type": "Point",
        "coordinates": [
          31.19354,
          -14.47812
        ]
      },
      "properties": {
        "name": "Nyamkusilo",
        "country": "Zambia",
        "region": "Eastern Province",
        "elevation_m": null,
        "population": 0,
        "feature_type": "populated place",
        "geoname_id": 900210
      }
    },
    {
      "type": "Feature",
      "geometry": {
        "type": "Point",
        "coordinates": [
          31.89612,
          -14.23405
        ]
      },
      "properties": {
        "name": "Nyamkumbila",
        "country": "Zambia",
        "region": "Eastern Province",
        "elevation_m": null,
        "population": 0,
        "feature_type": "populated place",
        "geoname_id": 900211
      }
    },
    {
      "type": "Feature",
      "geometry": {
        "type": "Point",
        "coordinates": [
          31.55,
          -13.65
        ]
      },
      "properties": {
        "name": "Nyamkopa",
        "country": "Zambia",
        "region": "Eastern Province",
        "elevation_m": null,
        "population": 0,
        "feature_type": "populated place",
        "geoname_id": 900212
      }
    },
    {
      "type": "Feature",
      "geometry": {
        "type": "Point",
        "coordinates": [
          22.9,
          -15.45
        ]
      },
      "properties": {
        "name": "Nyamiana",
        "country": "Zambia",
        "region": "Western Province",
        "elevation_m": null,
        "population": 0,
        "feature_type": "populated place",
        "geoname_id": 900217
      }
    },
    {
      "type": "Feature",
      "geometry": {
        "type": "Point",
        "coordinates": [
          31.26667,
          -14.25
        ]
      },
      "properties": {
        "name": "Nyamea",
        "country": "Zambia",
        "region": "Eastern Province",
        "elevation_m": null,
        "population": 0,
        "feature_type": "populated place",
        "geoname_id": 900226
      }
    },
    {
      "type": "Feature",
      "geometry": {
        "type": "Point",
        "coordinates": [
          31.96667,
          -13.33333
        ]
      },
      "properties": {
        "name": "Nyamdera",
        "country": "Zambia",
        "region": "Eastern Province",
        "elevation_m": null,
        "population": 0,
        "feature_type": "populated place",
        "geoname_id": 900227
      }
    },
    {
      "type": "Feature",
      "geometry": {
        "type": "Point",
        "coordinates": [
          26.9242,
          -15.42735
        ]
      },
      "properties": {
        "name": "Nyambo",
        "country": "Zambia",
        "region": "Southern Province",
        "elevation_m": null,
        "population": 0,
        "feature_type": "populated place",
        "geoname_id": 900235
      }
    },
    {
      "type": "Feature",
      "geometry": {
        "type": "Point",
        "coordinates": [
          31.53333,
          -14.25
        ]
      },
      "properties": {
        "name": "Nyambo",
        "country": "Zambia",
        "region": "Eastern Province",
        "elevation_m": null,
        "population": 0,
        "feature_type": "populated place",
        "geoname_id": 900236
      }
    },
    {
      "type": "Feature",
      "geometry": {
        "type": "Point",
        "coordinates": [
          33.06667,
          -12.28333
        ]
      },
      "properties": {
        "name": "Nyambo",
        "country": "Zambia",
        "region": "Eastern Province",
        "elevation_m": null,
        "population": 0,
        "feature_type": "populated place",
        "geoname_id": 900237
      }
    },
    {
      "type": "Feature",
      "geometry": {
        "type": "Point",
        "coordinates": [
          22.13333,
          -13.08333
        ]
      },
      "properties": {
        "name": "Nyambingila",
        "country": "Zambia",
        "region": "North-Western",
        "elevation_m": null,
        "population": 0,
        "feature_type": "populated place",
        "geoname_id": 900239
      }
    },
    {
      "type": "Feature",
      "geometry": {
        "type": "Point",
        "coordinates": [
          22.6,
          -15.63333
        ]
      },
      "properties": {
        "name": "Nyambi",
        "country": "Zambia",
        "region": "Western Province",
        "elevation_m": null,
        "population": 0,
        "feature_type": "populated place",
        "geoname_id": 900240
      }
    },
    {
      "type": "Feature",
      "geometry": {
        "type": "Point",
        "coordinates": [
          32.65,
          -13.9
        ]
      },
      "properties": {
        "name": "Nyambi",
        "country": "Zambia",
        "region": "Eastern Province",
        "elevation_m": null,
        "population": 0,
        "feature_type": "populated place",
        "geoname_id": 900241
      }
    },
    {
      "type": "Feature",
      "geometry": {
        "type": "Point",
        "coordinates": [
          26.49306,
          -12.67543
        ]
      },
      "properties": {
        "name": "Nyambi",
        "country": "Zambia",
        "region": "North-Western",
        "elevation_m": null,
        "population": 0,
        "feature_type": "populated place",
        "geoname_id": 900242
      }
    },
    {
      "type": "Feature",
      "geometry": {
        "type": "Point",
        "coordinates": [
          24.16667,
          -17.18333
        ]
      },
      "properties": {
        "name": "Nyambe Wisik",
        "country": "Zambia",
        "region": "Western Province",
        "elevation_m": null,
        "population": 0,
        "feature_type": "populated place",
        "geoname_id": 900244
      }
    },
    {
      "type": "Feature",
      "geometry": {
        "type": "Point",
        "coordinates": [
          22.75,
          -15.33333
        ]
      },
      "properties": {
        "name": "Nyambe Wa Mungenda",
        "country": "Zambia",
        "region": "Western Province",
        "elevation_m": null,
        "population": 0,
        "feature_type": "populated place",
        "geoname_id": 900245
      }
    },
    {
      "type": "Feature",
      "geometry": {
        "type": "Point",
        "coordinates": [
          23.18333,
          -14.33333
        ]
      },
      "properties": {
        "name": "Nyambe Wa Lukesha",
        "country": "Zambia",
        "region": "Western Province",
        "elevation_m": null,
        "population": 0,
        "feature_type": "populated place",
        "geoname_id": 900246
      }
    },
    {
      "type": "Feature",
      "geometry": {
        "type": "Point",
        "coordinates": [
          25.64886,
          -17.55439
        ]
      },
      "properties": {
        "name": "Nyambe",
        "country": "Zambia",
        "region": "Southern Province",
        "elevation_m": null,
        "population": 0,
        "feature_type": "populated place",
        "geoname_id": 900248
      }
    },
    {
      "type": "Feature",
      "geometry": {
        "type": "Point",
        "coordinates": [
          24.88333,
          -17.48333
        ]
      },
      "properties": {
        "name": "Nyambe Mayongo",
        "country": "Zambia",
        "region": "Western Province",
        "elevation_m": null,
        "population": 0,
        "feature_type": "populated place",
        "geoname_id": 900249
      }
    },
    {
      "type": "Feature",
      "geometry": {
        "type": "Point",
        "coordinates": [
          24.88333,
          -17.5
        ]
      },
      "properties": {
        "name": "Nyambe Kangoti",
        "country": "Zambia",
        "region": "Western Province",
        "elevation_m": null,
        "population": 0,
        "feature_type": "populated place",
        "geoname_id": 900250
      }
    },
    {
      "type": "Feature",
      "geometry": {
        "type": "Point",
        "coordinates": [
          25.63333,
          -17.55
        ]
      },
      "properties": {
        "name": "Nyambe",
        "country": "Zambia",
        "region": "Southern Province",
        "elevation_m": null,
        "population": 0,
        "feature_type": "populated place",
        "geoname_id": 900252
      }
    },
    {
      "type": "Feature",
      "geometry": {
        "type": "Point",
        "coordinates": [
          24.85,
          -17.45
        ]
      },
      "properties": {
        "name": "Nyambe",
        "country": "Zambia",
        "region": "Western Province",
        "elevation_m": null,
        "population": 0,
        "feature_type": "populated place",
        "geoname_id": 900253
      }
    },
    {
      "type": "Feature",
      "geometry": {
        "type": "Point",
        "coordinates": [
          23.41667,
          -16.15
        ]
      },
      "properties": {
        "name": "Nyambe",
        "country": "Zambia",
        "region": "Western Province",
        "elevation_m": null,
        "population": 0,
        "feature_type": "populated place",
        "geoname_id": 900254
      }
    },
    {
      "type": "Feature",
      "geometry": {
        "type": "Point",
        "coordinates": [
          23.06667,
          -15.65
        ]
      },
      "properties": {
        "name": "Nyambe",
        "country": "Zambia",
        "region": "Western Province",
        "elevation_m": null,
        "population": 0,
        "feature_type": "populated place",
        "geoname_id": 900255
      }
    },
    {
      "type": "Feature",
      "geometry": {
        "type": "Point",
        "coordinates": [
          22.61667,
          -15.56667
        ]
      },
      "properties": {
        "name": "Nyambe",
        "country": "Zambia",
        "region": "Western Province",
        "elevation_m": null,
        "population": 0,
        "feature_type": "populated place",
        "geoname_id": 900257
      }
    },
    {
      "type": "Feature",
      "geometry": {
        "type": "Point",
        "coordinates": [
          22.91667,
          -15.45
        ]
      },
      "properties": {
        "name": "Nyambe",
        "country": "Zambia",
        "region": "Western Province",
        "elevation_m": null,
        "population": 0,
        "feature_type": "populated place",
        "geoname_id": 900258
      }
    },
    {
      "type": "Feature",
      "geometry": {
        "type": "Point",
        "coordinates": [
          22.21667,
          -15.45
        ]
      },
      "properties": {
        "name": "Nyambe",
        "country": "Zambia",
        "region": "Western Province",
        "elevation_m": null,
        "population": 0,
        "feature_type": "populated place",
        "geoname_id": 900259
      }
    },
    {
      "type": "Feature",
      "geometry": {
        "type": "Point",
        "coordinates": [
          22.51667,
          -15.43333
        ]
      },
      "properties": {
        "name": "Nyambe",
        "country": "Zambia",
        "region": "Western Province",
        "elevation_m": null,
        "population": 0,
        "feature_type": "populated place",
        "geoname_id": 900260
      }
    },
    {
      "type": "Feature",
      "geometry": {
        "type": "Point",
        "coordinates": [
          24.72472,
          -15.43014
        ]
      },
      "properties": {
        "name": "Nyambe",
        "country": "Zambia",
        "region": "Western Province",
        "elevation_m": null,
        "population": 0,
        "feature_type": "populated place",
        "geoname_id": 900261
      }
    },
    {
      "type": "Feature",
      "geometry": {
        "type": "Point",
        "coordinates": [
          22.91667,
          -15.28333
        ]
      },
      "properties": {
        "name": "Nyambe",
        "country": "Zambia",
        "region": "Western Province",
        "elevation_m": null,
        "population": 0,
        "feature_type": "populated place",
        "geoname_id": 900262
      }
    },
    {
      "type": "Feature",
      "geometry": {
        "type": "Point",
        "coordinates": [
          22.65,
          -14.96667
        ]
      },
      "properties": {
        "name": "Nyambe",
        "country": "Zambia",
        "region": "Western Province",
        "elevation_m": null,
        "population": 0,
        "feature_type": "populated place",
        "geoname_id": 900263
      }
    },
    {
      "type": "Feature",
      "geometry": {
        "type": "Point",
        "coordinates": [
          22.25,
          -14.93333
        ]
      },
      "properties": {
        "name": "Nyambe",
        "country": "Zambia",
        "region": "Western Province",
        "elevation_m": null,
        "population": 0,
        "feature_type": "populated place",
        "geoname_id": 900264
      }
    },
    {
      "type": "Feature",
      "geometry": {
        "type": "Point",
        "coordinates": [
          22.55,
          -14.91667
        ]
      },
      "properties": {
        "name": "Nyambe",
        "country": "Zambia",
        "region": "Western Province",
        "elevation_m": null,
        "population": 0,
        "feature_type": "populated place",
        "geoname_id": 900265
      }
    },
    {
      "type": "Feature",
      "geometry": {
        "type": "Point",
        "coordinates": [
          24.1,
          -14.9
        ]
      },
      "properties": {
        "name": "Nyambe",
        "country": "Zambia",
        "region": "Western Province",
        "elevation_m": null,
        "population": 0,
        "feature_type": "populated place",
        "geoname_id": 900266
      }
    },
    {
      "type": "Feature",
      "geometry": {
        "type": "Point",
        "coordinates": [
          22.86667,
          -14.8
        ]
      },
      "properties": {
        "name": "Nyambe",
        "country": "Zambia",
        "region": "Western Province",
        "elevation_m": null,
        "population": 0,
        "feature_type": "populated place",
        "geoname_id": 900267
      }
    },
    {
      "type": "Feature",
      "geometry": {
        "type": "Point",
        "coordinates": [
          22.35,
          -14.7
        ]
      },
      "properties": {
        "name": "Nyambe",
        "country": "Zambia",
        "region": "Western Province",
        "elevation_m": null,
        "population": 0,
        "feature_type": "populated place",
        "geoname_id": 900268
      }
    },
    {
      "type": "Feature",
      "geometry": {
        "type": "Point",
        "coordinates": [
          22.3,
          -14.66667
        ]
      },
      "properties": {
        "name": "Nyambe",
        "country": "Zambia",
        "region": "Western Province",
        "elevation_m": null,
        "population": 0,
        "feature_type": "populated place",
        "geoname_id": 900269
      }
    },
    {
      "type": "Feature",
      "geometry": {
        "type": "Point",
        "coordinates": [
          23.08333,
          -14.55
        ]
      },
      "properties": {
        "name": "Nyambe",
        "country": "Zambia",
        "region": "Western Province",
        "elevation_m": null,
        "population": 0,
        "feature_type": "populated place",
        "geoname_id": 900270
      }
    },
    {
      "type": "Feature",
      "geometry": {
        "type": "Point",
        "coordinates": [
          23.18333,
          -14.35
        ]
      },
      "properties": {
        "name": "Nyambe",
        "country": "Zambia",
        "region": "Western Province",
        "elevation_m": null,
        "population": 0,
        "feature_type": "populated place",
        "geoname_id": 900271
      }
    },
    {
      "type": "Feature",
      "geometry": {
        "type": "Point",
        "coordinates": [
          22.46667,
          -14.25
        ]
      },
      "properties": {
        "name": "Nyambe",
        "country": "Zambia",
        "region": "Western Province",
        "elevation_m": null,
        "population": 0,
        "feature_type": "populated place",
        "geoname_id": 900272
      }
    },
    {
      "type": "Feature",
      "geometry": {
        "type": "Point",
        "coordinates": [
          22.23333,
          -13.98333
        ]
      },
      "properties": {
        "name": "Nyambe",
        "country": "Zambia",
        "region": "Western Province",
        "elevation_m": null,
        "population": 0,
        "feature_type": "populated place",
        "geoname_id": 900273
      }
    },
    {
      "type": "Feature",
      "geometry": {
        "type": "Point",
        "coordinates": [
          23.66431,
          -13.44608
        ]
      },
      "properties": {
        "name": "Nyambanza",
        "country": "Zambia",
        "region": "North-Western",
        "elevation_m": null,
        "population": 0,
        "feature_type": "populated place",
        "geoname_id": 900276
      }
    },
    {
      "type": "Feature",
      "geometry": {
        "type": "Point",
        "coordinates": [
          31.18333,
          -14.66667
        ]
      },
      "properties": {
        "name": "Nyamawende",
        "country": "Zambia",
        "region": "Eastern Province",
        "elevation_m": null,
        "population": 0,
        "feature_type": "populated place",
        "geoname_id": 900280
      }
    },
    {
      "type": "Feature",
      "geometry": {
        "type": "Point",
        "coordinates": [
          31.90334,
          -14.2154
        ]
      },
      "properties": {
        "name": "Nyamaulo",
        "country": "Zambia",
        "region": "Eastern Province",
        "elevation_m": null,
        "population": 0,
        "feature_type": "populated place",
        "geoname_id": 900281
      }
    },
    {
      "type": "Feature",
      "geometry": {
        "type": "Point",
        "coordinates": [
          23.01667,
          -14.48333
        ]
      },
      "properties": {
        "name": "Nyamatisinyanga",
        "country": "Zambia",
        "region": "Western Province",
        "elevation_m": null,
        "population": 0,
        "feature_type": "populated place",
        "geoname_id": 900284
      }
    },
    {
      "type": "Feature",
      "geometry": {
        "type": "Point",
        "coordinates": [
          22.93333,
          -14.63333
        ]
      },
      "properties": {
        "name": "Nyamasumbwa",
        "country": "Zambia",
        "region": "Western Province",
        "elevation_m": null,
        "population": 0,
        "feature_type": "populated place",
        "geoname_id": 900286
      }
    },
    {
      "type": "Feature",
      "geometry": {
        "type": "Point",
        "coordinates": [
          31.56667,
          -13.9
        ]
      },
      "properties": {
        "name": "Nyamanjiwa",
        "country": "Zambia",
        "region": "Eastern Province",
        "elevation_m": null,
        "population": 0,
        "feature_type": "populated place",
        "geoname_id": 900294
      }
    },
    {
      "type": "Feature",
      "geometry": {
        "type": "Point",
        "coordinates": [
          31.92835,
          -13.3398
        ]
      },
      "properties": {
        "name": "Nyamandela",
        "country": "Zambia",
        "region": "Eastern Province",
        "elevation_m": null,
        "population": 0,
        "feature_type": "populated place",
        "geoname_id": 900295
      }
    },
    {
      "type": "Feature",
      "geometry": {
        "type": "Point",
        "coordinates": [
          23.23333,
          -15.61667
        ]
      },
      "properties": {
        "name": "Nyamamwandi",
        "country": "Zambia",
        "region": "Western Province",
        "elevation_m": null,
        "population": 0,
        "feature_type": "populated place",
        "geoname_id": 900297
      }
    },
    {
      "type": "Feature",
      "geometry": {
        "type": "Point",
        "coordinates": [
          31.46702,
          -14.23151
        ]
      },
      "properties": {
        "name": "Nyamalopa",
        "country": "Zambia",
        "region": "Eastern Province",
        "elevation_m": null,
        "population": 0,
        "feature_type": "populated place",
        "geoname_id": 900299
      }
    },
    {
      "type": "Feature",
      "geometry": {
        "type": "Point",
        "coordinates": [
          24.86667,
          -12.55
        ]
      },
      "properties": {
        "name": "Nyamalele",
        "country": "Zambia",
        "region": "North-Western",
        "elevation_m": null,
        "population": 0,
        "feature_type": "populated place",
        "geoname_id": 900301
      }
    },
    {
      "type": "Feature",
      "geometry": {
        "type": "Point",
        "coordinates": [
          32.96667,
          -12.63333
        ]
      },
      "properties": {
        "name": "Nyamalani",
        "country": "Zambia",
        "region": "Eastern Province",
        "elevation_m": null,
        "population": 0,
        "feature_type": "populated place",
        "geoname_id": 900302
      }
    },
    {
      "type": "Feature",
      "geometry": {
        "type": "Point",
        "coordinates": [
          27.78307,
          -14.65245
        ]
      },
      "properties": {
        "name": "Nyamalaka",
        "country": "Zambia",
        "region": "Central Province",
        "elevation_m": null,
        "population": 0,
        "feature_type": "populated place",
        "geoname_id": 900303
      }
    },
    {
      "type": "Feature",
      "geometry": {
        "type": "Point",
        "coordinates": [
          22.96667,
          -13.33333
        ]
      },
      "properties": {
        "name": "Nyamakozo",
        "country": "Zambia",
        "region": "North-Western",
        "elevation_m": null,
        "population": 0,
        "feature_type": "populated place",
        "geoname_id": 900304
      }
    },
    {
      "type": "Feature",
      "geometry": {
        "type": "Point",
        "coordinates": [
          32.5129,
          -13.55286
        ]
      },
      "properties": {
        "name": "Nyama",
        "country": "Zambia",
        "region": "Eastern Province",
        "elevation_m": null,
        "population": 0,
        "feature_type": "populated place",
        "geoname_id": 900310
      }
    },
    {
      "type": "Feature",
      "geometry": {
        "type": "Point",
        "coordinates": [
          31.3,
          -14.38333
        ]
      },
      "properties": {
        "name": "Nyaluwilo",
        "country": "Zambia",
        "region": "Eastern Province",
        "elevation_m": null,
        "population": 0,
        "feature_type": "populated place",
        "geoname_id": 900311
      }
    },
    {
      "type": "Feature",
      "geometry": {
        "type": "Point",
        "coordinates": [
          31.26667,
          -14.5
        ]
      },
      "properties": {
        "name": "Nyaluwayo",
        "country": "Zambia",
        "region": "Eastern Province",
        "elevation_m": null,
        "population": 0,
        "feature_type": "populated place",
        "geoname_id": 900312
      }
    },
    {
      "type": "Feature",
      "geometry": {
        "type": "Point",
        "coordinates": [
          32.4022,
          -14.23946
        ]
      },
      "properties": {
        "name": "Nyaluwanga",
        "country": "Zambia",
        "region": "Eastern Province",
        "elevation_m": null,
        "population": 0,
        "feature_type": "populated place",
        "geoname_id": 900313
      }
    },
    {
      "type": "Feature",
      "geometry": {
        "type": "Point",
        "coordinates": [
          33.08333,
          -12.26667
        ]
      },
      "properties": {
        "name": "Nyaluwanga",
        "country": "Zambia",
        "region": "Eastern Province",
        "elevation_m": null,
        "population": 0,
        "feature_type": "populated place",
        "geoname_id": 900314
      }
    },
    {
      "type": "Feature",
      "geometry": {
        "type": "Point",
        "coordinates": [
          31.31179,
          -14.44354
        ]
      },
      "properties": {
        "name": "Nyalukonde",
        "country": "Zambia",
        "region": "Eastern Province",
        "elevation_m": null,
        "population": 0,
        "feature_type": "populated place",
        "geoname_id": 900317
      }
    },
    {
      "type": "Feature",
      "geometry": {
        "type": "Point",
        "coordinates": [
          30.36539,
          -14.73974
        ]
      },
      "properties": {
        "name": "Nyalugwe",
        "country": "Zambia",
        "region": "Eastern Province",
        "elevation_m": null,
        "population": 0,
        "feature_type": "populated place",
        "geoname_id": 900318
      }
    },
    {
      "type": "Feature",
      "geometry": {
        "type": "Point",
        "coordinates": [
          24.75,
          -15.48333
        ]
      },
      "properties": {
        "name": "Nyalela",
        "country": "Zambia",
        "region": "Western Province",
        "elevation_m": null,
        "population": 0,
        "feature_type": "populated place",
        "geoname_id": 900321
      }
    },
    {
      "type": "Feature",
      "geometry": {
        "type": "Point",
        "coordinates": [
          30.81998,
          -14.59265
        ]
      },
      "properties": {
        "name": "Nyalanga",
        "country": "Zambia",
        "region": "Eastern Province",
        "elevation_m": null,
        "population": 0,
        "feature_type": "populated place",
        "geoname_id": 900323
      }
    },
    {
      "type": "Feature",
      "geometry": {
        "type": "Point",
        "coordinates": [
          29.76667,
          -15.28333
        ]
      },
      "properties": {
        "name": "Nyalambwa",
        "country": "Zambia",
        "region": "Lusaka Province",
        "elevation_m": null,
        "population": 0,
        "feature_type": "abandoned populated place",
        "geoname_id": 900325
      }
    },
    {
      "type": "Feature",
      "geometry": {
        "type": "Point",
        "coordinates": [
          31.16536,
          -14.60763
        ]
      },
      "properties": {
        "name": "Nyakwenda",
        "country": "Zambia",
        "region": "Eastern Province",
        "elevation_m": null,
        "population": 0,
        "feature_type": "populated place",
        "geoname_id": 900326
      }
    },
    {
      "type": "Feature",
      "geometry": {
        "type": "Point",
        "coordinates": [
          30.96497,
          -14.64434
        ]
      },
      "properties": {
        "name": "Nyakutwa",
        "country": "Zambia",
        "region": "Eastern Province",
        "elevation_m": null,
        "population": 0,
        "feature_type": "populated place",
        "geoname_id": 900331
      }
    },
    {
      "type": "Feature",
      "geometry": {
        "type": "Point",
        "coordinates": [
          22.38333,
          -13.08333
        ]
      },
      "properties": {
        "name": "Nyakutemba",
        "country": "Zambia",
        "region": "North-Western",
        "elevation_m": null,
        "population": 0,
        "feature_type": "populated place",
        "geoname_id": 900332
      }
    },
    {
      "type": "Feature",
      "geometry": {
        "type": "Point",
        "coordinates": [
          23.51667,
          -13.03333
        ]
      },
      "properties": {
        "name": "Nyakulenga",
        "country": "Zambia",
        "region": "North-Western",
        "elevation_m": null,
        "population": 0,
        "feature_type": "populated place",
        "geoname_id": 900333
      }
    },
    {
      "type": "Feature",
      "geometry": {
        "type": "Point",
        "coordinates": [
          31.48111,
          -13.68128
        ]
      },
      "properties": {
        "name": "Nyakulemba",
        "country": "Zambia",
        "region": "Eastern Province",
        "elevation_m": null,
        "population": 0,
        "feature_type": "populated place",
        "geoname_id": 900334
      }
    },
    {
      "type": "Feature",
      "geometry": {
        "type": "Point",
        "coordinates": [
          23.11029,
          -13.17694
        ]
      },
      "properties": {
        "name": "Nyakovula",
        "country": "Zambia",
        "region": "North-Western",
        "elevation_m": null,
        "population": 0,
        "feature_type": "populated place",
        "geoname_id": 900335
      }
    },
    {
      "type": "Feature",
      "geometry": {
        "type": "Point",
        "coordinates": [
          31.26667,
          -14.43333
        ]
      },
      "properties": {
        "name": "Nyakocha",
        "country": "Zambia",
        "region": "Eastern Province",
        "elevation_m": null,
        "population": 0,
        "feature_type": "populated place",
        "geoname_id": 900337
      }
    },
    {
      "type": "Feature",
      "geometry": {
        "type": "Point",
        "coordinates": [
          31.48333,
          -14.28333
        ]
      },
      "properties": {
        "name": "Nyakawendi",
        "country": "Zambia",
        "region": "Eastern Province",
        "elevation_m": null,
        "population": 0,
        "feature_type": "populated place",
        "geoname_id": 900338
      }
    },
    {
      "type": "Feature",
      "geometry": {
        "type": "Point",
        "coordinates": [
          31.48333,
          -13.98333
        ]
      },
      "properties": {
        "name": "Nyakawawe",
        "country": "Zambia",
        "region": "Eastern Province",
        "elevation_m": null,
        "population": 0,
        "feature_type": "populated place",
        "geoname_id": 900339
      }
    },
    {
      "type": "Feature",
      "geometry": {
        "type": "Point",
        "coordinates": [
          23.21703,
          -13.3327
        ]
      },
      "properties": {
        "name": "Nyakawanda",
        "country": "Zambia",
        "region": "North-Western",
        "elevation_m": null,
        "population": 0,
        "feature_type": "populated place",
        "geoname_id": 900340
      }
    },
    {
      "type": "Feature",
      "geometry": {
        "type": "Point",
        "coordinates": [
          31.5,
          -13.55
        ]
      },
      "properties": {
        "name": "Nyakauta",
        "country": "Zambia",
        "region": "Eastern Province",
        "elevation_m": null,
        "population": 0,
        "feature_type": "populated place",
        "geoname_id": 900341
      }
    },
    {
      "type": "Feature",
      "geometry": {
        "type": "Point",
        "coordinates": [
          31.56515,
          -13.49297
        ]
      },
      "properties": {
        "name": "Nyakauta",
        "country": "Zambia",
        "region": "Eastern Province",
        "elevation_m": null,
        "population": 0,
        "feature_type": "populated place",
        "geoname_id": 900342
      }
    },
    {
      "type": "Feature",
      "geometry": {
        "type": "Point",
        "coordinates": [
          22.38333,
          -14.08333
        ]
      },
      "properties": {
        "name": "Nyakatumba",
        "country": "Zambia",
        "region": "Western Province",
        "elevation_m": null,
        "population": 0,
        "feature_type": "populated place",
        "geoname_id": 900343
      }
    },
    {
      "type": "Feature",
      "geometry": {
        "type": "Point",
        "coordinates": [
          24.18333,
          -14.8
        ]
      },
      "properties": {
        "name": "Nyakaswanga",
        "country": "Zambia",
        "region": "Western Province",
        "elevation_m": null,
        "population": 0,
        "feature_type": "populated place",
        "geoname_id": 900345
      }
    },
    {
      "type": "Feature",
      "geometry": {
        "type": "Point",
        "coordinates": [
          22.16667,
          -13.16667
        ]
      },
      "properties": {
        "name": "Nyakasumbi",
        "country": "Zambia",
        "region": "North-Western",
        "elevation_m": null,
        "population": 0,
        "feature_type": "populated place",
        "geoname_id": 900346
      }
    },
    {
      "type": "Feature",
      "geometry": {
        "type": "Point",
        "coordinates": [
          24.17316,
          -11.15578
        ]
      },
      "properties": {
        "name": "Nyakaseya",
        "country": "Zambia",
        "region": "North-Western",
        "elevation_m": null,
        "population": 0,
        "feature_type": "populated place",
        "geoname_id": 900347
      }
    },
    {
      "type": "Feature",
      "geometry": {
        "type": "Point",
        "coordinates": [
          31.65721,
          -14.46313
        ]
      },
      "properties": {
        "name": "Nyakapunda",
        "country": "Zambia",
        "region": "Eastern Province",
        "elevation_m": null,
        "population": 0,
        "feature_type": "populated place",
        "geoname_id": 900348
      }
    },
    {
      "type": "Feature",
      "geometry": {
        "type": "Point",
        "coordinates": [
          23.04147,
          -13.43347
        ]
      },
      "properties": {
        "name": "Nyakangombe",
        "country": "Zambia",
        "region": "North-Western",
        "elevation_m": null,
        "population": 0,
        "feature_type": "populated place",
        "geoname_id": 900351
      }
    },
    {
      "type": "Feature",
      "geometry": {
        "type": "Point",
        "coordinates": [
          23.1,
          -13.46667
        ]
      },
      "properties": {
        "name": "Nyakambumba",
        "country": "Zambia",
        "region": "North-Western",
        "elevation_m": null,
        "population": 0,
        "feature_type": "populated place",
        "geoname_id": 900352
      }
    },
    {
      "type": "Feature",
      "geometry": {
        "type": "Point",
        "coordinates": [
          31.28333,
          -14.05
        ]
      },
      "properties": {
        "name": "Nyakaluwando",
        "country": "Zambia",
        "region": "Eastern Province",
        "elevation_m": null,
        "population": 0,
        "feature_type": "populated place",
        "geoname_id": 900354
      }
    },
    {
      "type": "Feature",
      "geometry": {
        "type": "Point",
        "coordinates": [
          31.31667,
          -14.25
        ]
      },
      "properties": {
        "name": "Nyakachonko",
        "country": "Zambia",
        "region": "Eastern Province",
        "elevation_m": null,
        "population": 0,
        "feature_type": "populated place",
        "geoname_id": 900358
      }
    },
    {
      "type": "Feature",
      "geometry": {
        "type": "Point",
        "coordinates": [
          22.96667,
          -14.9
        ]
      },
      "properties": {
        "name": "Nyaka",
        "country": "Zambia",
        "region": "Western Province",
        "elevation_m": null,
        "population": 0,
        "feature_type": "populated place",
        "geoname_id": 900360
      }
    },
    {
      "type": "Feature",
      "geometry": {
        "type": "Point",
        "coordinates": [
          23.47608,
          -13.0835
        ]
      },
      "properties": {
        "name": "Nyafumu",
        "country": "Zambia",
        "region": "North-Western",
        "elevation_m": null,
        "population": 0,
        "feature_type": "populated place",
        "geoname_id": 900362
      }
    },
    {
      "type": "Feature",
      "geometry": {
        "type": "Point",
        "coordinates": [
          31.64923,
          -14.47813
        ]
      },
      "properties": {
        "name": "Nyafikani",
        "country": "Zambia",
        "region": "Eastern Province",
        "elevation_m": null,
        "population": 0,
        "feature_type": "populated place",
        "geoname_id": 900365
      }
    },
    {
      "type": "Feature",
      "geometry": {
        "type": "Point",
        "coordinates": [
          23.7,
          -15.23333
        ]
      },
      "properties": {
        "name": "Nyaenge",
        "country": "Zambia",
        "region": "Western Province",
        "elevation_m": null,
        "population": 0,
        "feature_type": "populated place",
        "geoname_id": 900367
      }
    },
    {
      "type": "Feature",
      "geometry": {
        "type": "Point",
        "coordinates": [
          24.25,
          -11.91667
        ]
      },
      "properties": {
        "name": "Nyachuu",
        "country": "Zambia",
        "region": "North-Western",
        "elevation_m": null,
        "population": 0,
        "feature_type": "populated place",
        "geoname_id": 900368
      }
    },
    {
      "type": "Feature",
      "geometry": {
        "type": "Point",
        "coordinates": [
          23.45,
          -14.08333
        ]
      },
      "properties": {
        "name": "Nyachiyanzu",
        "country": "Zambia",
        "region": "North-Western",
        "elevation_m": null,
        "population": 0,
        "feature_type": "populated place",
        "geoname_id": 900369
      }
    },
    {
      "type": "Feature",
      "geometry": {
        "type": "Point",
        "coordinates": [
          30.81667,
          -14.13333
        ]
      },
      "properties": {
        "name": "Nyachiwinda",
        "country": "Zambia",
        "region": "Eastern Province",
        "elevation_m": null,
        "population": 0,
        "feature_type": "populated place",
        "geoname_id": 900370
      }
    },
    {
      "type": "Feature",
      "geometry": {
        "type": "Point",
        "coordinates": [
          31.83228,
          -13.1172
        ]
      },
      "properties": {
        "name": "Nyachiu",
        "country": "Zambia",
        "region": "Eastern Province",
        "elevation_m": null,
        "population": 0,
        "feature_type": "populated place",
        "geoname_id": 900371
      }
    },
    {
      "type": "Feature",
      "geometry": {
        "type": "Point",
        "coordinates": [
          28.6,
          -13.98333
        ]
      },
      "properties": {
        "name": "Nwanashamba",
        "country": "Zambia",
        "region": "Central Province",
        "elevation_m": null,
        "population": 0,
        "feature_type": "populated place",
        "geoname_id": 900381
      }
    },
    {
      "type": "Feature",
      "geometry": {
        "type": "Point",
        "coordinates": [
          29.78333,
          -13.93333
        ]
      },
      "properties": {
        "name": "Nutungwe",
        "country": "Zambia",
        "region": "Central Province",
        "elevation_m": null,
        "population": 0,
        "feature_type": "populated place",
        "geoname_id": 900384
      }
    },
    {
      "type": "Feature",
      "geometry": {
        "type": "Point",
        "coordinates": [
          32.98333,
          -10.38333
        ]
      },
      "properties": {
        "name": "Nusala",
        "country": "Zambia",
        "region": "Muchinga",
        "elevation_m": null,
        "population": 0,
        "feature_type": "populated place",
        "geoname_id": 900386
      }
    },
    {
      "type": "Feature",
      "geometry": {
        "type": "Point",
        "coordinates": [
          25.25,
          -15
        ]
      },
      "properties": {
        "name": "Nungana",
        "country": "Zambia",
        "region": "Western Province",
        "elevation_m": null,
        "population": 0,
        "feature_type": "populated place",
        "geoname_id": 900389
      }
    },
    {
      "type": "Feature",
      "geometry": {
        "type": "Point",
        "coordinates": [
          32.4726,
          -14.17615
        ]
      },
      "properties": {
        "name": "Nunda",
        "country": "Zambia",
        "region": "Eastern Province",
        "elevation_m": null,
        "population": 0,
        "feature_type": "populated place",
        "geoname_id": 900392
      }
    },
    {
      "type": "Feature",
      "geometry": {
        "type": "Point",
        "coordinates": [
          30.68554,
          -12.90717
        ]
      },
      "properties": {
        "name": "Nunda",
        "country": "Zambia",
        "region": "Central Province",
        "elevation_m": null,
        "population": 0,
        "feature_type": "populated place",
        "geoname_id": 900393
      }
    },
    {
      "type": "Feature",
      "geometry": {
        "type": "Point",
        "coordinates": [
          25,
          -16.38333
        ]
      },
      "properties": {
        "name": "Nunamila",
        "country": "Zambia",
        "region": "Western Province",
        "elevation_m": null,
        "population": 0,
        "feature_type": "populated place",
        "geoname_id": 900394
      }
    },
    {
      "type": "Feature",
      "geometry": {
        "type": "Point",
        "coordinates": [
          24.38333,
          -17.35
        ]
      },
      "properties": {
        "name": "Numbwe",
        "country": "Zambia",
        "region": "Western Province",
        "elevation_m": null,
        "population": 0,
        "feature_type": "populated place",
        "geoname_id": 900395
      }
    },
    {
      "type": "Feature",
      "geometry": {
        "type": "Point",
        "coordinates": [
          31.11667,
          -11.91667
        ]
      },
      "properties": {
        "name": "Nulelua",
        "country": "Zambia",
        "region": "Muchinga",
        "elevation_m": null,
        "population": 0,
        "feature_type": "populated place",
        "geoname_id": 900398
      }
    },
    {
      "type": "Feature",
      "geometry": {
        "type": "Point",
        "coordinates": [
          24.45,
          -14.7
        ]
      },
      "properties": {
        "name": "Nulalshi",
        "country": "Zambia",
        "region": "Western Province",
        "elevation_m": null,
        "population": 0,
        "feature_type": "populated place",
        "geoname_id": 900399
      }
    },
    {
      "type": "Feature",
      "geometry": {
        "type": "Point",
        "coordinates": [
          24.85,
          -16.36667
        ]
      },
      "properties": {
        "name": "Nukumba",
        "country": "Zambia",
        "region": "Western Province",
        "elevation_m": null,
        "population": 0,
        "feature_type": "populated place",
        "geoname_id": 900400
      }
    },
    {
      "type": "Feature",
      "geometry": {
        "type": "Point",
        "coordinates": [
          33.18333,
          -12.43333
        ]
      },
      "properties": {
        "name": "Nukombo",
        "country": "Zambia",
        "region": "Eastern Province",
        "elevation_m": null,
        "population": 0,
        "feature_type": "populated place",
        "geoname_id": 900401
      }
    },
    {
      "type": "Feature",
      "geometry": {
        "type": "Point",
        "coordinates": [
          28.25,
          -13.41667
        ]
      },
      "properties": {
        "name": "Nuala",
        "country": "Zambia",
        "region": "Copperbelt",
        "elevation_m": null,
        "population": 0,
        "feature_type": "populated place",
        "geoname_id": 900403
      }
    },
    {
      "type": "Feature",
      "geometry": {
        "type": "Point",
        "coordinates": [
          31.25,
          -10.15
        ]
      },
      "properties": {
        "name": "Ntwinga",
        "country": "Zambia",
        "region": "Northern Province",
        "elevation_m": null,
        "population": 0,
        "feature_type": "populated place",
        "geoname_id": 900404
      }
    },
    {
      "type": "Feature",
      "geometry": {
        "type": "Point",
        "coordinates": [
          31.38333,
          -14.38333
        ]
      },
      "properties": {
        "name": "Ntuta",
        "country": "Zambia",
        "region": "Eastern Province",
        "elevation_m": null,
        "population": 0,
        "feature_type": "populated place",
        "geoname_id": 900405
      }
    },
    {
      "type": "Feature",
      "geometry": {
        "type": "Point",
        "coordinates": [
          30.94075,
          -10.50917
        ]
      },
      "properties": {
        "name": "Ntumpa",
        "country": "Zambia",
        "region": "Northern Province",
        "elevation_m": null,
        "population": 0,
        "feature_type": "populated place",
        "geoname_id": 900411
      }
    },
    {
      "type": "Feature",
      "geometry": {
        "type": "Point",
        "coordinates": [
          32.83333,
          -13.1
        ]
      },
      "properties": {
        "name": "Ntumbati",
        "country": "Zambia",
        "region": "Eastern Province",
        "elevation_m": null,
        "population": 0,
        "feature_type": "populated place",
        "geoname_id": 900412
      }
    },
    {
      "type": "Feature",
      "geometry": {
        "type": "Point",
        "coordinates": [
          31.2674,
          -14.21844
        ]
      },
      "properties": {
        "name": "Ntuluka",
        "country": "Zambia",
        "region": "Eastern Province",
        "elevation_m": null,
        "population": 0,
        "feature_type": "populated place",
        "geoname_id": 900413
      }
    },
    {
      "type": "Feature",
      "geometry": {
        "type": "Point",
        "coordinates": [
          27.90077,
          -14.81546
        ]
      },
      "properties": {
        "name": "Ntulisha",
        "country": "Zambia",
        "region": "Central Province",
        "elevation_m": null,
        "population": 0,
        "feature_type": "populated place",
        "geoname_id": 900414
      }
    },
    {
      "type": "Feature",
      "geometry": {
        "type": "Point",
        "coordinates": [
          24.5,
          -14.65
        ]
      },
      "properties": {
        "name": "Ntukumina",
        "country": "Zambia",
        "region": "Western Province",
        "elevation_m": null,
        "population": 0,
        "feature_type": "populated place",
        "geoname_id": 900415
      }
    },
    {
      "type": "Feature",
      "geometry": {
        "type": "Point",
        "coordinates": [
          28.26667,
          -15.05
        ]
      },
      "properties": {
        "name": "Ntowololo",
        "country": "Zambia",
        "region": "Central Province",
        "elevation_m": null,
        "population": 0,
        "feature_type": "populated place",
        "geoname_id": 900416
      }
    },
    {
      "type": "Feature",
      "geometry": {
        "type": "Point",
        "coordinates": [
          33.04014,
          -11.01619
        ]
      },
      "properties": {
        "name": "Ntonko",
        "country": "Zambia",
        "region": "Muchinga",
        "elevation_m": null,
        "population": 0,
        "feature_type": "populated place",
        "geoname_id": 900419
      }
    },
    {
      "type": "Feature",
      "geometry": {
        "type": "Point",
        "coordinates": [
          23.88333,
          -14.01667
        ]
      },
      "properties": {
        "name": "Ntongwe",
        "country": "Zambia",
        "region": "Western Province",
        "elevation_m": null,
        "population": 0,
        "feature_type": "populated place",
        "geoname_id": 900420
      }
    },
    {
      "type": "Feature",
      "geometry": {
        "type": "Point",
        "coordinates": [
          23.96667,
          -15.33333
        ]
      },
      "properties": {
        "name": "Ntongo",
        "country": "Zambia",
        "region": "Western Province",
        "elevation_m": null,
        "population": 0,
        "feature_type": "populated place",
        "geoname_id": 900422
      }
    },
    {
      "type": "Feature",
      "geometry": {
        "type": "Point",
        "coordinates": [
          23.83333,
          -15.26667
        ]
      },
      "properties": {
        "name": "Ntongo",
        "country": "Zambia",
        "region": "Western Province",
        "elevation_m": null,
        "population": 0,
        "feature_type": "populated place",
        "geoname_id": 900423
      }
    },
    {
      "type": "Feature",
      "geometry": {
        "type": "Point",
        "coordinates": [
          26.98333,
          -16.13333
        ]
      },
      "properties": {
        "name": "Ntondwe",
        "country": "Zambia",
        "region": "Southern Province",
        "elevation_m": null,
        "population": 0,
        "feature_type": "populated place",
        "geoname_id": 900426
      }
    },
    {
      "type": "Feature",
      "geometry": {
        "type": "Point",
        "coordinates": [
          32.68333,
          -13.18333
        ]
      },
      "properties": {
        "name": "Ntondo",
        "country": "Zambia",
        "region": "Eastern Province",
        "elevation_m": null,
        "population": 0,
        "feature_type": "populated place",
        "geoname_id": 900427
      }
    },
    {
      "type": "Feature",
      "geometry": {
        "type": "Point",
        "coordinates": [
          26.69865,
          -12.32214
        ]
      },
      "properties": {
        "name": "Ntombo",
        "country": "Zambia",
        "region": "North-Western",
        "elevation_m": null,
        "population": 0,
        "feature_type": "populated place",
        "geoname_id": 900429
      }
    },
    {
      "type": "Feature",
      "geometry": {
        "type": "Point",
        "coordinates": [
          23.08333,
          -13.46667
        ]
      },
      "properties": {
        "name": "Ntoka",
        "country": "Zambia",
        "region": "North-Western",
        "elevation_m": null,
        "population": 0,
        "feature_type": "populated place",
        "geoname_id": 900433
      }
    },
    {
      "type": "Feature",
      "geometry": {
        "type": "Point",
        "coordinates": [
          23.94112,
          -13.16791
        ]
      },
      "properties": {
        "name": "Ntoka",
        "country": "Zambia",
        "region": "North-Western",
        "elevation_m": null,
        "population": 0,
        "feature_type": "populated place",
        "geoname_id": 900434
      }
    },
    {
      "type": "Feature",
      "geometry": {
        "type": "Point",
        "coordinates": [
          27.76667,
          -14.85
        ]
      },
      "properties": {
        "name": "Ntitima",
        "country": "Zambia",
        "region": "Central Province",
        "elevation_m": null,
        "population": 0,
        "feature_type": "populated place",
        "geoname_id": 900436
      }
    },
    {
      "type": "Feature",
      "geometry": {
        "type": "Point",
        "coordinates": [
          28.13333,
          -15.56667
        ]
      },
      "properties": {
        "name": "Ntiramulowa",
        "country": "Zambia",
        "region": "Lusaka Province",
        "elevation_m": null,
        "population": 0,
        "feature_type": "populated place",
        "geoname_id": 900437
      }
    },
    {
      "type": "Feature",
      "geometry": {
        "type": "Point",
        "coordinates": [
          28.18333,
          -14.4
        ]
      },
      "properties": {
        "name": "Ntilimuna",
        "country": "Zambia",
        "region": "Central Province",
        "elevation_m": null,
        "population": 0,
        "feature_type": "populated place",
        "geoname_id": 900440
      }
    },
    {
      "type": "Feature",
      "geometry": {
        "type": "Point",
        "coordinates": [
          26.46875,
          -16.33417
        ]
      },
      "properties": {
        "name": "Ntibwe",
        "country": "Zambia",
        "region": "Southern Province",
        "elevation_m": null,
        "population": 0,
        "feature_type": "populated place",
        "geoname_id": 900443
      }
    },
    {
      "type": "Feature",
      "geometry": {
        "type": "Point",
        "coordinates": [
          31.17285,
          -14.41605
        ]
      },
      "properties": {
        "name": "Nthonga",
        "country": "Zambia",
        "region": "Eastern Province",
        "elevation_m": null,
        "population": 0,
        "feature_type": "populated place",
        "geoname_id": 900444
      }
    },
    {
      "type": "Feature",
      "geometry": {
        "type": "Point",
        "coordinates": [
          24.33333,
          -14.6
        ]
      },
      "properties": {
        "name": "Nteula",
        "country": "Zambia",
        "region": "Western Province",
        "elevation_m": null,
        "population": 0,
        "feature_type": "populated place",
        "geoname_id": 900446
      }
    },
    {
      "type": "Feature",
      "geometry": {
        "type": "Point",
        "coordinates": [
          24.06667,
          -11.45
        ]
      },
      "properties": {
        "name": "Nteula",
        "country": "Zambia",
        "region": "North-Western",
        "elevation_m": null,
        "population": 0,
        "feature_type": "populated place",
        "geoname_id": 900447
      }
    },
    {
      "type": "Feature",
      "geometry": {
        "type": "Point",
        "coordinates": [
          24.50491,
          -17.15098
        ]
      },
      "properties": {
        "name": "Ntesa",
        "country": "Zambia",
        "region": "Western Province",
        "elevation_m": null,
        "population": 0,
        "feature_type": "populated place",
        "geoname_id": 900450
      }
    },
    {
      "type": "Feature",
      "geometry": {
        "type": "Point",
        "coordinates": [
          28.65,
          -14.71667
        ]
      },
      "properties": {
        "name": "Ntenche",
        "country": "Zambia",
        "region": "Central Province",
        "elevation_m": null,
        "population": 0,
        "feature_type": "populated place",
        "geoname_id": 900454
      }
    },
    {
      "type": "Feature",
      "geometry": {
        "type": "Point",
        "coordinates": [
          26.13333,
          -14.03333
        ]
      },
      "properties": {
        "name": "Ntemwa",
        "country": "Zambia",
        "region": "North-Western",
        "elevation_m": null,
        "population": 0,
        "feature_type": "populated place",
        "geoname_id": 900457
      }
    },
    {
      "type": "Feature",
      "geometry": {
        "type": "Point",
        "coordinates": [
          33.37313,
          -12.412
        ]
      },
      "properties": {
        "name": "Ntembwe",
        "country": "Zambia",
        "region": "Eastern Province",
        "elevation_m": null,
        "population": 0,
        "feature_type": "populated place",
        "geoname_id": 900459
      }
    },
    {
      "type": "Feature",
      "geometry": {
        "type": "Point",
        "coordinates": [
          32.18625,
          -11.05158
        ]
      },
      "properties": {
        "name": "Ntembe",
        "country": "Zambia",
        "region": "Muchinga",
        "elevation_m": null,
        "population": 0,
        "feature_type": "populated place",
        "geoname_id": 900461
      }
    },
    {
      "type": "Feature",
      "geometry": {
        "type": "Point",
        "coordinates": [
          32.85,
          -11.61667
        ]
      },
      "properties": {
        "name": "Ntembazani",
        "country": "Zambia",
        "region": "Muchinga",
        "elevation_m": null,
        "population": 0,
        "feature_type": "populated place",
        "geoname_id": 900463
      }
    },
    {
      "type": "Feature",
      "geometry": {
        "type": "Point",
        "coordinates": [
          31.18333,
          -11.1
        ]
      },
      "properties": {
        "name": "Ntemba",
        "country": "Zambia",
        "region": "Muchinga",
        "elevation_m": null,
        "population": 0,
        "feature_type": "populated place",
        "geoname_id": 900464
      }
    }
  ]
}