{
  "type": "FeatureCollection",
  "features": [
    {
      "type": "Feature",
      "geometry": {
        "type": "Point",
        "coordinates": [
          39.26951,
          -6.82349
        ]
      },
      "properties": {
        "name": "Dar es Salaam",
        "country": "Tanzania",
        "region": "Dar es Salaam Region",
        "elevation_m": null,
        "population": 5383728,
        "feature_type": "seat of a first-order administrative division",
        "geoname_id": 160263
      }
    },
    {
      "type": "Feature",
      "geometry": {
        "type": "Point",
        "coordinates": [
          32.9,
          -2.51667
        ]
      },
      "properties": {
        "name": "Mwanza",
        "country": "Tanzania",
        "region": "Mwanza",
        "elevation_m": null,
        "population": 1104521,
        "feature_type": "seat of a first-order administrative division",
        "geoname_id": 152224
      }
    },
    {
      "type": "Feature",
      "geometry": {
        "type": "Point",
        "coordinates": [
          35.73947,
          -6.17221
        ]
      },
      "properties": {
        "name": "Dodoma",
        "country": "Tanzania",
        "region": "Dodoma",
        "elevation_m": null,
        "population": 765179,
        "feature_type": "capital of a political entity",
        "geoname_id": 160196
      }
    },
    {
      "type": "Feature",
      "geometry": {
        "type": "Point",
        "coordinates": [
          39.19793,
          -6.16394
        ]
      },
      "properties": {
        "name": "Zanzibar",
        "country": "Tanzania",
        "region": "Zanzibar Urban/West",
        "elevation_m": null,
        "population": 709809,
        "feature_type": "seat of a first-order administrative division",
        "geoname_id": 148730
      }
    },
    {
      "type": "Feature",
      "geometry": {
        "type": "Point",
        "coordinates": [
          36.68333,
          -3.36667
        ]
      },
      "properties": {
        "name": "Arusha",
        "country": "Tanzania",
        "region": "Arusha",
        "elevation_m": null,
        "population": 617631,
        "feature_type": "seat of a first-order administrative division",
        "geoname_id": 161325
      }
    },
    {
      "type": "Feature",
      "geometry": {
        "type": "Point",
        "coordinates": [
          33.45,
          -8.9
        ]
      },
      "properties": {
        "name": "Mbeya",
        "country": "Tanzania",
        "region": "Mbeya",
        "elevation_m": null,
        "population": 541603,
        "feature_type": "seat of a first-order administrative division",
        "geoname_id": 154380
      }
    },
    {
      "type": "Feature",
      "geometry": {
        "type": "Point",
        "coordinates": [
          37.66122,
          -6.82102
        ]
      },
      "properties": {
        "name": "Morogoro",
        "country": "Tanzania",
        "region": "Morogoro",
        "elevation_m": null,
        "population": 471409,
        "feature_type": "seat of a first-order administrative division",
        "geoname_id": 153220
      }
    },
    {
      "type": "Feature",
      "geometry": {
        "type": "Point",
        "coordinates": [
          32.6,
          -3.83333
        ]
      },
      "properties": {
        "name": "Kahama",
        "country": "Tanzania",
        "region": "Shinyanga",
        "elevation_m": null,
        "population": 453654,
        "feature_type": "populated place",
        "geoname_id": 158597
      }
    },
    {
      "type": "Feature",
      "geometry": {
        "type": "Point",
        "coordinates": [
          39.09875,
          -5.06893
        ]
      },
      "properties": {
        "name": "Tanga",
        "country": "Tanzania",
        "region": "Tanga",
        "elevation_m": null,
        "population": 393429,
        "feature_type": "seat of a first-order administrative division",
        "geoname_id": 149606
      }
    },
    {
      "type": "Feature",
      "geometry": {
        "type": "Point",
        "coordinates": [
          32.2325,
          -2.8725
        ]
      },
      "properties": {
        "name": "Geita",
        "country": "Tanzania",
        "region": "Geita",
        "elevation_m": null,
        "population": 318006,
        "feature_type": "seat of a first-order administrative division",
        "geoname_id": 159908
      }
    },
    {
      "type": "Feature",
      "geometry": {
        "type": "Point",
        "coordinates": [
          32.82663,
          -5.01622
        ]
      },
      "properties": {
        "name": "Tabora",
        "country": "Tanzania",
        "region": "Tabora",
        "elevation_m": null,
        "population": 308741,
        "feature_type": "seat of a first-order administrative division",
        "geoname_id": 149658
      }
    },
    {
      "type": "Feature",
      "geometry": {
        "type": "Point",
        "coordinates": [
          31.61667,
          -7.96667
        ]
      },
      "properties": {
        "name": "Sumbawanga",
        "country": "Tanzania",
        "region": "Rukwa",
        "elevation_m": null,
        "population": 303986,
        "feature_type": "seat of a first-order administrative division",
        "geoname_id": 149703
      }
    },
    {
      "type": "Feature",
      "geometry": {
        "type": "Point",
        "coordinates": [
          35.65,
          -10.68333
        ]
      },
      "properties": {
        "name": "Songea",
        "country": "Tanzania",
        "region": "Ruvuma",
        "elevation_m": null,
        "population": 286285,
        "feature_type": "seat of a first-order administrative division",
        "geoname_id": 877401
      }
    },
    {
      "type": "Feature",
      "geometry": {
        "type": "Point",
        "coordinates": [
          38.91667,
          -6.76667
        ]
      },
      "properties": {
        "name": "Kibaha",
        "country": "Tanzania",
        "region": "Pwani",
        "elevation_m": null,
        "population": 265360,
        "feature_type": "seat of a first-order administrative division",
        "geoname_id": 158027
      }
    },
    {
      "type": "Feature",
      "geometry": {
        "type": "Point",
        "coordinates": [
          33.98333,
          -2.8
        ]
      },
      "properties": {
        "name": "Bariadi",
        "country": "Tanzania",
        "region": "Simiyu",
        "elevation_m": null,
        "population": 260927,
        "feature_type": "seat of a third-order administrative division",
        "geoname_id": 161218
      }
    },
    {
      "type": "Feature",
      "geometry": {
        "type": "Point",
        "coordinates": [
          30.1025,
          -4.57667
        ]
      },
      "properties": {
        "name": "Kasulu",
        "country": "Tanzania",
        "region": "Kigoma",
        "elevation_m": null,
        "population": 238321,
        "feature_type": "populated place",
        "geoname_id": 158214
      }
    },
    {
      "type": "Feature",
      "geometry": {
        "type": "Point",
        "coordinates": [
          34.74358,
          -4.81629
        ]
      },
      "properties": {
        "name": "Singida",
        "country": "Tanzania",
        "region": "Singida",
        "elevation_m": null,
        "population": 232459,
        "feature_type": "seat of a first-order administrative division",
        "geoname_id": 149879
      }
    },
    {
      "type": "Feature",
      "geometry": {
        "type": "Point",
        "coordinates": [
          29.62667,
          -4.87694
        ]
      },
      "properties": {
        "name": "Kigoma",
        "country": "Tanzania",
        "region": "Kigoma",
        "elevation_m": null,
        "population": 232388,
        "feature_type": "seat of a first-order administrative division",
        "geoname_id": 157738
      }
    },
    {
      "type": "Feature",
      "geometry": {
        "type": "Point",
        "coordinates": [
          37.33333,
          -3.35
        ]
      },
      "properties": {
        "name": "Moshi",
        "country": "Tanzania",
        "region": "Kilimanjaro",
        "elevation_m": null,
        "population": 221733,
        "feature_type": "seat of a first-order administrative division",
        "geoname_id": 153209
      }
    },
    {
      "type": "Feature",
      "geometry": {
        "type": "Point",
        "coordinates": [
          32.76667,
          -9.3
        ]
      },
      "properties": {
        "name": "Tunduma",
        "country": "Tanzania",
        "region": "Songwe",
        "elevation_m": null,
        "population": 219309,
        "feature_type": "populated place",
        "geoname_id": 149402
      }
    },
    {
      "type": "Feature",
      "geometry": {
        "type": "Point",
        "coordinates": [
          36.68333,
          -8.13333
        ]
      },
      "properties": {
        "name": "Ifakara",
        "country": "Tanzania",
        "region": "Morogoro",
        "elevation_m": null,
        "population": 205843,
        "feature_type": "populated place",
        "geoname_id": 159492
      }
    },
    {
      "type": "Feature",
      "geometry": {
        "type": "Point",
        "coordinates": [
          31.06951,
          -6.34379
        ]
      },
      "properties": {
        "name": "Mpanda",
        "country": "Tanzania",
        "region": "Katavi",
        "elevation_m": null,
        "population": 204338,
        "feature_type": "seat of a first-order administrative division",
        "geoname_id": 153176
      }
    },
    {
      "type": "Feature",
      "geometry": {
        "type": "Point",
        "coordinates": [
          35.7,
          -7.76667
        ]
      },
      "properties": {
        "name": "Iringa",
        "country": "Tanzania",
        "region": "Iringa",
        "elevation_m": null,
        "population": 202490,
        "feature_type": "seat of a first-order administrative division",
        "geoname_id": 159071
      }
    },
    {
      "type": "Feature",
      "geometry": {
        "type": "Point",
        "coordinates": [
          33.87109,
          -2.02153
        ]
      },
      "properties": {
        "name": "Bunda",
        "country": "Tanzania",
        "region": "Mara",
        "elevation_m": null,
        "population": 182970,
        "feature_type": "populated place",
        "geoname_id": 160892
      }
    },
    {
      "type": "Feature",
      "geometry": {
        "type": "Point",
        "coordinates": [
          33.8,
          -1.5
        ]
      },
      "properties": {
        "name": "Musoma",
        "country": "Tanzania",
        "region": "Mara",
        "elevation_m": null,
        "population": 164172,
        "feature_type": "seat of a first-order administrative division",
        "geoname_id": 152451
      }
    },
    {
      "type": "Feature",
      "geometry": {
        "type": "Point",
        "coordinates": [
          31.81222,
          -1.33167
        ]
      },
      "properties": {
        "name": "Bukoba",
        "country": "Tanzania",
        "region": "Kagera",
        "elevation_m": null,
        "population": 144938,
        "feature_type": "seat of a first-order administrative division",
        "geoname_id": 160961
      }
    },
    {
      "type": "Feature",
      "geometry": {
        "type": "Point",
        "coordinates": [
          40.18333,
          -10.26667
        ]
      },
      "properties": {
        "name": "Mtwara",
        "country": "Tanzania",
        "region": "Mtwara",
        "elevation_m": null,
        "population": 140793,
        "feature_type": "seat of a first-order administrative division",
        "geoname_id": 877747
      }
    },
    {
      "type": "Feature",
      "geometry": {
        "type": "Point",
        "coordinates": [
          33.42118,
          -3.66393
        ]
      },
      "properties": {
        "name": "Shinyanga",
        "country": "Tanzania",
        "region": "Shinyanga",
        "elevation_m": null,
        "population": 139727,
        "feature_type": "seat of a first-order administrative division",
        "geoname_id": 150006
      }
    },
    {
      "type": "Feature",
      "geometry": {
        "type": "Point",
        "coordinates": [
          34.36667,
          -1.35
        ]
      },
      "properties": {
        "name": "Tarime",
        "country": "Tanzania",
        "region": "Mara",
        "elevation_m": null,
        "population": 133043,
        "feature_type": "populated place",
        "geoname_id": 149581
      }
    },
    {
      "type": "Feature",
      "geometry": {
        "type": "Point",
        "coordinates": [
          33.18333,
          -4.21667
        ]
      },
      "properties": {
        "name": "Nzega",
        "country": "Tanzania",
        "region": "Tabora",
        "elevation_m": null,
        "population": 125193,
        "feature_type": "populated place",
        "geoname_id": 150930
      }
    },
    {
      "type": "Feature",
      "geometry": {
        "type": "Point",
        "coordinates": [
          34.83333,
          -8.85
        ]
      },
      "properties": {
        "name": "Makumbako",
        "country": "Tanzania",
        "region": "Njombe",
        "elevation_m": null,
        "population": 116232,
        "feature_type": "populated place",
        "geoname_id": 155101
      }
    },
    {
      "type": "Feature",
      "geometry": {
        "type": "Point",
        "coordinates": [
          32.65,
          -2.66667
        ]
      },
      "properties": {
        "name": "Sengerema",
        "country": "Tanzania",
        "region": "Mwanza",
        "elevation_m": null,
        "population": 110000,
        "feature_type": "populated place",
        "geoname_id": 150103
      }
    },
    {
      "type": "Feature",
      "geometry": {
        "type": "Point",
        "coordinates": [
          38.01667,
          -5.43333
        ]
      },
      "properties": {
        "name": "Handeni",
        "country": "Tanzania",
        "region": "Tanga",
        "elevation_m": null,
        "population": 108968,
        "feature_type": "populated place",
        "geoname_id": 159675
      }
    },
    {
      "type": "Feature",
      "geometry": {
        "type": "Point",
        "coordinates": [
          33.61667,
          -9.23333
        ]
      },
      "properties": {
        "name": "Katumba",
        "country": "Tanzania",
        "region": "Mbeya",
        "elevation_m": null,
        "population": 108558,
        "feature_type": "populated place",
        "geoname_id": 158151
      }
    },
    {
      "type": "Feature",
      "geometry": {
        "type": "Point",
        "coordinates": [
          35.29366,
          -8.30019
        ]
      },
      "properties": {
        "name": "Mafinga",
        "country": "Tanzania",
        "region": "Iringa",
        "elevation_m": null,
        "population": 99305,
        "feature_type": "populated place",
        "geoname_id": 13132458
      }
    },
    {
      "type": "Feature",
      "geometry": {
        "type": "Point",
        "coordinates": [
          39.71649,
          -9.99709
        ]
      },
      "properties": {
        "name": "Lindi",
        "country": "Tanzania",
        "region": "Lindi",
        "elevation_m": null,
        "population": 95096,
        "feature_type": "seat of a first-order administrative division",
        "geoname_id": 878281
      }
    },
    {
      "type": "Feature",
      "geometry": {
        "type": "Point",
        "coordinates": [
          31.96389,
          -3.49194
        ]
      },
      "properties": {
        "name": "Ushirombo",
        "country": "Tanzania",
        "region": "Geita",
        "elevation_m": null,
        "population": 95052,
        "feature_type": "populated place",
        "geoname_id": 149129
      }
    },
    {
      "type": "Feature",
      "geometry": {
        "type": "Point",
        "coordinates": [
          34.77167,
          -9.34917
        ]
      },
      "properties": {
        "name": "Njombe",
        "country": "Tanzania",
        "region": "Njombe",
        "elevation_m": null,
        "population": 92537,
        "feature_type": "seat of a first-order administrative division",
        "geoname_id": 151479
      }
    },
    {
      "type": "Feature",
      "geometry": {
        "type": "Point",
        "coordinates": [
          36.98333,
          -6.83333
        ]
      },
      "properties": {
        "name": "Kilosa",
        "country": "Tanzania",
        "region": "Morogoro",
        "elevation_m": null,
        "population": 91889,
        "feature_type": "populated place",
        "geoname_id": 157403
      }
    },
    {
      "type": "Feature",
      "geometry": {
        "type": "Point",
        "coordinates": [
          38.8,
          -10.71667
        ]
      },
      "properties": {
        "name": "Masasi",
        "country": "Tanzania",
        "region": "Mtwara",
        "elevation_m": null,
        "population": 89700,
        "feature_type": "populated place",
        "geoname_id": 878058
      }
    },
    {
      "type": "Feature",
      "geometry": {
        "type": "Point",
        "coordinates": [
          32.93472,
          -9.10806
        ]
      },
      "properties": {
        "name": "Vwawa",
        "country": "Tanzania",
        "region": "Songwe",
        "elevation_m": null,
        "population": 85000,
        "feature_type": "seat of a first-order administrative division",
        "geoname_id": 148942
      }
    },
    {
      "type": "Feature",
      "geometry": {
        "type": "Point",
        "coordinates": [
          38.90422,
          -6.44222
        ]
      },
      "properties": {
        "name": "Bagamoyo",
        "country": "Tanzania",
        "region": "Pwani",
        "elevation_m": null,
        "population": 82426,
        "feature_type": "populated place",
        "geoname_id": 161290
      }
    },
    {
      "type": "Feature",
      "geometry": {
        "type": "Point",
        "coordinates": [
          35.78333,
          -4.9
        ]
      },
      "properties": {
        "name": "Kondoa",
        "country": "Tanzania",
        "region": "Dodoma",
        "elevation_m": null,
        "population": 80443,
        "feature_type": "populated place",
        "geoname_id": 156510
      }
    },
    {
      "type": "Feature",
      "geometry": {
        "type": "Point",
        "coordinates": [
          31.93261,
          -2.99983
        ]
      },
      "properties": {
        "name": "Katoro",
        "country": "Tanzania",
        "region": "Geita",
        "elevation_m": null,
        "population": 75000,
        "feature_type": "populated place",
        "geoname_id": 158160
      }
    },
    {
      "type": "Feature",
      "geometry": {
        "type": "Point",
        "coordinates": [
          39.29849,
          -7.00667
        ]
      },
      "properties": {
        "name": "Vikindu",
        "country": "Tanzania",
        "region": "Pwani",
        "elevation_m": null,
        "population": 70000,
        "feature_type": "populated place",
        "geoname_id": 148987
      }
    },
    {
      "type": "Feature",
      "geometry": {
        "type": "Point",
        "coordinates": [
          35.75,
          -4.21667
        ]
      },
      "properties": {
        "name": "Babati",
        "country": "Tanzania",
        "region": "Manyara",
        "elevation_m": null,
        "population": 67445,
        "feature_type": "seat of a first-order administrative division",
        "geoname_id": 161312
      }
    },
    {
      "type": "Feature",
      "geometry": {
        "type": "Point",
        "coordinates": [
          38.48333,
          -5.15
        ]
      },
      "properties": {
        "name": "Korogwe",
        "country": "Tanzania",
        "region": "Tanga",
        "elevation_m": null,
        "population": 62032,
        "feature_type": "populated place",
        "geoname_id": 156479
      }
    },
    {
      "type": "Feature",
      "geometry": {
        "type": "Point",
        "coordinates": [
          35.01667,
          -10.93333
        ]
      },
      "properties": {
        "name": "Mbinga",
        "country": "Tanzania",
        "region": "Ruvuma",
        "elevation_m": null,
        "population": 60868,
        "feature_type": "populated place",
        "geoname_id": 877998
      }
    },
    {
      "type": "Feature",
      "geometry": {
        "type": "Point",
        "coordinates": [
          31.52583,
          -3.28333
        ]
      },
      "properties": {
        "name": "Uyovu",
        "country": "Tanzania",
        "region": "Geita",
        "elevation_m": null,
        "population": 60849,
        "feature_type": "populated place",
        "geoname_id": 149027
      }
    },
    {
      "type": "Feature",
      "geometry": {
        "type": "Point",
        "coordinates": [
          31.88542,
          -3.04877
        ]
      },
      "properties": {
        "name": "Buseresere",
        "country": "Tanzania",
        "region": "Geita",
        "elevation_m": null,
        "population": 52870,
        "feature_type": "populated place",
        "geoname_id": 160833
      }
    },
    {
      "type": "Feature",
      "geometry": {
        "type": "Point",
        "coordinates": [
          39.76659,
          -5.24586
        ]
      },
      "properties": {
        "name": "Chake Chake",
        "country": "Tanzania",
        "region": "Pemba South",
        "elevation_m": null,
        "population": 52047,
        "feature_type": "seat of a first-order administrative division",
        "geoname_id": 160677
      }
    },
    {
      "type": "Feature",
      "geometry": {
        "type": "Point",
        "coordinates": [
          36.64657,
          -6.08125
        ]
      },
      "properties": {
        "name": "Kibaigwa",
        "country": "Tanzania",
        "region": "Dodoma",
        "elevation_m": null,
        "population": 50054,
        "feature_type": "populated place",
        "geoname_id": 13132456
      }
    },
    {
      "type": "Feature",
      "geometry": {
        "type": "Point",
        "coordinates": [
          33.33333,
          -8.9
        ]
      },
      "properties": {
        "name": "Utengule",
        "country": "Tanzania",
        "region": "Mbeya",
        "elevation_m": null,
        "population": 50000,
        "feature_type": "populated place",
        "geoname_id": 149072
      }
    },
    {
      "type": "Feature",
      "geometry": {
        "type": "Point",
        "coordinates": [
          33.65,
          -9.25
        ]
      },
      "properties": {
        "name": "Tukuyu",
        "country": "Tanzania",
        "region": "Mbeya",
        "elevation_m": null,
        "population": 50000,
        "feature_type": "populated place",
        "geoname_id": 149437
      }
    },
    {
      "type": "Feature",
      "geometry": {
        "type": "Point",
        "coordinates": [
          32.18333,
          -3.63333
        ]
      },
      "properties": {
        "name": "Masumbwe",
        "country": "Tanzania",
        "region": "Geita",
        "elevation_m": null,
        "population": 50000,
        "feature_type": "populated place",
        "geoname_id": 154654
      }
    },
    {
      "type": "Feature",
      "geometry": {
        "type": "Point",
        "coordinates": [
          36.97895,
          -3.56182
        ]
      },
      "properties": {
        "name": "Merelani",
        "country": "Tanzania",
        "region": "Arusha",
        "elevation_m": null,
        "population": 50000,
        "feature_type": "populated place",
        "geoname_id": 6640202
      }
    },
    {
      "type": "Feature",
      "geometry": {
        "type": "Point",
        "coordinates": [
          36.95,
          -3.56667
        ]
      },
      "properties": {
        "name": "Mbuguni",
        "country": "Tanzania",
        "region": "Arusha",
        "elevation_m": null,
        "population": 49801,
        "feature_type": "populated place",
        "geoname_id": 154321
      }
    },
    {
      "type": "Feature",
      "geometry": {
        "type": "Point",
        "coordinates": [
          37.35,
          -11.06667
        ]
      },
      "properties": {
        "name": "Tunduru",
        "country": "Tanzania",
        "region": "Ruvuma",
        "elevation_m": null,
        "population": 48000,
        "feature_type": "populated place",
        "geoname_id": 877378
      }
    },
    {
      "type": "Feature",
      "geometry": {
        "type": "Point",
        "coordinates": [
          33.85,
          -9.58333
        ]
      },
      "properties": {
        "name": "Kyela",
        "country": "Tanzania",
        "region": "Mbeya",
        "elevation_m": null,
        "population": 47000,
        "feature_type": "populated place",
        "geoname_id": 156111
      }
    },
    {
      "type": "Feature",
      "geometry": {
        "type": "Point",
        "coordinates": [
          35.53333,
          -3.85
        ]
      },
      "properties": {
        "name": "Mbulu",
        "country": "Tanzania",
        "region": "Manyara",
        "elevation_m": null,
        "population": 45384,
        "feature_type": "populated place",
        "geoname_id": 154313
      }
    },
    {
      "type": "Feature",
      "geometry": {
        "type": "Point",
        "coordinates": [
          38.97164,
          -7.95618
        ]
      },
      "properties": {
        "name": "Ikwiriri",
        "country": "Tanzania",
        "region": "Pwani",
        "elevation_m": null,
        "population": 45000,
        "feature_type": "populated place",
        "geoname_id": 159242
      }
    },
    {
      "type": "Feature",
      "geometry": {
        "type": "Point",
        "coordinates": [
          33.88333,
          -4.28333
        ]
      },
      "properties": {
        "name": "Igunga",
        "country": "Tanzania",
        "region": "Tabora",
        "elevation_m": null,
        "population": 45000,
        "feature_type": "populated place",
        "geoname_id": 159386
      }
    },
    {
      "type": "Feature",
      "geometry": {
        "type": "Point",
        "coordinates": [
          31.52344,
          -3.33907
        ]
      },
      "properties": {
        "name": "Diobahika",
        "country": "Tanzania",
        "region": "Geita",
        "elevation_m": null,
        "population": 45000,
        "feature_type": "populated place",
        "geoname_id": 13132454
      }
    },
    {
      "type": "Feature",
      "geometry": {
        "type": "Point",
        "coordinates": [
          39.2893,
          -6.97558
        ]
      },
      "properties": {
        "name": "Mwandege",
        "country": "Tanzania",
        "region": "Pwani",
        "elevation_m": null,
        "population": 45000,
        "feature_type": "populated place",
        "geoname_id": 13132460
      }
    },
    {
      "type": "Feature",
      "geometry": {
        "type": "Point",
        "coordinates": [
          33.05,
          -2.13333
        ]
      },
      "properties": {
        "name": "Nansio",
        "country": "Tanzania",
        "region": "Mara",
        "elevation_m": null,
        "population": 44000,
        "feature_type": "populated place",
        "geoname_id": 151920
      }
    },
    {
      "type": "Feature",
      "geometry": {
        "type": "Point",
        "coordinates": [
          34.38333,
          -8.7
        ]
      },
      "properties": {
        "name": "Rujewa",
        "country": "Tanzania",
        "region": "Mbeya",
        "elevation_m": null,
        "population": 42013,
        "feature_type": "populated place",
        "geoname_id": 150453
      }
    },
    {
      "type": "Feature",
      "geometry": {
        "type": "Point",
        "coordinates": [
          31.05,
          -7.51667
        ]
      },
      "properties": {
        "name": "Namanyere",
        "country": "Tanzania",
        "region": "Rukwa",
        "elevation_m": null,
        "population": 40000,
        "feature_type": "populated place",
        "geoname_id": 151986
      }
    },
    {
      "type": "Feature",
      "geometry": {
        "type": "Point",
        "coordinates": [
          32.98333,
          -9
        ]
      },
      "properties": {
        "name": "Mlowo",
        "country": "Tanzania",
        "region": "Songwe",
        "elevation_m": null,
        "population": 40000,
        "feature_type": "populated place",
        "geoname_id": 153352
      }
    },
    {
      "type": "Feature",
      "geometry": {
        "type": "Point",
        "coordinates": [
          39.06667,
          -6.6
        ]
      },
      "properties": {
        "name": "Mapinga",
        "country": "Tanzania",
        "region": "Pwani",
        "elevation_m": null,
        "population": 40000,
        "feature_type": "populated place",
        "geoname_id": 154805
      }
    },
    {
      "type": "Feature",
      "geometry": {
        "type": "Point",
        "coordinates": [
          36.86667,
          -6.15
        ]
      },
      "properties": {
        "name": "Geiro",
        "country": "Tanzania",
        "region": "Morogoro",
        "elevation_m": null,
        "population": 40000,
        "feature_type": "populated place",
        "geoname_id": 159909
      }
    },
    {
      "type": "Feature",
      "geometry": {
        "type": "Point",
        "coordinates": [
          37.34331,
          -6.38395
        ]
      },
      "properties": {
        "name": "Dumila",
        "country": "Tanzania",
        "region": "Morogoro",
        "elevation_m": null,
        "population": 40000,
        "feature_type": "populated place",
        "geoname_id": 13132455
      }
    },
    {
      "type": "Feature",
      "geometry": {
        "type": "Point",
        "coordinates": [
          31.04194,
          -5.10917
        ]
      },
      "properties": {
        "name": "Nguruka",
        "country": "Tanzania",
        "region": "Kigoma",
        "elevation_m": null,
        "population": 39135,
        "feature_type": "populated place",
        "geoname_id": 151567
      }
    },
    {
      "type": "Feature",
      "geometry": {
        "type": "Point",
        "coordinates": [
          39.28333,
          -10.95
        ]
      },
      "properties": {
        "name": "Newala Kisimani",
        "country": "Tanzania",
        "region": "Mtwara",
        "elevation_m": null,
        "population": 38099,
        "feature_type": "populated place",
        "geoname_id": 877532
      }
    },
    {
      "type": "Feature",
      "geometry": {
        "type": "Point",
        "coordinates": [
          36.95722,
          -7.69916
        ]
      },
      "properties": {
        "name": "Kidatu",
        "country": "Tanzania",
        "region": "Morogoro",
        "elevation_m": null,
        "population": 37542,
        "feature_type": "populated place",
        "geoname_id": 157863
      }
    },
    {
      "type": "Feature",
      "geometry": {
        "type": "Point",
        "coordinates": [
          37.15,
          -3.33333
        ]
      },
      "properties": {
        "name": "Boma la Ngombe",
        "country": "Tanzania",
        "region": "Kilimanjaro",
        "elevation_m": null,
        "population": 37538,
        "feature_type": "populated place",
        "geoname_id": 161100
      }
    },
    {
      "type": "Feature",
      "geometry": {
        "type": "Point",
        "coordinates": [
          37.00438,
          -7.60361
        ]
      },
      "properties": {
        "name": "Kidodi",
        "country": "Tanzania",
        "region": "Morogoro",
        "elevation_m": null,
        "population": 35953,
        "feature_type": "populated place",
        "geoname_id": 157826
      }
    },
    {
      "type": "Feature",
      "geometry": {
        "type": "Point",
        "coordinates": [
          39.72938,
          -5.05589
        ]
      },
      "properties": {
        "name": "Wete",
        "country": "Tanzania",
        "region": "Pemba North",
        "elevation_m": null,
        "population": 35951,
        "feature_type": "seat of a first-order administrative division",
        "geoname_id": 148842
      }
    },
    {
      "type": "Feature",
      "geometry": {
        "type": "Point",
        "coordinates": [
          33.08333,
          -2.85
        ]
      },
      "properties": {
        "name": "Misungwi",
        "country": "Tanzania",
        "region": "Mwanza",
        "elevation_m": null,
        "population": 35530,
        "feature_type": "populated place",
        "geoname_id": 153759
      }
    },
    {
      "type": "Feature",
      "geometry": {
        "type": "Point",
        "coordinates": [
          33.44619,
          -2.59075
        ]
      },
      "properties": {
        "name": "Magu",
        "country": "Tanzania",
        "region": "Mwanza",
        "elevation_m": null,
        "population": 35000,
        "feature_type": "populated place",
        "geoname_id": 8549456
      }
    },
    {
      "type": "Feature",
      "geometry": {
        "type": "Point",
        "coordinates": [
          35.81667,
          -8.8
        ]
      },
      "properties": {
        "name": "Mlimba",
        "country": "Tanzania",
        "region": "Morogoro",
        "elevation_m": null,
        "population": 34970,
        "feature_type": "populated place",
        "geoname_id": 153384
      }
    },
    {
      "type": "Feature",
      "geometry": {
        "type": "Point",
        "coordinates": [
          35.06667,
          -7.25
        ]
      },
      "properties": {
        "name": "Mafinga",
        "country": "Tanzania",
        "region": "Iringa",
        "elevation_m": null,
        "population": 34958,
        "feature_type": "populated place",
        "geoname_id": 155405
      }
    },
    {
      "type": "Feature",
      "geometry": {
        "type": "Point",
        "coordinates": [
          39.3,
          -10.93333
        ]
      },
      "properties": {
        "name": "Newala",
        "country": "Tanzania",
        "region": "Mtwara",
        "elevation_m": null,
        "population": 34862,
        "feature_type": "populated place",
        "geoname_id": 877534
      }
    },
    {
      "type": "Feature",
      "geometry": {
        "type": "Point",
        "coordinates": [
          38.35396,
          -6.63784
        ]
      },
      "properties": {
        "name": "Chalinze",
        "country": "Tanzania",
        "region": "Pwani",
        "elevation_m": null,
        "population": 34335,
        "feature_type": "populated place",
        "geoname_id": 160660
      }
    },
    {
      "type": "Feature",
      "geometry": {
        "type": "Point",
        "coordinates": [
          37.73333,
          -4.06667
        ]
      },
      "properties": {
        "name": "Same",
        "country": "Tanzania",
        "region": "Kilimanjaro",
        "elevation_m": null,
        "population": 34322,
        "feature_type": "populated place",
        "geoname_id": 150276
      }
    },
    {
      "type": "Feature",
      "geometry": {
        "type": "Point",
        "coordinates": [
          31.30889,
          -2.63194
        ]
      },
      "properties": {
        "name": "Biharamulo",
        "country": "Tanzania",
        "region": "Kagera",
        "elevation_m": null,
        "population": 34038,
        "feature_type": "populated place",
        "geoname_id": 161154
      }
    },
    {
      "type": "Feature",
      "geometry": {
        "type": "Point",
        "coordinates": [
          38.28333,
          -4.78333
        ]
      },
      "properties": {
        "name": "Lushoto",
        "country": "Tanzania",
        "region": "Tanga",
        "elevation_m": null,
        "population": 34000,
        "feature_type": "populated place",
        "geoname_id": 155569
      }
    },
    {
      "type": "Feature",
      "geometry": {
        "type": "Point",
        "coordinates": [
          33.95,
          -3.36667
        ]
      },
      "properties": {
        "name": "Somanda",
        "country": "Tanzania",
        "region": "Simiyu",
        "elevation_m": null,
        "population": 33932,
        "feature_type": "populated place",
        "geoname_id": 149792
      }
    },
    {
      "type": "Feature",
      "geometry": {
        "type": "Point",
        "coordinates": [
          30.6,
          -7.41667
        ]
      },
      "properties": {
        "name": "Kirando",
        "country": "Tanzania",
        "region": "Rukwa",
        "elevation_m": null,
        "population": 33111,
        "feature_type": "populated place",
        "geoname_id": 157107
      }
    },
    {
      "type": "Feature",
      "geometry": {
        "type": "Point",
        "coordinates": [
          32.73333,
          -5.06667
        ]
      },
      "properties": {
        "name": "Tumbi",
        "country": "Tanzania",
        "region": "Tabora",
        "elevation_m": null,
        "population": 32900,
        "feature_type": "populated place",
        "geoname_id": 149418
      }
    },
    {
      "type": "Feature",
      "geometry": {
        "type": "Point",
        "coordinates": [
          30.52806,
          -2.87056
        ]
      },
      "properties": {
        "name": "Bugarama",
        "country": "Tanzania",
        "region": "Kagera",
        "elevation_m": null,
        "population": 32494,
        "feature_type": "populated place",
        "geoname_id": 161023
      }
    },
    {
      "type": "Feature",
      "geometry": {
        "type": "Point",
        "coordinates": [
          33.33333,
          -2.96667
        ]
      },
      "properties": {
        "name": "Ngudu",
        "country": "Tanzania",
        "region": "Mwanza",
        "elevation_m": null,
        "population": 32446,
        "feature_type": "populated place",
        "geoname_id": 151599
      }
    },
    {
      "type": "Feature",
      "geometry": {
        "type": "Point",
        "coordinates": [
          32.05,
          -5.06667
        ]
      },
      "properties": {
        "name": "Urambo",
        "country": "Tanzania",
        "region": "Tabora",
        "elevation_m": null,
        "population": 31752,
        "feature_type": "populated place",
        "geoname_id": 149172
      }
    },
    {
      "type": "Feature",
      "geometry": {
        "type": "Point",
        "coordinates": [
          38.66667,
          -6.25
        ]
      },
      "properties": {
        "name": "Mvomero",
        "country": "Tanzania",
        "region": "Pwani",
        "elevation_m": null,
        "population": 31324,
        "feature_type": "populated place",
        "geoname_id": 152403
      }
    },
    {
      "type": "Feature",
      "geometry": {
        "type": "Point",
        "coordinates": [
          38.01667,
          -5.41667
        ]
      },
      "properties": {
        "name": "Chanika",
        "country": "Tanzania",
        "region": "Tanga",
        "elevation_m": null,
        "population": 30905,
        "feature_type": "populated place",
        "geoname_id": 160592
      }
    },
    {
      "type": "Feature",
      "geometry": {
        "type": "Point",
        "coordinates": [
          39.2987,
          -5.72651
        ]
      },
      "properties": {
        "name": "Nungwi",
        "country": "Tanzania",
        "region": "Zanzibar North",
        "elevation_m": null,
        "population": 30762,
        "feature_type": "populated place",
        "geoname_id": 7284275
      }
    },
    {
      "type": "Feature",
      "geometry": {
        "type": "Point",
        "coordinates": [
          38.93749,
          -7.72178
        ]
      },
      "properties": {
        "name": "Kibiti",
        "country": "Tanzania",
        "region": "Pwani",
        "elevation_m": null,
        "population": 30163,
        "feature_type": "populated place",
        "geoname_id": 157977
      }
    },
    {
      "type": "Feature",
      "geometry": {
        "type": "Point",
        "coordinates": [
          36.48333,
          -6.35
        ]
      },
      "properties": {
        "name": "Mpwapwa",
        "country": "Tanzania",
        "region": "Dodoma",
        "elevation_m": null,
        "population": 30000,
        "feature_type": "populated place",
        "geoname_id": 153094
      }
    },
    {
      "type": "Feature",
      "geometry": {
        "type": "Point",
        "coordinates": [
          33.03333,
          -2.55
        ]
      },
      "properties": {
        "name": "Kisesa",
        "country": "Tanzania",
        "region": "Mwanza",
        "elevation_m": null,
        "population": 30000,
        "feature_type": "populated place",
        "geoname_id": 156973
      }
    },
    {
      "type": "Feature",
      "geometry": {
        "type": "Point",
        "coordinates": [
          31.76694,
          -2.63778
        ]
      },
      "properties": {
        "name": "Chato",
        "country": "Tanzania",
        "region": "Geita",
        "elevation_m": null,
        "population": 30000,
        "feature_type": "populated place",
        "geoname_id": 160552
      }
    },
    {
      "type": "Feature",
      "geometry": {
        "type": "Point",
        "coordinates": [
          34.15,
          -3.08333
        ]
      },
      "properties": {
        "name": "Kisesa",
        "country": "Tanzania",
        "region": "Simiyu",
        "elevation_m": null,
        "population": 29804,
        "feature_type": "populated place",
        "geoname_id": 156974
      }
    },
    {
      "type": "Feature",
      "geometry": {
        "type": "Point",
        "coordinates": [
          38.8,
          -10.56667
        ]
      },
      "properties": {
        "name": "Lukuledi",
        "country": "Tanzania",
        "region": "Mtwara",
        "elevation_m": null,
        "population": 29699,
        "feature_type": "populated place",
        "geoname_id": 878195
      }
    },
    {
      "type": "Feature",
      "geometry": {
        "type": "Point",
        "coordinates": [
          38.73333,
          -6.7
        ]
      },
      "properties": {
        "name": "Mlandizi",
        "country": "Tanzania",
        "region": "Pwani",
        "elevation_m": null,
        "population": 29394,
        "feature_type": "populated place",
        "geoname_id": 153412
      }
    },
    {
      "type": "Feature",
      "geometry": {
        "type": "Point",
        "coordinates": [
          36.03658,
          -7.6766
        ]
      },
      "properties": {
        "name": "Ilula",
        "country": "Tanzania",
        "region": "Iringa",
        "elevation_m": null,
        "population": 29193,
        "feature_type": "populated place",
        "geoname_id": 159179
      }
    },
    {
      "type": "Feature",
      "geometry": {
        "type": "Point",
        "coordinates": [
          34.7,
          -1.85
        ]
      },
      "properties": {
        "name": "Mugumu",
        "country": "Tanzania",
        "region": "Mara",
        "elevation_m": null,
        "population": 29000,
        "feature_type": "populated place",
        "geoname_id": 152663
      }
    },
    {
      "type": "Feature",
      "geometry": {
        "type": "Point",
        "coordinates": [
          30.72028,
          -3.58639
        ]
      },
      "properties": {
        "name": "Kibondo",
        "country": "Tanzania",
        "region": "Kigoma",
        "elevation_m": null,
        "population": 28666,
        "feature_type": "populated place",
        "geoname_id": 157960
      }
    },
    {
      "type": "Feature",
      "geometry": {
        "type": "Point",
        "coordinates": [
          39.20782,
          -7.11799
        ]
      },
      "properties": {
        "name": "Mkwanga",
        "country": "Tanzania",
        "region": "Pwani",
        "elevation_m": null,
        "population": 28037,
        "feature_type": "populated place",
        "geoname_id": 153482
      }
    },
    {
      "type": "Feature",
      "geometry": {
        "type": "Point",
        "coordinates": [
          33.76667,
          -3.16667
        ]
      },
      "properties": {
        "name": "Shanwa",
        "country": "Tanzania",
        "region": "Simiyu",
        "elevation_m": null,
        "population": 28000,
        "feature_type": "populated place",
        "geoname_id": 150044
      }
    },
    {
      "type": "Feature",
      "geometry": {
        "type": "Point",
        "coordinates": [
          39.05818,
          -7.63369
        ]
      },
      "properties": {
        "name": "Bungu",
        "country": "Tanzania",
        "region": "Pwani",
        "elevation_m": null,
        "population": 27873,
        "feature_type": "populated place",
        "geoname_id": 160877
      }
    },
    {
      "type": "Feature",
      "geometry": {
        "type": "Point",
        "coordinates": [
          32.43333,
          -2.85
        ]
      },
      "properties": {
        "name": "Kasamwa",
        "country": "Tanzania",
        "region": "Geita",
        "elevation_m": null,
        "population": 27681,
        "feature_type": "populated place",
        "geoname_id": 158289
      }
    },
    {
      "type": "Feature",
      "geometry": {
        "type": "Point",
        "coordinates": [
          32.76667,
          -5.63333
        ]
      },
      "properties": {
        "name": "Sikonge",
        "country": "Tanzania",
        "region": "Tabora",
        "elevation_m": null,
        "population": 27113,
        "feature_type": "populated place",
        "geoname_id": 149929
      }
    },
    {
      "type": "Feature",
      "geometry": {
        "type": "Point",
        "coordinates": [
          36.13333,
          -8.93333
        ]
      },
      "properties": {
        "name": "Malinyi",
        "country": "Tanzania",
        "region": "Morogoro",
        "elevation_m": null,
        "population": 27041,
        "feature_type": "populated place",
        "geoname_id": 155016
      }
    },
    {
      "type": "Feature",
      "geometry": {
        "type": "Point",
        "coordinates": [
          34.85,
          -4.55
        ]
      },
      "properties": {
        "name": "Mtinko",
        "country": "Tanzania",
        "region": "Singida",
        "elevation_m": null,
        "population": 26725,
        "feature_type": "populated place",
        "geoname_id": 152781
      }
    },
    {
      "type": "Feature",
      "geometry": {
        "type": "Point",
        "coordinates": [
          38.61667,
          -5.05
        ]
      },
      "properties": {
        "name": "Maramba",
        "country": "Tanzania",
        "region": "Tanga",
        "elevation_m": null,
        "population": 26531,
        "feature_type": "populated place",
        "geoname_id": 154780
      }
    },
    {
      "type": "Feature",
      "geometry": {
        "type": "Point",
        "coordinates": [
          35.76667,
          -4.01667
        ]
      },
      "properties": {
        "name": "Magugu",
        "country": "Tanzania",
        "region": "Manyara",
        "elevation_m": null,
        "population": 26131,
        "feature_type": "populated place",
        "geoname_id": 155310
      }
    },
    {
      "type": "Feature",
      "geometry": {
        "type": "Point",
        "coordinates": [
          33.28333,
          -8.45
        ]
      },
      "properties": {
        "name": "Matundasi",
        "country": "Tanzania",
        "region": "Mbeya",
        "elevation_m": null,
        "population": 26073,
        "feature_type": "populated place",
        "geoname_id": 154551
      }
    },
    {
      "type": "Feature",
      "geometry": {
        "type": "Point",
        "coordinates": [
          39.55,
          -6.43333
        ]
      },
      "properties": {
        "name": "Sokoni",
        "country": "Tanzania",
        "region": "Zanzibar Central/South",
        "elevation_m": null,
        "population": 25821,
        "feature_type": "populated place",
        "geoname_id": 149812
      }
    },
    {
      "type": "Feature",
      "geometry": {
        "type": "Point",
        "coordinates": [
          34.53333,
          -4.75
        ]
      },
      "properties": {
        "name": "Sepuka",
        "country": "Tanzania",
        "region": "Singida",
        "elevation_m": null,
        "population": 25657,
        "feature_type": "populated place",
        "geoname_id": 150099
      }
    },
    {
      "type": "Feature",
      "geometry": {
        "type": "Point",
        "coordinates": [
          39.33333,
          -10.9
        ]
      },
      "properties": {
        "name": "Luchingu",
        "country": "Tanzania",
        "region": "Mtwara",
        "elevation_m": null,
        "population": 25145,
        "feature_type": "populated place",
        "geoname_id": 878223
      }
    },
    {
      "type": "Feature",
      "geometry": {
        "type": "Point",
        "coordinates": [
          34.47596,
          -1.25367
        ]
      },
      "properties": {
        "name": "Sirari",
        "country": "Tanzania",
        "region": "Mara",
        "elevation_m": null,
        "population": 25000,
        "feature_type": "populated place",
        "geoname_id": 149854
      }
    },
    {
      "type": "Feature",
      "geometry": {
        "type": "Point",
        "coordinates": [
          34.83333,
          -5.75
        ]
      },
      "properties": {
        "name": "Manyoni",
        "country": "Tanzania",
        "region": "Singida",
        "elevation_m": null,
        "population": 25000,
        "feature_type": "populated place",
        "geoname_id": 154837
      }
    },
    {
      "type": "Feature",
      "geometry": {
        "type": "Point",
        "coordinates": [
          37.93333,
          -9.76667
        ]
      },
      "properties": {
        "name": "Liwale",
        "country": "Tanzania",
        "region": "Lindi",
        "elevation_m": null,
        "population": 25000,
        "feature_type": "populated place",
        "geoname_id": 155921
      }
    },
    {
      "type": "Feature",
      "geometry": {
        "type": "Point",
        "coordinates": [
          33.85,
          -8.85
        ]
      },
      "properties": {
        "name": "Igurusi",
        "country": "Tanzania",
        "region": "Mbeya",
        "elevation_m": null,
        "population": 25000,
        "feature_type": "populated place",
        "geoname_id": 159380
      }
    },
    {
      "type": "Feature",
      "geometry": {
        "type": "Point",
        "coordinates": [
          32.00991,
          -2.5812
        ]
      },
      "properties": {
        "name": "Mhalamba",
        "country": "Tanzania",
        "region": "Geita",
        "elevation_m": null,
        "population": 25000,
        "feature_type": "populated place",
        "geoname_id": 8549608
      }
    },
    {
      "type": "Feature",
      "geometry": {
        "type": "Point",
        "coordinates": [
          34.2,
          -4.36667
        ]
      },
      "properties": {
        "name": "Shelui",
        "country": "Tanzania",
        "region": "Singida",
        "elevation_m": null,
        "population": 24817,
        "feature_type": "populated place",
        "geoname_id": 150037
      }
    },
    {
      "type": "Feature",
      "geometry": {
        "type": "Point",
        "coordinates": [
          34.02393,
          -8.85637
        ]
      },
      "properties": {
        "name": "Chimala",
        "country": "Tanzania",
        "region": "Mbeya",
        "elevation_m": null,
        "population": 24817,
        "feature_type": "populated place",
        "geoname_id": 160464
      }
    },
    {
      "type": "Feature",
      "geometry": {
        "type": "Point",
        "coordinates": [
          30.96417,
          -3.28278
        ]
      },
      "properties": {
        "name": "Kakonko",
        "country": "Tanzania",
        "region": "Kigoma",
        "elevation_m": null,
        "population": 24688,
        "feature_type": "populated place",
        "geoname_id": 158563
      }
    },
    {
      "type": "Feature",
      "geometry": {
        "type": "Point",
        "coordinates": [
          30.39111,
          -5.10361
        ]
      },
      "properties": {
        "name": "Uvinza",
        "country": "Tanzania",
        "region": "Kigoma",
        "elevation_m": null,
        "population": 24650,
        "feature_type": "populated place",
        "geoname_id": 149050
      }
    },
    {
      "type": "Feature",
      "geometry": {
        "type": "Point",
        "coordinates": [
          33.78333,
          -3.18333
        ]
      },
      "properties": {
        "name": "Nyalikungu",
        "country": "Tanzania",
        "region": "Simiyu",
        "elevation_m": null,
        "population": 24648,
        "feature_type": "populated place",
        "geoname_id": 151211
      }
    },
    {
      "type": "Feature",
      "geometry": {
        "type": "Point",
        "coordinates": [
          31.51667,
          -8.3
        ]
      },
      "properties": {
        "name": "Matai",
        "country": "Tanzania",
        "region": "Rukwa",
        "elevation_m": null,
        "population": 24070,
        "feature_type": "populated place",
        "geoname_id": 154638
      }
    },
    {
      "type": "Feature",
      "geometry": {
        "type": "Point",
        "coordinates": [
          34.48333,
          -5.7
        ]
      },
      "properties": {
        "name": "Itigi",
        "country": "Tanzania",
        "region": "Singida",
        "elevation_m": null,
        "population": 24000,
        "feature_type": "populated place",
        "geoname_id": 158904
      }
    },
    {
      "type": "Feature",
      "geometry": {
        "type": "Point",
        "coordinates": [
          36.98299,
          -7.65685
        ]
      },
      "properties": {
        "name": "Ruaha",
        "country": "Tanzania",
        "region": "Morogoro",
        "elevation_m": null,
        "population": 24000,
        "feature_type": "populated place",
        "geoname_id": 13132462
      }
    },
    {
      "type": "Feature",
      "geometry": {
        "type": "Point",
        "coordinates": [
          33.15,
          -8.4
        ]
      },
      "properties": {
        "name": "Makongolosi",
        "country": "Tanzania",
        "region": "Mbeya",
        "elevation_m": null,
        "population": 23787,
        "feature_type": "populated place",
        "geoname_id": 155125
      }
    },
    {
      "type": "Feature",
      "geometry": {
        "type": "Point",
        "coordinates": [
          33.4,
          -3.55
        ]
      },
      "properties": {
        "name": "Old Shinyanga",
        "country": "Tanzania",
        "region": "Shinyanga",
        "elevation_m": null,
        "population": 23747,
        "feature_type": "populated place",
        "geoname_id": 150885
      }
    },
    {
      "type": "Feature",
      "geometry": {
        "type": "Point",
        "coordinates": [
          39.65,
          -5.36667
        ]
      },
      "properties": {
        "name": "Mkoani",
        "country": "Tanzania",
        "region": "Pemba South",
        "elevation_m": null,
        "population": 23719,
        "feature_type": "populated place",
        "geoname_id": 153600
      }
    },
    {
      "type": "Feature",
      "geometry": {
        "type": "Point",
        "coordinates": [
          34.13333,
          -5.95
        ]
      },
      "properties": {
        "name": "Mgandu",
        "country": "Tanzania",
        "region": "Singida",
        "elevation_m": null,
        "population": 23718,
        "feature_type": "populated place",
        "geoname_id": 154097
      }
    },
    {
      "type": "Feature",
      "geometry": {
        "type": "Point",
        "coordinates": [
          33.51667,
          -3.51667
        ]
      },
      "properties": {
        "name": "Songwa",
        "country": "Tanzania",
        "region": "Shinyanga",
        "elevation_m": null,
        "population": 23618,
        "feature_type": "populated place",
        "geoname_id": 149775
      }
    },
    {
      "type": "Feature",
      "geometry": {
        "type": "Point",
        "coordinates": [
          34.36667,
          -4.26667
        ]
      },
      "properties": {
        "name": "Kiomboi",
        "country": "Tanzania",
        "region": "Singida",
        "elevation_m": null,
        "population": 23519,
        "feature_type": "populated place",
        "geoname_id": 157198
      }
    },
    {
      "type": "Feature",
      "geometry": {
        "type": "Point",
        "coordinates": [
          39.66204,
          -7.91446
        ]
      },
      "properties": {
        "name": "Kilindoni",
        "country": "Tanzania",
        "region": "Pwani",
        "elevation_m": null,
        "population": 23426,
        "feature_type": "populated place",
        "geoname_id": 157429
      }
    },
    {
      "type": "Feature",
      "geometry": {
        "type": "Point",
        "coordinates": [
          33.6,
          -3.55
        ]
      },
      "properties": {
        "name": "Mwadui",
        "country": "Tanzania",
        "region": "Shinyanga",
        "elevation_m": null,
        "population": 23296,
        "feature_type": "populated place",
        "geoname_id": 152376
      }
    },
    {
      "type": "Feature",
      "geometry": {
        "type": "Point",
        "coordinates": [
          38.5,
          -10.9
        ]
      },
      "properties": {
        "name": "Nangomba",
        "country": "Tanzania",
        "region": "Mtwara",
        "elevation_m": null,
        "population": 23028,
        "feature_type": "populated place",
        "geoname_id": 877597
      }
    },
    {
      "type": "Feature",
      "geometry": {
        "type": "Point",
        "coordinates": [
          34.3,
          -8.65
        ]
      },
      "properties": {
        "name": "Urunda",
        "country": "Tanzania",
        "region": "Mbeya",
        "elevation_m": null,
        "population": 23000,
        "feature_type": "populated place",
        "geoname_id": 149158
      }
    },
    {
      "type": "Feature",
      "geometry": {
        "type": "Point",
        "coordinates": [
          36.98333,
          -3.28333
        ]
      },
      "properties": {
        "name": "Kingori",
        "country": "Tanzania",
        "region": "Arusha",
        "elevation_m": null,
        "population": 22839,
        "feature_type": "populated place",
        "geoname_id": 157268
      }
    },
    {
      "type": "Feature",
      "geometry": {
        "type": "Point",
        "coordinates": [
          34.63333,
          -4.56667
        ]
      },
      "properties": {
        "name": "Igugunu",
        "country": "Tanzania",
        "region": "Singida",
        "elevation_m": null,
        "population": 22810,
        "feature_type": "populated place",
        "geoname_id": 159398
      }
    },
    {
      "type": "Feature",
      "geometry": {
        "type": "Point",
        "coordinates": [
          31.26667,
          -7.58333
        ]
      },
      "properties": {
        "name": "Chala",
        "country": "Tanzania",
        "region": "Rukwa",
        "elevation_m": null,
        "population": 22624,
        "feature_type": "populated place",
        "geoname_id": 160670
      }
    },
    {
      "type": "Feature",
      "geometry": {
        "type": "Point",
        "coordinates": [
          33.95,
          -3.45
        ]
      },
      "properties": {
        "name": "Lalago",
        "country": "Tanzania",
        "region": "Simiyu",
        "elevation_m": null,
        "population": 22551,
        "feature_type": "populated place",
        "geoname_id": 156080
      }
    },
    {
      "type": "Feature",
      "geometry": {
        "type": "Point",
        "coordinates": [
          35.05,
          -10.8
        ]
      },
      "properties": {
        "name": "Kigonsera",
        "country": "Tanzania",
        "region": "Ruvuma",
        "elevation_m": null,
        "population": 22155,
        "feature_type": "populated place",
        "geoname_id": 878400
      }
    },
    {
      "type": "Feature",
      "geometry": {
        "type": "Point",
        "coordinates": [
          33.2,
          -3.88333
        ]
      },
      "properties": {
        "name": "Tinde",
        "country": "Tanzania",
        "region": "Shinyanga",
        "elevation_m": null,
        "population": 22082,
        "feature_type": "populated place",
        "geoname_id": 149512
      }
    },
    {
      "type": "Feature",
      "geometry": {
        "type": "Point",
        "coordinates": [
          30.6325,
          -2.7175
        ]
      },
      "properties": {
        "name": "Rulenge",
        "country": "Tanzania",
        "region": "Kagera",
        "elevation_m": null,
        "population": 22069,
        "feature_type": "populated place",
        "geoname_id": 150436
      }
    },
    {
      "type": "Feature",
      "geometry": {
        "type": "Point",
        "coordinates": [
          33.98333,
          -2.68333
        ]
      },
      "properties": {
        "name": "Maswa",
        "country": "Tanzania",
        "region": "Simiyu",
        "elevation_m": null,
        "population": 22025,
        "feature_type": "populated place",
        "geoname_id": 154648
      }
    },
    {
      "type": "Feature",
      "geometry": {
        "type": "Point",
        "coordinates": [
          34.31513,
          -3.52723
        ]
      },
      "properties": {
        "name": "Mwanhuzi",
        "country": "Tanzania",
        "region": "Simiyu",
        "elevation_m": null,
        "population": 21664,
        "feature_type": "populated place",
        "geoname_id": 13132461
      }
    },
    {
      "type": "Feature",
      "geometry": {
        "type": "Point",
        "coordinates": [
          32.85,
          -3.28333
        ]
      },
      "properties": {
        "name": "Mhango",
        "country": "Tanzania",
        "region": "Shinyanga",
        "elevation_m": null,
        "population": 21553,
        "feature_type": "populated place",
        "geoname_id": 154002
      }
    },
    {
      "type": "Feature",
      "geometry": {
        "type": "Point",
        "coordinates": [
          39.5131,
          -8.9251
        ]
      },
      "properties": {
        "name": "Kilwa Masoko",
        "country": "Tanzania",
        "region": "Lindi",
        "elevation_m": null,
        "population": 21519,
        "feature_type": "populated place",
        "geoname_id": 157377
      }
    },
    {
      "type": "Feature",
      "geometry": {
        "type": "Point",
        "coordinates": [
          35.3849,
          -4.52483
        ]
      },
      "properties": {
        "name": "Katesh",
        "country": "Tanzania",
        "region": "Manyara",
        "elevation_m": null,
        "population": 21462,
        "feature_type": "populated place",
        "geoname_id": 158178
      }
    },
    {
      "type": "Feature",
      "geometry": {
        "type": "Point",
        "coordinates": [
          33.54152,
          -9.17307
        ]
      },
      "properties": {
        "name": "Kiwira",
        "country": "Tanzania",
        "region": "Mbeya",
        "elevation_m": null,
        "population": 21342,
        "feature_type": "populated place",
        "geoname_id": 156627
      }
    },
    {
      "type": "Feature",
      "geometry": {
        "type": "Point",
        "coordinates": [
          32.93333,
          -3.9
        ]
      },
      "properties": {
        "name": "Isaka",
        "country": "Tanzania",
        "region": "Shinyanga",
        "elevation_m": null,
        "population": 21094,
        "feature_type": "populated place",
        "geoname_id": 159045
      }
    },
    {
      "type": "Feature",
      "geometry": {
        "type": "Point",
        "coordinates": [
          37.66667,
          -3.7
        ]
      },
      "properties": {
        "name": "Usangi",
        "country": "Tanzania",
        "region": "Kilimanjaro",
        "elevation_m": null,
        "population": 21000,
        "feature_type": "populated place",
        "geoname_id": 149143
      }
    },
    {
      "type": "Feature",
      "geometry": {
        "type": "Point",
        "coordinates": [
          36.85,
          -3.36667
        ]
      },
      "properties": {
        "name": "Usa River",
        "country": "Tanzania",
        "region": "Arusha",
        "elevation_m": null,
        "population": 21000,
        "feature_type": "populated place",
        "geoname_id": 149155
      }
    },
    {
      "type": "Feature",
      "geometry": {
        "type": "Point",
        "coordinates": [
          38.76251,
          -10.3725
        ]
      },
      "properties": {
        "name": "Nachingwea",
        "country": "Tanzania",
        "region": "Lindi",
        "elevation_m": null,
        "population": 21000,
        "feature_type": "populated place",
        "geoname_id": 877702
      }
    },
    {
      "type": "Feature",
      "geometry": {
        "type": "Point",
        "coordinates": [
          37.9,
          -4.5
        ]
      },
      "properties": {
        "name": "Hedaru",
        "country": "Tanzania",
        "region": "Kilimanjaro",
        "elevation_m": null,
        "population": 21000,
        "feature_type": "populated place",
        "geoname_id": 159647
      }
    },
    {
      "type": "Feature",
      "geometry": {
        "type": "Point",
        "coordinates": [
          35.08333,
          -4.36667
        ]
      },
      "properties": {
        "name": "Basotu",
        "country": "Tanzania",
        "region": "Manyara",
        "elevation_m": null,
        "population": 20937,
        "feature_type": "populated place",
        "geoname_id": 161197
      }
    },
    {
      "type": "Feature",
      "geometry": {
        "type": "Point",
        "coordinates": [
          38.21667,
          -4.8
        ]
      },
      "properties": {
        "name": "Mazinde",
        "country": "Tanzania",
        "region": "Tanga",
        "elevation_m": null,
        "population": 20534,
        "feature_type": "populated place",
        "geoname_id": 154470
      }
    },
    {
      "type": "Feature",
      "geometry": {
        "type": "Point",
        "coordinates": [
          32.91667,
          -1.98333
        ]
      },
      "properties": {
        "name": "Muriti",
        "country": "Tanzania",
        "region": "Mara",
        "elevation_m": null,
        "population": 20254,
        "feature_type": "populated place",
        "geoname_id": 152497
      }
    },
    {
      "type": "Feature",
      "geometry": {
        "type": "Point",
        "coordinates": [
          38.25,
          -4.8
        ]
      },
      "properties": {
        "name": "Matui",
        "country": "Tanzania",
        "region": "Tanga",
        "elevation_m": null,
        "population": 20241,
        "feature_type": "populated place",
        "geoname_id": 154566
      }
    },
    {
      "type": "Feature",
      "geometry": {
        "type": "Point",
        "coordinates": [
          31.39472,
          -1.14389
        ]
      },
      "properties": {
        "name": "Nsunga",
        "country": "Tanzania",
        "region": "Kagera",
        "elevation_m": null,
        "population": 20049,
        "feature_type": "populated place",
        "geoname_id": 151363
      }
    },
    {
      "type": "Feature",
      "geometry": {
        "type": "Point",
        "coordinates": [
          38.78333,
          -5.16667
        ]
      },
      "properties": {
        "name": "Muheza",
        "country": "Tanzania",
        "region": "Tanga",
        "elevation_m": null,
        "population": 20000,
        "feature_type": "populated place",
        "geoname_id": 152632
      }
    },
    {
      "type": "Feature",
      "geometry": {
        "type": "Point",
        "coordinates": [
          36.98309,
          -7.40409
        ]
      },
      "properties": {
        "name": "Mikumi",
        "country": "Tanzania",
        "region": "Morogoro",
        "elevation_m": null,
        "population": 20000,
        "feature_type": "populated place",
        "geoname_id": 153871
      }
    },
    {
      "type": "Feature",
      "geometry": {
        "type": "Point",
        "coordinates": [
          39.63333,
          -10.75
        ]
      },
      "properties": {
        "name": "Tandahimba",
        "country": "Tanzania",
        "region": "Mtwara",
        "elevation_m": null,
        "population": 20000,
        "feature_type": "populated place",
        "geoname_id": 877391
      }
    },
    {
      "type": "Feature",
      "geometry": {
        "type": "Point",
        "coordinates": [
          38.93333,
          -10.06667
        ]
      },
      "properties": {
        "name": "Ruangwa",
        "country": "Tanzania",
        "region": "Lindi",
        "elevation_m": null,
        "population": 20000,
        "feature_type": "populated place",
        "geoname_id": 877433
      }
    },
    {
      "type": "Feature",
      "geometry": {
        "type": "Point",
        "coordinates": [
          36.1,
          -3.55
        ]
      },
      "properties": {
        "name": "Makuyuni",
        "country": "Tanzania",
        "region": "Arusha",
        "elevation_m": null,
        "population": 20000,
        "feature_type": "populated place",
        "geoname_id": 155077
      }
    },
    {
      "type": "Feature",
      "geometry": {
        "type": "Point",
        "coordinates": [
          35.66667,
          -3.33333
        ]
      },
      "properties": {
        "name": "Kiratu",
        "country": "Tanzania",
        "region": "Arusha",
        "elevation_m": null,
        "population": 20000,
        "feature_type": "populated place",
        "geoname_id": 158324
      }
    },
    {
      "type": "Feature",
      "geometry": {
        "type": "Point",
        "coordinates": [
          34.52279,
          -1.46771
        ]
      },
      "properties": {
        "name": "Matongo",
        "country": "Tanzania",
        "region": "Mara",
        "elevation_m": null,
        "population": 20000,
        "feature_type": "populated place",
        "geoname_id": 13132459
      }
    },
    {
      "type": "Feature",
      "geometry": {
        "type": "Point",
        "coordinates": [
          35.55,
          -4.21667
        ]
      },
      "properties": {
        "name": "Dareda",
        "country": "Tanzania",
        "region": "Manyara",
        "elevation_m": null,
        "population": 19876,
        "feature_type": "populated place",
        "geoname_id": 160266
      }
    },
    {
      "type": "Feature",
      "geometry": {
        "type": "Point",
        "coordinates": [
          31.55111,
          -1.79833
        ]
      },
      "properties": {
        "name": "Nshamba",
        "country": "Tanzania",
        "region": "Kagera",
        "elevation_m": null,
        "population": 19815,
        "feature_type": "populated place",
        "geoname_id": 151373
      }
    },
    {
      "type": "Feature",
      "geometry": {
        "type": "Point",
        "coordinates": [
          34.76667,
          -5.13333
        ]
      },
      "properties": {
        "name": "Ikungi",
        "country": "Tanzania",
        "region": "Singida",
        "elevation_m": null,
        "population": 19692,
        "feature_type": "populated place",
        "geoname_id": 159267
      }
    },
    {
      "type": "Feature",
      "geometry": {
        "type": "Point",
        "coordinates": [
          39.83333,
          -10.68333
        ]
      },
      "properties": {
        "name": "Nanyamba",
        "country": "Tanzania",
        "region": "Mtwara",
        "elevation_m": null,
        "population": 19555,
        "feature_type": "populated place",
        "geoname_id": 877581
      }
    },
    {
      "type": "Feature",
      "geometry": {
        "type": "Point",
        "coordinates": [
          36.36667,
          -6.71667
        ]
      },
      "properties": {
        "name": "Kibakwe",
        "country": "Tanzania",
        "region": "Dodoma",
        "elevation_m": null,
        "population": 19526,
        "feature_type": "populated place",
        "geoname_id": 158024
      }
    },
    {
      "type": "Feature",
      "geometry": {
        "type": "Point",
        "coordinates": [
          35.4,
          -10.58333
        ]
      },
      "properties": {
        "name": "Maposeni",
        "country": "Tanzania",
        "region": "Ruvuma",
        "elevation_m": null,
        "population": 19472,
        "feature_type": "populated place",
        "geoname_id": 878073
      }
    },
    {
      "type": "Feature",
      "geometry": {
        "type": "Point",
        "coordinates": [
          30.46778,
          -2.63861
        ]
      },
      "properties": {
        "name": "Kabanga",
        "country": "Tanzania",
        "region": "Kagera",
        "elevation_m": null,
        "population": 19421,
        "feature_type": "populated place",
        "geoname_id": 158684
      }
    },
    {
      "type": "Feature",
      "geometry": {
        "type": "Point",
        "coordinates": [
          32.05,
          -8.56667
        ]
      },
      "properties": {
        "name": "Laela",
        "country": "Tanzania",
        "region": "Rukwa",
        "elevation_m": null,
        "population": 19185,
        "feature_type": "populated place",
        "geoname_id": 156098
      }
    },
    {
      "type": "Feature",
      "geometry": {
        "type": "Point",
        "coordinates": [
          35.41667,
          -4.23333
        ]
      },
      "properties": {
        "name": "Bashanet",
        "country": "Tanzania",
        "region": "Manyara",
        "elevation_m": null,
        "population": 19087,
        "feature_type": "populated place",
        "geoname_id": 161204
      }
    },
    {
      "type": "Feature",
      "geometry": {
        "type": "Point",
        "coordinates": [
          39.25,
          -6.8
        ]
      },
      "properties": {
        "name": "Magomeni",
        "country": "Tanzania",
        "region": "Dar es Salaam Region",
        "elevation_m": null,
        "population": 19086,
        "feature_type": "section of populated place",
        "geoname_id": 155321
      }
    },
    {
      "type": "Feature",
      "geometry": {
        "type": "Point",
        "coordinates": [
          33.35,
          -2.58333
        ]
      },
      "properties": {
        "name": "Kihangara",
        "country": "Tanzania",
        "region": "Mwanza",
        "elevation_m": null,
        "population": 19082,
        "feature_type": "populated place",
        "geoname_id": 155307
      }
    },
    {
      "type": "Feature",
      "geometry": {
        "type": "Point",
        "coordinates": [
          34.8,
          -9.01667
        ]
      },
      "properties": {
        "name": "Mtwango",
        "country": "Tanzania",
        "region": "Njombe",
        "elevation_m": null,
        "population": 19040,
        "feature_type": "populated place",
        "geoname_id": 152718
      }
    },
    {
      "type": "Feature",
      "geometry": {
        "type": "Point",
        "coordinates": [
          33.98333,
          -1.13333
        ]
      },
      "properties": {
        "name": "Shirati",
        "country": "Tanzania",
        "region": "Mara",
        "elevation_m": null,
        "population": 18904,
        "feature_type": "populated place",
        "geoname_id": 149996
      }
    },
    {
      "type": "Feature",
      "geometry": {
        "type": "Point",
        "coordinates": [
          34.58333,
          -8.9
        ]
      },
      "properties": {
        "name": "Ilembula",
        "country": "Tanzania",
        "region": "Njombe",
        "elevation_m": null,
        "population": 18870,
        "feature_type": "populated place",
        "geoname_id": 159218
      }
    },
    {
      "type": "Feature",
      "geometry": {
        "type": "Point",
        "coordinates": [
          35.38333,
          -4.06667
        ]
      },
      "properties": {
        "name": "Dongobesh",
        "country": "Tanzania",
        "region": "Manyara",
        "elevation_m": null,
        "population": 18864,
        "feature_type": "populated place",
        "geoname_id": 160172
      }
    },
    {
      "type": "Feature",
      "geometry": {
        "type": "Point",
        "coordinates": [
          34.9,
          -10.75
        ]
      },
      "properties": {
        "name": "Matiri",
        "country": "Tanzania",
        "region": "Ruvuma",
        "elevation_m": null,
        "population": 18830,
        "feature_type": "populated place",
        "geoname_id": 878041
      }
    },
    {
      "type": "Feature",
      "geometry": {
        "type": "Point",
        "coordinates": [
          37.37373,
          -6.37697
        ]
      },
      "properties": {
        "name": "Magole",
        "country": "Tanzania",
        "region": "Morogoro",
        "elevation_m": null,
        "population": 18753,
        "feature_type": "populated place",
        "geoname_id": 155334
      }
    },
    {
      "type": "Feature",
      "geometry": {
        "type": "Point",
        "coordinates": [
          35.45,
          -4.46667
        ]
      },
      "properties": {
        "name": "Nangwa",
        "country": "Tanzania",
        "region": "Manyara",
        "elevation_m": null,
        "population": 18595,
        "feature_type": "populated place",
        "geoname_id": 151929
      }
    },
    {
      "type": "Feature",
      "geometry": {
        "type": "Point",
        "coordinates": [
          35.85,
          -4.26667
        ]
      },
      "properties": {
        "name": "Galappo",
        "country": "Tanzania",
        "region": "Manyara",
        "elevation_m": null,
        "population": 18528,
        "feature_type": "populated place",
        "geoname_id": 159951
      }
    },
    {
      "type": "Feature",
      "geometry": {
        "type": "Point",
        "coordinates": [
          31.73333,
          -1.4
        ]
      },
      "properties": {
        "name": "Katerero",
        "country": "Tanzania",
        "region": "Kagera",
        "elevation_m": null,
        "population": 18430,
        "feature_type": "populated place",
        "geoname_id": 158179
      }
    },
    {
      "type": "Feature",
      "geometry": {
        "type": "Point",
        "coordinates": [
          33.98333,
          -2.63333
        ]
      },
      "properties": {
        "name": "Nyakabindi",
        "country": "Tanzania",
        "region": "Simiyu",
        "elevation_m": null,
        "population": 18428,
        "feature_type": "populated place",
        "geoname_id": 151266
      }
    },
    {
      "type": "Feature",
      "geometry": {
        "type": "Point",
        "coordinates": [
          35.73333,
          -7.2
        ]
      },
      "properties": {
        "name": "Izazi",
        "country": "Tanzania",
        "region": "Iringa",
        "elevation_m": null,
        "population": 18010,
        "feature_type": "populated place",
        "geoname_id": 158825
      }
    },
    {
      "type": "Feature",
      "geometry": {
        "type": "Point",
        "coordinates": [
          37.45,
          -6.1
        ]
      },
      "properties": {
        "name": "Lubata",
        "country": "Tanzania",
        "region": "Morogoro",
        "elevation_m": null,
        "population": 18000,
        "feature_type": "populated place",
        "geoname_id": 155794
      }
    },
    {
      "type": "Feature",
      "geometry": {
        "type": "Point",
        "coordinates": [
          37.56416,
          -3.00083
        ]
      },
      "properties": {
        "name": "Tarakea",
        "country": "Tanzania",
        "region": "Kilimanjaro",
        "elevation_m": null,
        "population": 18000,
        "feature_type": "populated place",
        "geoname_id": 11905975
      }
    },
    {
      "type": "Feature",
      "geometry": {
        "type": "Point",
        "coordinates": [
          37.63604,
          -6.14089
        ]
      },
      "properties": {
        "name": "Madizini",
        "country": "Tanzania",
        "region": "Morogoro",
        "elevation_m": null,
        "population": 18000,
        "feature_type": "populated place",
        "geoname_id": 13132457
      }
    },
    {
      "type": "Feature",
      "geometry": {
        "type": "Point",
        "coordinates": [
          37.2,
          -6.53333
        ]
      },
      "properties": {
        "name": "Msowero",
        "country": "Tanzania",
        "region": "Morogoro",
        "elevation_m": null,
        "population": 17861,
        "feature_type": "populated place",
        "geoname_id": 152933
      }
    },
    {
      "type": "Feature",
      "geometry": {
        "type": "Point",
        "coordinates": [
          33.9,
          -9.48333
        ]
      },
      "properties": {
        "name": "Ipinda",
        "country": "Tanzania",
        "region": "Mbeya",
        "elevation_m": null,
        "population": 17775,
        "feature_type": "populated place",
        "geoname_id": 159107
      }
    },
    {
      "type": "Feature",
      "geometry": {
        "type": "Point",
        "coordinates": [
          35.85,
          -3.35
        ]
      },
      "properties": {
        "name": "Mto wa Mbu",
        "country": "Tanzania",
        "region": "Arusha",
        "elevation_m": null,
        "population": 17754,
        "feature_type": "populated place",
        "geoname_id": 152743
      }
    },
    {
      "type": "Feature",
      "geometry": {
        "type": "Point",
        "coordinates": [
          31.23333,
          -7.1
        ]
      },
      "properties": {
        "name": "Usevya",
        "country": "Tanzania",
        "region": "Katavi",
        "elevation_m": null,
        "population": 17742,
        "feature_type": "populated place",
        "geoname_id": 149132
      }
    },
    {
      "type": "Feature",
      "geometry": {
        "type": "Point",
        "coordinates": [
          39.15,
          -10.38333
        ]
      },
      "properties": {
        "name": "Nanganga",
        "country": "Tanzania",
        "region": "Mtwara",
        "elevation_m": null,
        "population": 17468,
        "feature_type": "populated place",
        "geoname_id": 877605
      }
    },
    {
      "type": "Feature",
      "geometry": {
        "type": "Point",
        "coordinates": [
          34.86667,
          -4.66667
        ]
      },
      "properties": {
        "name": "Ilongero",
        "country": "Tanzania",
        "region": "Singida",
        "elevation_m": null,
        "population": 17342,
        "feature_type": "populated place",
        "geoname_id": 159186
      }
    },
    {
      "type": "Feature",
      "geometry": {
        "type": "Point",
        "coordinates": [
          33.45,
          -2.15
        ]
      },
      "properties": {
        "name": "Kibara",
        "country": "Tanzania",
        "region": "Mara",
        "elevation_m": null,
        "population": 17211,
        "feature_type": "populated place",
        "geoname_id": 158016
      }
    },
    {
      "type": "Feature",
      "geometry": {
        "type": "Point",
        "coordinates": [
          38.11667,
          -6.75
        ]
      },
      "properties": {
        "name": "Ngerengere",
        "country": "Tanzania",
        "region": "Morogoro",
        "elevation_m": null,
        "population": 17181,
        "feature_type": "populated place",
        "geoname_id": 151678
      }
    },
    {
      "type": "Feature",
      "geometry": {
        "type": "Point",
        "coordinates": [
          34.73333,
          -5
        ]
      },
      "properties": {
        "name": "Puma",
        "country": "Tanzania",
        "region": "Singida",
        "elevation_m": null,
        "population": 17092,
        "feature_type": "populated place",
        "geoname_id": 150634
      }
    },
    {
      "type": "Feature",
      "geometry": {
        "type": "Point",
        "coordinates": [
          33.53333,
          -3.13333
        ]
      },
      "properties": {
        "name": "Malampaka",
        "country": "Tanzania",
        "region": "Simiyu",
        "elevation_m": null,
        "population": 16916,
        "feature_type": "populated place",
        "geoname_id": 155056
      }
    },
    {
      "type": "Feature",
      "geometry": {
        "type": "Point",
        "coordinates": [
          38.33333,
          -6.45
        ]
      },
      "properties": {
        "name": "Lugoba",
        "country": "Tanzania",
        "region": "Pwani",
        "elevation_m": null,
        "population": 16902,
        "feature_type": "populated place",
        "geoname_id": 155743
      }
    },
    {
      "type": "Feature",
      "geometry": {
        "type": "Point",
        "coordinates": [
          30.65583,
          -2.51222
        ]
      },
      "properties": {
        "name": "Ngara",
        "country": "Tanzania",
        "region": "Kagera",
        "elevation_m": null,
        "population": 16890,
        "feature_type": "populated place",
        "geoname_id": 151711
      }
    },
    {
      "type": "Feature",
      "geometry": {
        "type": "Point",
        "coordinates": [
          29.65806,
          -4.83
        ]
      },
      "properties": {
        "name": "Mwandiga",
        "country": "Tanzania",
        "region": "Kigoma",
        "elevation_m": null,
        "population": 16822,
        "feature_type": "populated place",
        "geoname_id": 153709
      }
    },
    {
      "type": "Feature",
      "geometry": {
        "type": "Point",
        "coordinates": [
          34.88333,
          -4.96667
        ]
      },
      "properties": {
        "name": "Mungaa",
        "country": "Tanzania",
        "region": "Singida",
        "elevation_m": null,
        "population": 16715,
        "feature_type": "populated place",
        "geoname_id": 152546
      }
    },
    {
      "type": "Feature",
      "geometry": {
        "type": "Point",
        "coordinates": [
          34.01667,
          -1.9
        ]
      },
      "properties": {
        "name": "Nyamuswa",
        "country": "Tanzania",
        "region": "Mara",
        "elevation_m": null,
        "population": 16507,
        "feature_type": "populated place",
        "geoname_id": 151108
      }
    },
    {
      "type": "Feature",
      "geometry": {
        "type": "Point",
        "coordinates": [
          33.96667,
          -1.76667
        ]
      },
      "properties": {
        "name": "Butiama",
        "country": "Tanzania",
        "region": "Mara",
        "elevation_m": null,
        "population": 16376,
        "feature_type": "populated place",
        "geoname_id": 160798
      }
    },
    {
      "type": "Feature",
      "geometry": {
        "type": "Point",
        "coordinates": [
          33.86667,
          -3.61667
        ]
      },
      "properties": {
        "name": "Kishapu",
        "country": "Tanzania",
        "region": "Shinyanga",
        "elevation_m": null,
        "population": 16371,
        "feature_type": "populated place",
        "geoname_id": 156963
      }
    },
    {
      "type": "Feature",
      "geometry": {
        "type": "Point",
        "coordinates": [
          39.28333,
          -10.33333
        ]
      },
      "properties": {
        "name": "Nyangao",
        "country": "Tanzania",
        "region": "Lindi",
        "elevation_m": null,
        "population": 16343,
        "feature_type": "populated place",
        "geoname_id": 877471
      }
    },
    {
      "type": "Feature",
      "geometry": {
        "type": "Point",
        "coordinates": [
          35.03333,
          -11.3
        ]
      },
      "properties": {
        "name": "Tingi",
        "country": "Tanzania",
        "region": "Ruvuma",
        "elevation_m": null,
        "population": 16315,
        "feature_type": "populated place",
        "geoname_id": 877384
      }
    },
    {
      "type": "Feature",
      "geometry": {
        "type": "Point",
        "coordinates": [
          39.73333,
          -10.71667
        ]
      },
      "properties": {
        "name": "Kitama",
        "country": "Tanzania",
        "region": "Mtwara",
        "elevation_m": null,
        "population": 16232,
        "feature_type": "populated place",
        "geoname_id": 878367
      }
    },
    {
      "type": "Feature",
      "geometry": {
        "type": "Point",
        "coordinates": [
          37.61667,
          -3.78333
        ]
      },
      "properties": {
        "name": "Lembeni",
        "country": "Tanzania",
        "region": "Kilimanjaro",
        "elevation_m": null,
        "population": 16008,
        "feature_type": "populated place",
        "geoname_id": 156025
      }
    },
    {
      "type": "Feature",
      "geometry": {
        "type": "Point",
        "coordinates": [
          31.62,
          -1.61861
        ]
      },
      "properties": {
        "name": "Kamachumu",
        "country": "Tanzania",
        "region": "Kagera",
        "elevation_m": null,
        "population": 15701,
        "feature_type": "populated place",
        "geoname_id": 158492
      }
    },
    {
      "type": "Feature",
      "geometry": {
        "type": "Point",
        "coordinates": [
          38.93333,
          -4.93333
        ]
      },
      "properties": {
        "name": "Mlalo",
        "country": "Tanzania",
        "region": "Tanga",
        "elevation_m": null,
        "population": 15576,
        "feature_type": "populated place",
        "geoname_id": 153423
      }
    },
    {
      "type": "Feature",
      "geometry": {
        "type": "Point",
        "coordinates": [
          38.1,
          -4.73333
        ]
      },
      "properties": {
        "name": "Makuyuni",
        "country": "Tanzania",
        "region": "Tanga",
        "elevation_m": null,
        "population": 15516,
        "feature_type": "populated place",
        "geoname_id": 155076
      }
    },
    {
      "type": "Feature",
      "geometry": {
        "type": "Point",
        "coordinates": [
          33,
          -2.68333
        ]
      },
      "properties": {
        "name": "Usagara",
        "country": "Tanzania",
        "region": "Mwanza",
        "elevation_m": null,
        "population": 15514,
        "feature_type": "populated place",
        "geoname_id": 149151
      }
    },
    {
      "type": "Feature",
      "geometry": {
        "type": "Point",
        "coordinates": [
          32.53333,
          -5.13333
        ]
      },
      "properties": {
        "name": "Mabama",
        "country": "Tanzania",
        "region": "Tabora",
        "elevation_m": null,
        "population": 15320,
        "feature_type": "populated place",
        "geoname_id": 155515
      }
    },
    {
      "type": "Feature",
      "geometry": {
        "type": "Point",
        "coordinates": [
          34.51667,
          -9.78333
        ]
      },
      "properties": {
        "name": "Mlangali",
        "country": "Tanzania",
        "region": "Njombe",
        "elevation_m": null,
        "population": 15168,
        "feature_type": "populated place",
        "geoname_id": 153408
      }
    },
    {
      "type": "Feature",
      "geometry": {
        "type": "Point",
        "coordinates": [
          35.33333,
          -9.93333
        ]
      },
      "properties": {
        "name": "Mahanje",
        "country": "Tanzania",
        "region": "Ruvuma",
        "elevation_m": null,
        "population": 15009,
        "feature_type": "populated place",
        "geoname_id": 155285
      }
    },
    {
      "type": "Feature",
      "geometry": {
        "type": "Point",
        "coordinates": [
          36.78377,
          -2.55116
        ]
      },
      "properties": {
        "name": "Namanga",
        "country": "Tanzania",
        "region": "Arusha",
        "elevation_m": null,
        "population": 14922,
        "feature_type": "populated place",
        "geoname_id": 151988
      }
    },
    {
      "type": "Feature",
      "geometry": {
        "type": "Point",
        "coordinates": [
          36.84887,
          -3.33391
        ]
      },
      "properties": {
        "name": "Nkoaranga",
        "country": "Tanzania",
        "region": "Arusha",
        "elevation_m": null,
        "population": 14738,
        "feature_type": "populated place",
        "geoname_id": 151445
      }
    },
    {
      "type": "Feature",
      "geometry": {
        "type": "Point",
        "coordinates": [
          31.14139,
          -1.60333
        ]
      },
      "properties": {
        "name": "Nyakahanga",
        "country": "Tanzania",
        "region": "Kagera",
        "elevation_m": null,
        "population": 14611,
        "feature_type": "populated place",
        "geoname_id": 151262
      }
    },
    {
      "type": "Feature",
      "geometry": {
        "type": "Point",
        "coordinates": [
          35.51667,
          -4.41667
        ]
      },
      "properties": {
        "name": "Endasak",
        "country": "Tanzania",
        "region": "Manyara",
        "elevation_m": null,
        "population": 14576,
        "feature_type": "populated place",
        "geoname_id": 160073
      }
    },
    {
      "type": "Feature",
      "geometry": {
        "type": "Point",
        "coordinates": [
          38.05,
          -4.36667
        ]
      },
      "properties": {
        "name": "Ndungu",
        "country": "Tanzania",
        "region": "Kilimanjaro",
        "elevation_m": null,
        "population": 14545,
        "feature_type": "populated place",
        "geoname_id": 151775
      }
    },
    {
      "type": "Feature",
      "geometry": {
        "type": "Point",
        "coordinates": [
          33.08333,
          -3
        ]
      },
      "properties": {
        "name": "Misasi",
        "country": "Tanzania",
        "region": "Mwanza",
        "elevation_m": null,
        "population": 14170,
        "feature_type": "populated place",
        "geoname_id": 153772
      }
    },
    {
      "type": "Feature",
      "geometry": {
        "type": "Point",
        "coordinates": [
          30.50194,
          -3.59833
        ]
      },
      "properties": {
        "name": "Mabamba",
        "country": "Tanzania",
        "region": "Kigoma",
        "elevation_m": null,
        "population": 14140,
        "feature_type": "populated place",
        "geoname_id": 155514
      }
    },
    {
      "type": "Feature",
      "geometry": {
        "type": "Point",
        "coordinates": [
          34.25,
          -8.11667
        ]
      },
      "properties": {
        "name": "Dunda",
        "country": "Tanzania",
        "region": "Mbeya",
        "elevation_m": null,
        "population": 14080,
        "feature_type": "populated place",
        "geoname_id": 160141
      }
    },
    {
      "type": "Feature",
      "geometry": {
        "type": "Point",
        "coordinates": [
          31.42028,
          -1.25222
        ]
      },
      "properties": {
        "name": "Kyaka",
        "country": "Tanzania",
        "region": "Kagera",
        "elevation_m": null,
        "population": 13810,
        "feature_type": "populated place",
        "geoname_id": 156124
      }
    },
    {
      "type": "Feature",
      "geometry": {
        "type": "Point",
        "coordinates": [
          39.45,
          -10.86667
        ]
      },
      "properties": {
        "name": "Mahuta",
        "country": "Tanzania",
        "region": "Mtwara",
        "elevation_m": null,
        "population": 13548,
        "feature_type": "populated place",
        "geoname_id": 878121
      }
    },
    {
      "type": "Feature",
      "geometry": {
        "type": "Point",
        "coordinates": [
          39.55,
          -10.8
        ]
      },
      "properties": {
        "name": "Nanhyanga",
        "country": "Tanzania",
        "region": "Mtwara",
        "elevation_m": null,
        "population": 13519,
        "feature_type": "populated place",
        "geoname_id": 877588
      }
    },
    {
      "type": "Feature",
      "geometry": {
        "type": "Point",
        "coordinates": [
          36.93333,
          -4.2
        ]
      },
      "properties": {
        "name": "Naberera",
        "country": "Tanzania",
        "region": "Manyara",
        "elevation_m": null,
        "population": 13499,
        "feature_type": "populated place",
        "geoname_id": 152042
      }
    },
    {
      "type": "Feature",
      "geometry": {
        "type": "Point",
        "coordinates": [
          33.18333,
          -9.4
        ]
      },
      "properties": {
        "name": "Itumba",
        "country": "Tanzania",
        "region": "Songwe",
        "elevation_m": null,
        "population": 13438,
        "feature_type": "populated place",
        "geoname_id": 158876
      }
    },
    {
      "type": "Feature",
      "geometry": {
        "type": "Point",
        "coordinates": [
          34.63333,
          -11.08333
        ]
      },
      "properties": {
        "name": "Liuli",
        "country": "Tanzania",
        "region": "Ruvuma",
        "elevation_m": null,
        "population": 13119,
        "feature_type": "populated place",
        "geoname_id": 878242
      }
    },
    {
      "type": "Feature",
      "geometry": {
        "type": "Point",
        "coordinates": [
          34.35,
          -4.6
        ]
      },
      "properties": {
        "name": "Ndago",
        "country": "Tanzania",
        "region": "Singida",
        "elevation_m": null,
        "population": 13012,
        "feature_type": "populated place",
        "geoname_id": 151872
      }
    },
    {
      "type": "Feature",
      "geometry": {
        "type": "Point",
        "coordinates": [
          38.2,
          -4.8
        ]
      },
      "properties": {
        "name": "Mwanga",
        "country": "Tanzania",
        "region": "Tanga",
        "elevation_m": null,
        "population": 12846,
        "feature_type": "populated place",
        "geoname_id": 152265
      }
    },
    {
      "type": "Feature",
      "geometry": {
        "type": "Point",
        "coordinates": [
          38.98333,
          -10.88333
        ]
      },
      "properties": {
        "name": "Chiungutwa",
        "country": "Tanzania",
        "region": "Mtwara",
        "elevation_m": null,
        "population": 12764,
        "feature_type": "populated place",
        "geoname_id": 878455
      }
    },
    {
      "type": "Feature",
      "geometry": {
        "type": "Point",
        "coordinates": [
          33.75,
          -9.33333
        ]
      },
      "properties": {
        "name": "Masoko",
        "country": "Tanzania",
        "region": "Mbeya",
        "elevation_m": null,
        "population": 12720,
        "feature_type": "populated place",
        "geoname_id": 154666
      }
    },
    {
      "type": "Feature",
      "geometry": {
        "type": "Point",
        "coordinates": [
          30.43887,
          -6.82052
        ]
      },
      "properties": {
        "name": "Karema",
        "country": "Tanzania",
        "region": "Katavi",
        "elevation_m": null,
        "population": 12630,
        "feature_type": "populated place",
        "geoname_id": 158321
      }
    },
    {
      "type": "Feature",
      "geometry": {
        "type": "Point",
        "coordinates": [
          33.51667,
          -2.98333
        ]
      },
      "properties": {
        "name": "Malya",
        "country": "Tanzania",
        "region": "Mwanza",
        "elevation_m": null,
        "population": 12627,
        "feature_type": "populated place",
        "geoname_id": 154995
      }
    },
    {
      "type": "Feature",
      "geometry": {
        "type": "Point",
        "coordinates": [
          40.33333,
          -10.4
        ]
      },
      "properties": {
        "name": "Madimba",
        "country": "Tanzania",
        "region": "Mtwara",
        "elevation_m": null,
        "population": 12507,
        "feature_type": "populated place",
        "geoname_id": 878141
      }
    },
    {
      "type": "Feature",
      "geometry": {
        "type": "Point",
        "coordinates": [
          39.06667,
          -6.9
        ]
      },
      "properties": {
        "name": "Kisarawe",
        "country": "Tanzania",
        "region": "Pwani",
        "elevation_m": null,
        "population": 12507,
        "feature_type": "populated place",
        "geoname_id": 156996
      }
    },
    {
      "type": "Feature",
      "geometry": {
        "type": "Point",
        "coordinates": [
          38.36667,
          -4.85
        ]
      },
      "properties": {
        "name": "Soni",
        "country": "Tanzania",
        "region": "Tanga",
        "elevation_m": null,
        "population": 12402,
        "feature_type": "populated place",
        "geoname_id": 149768
      }
    },
    {
      "type": "Feature",
      "geometry": {
        "type": "Point",
        "coordinates": [
          31.79361,
          -5.06056
        ]
      },
      "properties": {
        "name": "Kaliua",
        "country": "Tanzania",
        "region": "Tabora",
        "elevation_m": null,
        "population": 12362,
        "feature_type": "populated place",
        "geoname_id": 158514
      }
    },
    {
      "type": "Feature",
      "geometry": {
        "type": "Point",
        "coordinates": [
          33.68333,
          -8.93333
        ]
      },
      "properties": {
        "name": "Ulenje",
        "country": "Tanzania",
        "region": "Mbeya",
        "elevation_m": null,
        "population": 12219,
        "feature_type": "populated place",
        "geoname_id": 149239
      }
    },
    {
      "type": "Feature",
      "geometry": {
        "type": "Point",
        "coordinates": [
          39.36667,
          -10.3
        ]
      },
      "properties": {
        "name": "Mtama",
        "country": "Tanzania",
        "region": "Lindi",
        "elevation_m": null,
        "population": 11928,
        "feature_type": "populated place",
        "geoname_id": 877784
      }
    },
    {
      "type": "Feature",
      "geometry": {
        "type": "Point",
        "coordinates": [
          31.50028,
          -1.39972
        ]
      },
      "properties": {
        "name": "Katoro",
        "country": "Tanzania",
        "region": "Kagera",
        "elevation_m": null,
        "population": 11925,
        "feature_type": "populated place",
        "geoname_id": 158161
      }
    },
    {
      "type": "Feature",
      "geometry": {
        "type": "Point",
        "coordinates": [
          38.75795,
          -7.98598
        ]
      },
      "properties": {
        "name": "Utete",
        "country": "Tanzania",
        "region": "Pwani",
        "elevation_m": null,
        "population": 11888,
        "feature_type": "populated place",
        "geoname_id": 149070
      }
    },
    {
      "type": "Feature",
      "geometry": {
        "type": "Point",
        "coordinates": [
          36.41667,
          -6.2
        ]
      },
      "properties": {
        "name": "Kongwa",
        "country": "Tanzania",
        "region": "Dodoma",
        "elevation_m": null,
        "population": 11840,
        "feature_type": "populated place",
        "geoname_id": 156493
      }
    },
    {
      "type": "Feature",
      "geometry": {
        "type": "Point",
        "coordinates": [
          34.08333,
          -2.38333
        ]
      },
      "properties": {
        "name": "Matonga",
        "country": "Tanzania",
        "region": "Simiyu",
        "elevation_m": null,
        "population": 11828,
        "feature_type": "populated place",
        "geoname_id": 154576
      }
    },
    {
      "type": "Feature",
      "geometry": {
        "type": "Point",
        "coordinates": [
          38.98333,
          -10
        ]
      },
      "properties": {
        "name": "Mbekenyera",
        "country": "Tanzania",
        "region": "Lindi",
        "elevation_m": null,
        "population": 11794,
        "feature_type": "populated place",
        "geoname_id": 878006
      }
    },
    {
      "type": "Feature",
      "geometry": {
        "type": "Point",
        "coordinates": [
          32.06667,
          -6.71667
        ]
      },
      "properties": {
        "name": "Inyonga",
        "country": "Tanzania",
        "region": "Katavi",
        "elevation_m": null,
        "population": 11790,
        "feature_type": "populated place",
        "geoname_id": 159134
      }
    },
    {
      "type": "Feature",
      "geometry": {
        "type": "Point",
        "coordinates": [
          39.6,
          -10.83333
        ]
      },
      "properties": {
        "name": "Namikupa",
        "country": "Tanzania",
        "region": "Mtwara",
        "elevation_m": null,
        "population": 11733,
        "feature_type": "populated place",
        "geoname_id": 877631
      }
    },
    {
      "type": "Feature",
      "geometry": {
        "type": "Point",
        "coordinates": [
          31.65444,
          -1.83972
        ]
      },
      "properties": {
        "name": "Muleba",
        "country": "Tanzania",
        "region": "Kagera",
        "elevation_m": null,
        "population": 11555,
        "feature_type": "populated place",
        "geoname_id": 152570
      }
    },
    {
      "type": "Feature",
      "geometry": {
        "type": "Point",
        "coordinates": [
          36.66667,
          -8.38333
        ]
      },
      "properties": {
        "name": "Lupiro",
        "country": "Tanzania",
        "region": "Morogoro",
        "elevation_m": null,
        "population": 11430,
        "feature_type": "populated place",
        "geoname_id": 155584
      }
    },
    {
      "type": "Feature",
      "geometry": {
        "type": "Point",
        "coordinates": [
          37.13333,
          -6.78333
        ]
      },
      "properties": {
        "name": "Kimamba",
        "country": "Tanzania",
        "region": "Morogoro",
        "elevation_m": null,
        "population": 11235,
        "feature_type": "populated place",
        "geoname_id": 157366
      }
    },
    {
      "type": "Feature",
      "geometry": {
        "type": "Point",
        "coordinates": [
          39.1,
          -10.95
        ]
      },
      "properties": {
        "name": "Namalenga",
        "country": "Tanzania",
        "region": "Mtwara",
        "elevation_m": null,
        "population": 11204,
        "feature_type": "populated place",
        "geoname_id": 877670
      }
    },
    {
      "type": "Feature",
      "geometry": {
        "type": "Point",
        "coordinates": [
          36.35,
          -8.78333
        ]
      },
      "properties": {
        "name": "Mtimbira",
        "country": "Tanzania",
        "region": "Morogoro",
        "elevation_m": null,
        "population": 11122,
        "feature_type": "populated place",
        "geoname_id": 152793
      }
    },
    {
      "type": "Feature",
      "geometry": {
        "type": "Point",
        "coordinates": [
          37.70337,
          -7.43622
        ]
      },
      "properties": {
        "name": "Kisanga",
        "country": "Tanzania",
        "region": "Morogoro",
        "elevation_m": null,
        "population": 10978,
        "feature_type": "populated place",
        "geoname_id": 157014
      }
    },
    {
      "type": "Feature",
      "geometry": {
        "type": "Point",
        "coordinates": [
          39.33333,
          -10.65
        ]
      },
      "properties": {
        "name": "Kitangari",
        "country": "Tanzania",
        "region": "Mtwara",
        "elevation_m": null,
        "population": 10956,
        "feature_type": "populated place",
        "geoname_id": 878362
      }
    },
    {
      "type": "Feature",
      "geometry": {
        "type": "Point",
        "coordinates": [
          35.48747,
          -3.23973
        ]
      },
      "properties": {
        "name": "Ngorongoro",
        "country": "Tanzania",
        "region": "Arusha",
        "elevation_m": null,
        "population": 10836,
        "feature_type": "populated place",
        "geoname_id": 151610
      }
    },
    {
      "type": "Feature",
      "geometry": {
        "type": "Point",
        "coordinates": [
          33.2,
          -2.55
        ]
      },
      "properties": {
        "name": "Nyanguge",
        "country": "Tanzania",
        "region": "Mwanza",
        "elevation_m": null,
        "population": 10746,
        "feature_type": "populated place",
        "geoname_id": 151062
      }
    },
    {
      "type": "Feature",
      "geometry": {
        "type": "Point",
        "coordinates": [
          33.96667,
          -8.98333
        ]
      },
      "properties": {
        "name": "Matamba",
        "country": "Tanzania",
        "region": "Njombe",
        "elevation_m": null,
        "population": 10642,
        "feature_type": "populated place",
        "geoname_id": 154635
      }
    },
    {
      "type": "Feature",
      "geometry": {
        "type": "Point",
        "coordinates": [
          31.14028,
          -1.59111
        ]
      },
      "properties": {
        "name": "Bugene",
        "country": "Tanzania",
        "region": "Kagera",
        "elevation_m": null,
        "population": 10609,
        "feature_type": "populated place",
        "geoname_id": 161022
      }
    },
    {
      "type": "Feature",
      "geometry": {
        "type": "Point",
        "coordinates": [
          33.7,
          -1.68333
        ]
      },
      "properties": {
        "name": "Mugango",
        "country": "Tanzania",
        "region": "Mara",
        "elevation_m": null,
        "population": 10550,
        "feature_type": "populated place",
        "geoname_id": 152689
      }
    },
    {
      "type": "Feature",
      "geometry": {
        "type": "Point",
        "coordinates": [
          39.61859,
          -10.10526
        ]
      },
      "properties": {
        "name": "Mingoyo",
        "country": "Tanzania",
        "region": "Lindi",
        "elevation_m": null,
        "population": 10480,
        "feature_type": "populated place",
        "geoname_id": 877925
      }
    },
    {
      "type": "Feature",
      "geometry": {
        "type": "Point",
        "coordinates": [
          33.8,
          -9.15
        ]
      },
      "properties": {
        "name": "Kandete",
        "country": "Tanzania",
        "region": "Mbeya",
        "elevation_m": null,
        "population": 10318,
        "feature_type": "populated place",
        "geoname_id": 158422
      }
    },
    {
      "type": "Feature",
      "geometry": {
        "type": "Point",
        "coordinates": [
          35.28333,
          -8.73333
        ]
      },
      "properties": {
        "name": "Makungu",
        "country": "Tanzania",
        "region": "Iringa",
        "elevation_m": null,
        "population": 10291,
        "feature_type": "populated place",
        "geoname_id": 155093
      }
    },
    {
      "type": "Feature",
      "geometry": {
        "type": "Point",
        "coordinates": [
          33.7,
          -4
        ]
      },
      "properties": {
        "name": "Igurubi",
        "country": "Tanzania",
        "region": "Tabora",
        "elevation_m": null,
        "population": 10083,
        "feature_type": "populated place",
        "geoname_id": 159382
      }
    },
    {
      "type": "Feature",
      "geometry": {
        "type": "Point",
        "coordinates": [
          35.79266,
          -6.17526
        ]
      },
      "properties": {
        "name": "Kisasa",
        "country": "Tanzania",
        "region": "Dodoma",
        "elevation_m": null,
        "population": 10000,
        "feature_type": "populated place",
        "geoname_id": 9063978
      }
    },
    {
      "type": "Feature",
      "geometry": {
        "type": "Point",
        "coordinates": [
          38.98333,
          -5.15
        ]
      },
      "properties": {
        "name": "Majengo",
        "country": "Tanzania",
        "region": "Tanga",
        "elevation_m": null,
        "population": 9874,
        "feature_type": "populated place",
        "geoname_id": 155244
      }
    },
    {
      "type": "Feature",
      "geometry": {
        "type": "Point",
        "coordinates": [
          39.83333,
          -4.96667
        ]
      },
      "properties": {
        "name": "Micheweni",
        "country": "Tanzania",
        "region": "Pemba North",
        "elevation_m": null,
        "population": 9838,
        "feature_type": "populated place",
        "geoname_id": 153955
      }
    },
    {
      "type": "Feature",
      "geometry": {
        "type": "Point",
        "coordinates": [
          36.81751,
          -3.36146
        ]
      },
      "properties": {
        "name": "Poli",
        "country": "Tanzania",
        "region": "Arusha",
        "elevation_m": null,
        "population": 9568,
        "feature_type": "populated place",
        "geoname_id": 150689
      }
    },
    {
      "type": "Feature",
      "geometry": {
        "type": "Point",
        "coordinates": [
          39.75,
          -4.95
        ]
      },
      "properties": {
        "name": "Konde",
        "country": "Tanzania",
        "region": "Pemba North",
        "elevation_m": null,
        "population": 9530,
        "feature_type": "populated place",
        "geoname_id": 156513
      }
    },
    {
      "type": "Feature",
      "geometry": {
        "type": "Point",
        "coordinates": [
          37.83333,
          -4.36667
        ]
      },
      "properties": {
        "name": "Makanya",
        "country": "Tanzania",
        "region": "Kilimanjaro",
        "elevation_m": null,
        "population": 9505,
        "feature_type": "populated place",
        "geoname_id": 155187
      }
    },
    {
      "type": "Feature",
      "geometry": {
        "type": "Point",
        "coordinates": [
          36.69773,
          -2.73319
        ]
      },
      "properties": {
        "name": "Longido",
        "country": "Tanzania",
        "region": "Arusha",
        "elevation_m": null,
        "population": 9403,
        "feature_type": "seat of a second-order administrative division",
        "geoname_id": 155848
      }
    },
    {
      "type": "Feature",
      "geometry": {
        "type": "Point",
        "coordinates": [
          38.78478,
          -7.1988
        ]
      },
      "properties": {
        "name": "Maneromango",
        "country": "Tanzania",
        "region": "Pwani",
        "elevation_m": null,
        "population": 9402,
        "feature_type": "populated place",
        "geoname_id": 154915
      }
    },
    {
      "type": "Feature",
      "geometry": {
        "type": "Point",
        "coordinates": [
          37.85,
          -4.15
        ]
      },
      "properties": {
        "name": "Mwembe",
        "country": "Tanzania",
        "region": "Kilimanjaro",
        "elevation_m": null,
        "population": 9032,
        "feature_type": "populated place",
        "geoname_id": 152169
      }
    },
    {
      "type": "Feature",
      "geometry": {
        "type": "Point",
        "coordinates": [
          34.76667,
          -11.28333
        ]
      },
      "properties": {
        "name": "Mbamba Bay",
        "country": "Tanzania",
        "region": "Ruvuma",
        "elevation_m": null,
        "population": 8997,
        "feature_type": "populated place",
        "geoname_id": 878023
      }
    },
    {
      "type": "Feature",
      "geometry": {
        "type": "Point",
        "coordinates": [
          38.11667,
          -5.23333
        ]
      },
      "properties": {
        "name": "Magomeni",
        "country": "Tanzania",
        "region": "Tanga",
        "elevation_m": null,
        "population": 8944,
        "feature_type": "populated place",
        "geoname_id": 155322
      }
    },
    {
      "type": "Feature",
      "geometry": {
        "type": "Point",
        "coordinates": [
          34.58333,
          -10.46667
        ]
      },
      "properties": {
        "name": "Manda",
        "country": "Tanzania",
        "region": "Njombe",
        "elevation_m": null,
        "population": 8393,
        "feature_type": "populated place",
        "geoname_id": 878087
      }
    },
    {
      "type": "Feature",
      "geometry": {
        "type": "Point",
        "coordinates": [
          38.06667,
          -4.46667
        ]
      },
      "properties": {
        "name": "Kihurio",
        "country": "Tanzania",
        "region": "Kilimanjaro",
        "elevation_m": null,
        "population": 8377,
        "feature_type": "populated place",
        "geoname_id": 157653
      }
    },
    {
      "type": "Feature",
      "geometry": {
        "type": "Point",
        "coordinates": [
          38.97473,
          -5.42526
        ]
      },
      "properties": {
        "name": "Pangani",
        "country": "Tanzania",
        "region": "Tanga",
        "elevation_m": null,
        "population": 8343,
        "feature_type": "populated place",
        "geoname_id": 150793
      }
    },
    {
      "type": "Feature",
      "geometry": {
        "type": "Point",
        "coordinates": [
          38.41667,
          -11.36667
        ]
      },
      "properties": {
        "name": "Masuguru",
        "country": "Tanzania",
        "region": "Mtwara",
        "elevation_m": null,
        "population": 7946,
        "feature_type": "populated place",
        "geoname_id": 878054
      }
    },
    {
      "type": "Feature",
      "geometry": {
        "type": "Point",
        "coordinates": [
          35.23333,
          -5.88333
        ]
      },
      "properties": {
        "name": "Kintinku",
        "country": "Tanzania",
        "region": "Singida",
        "elevation_m": null,
        "population": 7906,
        "feature_type": "populated place",
        "geoname_id": 157247
      }
    },
    {
      "type": "Feature",
      "geometry": {
        "type": "Point",
        "coordinates": [
          39.13333,
          -10.81667
        ]
      },
      "properties": {
        "name": "Lulindi",
        "country": "Tanzania",
        "region": "Mtwara",
        "elevation_m": null,
        "population": 7807,
        "feature_type": "populated place",
        "geoname_id": 878184
      }
    },
    {
      "type": "Feature",
      "geometry": {
        "type": "Point",
        "coordinates": [
          34.33333,
          -2
        ]
      },
      "properties": {
        "name": "Issenye",
        "country": "Tanzania",
        "region": "Mara",
        "elevation_m": null,
        "population": 7778,
        "feature_type": "populated place",
        "geoname_id": 158974
      }
    },
    {
      "type": "Feature",
      "geometry": {
        "type": "Point",
        "coordinates": [
          36.71667,
          -8.68333
        ]
      },
      "properties": {
        "name": "Mahenge",
        "country": "Tanzania",
        "region": "Morogoro",
        "elevation_m": null,
        "population": 7768,
        "feature_type": "populated place",
        "geoname_id": 155274
      }
    },
    {
      "type": "Feature",
      "geometry": {
        "type": "Point",
        "coordinates": [
          33.95,
          -9.55
        ]
      },
      "properties": {
        "name": "Mwaya",
        "country": "Tanzania",
        "region": "Mbeya",
        "elevation_m": null,
        "population": 7558,
        "feature_type": "populated place",
        "geoname_id": 152183
      }
    },
    {
      "type": "Feature",
      "geometry": {
        "type": "Point",
        "coordinates": [
          37.71667,
          -3.76667
        ]
      },
      "properties": {
        "name": "Kwakoa",
        "country": "Tanzania",
        "region": "Kilimanjaro",
        "elevation_m": null,
        "population": 7514,
        "feature_type": "populated place",
        "geoname_id": 156312
      }
    },
    {
      "type": "Feature",
      "geometry": {
        "type": "Point",
        "coordinates": [
          32.88333,
          -4.23333
        ]
      },
      "properties": {
        "name": "Bukene",
        "country": "Tanzania",
        "region": "Tabora",
        "elevation_m": null,
        "population": 7444,
        "feature_type": "populated place",
        "geoname_id": 160971
      }
    },
    {
      "type": "Feature",
      "geometry": {
        "type": "Point",
        "coordinates": [
          32.35,
          -5.16667
        ]
      },
      "properties": {
        "name": "Usoke",
        "country": "Tanzania",
        "region": "Tabora",
        "elevation_m": null,
        "population": 7295,
        "feature_type": "populated place",
        "geoname_id": 149114
      }
    },
    {
      "type": "Feature",
      "geometry": {
        "type": "Point",
        "coordinates": [
          37.95,
          -4.13333
        ]
      },
      "properties": {
        "name": "Kisiwani",
        "country": "Tanzania",
        "region": "Kilimanjaro",
        "elevation_m": null,
        "population": 7126,
        "feature_type": "populated place",
        "geoname_id": 156918
      }
    },
    {
      "type": "Feature",
      "geometry": {
        "type": "Point",
        "coordinates": [
          34.85,
          -8.56667
        ]
      },
      "properties": {
        "name": "Malangali",
        "country": "Tanzania",
        "region": "Iringa",
        "elevation_m": null,
        "population": 7112,
        "feature_type": "populated place",
        "geoname_id": 155052
      }
    },
    {
      "type": "Feature",
      "geometry": {
        "type": "Point",
        "coordinates": [
          39.7,
          -5.38333
        ]
      },
      "properties": {
        "name": "Mtambile",
        "country": "Tanzania",
        "region": "Pemba South",
        "elevation_m": null,
        "population": 6797,
        "feature_type": "populated place",
        "geoname_id": 152877
      }
    },
    {
      "type": "Feature",
      "geometry": {
        "type": "Point",
        "coordinates": [
          33.06667,
          -2.11667
        ]
      },
      "properties": {
        "name": "Nakatunguru",
        "country": "Tanzania",
        "region": "Mara",
        "elevation_m": null,
        "population": 6064,
        "feature_type": "populated place",
        "geoname_id": 152009
      }
    },
    {
      "type": "Feature",
      "geometry": {
        "type": "Point",
        "coordinates": [
          34.95,
          -5.85
        ]
      },
      "properties": {
        "name": "Kilimatinde",
        "country": "Tanzania",
        "region": "Singida",
        "elevation_m": null,
        "population": 5975,
        "feature_type": "populated place",
        "geoname_id": 157448
      }
    },
    {
      "type": "Feature",
      "geometry": {
        "type": "Point",
        "coordinates": [
          36.45,
          -3.3
        ]
      },
      "properties": {
        "name": "Monduli",
        "country": "Tanzania",
        "region": "Arusha",
        "elevation_m": null,
        "population": 5694,
        "feature_type": "populated place",
        "geoname_id": 153247
      }
    },
    {
      "type": "Feature",
      "geometry": {
        "type": "Point",
        "coordinates": [
          39.21667,
          -6.1
        ]
      },
      "properties": {
        "name": "Bububu",
        "country": "Tanzania",
        "region": "Zanzibar Urban/West",
        "elevation_m": null,
        "population": 5646,
        "feature_type": "populated place",
        "geoname_id": 161044
      }
    },
    {
      "type": "Feature",
      "geometry": {
        "type": "Point",
        "coordinates": [
          39.46667,
          -6.45
        ]
      },
      "properties": {
        "name": "Mahonda",
        "country": "Tanzania",
        "region": "Zanzibar Central/South",
        "elevation_m": null,
        "population": 5569,
        "feature_type": "populated place",
        "geoname_id": 155263
      }
    },
    {
      "type": "Feature",
      "geometry": {
        "type": "Point",
        "coordinates": [
          36.03333,
          -6.05
        ]
      },
      "properties": {
        "name": "Msanga",
        "country": "Tanzania",
        "region": "Dodoma",
        "elevation_m": null,
        "population": 5527,
        "feature_type": "populated place",
        "geoname_id": 153046
      }
    },
    {
      "type": "Feature",
      "geometry": {
        "type": "Point",
        "coordinates": [
          30.85,
          -7.95
        ]
      },
      "properties": {
        "name": "Nkove",
        "country": "Tanzania",
        "region": "Rukwa",
        "elevation_m": null,
        "population": 5389,
        "feature_type": "populated place",
        "geoname_id": 151424
      }
    },
    {
      "type": "Feature",
      "geometry": {
        "type": "Point",
        "coordinates": [
          36.56667,
          -5.3
        ]
      },
      "properties": {
        "name": "Kibaya",
        "country": "Tanzania",
        "region": "Manyara",
        "elevation_m": null,
        "population": 5028,
        "feature_type": "populated place",
        "geoname_id": 158006
      }
    },
    {
      "type": "Feature",
      "geometry": {
        "type": "Point",
        "coordinates": [
          39.21047,
          -7.90577
        ]
      },
      "properties": {
        "name": "Mbuni",
        "country": "Tanzania",
        "region": "Pwani",
        "elevation_m": null,
        "population": 4305,
        "feature_type": "populated place",
        "geoname_id": 154309
      }
    },
    {
      "type": "Feature",
      "geometry": {
        "type": "Point",
        "coordinates": [
          32.93333,
          -1.95
        ]
      },
      "properties": {
        "name": "Bukonyo",
        "country": "Tanzania",
        "region": "Mara",
        "elevation_m": null,
        "population": 4051,
        "feature_type": "populated place",
        "geoname_id": 160950
      }
    },
    {
      "type": "Feature",
      "geometry": {
        "type": "Point",
        "coordinates": [
          37.48333,
          -3.91667
        ]
      },
      "properties": {
        "name": "Kirya",
        "country": "Tanzania",
        "region": "Manyara",
        "elevation_m": null,
        "population": 3998,
        "feature_type": "populated place",
        "geoname_id": 157045
      }
    },
    {
      "type": "Feature",
      "geometry": {
        "type": "Point",
        "coordinates": [
          39.31667,
          -5.85
        ]
      },
      "properties": {
        "name": "Kijini",
        "country": "Tanzania",
        "region": "Zanzibar North",
        "elevation_m": null,
        "population": 3720,
        "feature_type": "populated place",
        "geoname_id": 157632
      }
    },
    {
      "type": "Feature",
      "geometry": {
        "type": "Point",
        "coordinates": [
          39.3,
          -5.9
        ]
      },
      "properties": {
        "name": "Gamba",
        "country": "Tanzania",
        "region": "Zanzibar North",
        "elevation_m": null,
        "population": 3644,
        "feature_type": "populated place",
        "geoname_id": 159936
      }
    },
    {
      "type": "Feature",
      "geometry": {
        "type": "Point",
        "coordinates": [
          33.38333,
          -9.25
        ]
      },
      "properties": {
        "name": "Ilembo",
        "country": "Tanzania",
        "region": "Mbeya",
        "elevation_m": null,
        "population": 2607,
        "feature_type": "populated place",
        "geoname_id": 159219
      }
    },
    {
      "type": "Feature",
      "geometry": {
        "type": "Point",
        "coordinates": [
          39.25523,
          -5.87506
        ]
      },
      "properties": {
        "name": "Mkokotoni",
        "country": "Tanzania",
        "region": "Zanzibar North",
        "elevation_m": null,
        "population": 2572,
        "feature_type": "seat of a first-order administrative division",
        "geoname_id": 153585
      }
    },
    {
      "type": "Feature",
      "geometry": {
        "type": "Point",
        "coordinates": [
          39.68333,
          -5.4
        ]
      },
      "properties": {
        "name": "Uwelini",
        "country": "Tanzania",
        "region": "Pemba South",
        "elevation_m": null,
        "population": 2472,
        "feature_type": "populated place",
        "geoname_id": 149039
      }
    },
    {
      "type": "Feature",
      "geometry": {
        "type": "Point",
        "coordinates": [
          39.3768,
          -5.98957
        ]
      },
      "properties": {
        "name": "Kiwengwa",
        "country": "Tanzania",
        "region": "Zanzibar North",
        "elevation_m": null,
        "population": 2429,
        "feature_type": "populated place",
        "geoname_id": 156636
      }
    },
    {
      "type": "Feature",
      "geometry": {
        "type": "Point",
        "coordinates": [
          39.28333,
          -6.13333
        ]
      },
      "properties": {
        "name": "Koani Ndogo",
        "country": "Tanzania",
        "region": "Zanzibar Central/South",
        "elevation_m": null,
        "population": 2311,
        "feature_type": "populated place",
        "geoname_id": 156588
      }
    },
    {
      "type": "Feature",
      "geometry": {
        "type": "Point",
        "coordinates": [
          39.28333,
          -6.13333
        ]
      },
      "properties": {
        "name": "Koani",
        "country": "Tanzania",
        "region": "Zanzibar Central/South",
        "elevation_m": null,
        "population": 2211,
        "feature_type": "seat of a first-order administrative division",
        "geoname_id": 156589
      }
    },
    {
      "type": "Feature",
      "geometry": {
        "type": "Point",
        "coordinates": [
          39.55,
          -6.4
        ]
      },
      "properties": {
        "name": "Nganane",
        "country": "Tanzania",
        "region": "Zanzibar Central/South",
        "elevation_m": null,
        "population": 1929,
        "feature_type": "populated place",
        "geoname_id": 151720
      }
    },
    {
      "type": "Feature",
      "geometry": {
        "type": "Point",
        "coordinates": [
          39.33333,
          -6.13333
        ]
      },
      "properties": {
        "name": "Zuze",
        "country": "Tanzania",
        "region": "Zanzibar Central/South",
        "elevation_m": null,
        "population": 0,
        "feature_type": "populated place",
        "geoname_id": 148652
      }
    },
    {
      "type": "Feature",
      "geometry": {
        "type": "Point",
        "coordinates": [
          39.25,
          -6.05
        ]
      },
      "properties": {
        "name": "Zungukeni",
        "country": "Tanzania",
        "region": "Zanzibar North",
        "elevation_m": null,
        "population": 0,
        "feature_type": "populated place",
        "geoname_id": 148653
      }
    },
    {
      "type": "Feature",
      "geometry": {
        "type": "Point",
        "coordinates": [
          39.68333,
          -5.4
        ]
      },
      "properties": {
        "name": "Zuiani",
        "country": "Tanzania",
        "region": "Pemba South",
        "elevation_m": null,
        "population": 0,
        "feature_type": "populated place",
        "geoname_id": 148656
      }
    },
    {
      "type": "Feature",
      "geometry": {
        "type": "Point",
        "coordinates": [
          35.16667,
          -5.58333
        ]
      },
      "properties": {
        "name": "Zuboro",
        "country": "Tanzania",
        "region": "Singida",
        "elevation_m": null,
        "population": 0,
        "feature_type": "populated place",
        "geoname_id": 148658
      }
    },
    {
      "type": "Feature",
      "geometry": {
        "type": "Point",
        "coordinates": [
          35.5,
          -5.78333
        ]
      },
      "properties": {
        "name": "Zozoichi",
        "country": "Tanzania",
        "region": "Dodoma",
        "elevation_m": null,
        "population": 0,
        "feature_type": "populated place",
        "geoname_id": 148659
      }
    },
    {
      "type": "Feature",
      "geometry": {
        "type": "Point",
        "coordinates": [
          37.55,
          -7.45
        ]
      },
      "properties": {
        "name": "Zongomero",
        "country": "Tanzania",
        "region": "Morogoro",
        "elevation_m": null,
        "population": 0,
        "feature_type": "populated place",
        "geoname_id": 148661
      }
    },
    {
      "type": "Feature",
      "geometry": {
        "type": "Point",
        "coordinates": [
          32.55,
          -3.86667
        ]
      },
      "properties": {
        "name": "Zongomera",
        "country": "Tanzania",
        "region": "Shinyanga",
        "elevation_m": null,
        "population": 0,
        "feature_type": "populated place",
        "geoname_id": 148662
      }
    },
    {
      "type": "Feature",
      "geometry": {
        "type": "Point",
        "coordinates": [
          36.9,
          -6.96667
        ]
      },
      "properties": {
        "name": "Zombo",
        "country": "Tanzania",
        "region": "Morogoro",
        "elevation_m": null,
        "population": 0,
        "feature_type": "populated place",
        "geoname_id": 148664
      }
    },
    {
      "type": "Feature",
      "geometry": {
        "type": "Point",
        "coordinates": [
          38.27047,
          -7.80577
        ]
      },
      "properties": {
        "name": "Zombe",
        "country": "Tanzania",
        "region": "Pwani",
        "elevation_m": null,
        "population": 0,
        "feature_type": "populated place",
        "geoname_id": 148665
      }
    },
    {
      "type": "Feature",
      "geometry": {
        "type": "Point",
        "coordinates": [
          36.38333,
          -5.68333
        ]
      },
      "properties": {
        "name": "Zoissa",
        "country": "Tanzania",
        "region": "Dodoma",
        "elevation_m": null,
        "population": 0,
        "feature_type": "populated place",
        "geoname_id": 148666
      }
    },
    {
      "type": "Feature",
      "geometry": {
        "type": "Point",
        "coordinates": [
          39.28333,
          -6.31667
        ]
      },
      "properties": {
        "name": "Ziwani",
        "country": "Tanzania",
        "region": "Zanzibar Urban/West",
        "elevation_m": null,
        "population": 0,
        "feature_type": "populated place",
        "geoname_id": 148669
      }
    },
    {
      "type": "Feature",
      "geometry": {
        "type": "Point",
        "coordinates": [
          39.3,
          -5.96667
        ]
      },
      "properties": {
        "name": "Ziwani",
        "country": "Tanzania",
        "region": "Zanzibar North",
        "elevation_m": null,
        "population": 0,
        "feature_type": "populated place",
        "geoname_id": 148670
      }
    },
    {
      "type": "Feature",
      "geometry": {
        "type": "Point",
        "coordinates": [
          39.05,
          -5.3
        ]
      },
      "properties": {
        "name": "Ziwani",
        "country": "Tanzania",
        "region": "Tanga",
        "elevation_m": null,
        "population": 0,
        "feature_type": "populated place",
        "geoname_id": 148671
      }
    },
    {
      "type": "Feature",
      "geometry": {
        "type": "Point",
        "coordinates": [
          39.83333,
          -5.21667
        ]
      },
      "properties": {
        "name": "Ziwani",
        "country": "Tanzania",
        "region": "Pemba South",
        "elevation_m": null,
        "population": 0,
        "feature_type": "populated place",
        "geoname_id": 148672
      }
    },
    {
      "type": "Feature",
      "geometry": {
        "type": "Point",
        "coordinates": [
          39.76667,
          -5.16667
        ]
      },
      "properties": {
        "name": "Ziwani",
        "country": "Tanzania",
        "region": "Pemba North",
        "elevation_m": null,
        "population": 0,
        "feature_type": "populated place",
        "geoname_id": 148673
      }
    },
    {
      "type": "Feature",
      "geometry": {
        "type": "Point",
        "coordinates": [
          39.81667,
          -5.11667
        ]
      },
      "properties": {
        "name": "Ziwani",
        "country": "Tanzania",
        "region": "Pemba North",
        "elevation_m": null,
        "population": 0,
        "feature_type": "populated place",
        "geoname_id": 148674
      }
    },
    {
      "type": "Feature",
      "geometry": {
        "type": "Point",
        "coordinates": [
          39.81667,
          -5.06667
        ]
      },
      "properties": {
        "name": "Ziwani",
        "country": "Tanzania",
        "region": "Pemba North",
        "elevation_m": null,
        "population": 0,
        "feature_type": "populated place",
        "geoname_id": 148675
      }
    },
    {
      "type": "Feature",
      "geometry": {
        "type": "Point",
        "coordinates": [
          39.12274,
          -4.70355
        ]
      },
      "properties": {
        "name": "Zitengeni",
        "country": "Tanzania",
        "region": "Tanga",
        "elevation_m": null,
        "population": 0,
        "feature_type": "populated place",
        "geoname_id": 148681
      }
    },
    {
      "type": "Feature",
      "geometry": {
        "type": "Point",
        "coordinates": [
          33.23333,
          -8.68333
        ]
      },
      "properties": {
        "name": "Zira",
        "country": "Tanzania",
        "region": "Mbeya",
        "elevation_m": null,
        "population": 0,
        "feature_type": "populated place",
        "geoname_id": 148685
      }
    },
    {
      "type": "Feature",
      "geometry": {
        "type": "Point",
        "coordinates": [
          35.91667,
          -5.95
        ]
      },
      "properties": {
        "name": "Zipisa",
        "country": "Tanzania",
        "region": "Dodoma",
        "elevation_m": null,
        "population": 0,
        "feature_type": "populated place",
        "geoname_id": 148686
      }
    },
    {
      "type": "Feature",
      "geometry": {
        "type": "Point",
        "coordinates": [
          39.25,
          -6.01667
        ]
      },
      "properties": {
        "name": "Zingwe Zingwe",
        "country": "Tanzania",
        "region": "Zanzibar North",
        "elevation_m": null,
        "population": 0,
        "feature_type": "populated place",
        "geoname_id": 148688
      }
    },
    {
      "type": "Feature",
      "geometry": {
        "type": "Point",
        "coordinates": [
          39.23333,
          -6
        ]
      },
      "properties": {
        "name": "Zingwe Zingwe",
        "country": "Tanzania",
        "region": "Zanzibar North",
        "elevation_m": null,
        "population": 0,
        "feature_type": "populated place",
        "geoname_id": 148689
      }
    },
    {
      "type": "Feature",
      "geometry": {
        "type": "Point",
        "coordinates": [
          39.21667,
          -6
        ]
      },
      "properties": {
        "name": "Zingwe Zingwe",
        "country": "Tanzania",
        "region": "Zanzibar North",
        "elevation_m": null,
        "population": 0,
        "feature_type": "populated place",
        "geoname_id": 148690
      }
    },
    {
      "type": "Feature",
      "geometry": {
        "type": "Point",
        "coordinates": [
          39.16667,
          -4.76667
        ]
      },
      "properties": {
        "name": "Zingibaru",
        "country": "Tanzania",
        "region": "Tanga",
        "elevation_m": null,
        "population": 0,
        "feature_type": "populated place",
        "geoname_id": 148692
      }
    },
    {
      "type": "Feature",
      "geometry": {
        "type": "Point",
        "coordinates": [
          38.75,
          -4.98333
        ]
      },
      "properties": {
        "name": "Zingi",
        "country": "Tanzania",
        "region": "Tanga",
        "elevation_m": null,
        "population": 0,
        "feature_type": "populated place",
        "geoname_id": 148693
      }
    },
    {
      "type": "Feature",
      "geometry": {
        "type": "Point",
        "coordinates": [
          38.8,
          -9
        ]
      },
      "properties": {
        "name": "Zinga Ngahama",
        "country": "Tanzania",
        "region": "Lindi",
        "elevation_m": null,
        "population": 0,
        "feature_type": "populated place",
        "geoname_id": 148695
      }
    },
    {
      "type": "Feature",
      "geometry": {
        "type": "Point",
        "coordinates": [
          38.83333,
          -8.9
        ]
      },
      "properties": {
        "name": "Zinga Nakingombe",
        "country": "Tanzania",
        "region": "Lindi",
        "elevation_m": null,
        "population": 0,
        "feature_type": "populated place",
        "geoname_id": 148696
      }
    },
    {
      "type": "Feature",
      "geometry": {
        "type": "Point",
        "coordinates": [
          38.73333,
          -9.15
        ]
      },
      "properties": {
        "name": "Zinga Mulike",
        "country": "Tanzania",
        "region": "Lindi",
        "elevation_m": null,
        "population": 0,
        "feature_type": "populated place",
        "geoname_id": 148697
      }
    },
    {
      "type": "Feature",
      "geometry": {
        "type": "Point",
        "coordinates": [
          38.98333,
          -6.51667
        ]
      },
      "properties": {
        "name": "Zinga",
        "country": "Tanzania",
        "region": "Pwani",
        "elevation_m": null,
        "population": 0,
        "feature_type": "populated place",
        "geoname_id": 148700
      }
    },
    {
      "type": "Feature",
      "geometry": {
        "type": "Point",
        "coordinates": [
          39.7,
          -5.4
        ]
      },
      "properties": {
        "name": "Zimtini",
        "country": "Tanzania",
        "region": "Pemba South",
        "elevation_m": null,
        "population": 0,
        "feature_type": "populated place",
        "geoname_id": 148701
      }
    },
    {
      "type": "Feature",
      "geometry": {
        "type": "Point",
        "coordinates": [
          38.78333,
          -4.93333
        ]
      },
      "properties": {
        "name": "Zimhali",
        "country": "Tanzania",
        "region": "Tanga",
        "elevation_m": null,
        "population": 0,
        "feature_type": "populated place",
        "geoname_id": 148703
      }
    },
    {
      "type": "Feature",
      "geometry": {
        "type": "Point",
        "coordinates": [
          38.96667,
          -5.35
        ]
      },
      "properties": {
        "name": "Zimbili",
        "country": "Tanzania",
        "region": "Tanga",
        "elevation_m": null,
        "population": 0,
        "feature_type": "populated place",
        "geoname_id": 148704
      }
    },
    {
      "type": "Feature",
      "geometry": {
        "type": "Point",
        "coordinates": [
          38.71667,
          -5.21667
        ]
      },
      "properties": {
        "name": "Zimbili",
        "country": "Tanzania",
        "region": "Tanga",
        "elevation_m": null,
        "population": 0,
        "feature_type": "populated place",
        "geoname_id": 148705
      }
    },
    {
      "type": "Feature",
      "geometry": {
        "type": "Point",
        "coordinates": [
          38.71667,
          -5.11667
        ]
      },
      "properties": {
        "name": "Zimbili",
        "country": "Tanzania",
        "region": "Tanga",
        "elevation_m": null,
        "population": 0,
        "feature_type": "populated place",
        "geoname_id": 148706
      }
    },
    {
      "type": "Feature",
      "geometry": {
        "type": "Point",
        "coordinates": [
          38.96667,
          -4.91667
        ]
      },
      "properties": {
        "name": "Zimbili",
        "country": "Tanzania",
        "region": "Tanga",
        "elevation_m": null,
        "population": 0,
        "feature_type": "populated place",
        "geoname_id": 148707
      }
    },
    {
      "type": "Feature",
      "geometry": {
        "type": "Point",
        "coordinates": [
          31.81667,
          -7.86667
        ]
      },
      "properties": {
        "name": "Zimba",
        "country": "Tanzania",
        "region": "Rukwa",
        "elevation_m": null,
        "population": 0,
        "feature_type": "populated place",
        "geoname_id": 148708
      }
    },
    {
      "type": "Feature",
      "geometry": {
        "type": "Point",
        "coordinates": [
          39.11293,
          -4.69832
        ]
      },
      "properties": {
        "name": "Zigaya",
        "country": "Tanzania",
        "region": "Tanga",
        "elevation_m": null,
        "population": 0,
        "feature_type": "populated place",
        "geoname_id": 148712
      }
    },
    {
      "type": "Feature",
      "geometry": {
        "type": "Point",
        "coordinates": [
          33.4,
          -4.25
        ]
      },
      "properties": {
        "name": "Ziba",
        "country": "Tanzania",
        "region": "Tabora",
        "elevation_m": null,
        "population": 0,
        "feature_type": "populated place",
        "geoname_id": 148715
      }
    },
    {
      "type": "Feature",
      "geometry": {
        "type": "Point",
        "coordinates": [
          39.71667,
          -5.35
        ]
      },
      "properties": {
        "name": "Zawardini",
        "country": "Tanzania",
        "region": "Pemba South",
        "elevation_m": null,
        "population": 0,
        "feature_type": "populated place",
        "geoname_id": 148721
      }
    },
    {
      "type": "Feature",
      "geometry": {
        "type": "Point",
        "coordinates": [
          29.65,
          -4.51667
        ]
      },
      "properties": {
        "name": "Zashe",
        "country": "Tanzania",
        "region": "Kigoma",
        "elevation_m": null,
        "population": 0,
        "feature_type": "populated place",
        "geoname_id": 148722
      }
    },
    {
      "type": "Feature",
      "geometry": {
        "type": "Point",
        "coordinates": [
          35.76667,
          -5.83333
        ]
      },
      "properties": {
        "name": "Zangha",
        "country": "Tanzania",
        "region": "Dodoma",
        "elevation_m": null,
        "population": 0,
        "feature_type": "populated place",
        "geoname_id": 148732
      }
    },
    {
      "type": "Feature",
      "geometry": {
        "type": "Point",
        "coordinates": [
          38.61667,
          -5.5
        ]
      },
      "properties": {
        "name": "Zangerawe",
        "country": "Tanzania",
        "region": "Tanga",
        "elevation_m": null,
        "population": 0,
        "feature_type": "populated place",
        "geoname_id": 148733
      }
    },
    {
      "type": "Feature",
      "geometry": {
        "type": "Point",
        "coordinates": [
          37.8,
          -4.03333
        ]
      },
      "properties": {
        "name": "Zange",
        "country": "Tanzania",
        "region": "Kilimanjaro",
        "elevation_m": null,
        "population": 0,
        "feature_type": "populated place",
        "geoname_id": 148734
      }
    },
    {
      "type": "Feature",
      "geometry": {
        "type": "Point",
        "coordinates": [
          33.98333,
          -1.71667
        ]
      },
      "properties": {
        "name": "Zanaki",
        "country": "Tanzania",
        "region": "Mara",
        "elevation_m": null,
        "population": 0,
        "feature_type": "populated place",
        "geoname_id": 148738
      }
    },
    {
      "type": "Feature",
      "geometry": {
        "type": "Point",
        "coordinates": [
          38.35,
          -4.6
        ]
      },
      "properties": {
        "name": "Zaizo",
        "country": "Tanzania",
        "region": "Tanga",
        "elevation_m": null,
        "population": 0,
        "feature_type": "populated place",
        "geoname_id": 148742
      }
    },
    {
      "type": "Feature",
      "geometry": {
        "type": "Point",
        "coordinates": [
          36.08333,
          -5.55
        ]
      },
      "properties": {
        "name": "Zagilwa",
        "country": "Tanzania",
        "region": "Dodoma",
        "elevation_m": null,
        "population": 0,
        "feature_type": "populated place",
        "geoname_id": 148743
      }
    },
    {
      "type": "Feature",
      "geometry": {
        "type": "Point",
        "coordinates": [
          33.75,
          -2.95
        ]
      },
      "properties": {
        "name": "Zagayu",
        "country": "Tanzania",
        "region": "Simiyu",
        "elevation_m": null,
        "population": 0,
        "feature_type": "populated place",
        "geoname_id": 148745
      }
    },
    {
      "type": "Feature",
      "geometry": {
        "type": "Point",
        "coordinates": [
          33.11667,
          -9.05
        ]
      },
      "properties": {
        "name": "Yula",
        "country": "Tanzania",
        "region": "Songwe",
        "elevation_m": null,
        "population": 0,
        "feature_type": "populated place",
        "geoname_id": 148748
      }
    },
    {
      "type": "Feature",
      "geometry": {
        "type": "Point",
        "coordinates": [
          38.72251,
          -7.32268
        ]
      },
      "properties": {
        "name": "Yombo",
        "country": "Tanzania",
        "region": "Pwani",
        "elevation_m": null,
        "population": 0,
        "feature_type": "populated place",
        "geoname_id": 148751
      }
    },
    {
      "type": "Feature",
      "geometry": {
        "type": "Point",
        "coordinates": [
          38.85,
          -6.56667
        ]
      },
      "properties": {
        "name": "Yombo",
        "country": "Tanzania",
        "region": "Pwani",
        "elevation_m": null,
        "population": 0,
        "feature_type": "populated place",
        "geoname_id": 148752
      }
    },
    {
      "type": "Feature",
      "geometry": {
        "type": "Point",
        "coordinates": [
          33.46667,
          -4.16667
        ]
      },
      "properties": {
        "name": "Yogelo",
        "country": "Tanzania",
        "region": "Tabora",
        "elevation_m": null,
        "population": 0,
        "feature_type": "populated place",
        "geoname_id": 148754
      }
    },
    {
      "type": "Feature",
      "geometry": {
        "type": "Point",
        "coordinates": [
          31.71667,
          -2.56667
        ]
      },
      "properties": {
        "name": "Yodzu",
        "country": "Tanzania",
        "region": "Geita",
        "elevation_m": null,
        "population": 0,
        "feature_type": "populated place",
        "geoname_id": 148757
      }
    },
    {
      "type": "Feature",
      "geometry": {
        "type": "Point",
        "coordinates": [
          38.91667,
          -4.95
        ]
      },
      "properties": {
        "name": "Yirihini",
        "country": "Tanzania",
        "region": "Tanga",
        "elevation_m": null,
        "population": 0,
        "feature_type": "populated place",
        "geoname_id": 148758
      }
    },
    {
      "type": "Feature",
      "geometry": {
        "type": "Point",
        "coordinates": [
          38.76667,
          -5.23333
        ]
      },
      "properties": {
        "name": "Yibandeni",
        "country": "Tanzania",
        "region": "Tanga",
        "elevation_m": null,
        "population": 0,
        "feature_type": "populated place",
        "geoname_id": 148761
      }
    },
    {
      "type": "Feature",
      "geometry": {
        "type": "Point",
        "coordinates": [
          32.41667,
          -5.21667
        ]
      },
      "properties": {
        "name": "Yelayela",
        "country": "Tanzania",
        "region": "Tabora",
        "elevation_m": null,
        "population": 0,
        "feature_type": "populated place",
        "geoname_id": 148766
      }
    },
    {
      "type": "Feature",
      "geometry": {
        "type": "Point",
        "coordinates": [
          37.65,
          -6.98333
        ]
      },
      "properties": {
        "name": "Yasiro",
        "country": "Tanzania",
        "region": "Morogoro",
        "elevation_m": null,
        "population": 0,
        "feature_type": "populated place",
        "geoname_id": 148767
      }
    },
    {
      "type": "Feature",
      "geometry": {
        "type": "Point",
        "coordinates": [
          38.35,
          -4.78333
        ]
      },
      "properties": {
        "name": "Yamba",
        "country": "Tanzania",
        "region": "Tanga",
        "elevation_m": null,
        "population": 0,
        "feature_type": "populated place",
        "geoname_id": 148780
      }
    },
    {
      "type": "Feature",
      "geometry": {
        "type": "Point",
        "coordinates": [
          34.06667,
          -8.55
        ]
      },
      "properties": {
        "name": "Yala",
        "country": "Tanzania",
        "region": "Mbeya",
        "elevation_m": null,
        "population": 0,
        "feature_type": "populated place",
        "geoname_id": 148786
      }
    },
    {
      "type": "Feature",
      "geometry": {
        "type": "Point",
        "coordinates": [
          38.96667,
          -5.35
        ]
      },
      "properties": {
        "name": "Yaira",
        "country": "Tanzania",
        "region": "Tanga",
        "elevation_m": null,
        "population": 0,
        "feature_type": "populated place",
        "geoname_id": 148788
      }
    },
    {
      "type": "Feature",
      "geometry": {
        "type": "Point",
        "coordinates": [
          35.17059,
          -3.97255
        ]
      },
      "properties": {
        "name": "Yaeda",
        "country": "Tanzania",
        "region": "Manyara",
        "elevation_m": null,
        "population": 0,
        "feature_type": "populated place",
        "geoname_id": 148792
      }
    },
    {
      "type": "Feature",
      "geometry": {
        "type": "Point",
        "coordinates": [
          30.46667,
          -2.86667
        ]
      },
      "properties": {
        "name": "Yagaba",
        "country": "Tanzania",
        "region": "Kagera",
        "elevation_m": null,
        "population": 0,
        "feature_type": "populated place",
        "geoname_id": 148795
      }
    },
    {
      "type": "Feature",
      "geometry": {
        "type": "Point",
        "coordinates": [
          38.46667,
          -5.41667
        ]
      },
      "properties": {
        "name": "Wulala",
        "country": "Tanzania",
        "region": "Tanga",
        "elevation_m": null,
        "population": 0,
        "feature_type": "populated place",
        "geoname_id": 148809
      }
    },
    {
      "type": "Feature",
      "geometry": {
        "type": "Point",
        "coordinates": [
          36.3,
          -6.68333
        ]
      },
      "properties": {
        "name": "Wota",
        "country": "Tanzania",
        "region": "Dodoma",
        "elevation_m": null,
        "population": 0,
        "feature_type": "populated place",
        "geoname_id": 148813
      }
    },
    {
      "type": "Feature",
      "geometry": {
        "type": "Point",
        "coordinates": [
          36.38628,
          -7.01378
        ]
      },
      "properties": {
        "name": "Winza",
        "country": "Tanzania",
        "region": "Dodoma",
        "elevation_m": null,
        "population": 0,
        "feature_type": "populated place",
        "geoname_id": 148818
      }
    },
    {
      "type": "Feature",
      "geometry": {
        "type": "Point",
        "coordinates": [
          35.3,
          -9.78333
        ]
      },
      "properties": {
        "name": "Wino",
        "country": "Tanzania",
        "region": "Ruvuma",
        "elevation_m": null,
        "population": 0,
        "feature_type": "populated place",
        "geoname_id": 148819
      }
    },
    {
      "type": "Feature",
      "geometry": {
        "type": "Point",
        "coordinates": [
          36.22721,
          -7.42225
        ]
      },
      "properties": {
        "name": "Wino",
        "country": "Tanzania",
        "region": "Iringa",
        "elevation_m": null,
        "population": 0,
        "feature_type": "populated place",
        "geoname_id": 148820
      }
    },
    {
      "type": "Feature",
      "geometry": {
        "type": "Point",
        "coordinates": [
          39.83333,
          -5
        ]
      },
      "properties": {
        "name": "Wingwi",
        "country": "Tanzania",
        "region": "Pemba North",
        "elevation_m": null,
        "population": 0,
        "feature_type": "populated place",
        "geoname_id": 148821
      }
    },
    {
      "type": "Feature",
      "geometry": {
        "type": "Point",
        "coordinates": [
          32.88333,
          -3.05
        ]
      },
      "properties": {
        "name": "Winenekeza",
        "country": "Tanzania",
        "region": "Mwanza",
        "elevation_m": null,
        "population": 0,
        "feature_type": "populated place",
        "geoname_id": 148824
      }
    },
    {
      "type": "Feature",
      "geometry": {
        "type": "Point",
        "coordinates": [
          30.91667,
          -6.05
        ]
      },
      "properties": {
        "name": "Wikongwe",
        "country": "Tanzania",
        "region": "Katavi",
        "elevation_m": null,
        "population": 0,
        "feature_type": "populated place",
        "geoname_id": 148830
      }
    },
    {
      "type": "Feature",
      "geometry": {
        "type": "Point",
        "coordinates": [
          39.75,
          -4.98333
        ]
      },
      "properties": {
        "name": "Wewe",
        "country": "Tanzania",
        "region": "Pemba North",
        "elevation_m": null,
        "population": 0,
        "feature_type": "populated place",
        "geoname_id": 148838
      }
    },
    {
      "type": "Feature",
      "geometry": {
        "type": "Point",
        "coordinates": [
          39.73333,
          -5.23333
        ]
      },
      "properties": {
        "name": "Wesha",
        "country": "Tanzania",
        "region": "Pemba South",
        "elevation_m": null,
        "population": 0,
        "feature_type": "populated place",
        "geoname_id": 148852
      }
    },
    {
      "type": "Feature",
      "geometry": {
        "type": "Point",
        "coordinates": [
          37.25,
          -3.31667
        ]
      },
      "properties": {
        "name": "Weru Weru",
        "country": "Tanzania",
        "region": "Kilimanjaro",
        "elevation_m": null,
        "population": 0,
        "feature_type": "populated place",
        "geoname_id": 148854
      }
    },
    {
      "type": "Feature",
      "geometry": {
        "type": "Point",
        "coordinates": [
          35.5,
          -7.85
        ]
      },
      "properties": {
        "name": "Weru",
        "country": "Tanzania",
        "region": "Iringa",
        "elevation_m": null,
        "population": 0,
        "feature_type": "populated place",
        "geoname_id": 148855
      }
    },
    {
      "type": "Feature",
      "geometry": {
        "type": "Point",
        "coordinates": [
          35.9,
          -7.45
        ]
      },
      "properties": {
        "name": "Weno",
        "country": "Tanzania",
        "region": "Iringa",
        "elevation_m": null,
        "population": 0,
        "feature_type": "populated place",
        "geoname_id": 148857
      }
    },
    {
      "type": "Feature",
      "geometry": {
        "type": "Point",
        "coordinates": [
          38.45,
          -4.86667
        ]
      },
      "properties": {
        "name": "Wena",
        "country": "Tanzania",
        "region": "Tanga",
        "elevation_m": null,
        "population": 0,
        "feature_type": "populated place",
        "geoname_id": 148858
      }
    },
    {
      "type": "Feature",
      "geometry": {
        "type": "Point",
        "coordinates": [
          39.65,
          -5.36667
        ]
      },
      "properties": {
        "name": "Weleni",
        "country": "Tanzania",
        "region": "Pemba South",
        "elevation_m": null,
        "population": 0,
        "feature_type": "populated place",
        "geoname_id": 148864
      }
    },
    {
      "type": "Feature",
      "geometry": {
        "type": "Point",
        "coordinates": [
          39.8,
          -5.26667
        ]
      },
      "properties": {
        "name": "Welene",
        "country": "Tanzania",
        "region": "Pemba South",
        "elevation_m": null,
        "population": 0,
        "feature_type": "populated place",
        "geoname_id": 148865
      }
    },
    {
      "type": "Feature",
      "geometry": {
        "type": "Point",
        "coordinates": [
          34.2,
          -1.6
        ]
      },
      "properties": {
        "name": "Wegero",
        "country": "Tanzania",
        "region": "Mara",
        "elevation_m": null,
        "population": 0,
        "feature_type": "populated place",
        "geoname_id": 148868
      }
    },
    {
      "type": "Feature",
      "geometry": {
        "type": "Point",
        "coordinates": [
          39.78333,
          -5.06667
        ]
      },
      "properties": {
        "name": "Weani",
        "country": "Tanzania",
        "region": "Pemba North",
        "elevation_m": null,
        "population": 0,
        "feature_type": "populated place",
        "geoname_id": 148870
      }
    },
    {
      "type": "Feature",
      "geometry": {
        "type": "Point",
        "coordinates": [
          39.8,
          -5.25
        ]
      },
      "properties": {
        "name": "Wawi",
        "country": "Tanzania",
        "region": "Pemba South",
        "elevation_m": null,
        "population": 0,
        "feature_type": "populated place",
        "geoname_id": 148871
      }
    },
    {
      "type": "Feature",
      "geometry": {
        "type": "Point",
        "coordinates": [
          38.4,
          -5.7
        ]
      },
      "properties": {
        "name": "Watu",
        "country": "Tanzania",
        "region": "Tanga",
        "elevation_m": null,
        "population": 0,
        "feature_type": "populated place",
        "geoname_id": 148875
      }
    },
    {
      "type": "Feature",
      "geometry": {
        "type": "Point",
        "coordinates": [
          35.53333,
          -2.06667
        ]
      },
      "properties": {
        "name": "Wasso",
        "country": "Tanzania",
        "region": "Arusha",
        "elevation_m": null,
        "population": 0,
        "feature_type": "populated place",
        "geoname_id": 148878
      }
    },
    {
      "type": "Feature",
      "geometry": {
        "type": "Point",
        "coordinates": [
          39.8,
          -5.1
        ]
      },
      "properties": {
        "name": "Wasini",
        "country": "Tanzania",
        "region": "Pemba North",
        "elevation_m": null,
        "population": 0,
        "feature_type": "populated place",
        "geoname_id": 148880
      }
    },
    {
      "type": "Feature",
      "geometry": {
        "type": "Point",
        "coordinates": [
          38.76667,
          -5.18333
        ]
      },
      "properties": {
        "name": "Wasimbani",
        "country": "Tanzania",
        "region": "Tanga",
        "elevation_m": null,
        "population": 0,
        "feature_type": "populated place",
        "geoname_id": 148881
      }
    },
    {
      "type": "Feature",
      "geometry": {
        "type": "Point",
        "coordinates": [
          35.2,
          -8.11667
        ]
      },
      "properties": {
        "name": "Wasa",
        "country": "Tanzania",
        "region": "Iringa",
        "elevation_m": null,
        "population": 0,
        "feature_type": "populated place",
        "geoname_id": 148883
      }
    },
    {
      "type": "Feature",
      "geometry": {
        "type": "Point",
        "coordinates": [
          39.75,
          -4.91667
        ]
      },
      "properties": {
        "name": "Wapape",
        "country": "Tanzania",
        "region": "Pemba North",
        "elevation_m": null,
        "population": 0,
        "feature_type": "populated place",
        "geoname_id": 148884
      }
    },
    {
      "type": "Feature",
      "geometry": {
        "type": "Point",
        "coordinates": [
          39.06667,
          -5
        ]
      },
      "properties": {
        "name": "Wanyungu",
        "country": "Tanzania",
        "region": "Tanga",
        "elevation_m": null,
        "population": 0,
        "feature_type": "populated place",
        "geoname_id": 148885
      }
    },
    {
      "type": "Feature",
      "geometry": {
        "type": "Point",
        "coordinates": [
          30.56491,
          -6.23646
        ]
      },
      "properties": {
        "name": "Wantindi",
        "country": "Tanzania",
        "region": "Katavi",
        "elevation_m": null,
        "population": 0,
        "feature_type": "populated place",
        "geoname_id": 148886
      }
    },
    {
      "type": "Feature",
      "geometry": {
        "type": "Point",
        "coordinates": [
          39.78333,
          -5.33333
        ]
      },
      "properties": {
        "name": "Wani",
        "country": "Tanzania",
        "region": "Pemba South",
        "elevation_m": null,
        "population": 0,
        "feature_type": "populated place",
        "geoname_id": 148888
      }
    },
    {
      "type": "Feature",
      "geometry": {
        "type": "Point",
        "coordinates": [
          34.63333,
          -8.85
        ]
      },
      "properties": {
        "name": "Wangingombe",
        "country": "Tanzania",
        "region": "Njombe",
        "elevation_m": null,
        "population": 0,
        "feature_type": "populated place",
        "geoname_id": 148892
      }
    },
    {
      "type": "Feature",
      "geometry": {
        "type": "Point",
        "coordinates": [
          34.31667,
          -6.93333
        ]
      },
      "properties": {
        "name": "Wangama",
        "country": "Tanzania",
        "region": "Singida",
        "elevation_m": null,
        "population": 0,
        "feature_type": "populated place",
        "geoname_id": 148893
      }
    },
    {
      "type": "Feature",
      "geometry": {
        "type": "Point",
        "coordinates": [
          39.06667,
          -5.2
        ]
      },
      "properties": {
        "name": "Wanga",
        "country": "Tanzania",
        "region": "Tanga",
        "elevation_m": null,
        "population": 0,
        "feature_type": "populated place",
        "geoname_id": 148896
      }
    },
    {
      "type": "Feature",
      "geometry": {
        "type": "Point",
        "coordinates": [
          32.8,
          -3.05
        ]
      },
      "properties": {
        "name": "Wanembe",
        "country": "Tanzania",
        "region": "Mwanza",
        "elevation_m": null,
        "population": 0,
        "feature_type": "populated place",
        "geoname_id": 148897
      }
    },
    {
      "type": "Feature",
      "geometry": {
        "type": "Point",
        "coordinates": [
          30.83333,
          -7.9
        ]
      },
      "properties": {
        "name": "Wampembe",
        "country": "Tanzania",
        "region": "Rukwa",
        "elevation_m": null,
        "population": 0,
        "feature_type": "populated place",
        "geoname_id": 148899
      }
    },
    {
      "type": "Feature",
      "geometry": {
        "type": "Point",
        "coordinates": [
          31.36667,
          -8.25
        ]
      },
      "properties": {
        "name": "Wamikonko",
        "country": "Tanzania",
        "region": "Rukwa",
        "elevation_m": null,
        "population": 0,
        "feature_type": "populated place",
        "geoname_id": 148902
      }
    },
    {
      "type": "Feature",
      "geometry": {
        "type": "Point",
        "coordinates": [
          33.53333,
          -3.6
        ]
      },
      "properties": {
        "name": "Wami",
        "country": "Tanzania",
        "region": "Shinyanga",
        "elevation_m": null,
        "population": 0,
        "feature_type": "populated place",
        "geoname_id": 148903
      }
    },
    {
      "type": "Feature",
      "geometry": {
        "type": "Point",
        "coordinates": [
          39.23333,
          -6.16667
        ]
      },
      "properties": {
        "name": "Walezo",
        "country": "Tanzania",
        "region": "Zanzibar Urban/West",
        "elevation_m": null,
        "population": 0,
        "feature_type": "populated place",
        "geoname_id": 148912
      }
    },
    {
      "type": "Feature",
      "geometry": {
        "type": "Point",
        "coordinates": [
          39.23333,
          -6.15
        ]
      },
      "properties": {
        "name": "Walezo",
        "country": "Tanzania",
        "region": "Zanzibar Urban/West",
        "elevation_m": null,
        "population": 0,
        "feature_type": "populated place",
        "geoname_id": 148913
      }
    },
    {
      "type": "Feature",
      "geometry": {
        "type": "Point",
        "coordinates": [
          39.68333,
          -5.3
        ]
      },
      "properties": {
        "name": "Waleni",
        "country": "Tanzania",
        "region": "Pemba South",
        "elevation_m": null,
        "population": 0,
        "feature_type": "populated place",
        "geoname_id": 148914
      }
    },
    {
      "type": "Feature",
      "geometry": {
        "type": "Point",
        "coordinates": [
          34.25,
          -4.21667
        ]
      },
      "properties": {
        "name": "Wala",
        "country": "Tanzania",
        "region": "Singida",
        "elevation_m": null,
        "population": 0,
        "feature_type": "populated place",
        "geoname_id": 148920
      }
    },
    {
      "type": "Feature",
      "geometry": {
        "type": "Point",
        "coordinates": [
          35.9,
          -5.03333
        ]
      },
      "properties": {
        "name": "Waida",
        "country": "Tanzania",
        "region": "Dodoma",
        "elevation_m": null,
        "population": 0,
        "feature_type": "populated place",
        "geoname_id": 148927
      }
    },
    {
      "type": "Feature",
      "geometry": {
        "type": "Point",
        "coordinates": [
          39.76667,
          -5.15
        ]
      },
      "properties": {
        "name": "Wageni",
        "country": "Tanzania",
        "region": "Pemba North",
        "elevation_m": null,
        "population": 0,
        "feature_type": "populated place",
        "geoname_id": 148932
      }
    },
    {
      "type": "Feature",
      "geometry": {
        "type": "Point",
        "coordinates": [
          34.98333,
          -8.15
        ]
      },
      "properties": {
        "name": "Waga",
        "country": "Tanzania",
        "region": "Iringa",
        "elevation_m": null,
        "population": 0,
        "feature_type": "populated place",
        "geoname_id": 148933
      }
    },
    {
      "type": "Feature",
      "geometry": {
        "type": "Point",
        "coordinates": [
          39.07235,
          -4.72769
        ]
      },
      "properties": {
        "name": "Vyogoloni",
        "country": "Tanzania",
        "region": "Tanga",
        "elevation_m": null,
        "population": 0,
        "feature_type": "populated place",
        "geoname_id": 148937
      }
    },
    {
      "type": "Feature",
      "geometry": {
        "type": "Point",
        "coordinates": [
          39.13333,
          -4.95
        ]
      },
      "properties": {
        "name": "Vyeru",
        "country": "Tanzania",
        "region": "Tanga",
        "elevation_m": null,
        "population": 0,
        "feature_type": "populated place",
        "geoname_id": 148938
      }
    },
    {
      "type": "Feature",
      "geometry": {
        "type": "Point",
        "coordinates": [
          33.2,
          -8.68333
        ]
      },
      "properties": {
        "name": "Vwembi",
        "country": "Tanzania",
        "region": "Songwe",
        "elevation_m": null,
        "population": 0,
        "feature_type": "populated place",
        "geoname_id": 148940
      }
    },
    {
      "type": "Feature",
      "geometry": {
        "type": "Point",
        "coordinates": [
          32.1,
          -8.96667
        ]
      },
      "properties": {
        "name": "Vwawa",
        "country": "Tanzania",
        "region": "Rukwa",
        "elevation_m": null,
        "population": 0,
        "feature_type": "populated place",
        "geoname_id": 148943
      }
    },
    {
      "type": "Feature",
      "geometry": {
        "type": "Point",
        "coordinates": [
          39.15,
          -4.8
        ]
      },
      "properties": {
        "name": "Vuo",
        "country": "Tanzania",
        "region": "Tanga",
        "elevation_m": null,
        "population": 0,
        "feature_type": "populated place",
        "geoname_id": 148945
      }
    },
    {
      "type": "Feature",
      "geometry": {
        "type": "Point",
        "coordinates": [
          37.98333,
          -4.56667
        ]
      },
      "properties": {
        "name": "Vunta",
        "country": "Tanzania",
        "region": "Kilimanjaro",
        "elevation_m": null,
        "population": 0,
        "feature_type": "populated place",
        "geoname_id": 148946
      }
    },
    {
      "type": "Feature",
      "geometry": {
        "type": "Point",
        "coordinates": [
          39.2,
          -5.91667
        ]
      },
      "properties": {
        "name": "Vungwi",
        "country": "Tanzania",
        "region": "Zanzibar North",
        "elevation_m": null,
        "population": 0,
        "feature_type": "populated place",
        "geoname_id": 148948
      }
    },
    {
      "type": "Feature",
      "geometry": {
        "type": "Point",
        "coordinates": [
          33.5,
          -8.31667
        ]
      },
      "properties": {
        "name": "Vungwa",
        "country": "Tanzania",
        "region": "Mbeya",
        "elevation_m": null,
        "population": 0,
        "feature_type": "populated place",
        "geoname_id": 148949
      }
    },
    {
      "type": "Feature",
      "geometry": {
        "type": "Point",
        "coordinates": [
          39.01667,
          -5.38333
        ]
      },
      "properties": {
        "name": "Vumbu",
        "country": "Tanzania",
        "region": "Tanga",
        "elevation_m": null,
        "population": 0,
        "feature_type": "populated place",
        "geoname_id": 148953
      }
    },
    {
      "type": "Feature",
      "geometry": {
        "type": "Point",
        "coordinates": [
          39.83333,
          -5.23333
        ]
      },
      "properties": {
        "name": "Vumba",
        "country": "Tanzania",
        "region": "Pemba South",
        "elevation_m": null,
        "population": 0,
        "feature_type": "populated place",
        "geoname_id": 148954
      }
    },
    {
      "type": "Feature",
      "geometry": {
        "type": "Point",
        "coordinates": [
          39.83333,
          -5.16667
        ]
      },
      "properties": {
        "name": "Vumba",
        "country": "Tanzania",
        "region": "Pemba North",
        "elevation_m": null,
        "population": 0,
        "feature_type": "populated place",
        "geoname_id": 148955
      }
    },
    {
      "type": "Feature",
      "geometry": {
        "type": "Point",
        "coordinates": [
          39.8,
          -5.11667
        ]
      },
      "properties": {
        "name": "Vumba",
        "country": "Tanzania",
        "region": "Pemba North",
        "elevation_m": null,
        "population": 0,
        "feature_type": "populated place",
        "geoname_id": 148956
      }
    },
    {
      "type": "Feature",
      "geometry": {
        "type": "Point",
        "coordinates": [
          39.7,
          -5.38333
        ]
      },
      "properties": {
        "name": "Vumawimbi",
        "country": "Tanzania",
        "region": "Pemba South",
        "elevation_m": null,
        "population": 0,
        "feature_type": "populated place",
        "geoname_id": 148958
      }
    },
    {
      "type": "Feature",
      "geometry": {
        "type": "Point",
        "coordinates": [
          39.75,
          -5.31667
        ]
      },
      "properties": {
        "name": "Vulehi",
        "country": "Tanzania",
        "region": "Pemba South",
        "elevation_m": null,
        "population": 0,
        "feature_type": "populated place",
        "geoname_id": 148960
      }
    },
    {
      "type": "Feature",
      "geometry": {
        "type": "Point",
        "coordinates": [
          38.45,
          -5.06667
        ]
      },
      "properties": {
        "name": "Vugiri",
        "country": "Tanzania",
        "region": "Tanga",
        "elevation_m": null,
        "population": 0,
        "feature_type": "populated place",
        "geoname_id": 148961
      }
    },
    {
      "type": "Feature",
      "geometry": {
        "type": "Point",
        "coordinates": [
          38.96667,
          -4.91667
        ]
      },
      "properties": {
        "name": "Vuga",
        "country": "Tanzania",
        "region": "Tanga",
        "elevation_m": null,
        "population": 0,
        "feature_type": "populated place",
        "geoname_id": 148963
      }
    },
    {
      "type": "Feature",
      "geometry": {
        "type": "Point",
        "coordinates": [
          38.33333,
          -4.88333
        ]
      },
      "properties": {
        "name": "Vuga",
        "country": "Tanzania",
        "region": "Tanga",
        "elevation_m": null,
        "population": 0,
        "feature_type": "populated place",
        "geoname_id": 148964
      }
    },
    {
      "type": "Feature",
      "geometry": {
        "type": "Point",
        "coordinates": [
          38.78333,
          -4.8
        ]
      },
      "properties": {
        "name": "Vuga",
        "country": "Tanzania",
        "region": "Tanga",
        "elevation_m": null,
        "population": 0,
        "feature_type": "populated place",
        "geoname_id": 148965
      }
    },
    {
      "type": "Feature",
      "geometry": {
        "type": "Point",
        "coordinates": [
          39.75,
          -5.38333
        ]
      },
      "properties": {
        "name": "Vizuke",
        "country": "Tanzania",
        "region": "Pemba South",
        "elevation_m": null,
        "population": 0,
        "feature_type": "populated place",
        "geoname_id": 148970
      }
    },
    {
      "type": "Feature",
      "geometry": {
        "type": "Point",
        "coordinates": [
          39.82055,
          -5.23105
        ]
      },
      "properties": {
        "name": "Vitongoji",
        "country": "Tanzania",
        "region": "Pemba South",
        "elevation_m": null,
        "population": 0,
        "feature_type": "populated place",
        "geoname_id": 148971
      }
    },
    {
      "type": "Feature",
      "geometry": {
        "type": "Point",
        "coordinates": [
          37.58333,
          -6.91667
        ]
      },
      "properties": {
        "name": "Vitonga",
        "country": "Tanzania",
        "region": "Morogoro",
        "elevation_m": null,
        "population": 0,
        "feature_type": "populated place",
        "geoname_id": 148973
      }
    },
    {
      "type": "Feature",
      "geometry": {
        "type": "Point",
        "coordinates": [
          38.78333,
          -6.73333
        ]
      },
      "properties": {
        "name": "Visiga",
        "country": "Tanzania",
        "region": "Pwani",
        "elevation_m": null,
        "population": 0,
        "feature_type": "populated place",
        "geoname_id": 148975
      }
    },
    {
      "type": "Feature",
      "geometry": {
        "type": "Point",
        "coordinates": [
          38.18333,
          -6.83333
        ]
      },
      "properties": {
        "name": "Visaraka",
        "country": "Tanzania",
        "region": "Morogoro",
        "elevation_m": null,
        "population": 0,
        "feature_type": "populated place",
        "geoname_id": 148976
      }
    },
    {
      "type": "Feature",
      "geometry": {
        "type": "Point",
        "coordinates": [
          38.5,
          -5.03333
        ]
      },
      "properties": {
        "name": "Vingo",
        "country": "Tanzania",
        "region": "Tanga",
        "elevation_m": null,
        "population": 0,
        "feature_type": "populated place",
        "geoname_id": 148977
      }
    },
    {
      "type": "Feature",
      "geometry": {
        "type": "Point",
        "coordinates": [
          38.75,
          -6.68333
        ]
      },
      "properties": {
        "name": "Vikrouti",
        "country": "Tanzania",
        "region": "Pwani",
        "elevation_m": null,
        "population": 0,
        "feature_type": "populated place",
        "geoname_id": 148981
      }
    },
    {
      "type": "Feature",
      "geometry": {
        "type": "Point",
        "coordinates": [
          39.1,
          -6.98333
        ]
      },
      "properties": {
        "name": "Vikongoro",
        "country": "Tanzania",
        "region": "Pwani",
        "elevation_m": null,
        "population": 0,
        "feature_type": "populated place",
        "geoname_id": 148982
      }
    },
    {
      "type": "Feature",
      "geometry": {
        "type": "Point",
        "coordinates": [
          38.6,
          -6.6
        ]
      },
      "properties": {
        "name": "Vikole",
        "country": "Tanzania",
        "region": "Pwani",
        "elevation_m": null,
        "population": 0,
        "feature_type": "populated place",
        "geoname_id": 148984
      }
    },
    {
      "type": "Feature",
      "geometry": {
        "type": "Point",
        "coordinates": [
          38.7,
          -6.88333
        ]
      },
      "properties": {
        "name": "Vihingo",
        "country": "Tanzania",
        "region": "Pwani",
        "elevation_m": null,
        "population": 0,
        "feature_type": "populated place",
        "geoname_id": 148988
      }
    },
    {
      "type": "Feature",
      "geometry": {
        "type": "Point",
        "coordinates": [
          38.65,
          -6.68333
        ]
      },
      "properties": {
        "name": "Vigwasa",
        "country": "Tanzania",
        "region": "Pwani",
        "elevation_m": null,
        "population": 0,
        "feature_type": "populated place",
        "geoname_id": 148990
      }
    },
    {
      "type": "Feature",
      "geometry": {
        "type": "Point",
        "coordinates": [
          37.03333,
          -7.58333
        ]
      },
      "properties": {
        "name": "Vidunda",
        "country": "Tanzania",
        "region": "Morogoro",
        "elevation_m": null,
        "population": 0,
        "feature_type": "populated place",
        "geoname_id": 148994
      }
    },
    {
      "type": "Feature",
      "geometry": {
        "type": "Point",
        "coordinates": [
          39.26818,
          -7.02768
        ]
      },
      "properties": {
        "name": "Vibura",
        "country": "Tanzania",
        "region": "Pwani",
        "elevation_m": null,
        "population": 0,
        "feature_type": "populated place",
        "geoname_id": 148997
      }
    },
    {
      "type": "Feature",
      "geometry": {
        "type": "Point",
        "coordinates": [
          39.15,
          -4.85
        ]
      },
      "properties": {
        "name": "Vibambani",
        "country": "Tanzania",
        "region": "Tanga",
        "elevation_m": null,
        "population": 0,
        "feature_type": "populated place",
        "geoname_id": 149000
      }
    },
    {
      "type": "Feature",
      "geometry": {
        "type": "Point",
        "coordinates": [
          39.68333,
          -4.91667
        ]
      },
      "properties": {
        "name": "Verani",
        "country": "Tanzania",
        "region": "Pemba North",
        "elevation_m": null,
        "population": 0,
        "feature_type": "populated place",
        "geoname_id": 149006
      }
    },
    {
      "type": "Feature",
      "geometry": {
        "type": "Point",
        "coordinates": [
          31.25,
          -4.98333
        ]
      },
      "properties": {
        "name": "Uzongwe",
        "country": "Tanzania",
        "region": "Tabora",
        "elevation_m": null,
        "population": 0,
        "feature_type": "populated place",
        "geoname_id": 149011
      }
    },
    {
      "type": "Feature",
      "geometry": {
        "type": "Point",
        "coordinates": [
          39.33333,
          -6.08333
        ]
      },
      "properties": {
        "name": "Uzini",
        "country": "Tanzania",
        "region": "Zanzibar Central/South",
        "elevation_m": null,
        "population": 0,
        "feature_type": "populated place",
        "geoname_id": 149012
      }
    },
    {
      "type": "Feature",
      "geometry": {
        "type": "Point",
        "coordinates": [
          39.36667,
          -6.18333
        ]
      },
      "properties": {
        "name": "Uzingwi",
        "country": "Tanzania",
        "region": "Zanzibar Central/South",
        "elevation_m": null,
        "population": 0,
        "feature_type": "populated place",
        "geoname_id": 149014
      }
    },
    {
      "type": "Feature",
      "geometry": {
        "type": "Point",
        "coordinates": [
          32.71667,
          -2.51667
        ]
      },
      "properties": {
        "name": "Uzinga",
        "country": "Tanzania",
        "region": "Mwanza",
        "elevation_m": null,
        "population": 0,
        "feature_type": "populated place",
        "geoname_id": 149015
      }
    },
    {
      "type": "Feature",
      "geometry": {
        "type": "Point",
        "coordinates": [
          32.36667,
          -3.38333
        ]
      },
      "properties": {
        "name": "Uzima",
        "country": "Tanzania",
        "region": "Shinyanga",
        "elevation_m": null,
        "population": 0,
        "feature_type": "populated place",
        "geoname_id": 149016
      }
    },
    {
      "type": "Feature",
      "geometry": {
        "type": "Point",
        "coordinates": [
          39.4,
          -6.33333
        ]
      },
      "properties": {
        "name": "Uzi",
        "country": "Tanzania",
        "region": "Zanzibar Central/South",
        "elevation_m": null,
        "population": 0,
        "feature_type": "populated place",
        "geoname_id": 149019
      }
    },
    {
      "type": "Feature",
      "geometry": {
        "type": "Point",
        "coordinates": [
          32.83333,
          -4.91667
        ]
      },
      "properties": {
        "name": "Uyuyi",
        "country": "Tanzania",
        "region": "Tabora",
        "elevation_m": null,
        "population": 0,
        "feature_type": "populated place",
        "geoname_id": 149021
      }
    },
    {
      "type": "Feature",
      "geometry": {
        "type": "Point",
        "coordinates": [
          32.23333,
          -5.25
        ]
      },
      "properties": {
        "name": "Uyumbu",
        "country": "Tanzania",
        "region": "Tabora",
        "elevation_m": null,
        "population": 0,
        "feature_type": "populated place",
        "geoname_id": 149023
      }
    },
    {
      "type": "Feature",
      "geometry": {
        "type": "Point",
        "coordinates": [
          34.1325,
          -8.79971
        ]
      },
      "properties": {
        "name": "Uyulo",
        "country": "Tanzania",
        "region": "Mbeya",
        "elevation_m": null,
        "population": 0,
        "feature_type": "populated place",
        "geoname_id": 149024
      }
    },
    {
      "type": "Feature",
      "geometry": {
        "type": "Point",
        "coordinates": [
          31.96306,
          -4.49806
        ]
      },
      "properties": {
        "name": "Uyowa",
        "country": "Tanzania",
        "region": "Tabora",
        "elevation_m": null,
        "population": 0,
        "feature_type": "populated place",
        "geoname_id": 149026
      }
    },
    {
      "type": "Feature",
      "geometry": {
        "type": "Point",
        "coordinates": [
          33.56667,
          -8.91667
        ]
      },
      "properties": {
        "name": "Uyole",
        "country": "Tanzania",
        "region": "Mbeya",
        "elevation_m": null,
        "population": 0,
        "feature_type": "populated place",
        "geoname_id": 149028
      }
    },
    {
      "type": "Feature",
      "geometry": {
        "type": "Point",
        "coordinates": [
          32.33333,
          -4.23333
        ]
      },
      "properties": {
        "name": "Uyogo",
        "country": "Tanzania",
        "region": "Shinyanga",
        "elevation_m": null,
        "population": 0,
        "feature_type": "populated place",
        "geoname_id": 149029
      }
    },
    {
      "type": "Feature",
      "geometry": {
        "type": "Point",
        "coordinates": [
          33.95,
          -8.48333
        ]
      },
      "properties": {
        "name": "Uyaule",
        "country": "Tanzania",
        "region": "Mbeya",
        "elevation_m": null,
        "population": 0,
        "feature_type": "populated place",
        "geoname_id": 149030
      }
    },
    {
      "type": "Feature",
      "geometry": {
        "type": "Point",
        "coordinates": [
          34.65,
          -6.06667
        ]
      },
      "properties": {
        "name": "Uyanzi",
        "country": "Tanzania",
        "region": "Singida",
        "elevation_m": null,
        "population": 0,
        "feature_type": "populated place",
        "geoname_id": 149031
      }
    },
    {
      "type": "Feature",
      "geometry": {
        "type": "Point",
        "coordinates": [
          39.28333,
          -5.88333
        ]
      },
      "properties": {
        "name": "Uyagu",
        "country": "Tanzania",
        "region": "Zanzibar North",
        "elevation_m": null,
        "population": 0,
        "feature_type": "populated place",
        "geoname_id": 149032
      }
    },
    {
      "type": "Feature",
      "geometry": {
        "type": "Point",
        "coordinates": [
          39.71667,
          -5.08333
        ]
      },
      "properties": {
        "name": "Uwondwe",
        "country": "Tanzania",
        "region": "Pemba North",
        "elevation_m": null,
        "population": 0,
        "feature_type": "populated place",
        "geoname_id": 149034
      }
    },
    {
      "type": "Feature",
      "geometry": {
        "type": "Point",
        "coordinates": [
          35.81667,
          -7.95
        ]
      },
      "properties": {
        "name": "Uwindi",
        "country": "Tanzania",
        "region": "Iringa",
        "elevation_m": null,
        "population": 0,
        "feature_type": "populated place",
        "geoname_id": 149035
      }
    },
    {
      "type": "Feature",
      "geometry": {
        "type": "Point",
        "coordinates": [
          34.48333,
          -4.36667
        ]
      },
      "properties": {
        "name": "Uwanza",
        "country": "Tanzania",
        "region": "Singida",
        "elevation_m": null,
        "population": 0,
        "feature_type": "populated place",
        "geoname_id": 149040
      }
    },
    {
      "type": "Feature",
      "geometry": {
        "type": "Point",
        "coordinates": [
          39.78333,
          -5.23333
        ]
      },
      "properties": {
        "name": "Uwani",
        "country": "Tanzania",
        "region": "Pemba South",
        "elevation_m": null,
        "population": 0,
        "feature_type": "populated place",
        "geoname_id": 149041
      }
    },
    {
      "type": "Feature",
      "geometry": {
        "type": "Point",
        "coordinates": [
          39.18333,
          -6
        ]
      },
      "properties": {
        "name": "Uwandani",
        "country": "Tanzania",
        "region": "Zanzibar North",
        "elevation_m": null,
        "population": 0,
        "feature_type": "populated place",
        "geoname_id": 149043
      }
    },
    {
      "type": "Feature",
      "geometry": {
        "type": "Point",
        "coordinates": [
          39.78333,
          -4.96667
        ]
      },
      "properties": {
        "name": "Uwaani",
        "country": "Tanzania",
        "region": "Pemba North",
        "elevation_m": null,
        "population": 0,
        "feature_type": "populated place",
        "geoname_id": 149044
      }
    },
    {
      "type": "Feature",
      "geometry": {
        "type": "Point",
        "coordinates": [
          31.28333,
          -8.35
        ]
      },
      "properties": {
        "name": "Uwa",
        "country": "Tanzania",
        "region": "Rukwa",
        "elevation_m": null,
        "population": 0,
        "feature_type": "populated place",
        "geoname_id": 149045
      }
    },
    {
      "type": "Feature",
      "geometry": {
        "type": "Point",
        "coordinates": [
          39.76667,
          -5.25
        ]
      },
      "properties": {
        "name": "Uvumbi",
        "country": "Tanzania",
        "region": "Pemba South",
        "elevation_m": null,
        "population": 0,
        "feature_type": "populated place",
        "geoname_id": 149047
      }
    },
    {
      "type": "Feature",
      "geometry": {
        "type": "Point",
        "coordinates": [
          39.63333,
          -5.11667
        ]
      },
      "properties": {
        "name": "Uvinje",
        "country": "Tanzania",
        "region": "Pemba North",
        "elevation_m": null,
        "population": 0,
        "feature_type": "populated place",
        "geoname_id": 149051
      }
    },
    {
      "type": "Feature",
      "geometry": {
        "type": "Point",
        "coordinates": [
          32.88333,
          -5.63333
        ]
      },
      "properties": {
        "name": "Utyatya",
        "country": "Tanzania",
        "region": "Tabora",
        "elevation_m": null,
        "population": 0,
        "feature_type": "populated place",
        "geoname_id": 149057
      }
    },
    {
      "type": "Feature",
      "geometry": {
        "type": "Point",
        "coordinates": [
          33.15,
          -4.33333
        ]
      },
      "properties": {
        "name": "Utwigu",
        "country": "Tanzania",
        "region": "Tabora",
        "elevation_m": null,
        "population": 0,
        "feature_type": "populated place",
        "geoname_id": 149058
      }
    },
    {
      "type": "Feature",
      "geometry": {
        "type": "Point",
        "coordinates": [
          34.16667,
          -8.41667
        ]
      },
      "properties": {
        "name": "Utuya",
        "country": "Tanzania",
        "region": "Mbeya",
        "elevation_m": null,
        "population": 0,
        "feature_type": "populated place",
        "geoname_id": 149059
      }
    },
    {
      "type": "Feature",
      "geometry": {
        "type": "Point",
        "coordinates": [
          33.96667,
          -2.51667
        ]
      },
      "properties": {
        "name": "Dutwa",
        "country": "Tanzania",
        "region": "Simiyu",
        "elevation_m": null,
        "population": 0,
        "feature_type": "populated place",
        "geoname_id": 149060
      }
    },
    {
      "type": "Feature",
      "geometry": {
        "type": "Point",
        "coordinates": [
          34.05,
          -8.51667
        ]
      },
      "properties": {
        "name": "Uturo",
        "country": "Tanzania",
        "region": "Mbeya",
        "elevation_m": null,
        "population": 0,
        "feature_type": "populated place",
        "geoname_id": 149061
      }
    },
    {
      "type": "Feature",
      "geometry": {
        "type": "Point",
        "coordinates": [
          34.7,
          -9.26667
        ]
      },
      "properties": {
        "name": "Utungwa",
        "country": "Tanzania",
        "region": "Njombe",
        "elevation_m": null,
        "population": 0,
        "feature_type": "populated place",
        "geoname_id": 149062
      }
    },
    {
      "type": "Feature",
      "geometry": {
        "type": "Point",
        "coordinates": [
          30.51667,
          -7.13333
        ]
      },
      "properties": {
        "name": "Utinta",
        "country": "Tanzania",
        "region": "Rukwa",
        "elevation_m": null,
        "population": 0,
        "feature_type": "populated place",
        "geoname_id": 149066
      }
    },
    {
      "type": "Feature",
      "geometry": {
        "type": "Point",
        "coordinates": [
          31.91667,
          -4.73333
        ]
      },
      "properties": {
        "name": "Utindwa",
        "country": "Tanzania",
        "region": "Tabora",
        "elevation_m": null,
        "population": 0,
        "feature_type": "populated place",
        "geoname_id": 149067
      }
    },
    {
      "type": "Feature",
      "geometry": {
        "type": "Point",
        "coordinates": [
          34.33333,
          -8.65
        ]
      },
      "properties": {
        "name": "Utiego",
        "country": "Tanzania",
        "region": "Mbeya",
        "elevation_m": null,
        "population": 0,
        "feature_type": "populated place",
        "geoname_id": 149068
      }
    },
    {
      "type": "Feature",
      "geometry": {
        "type": "Point",
        "coordinates": [
          35.83333,
          -8.95
        ]
      },
      "properties": {
        "name": "Utengule",
        "country": "Tanzania",
        "region": "Morogoro",
        "elevation_m": null,
        "population": 0,
        "feature_type": "populated place",
        "geoname_id": 149071
      }
    },
    {
      "type": "Feature",
      "geometry": {
        "type": "Point",
        "coordinates": [
          33.86667,
          -8.68333
        ]
      },
      "properties": {
        "name": "Utengule",
        "country": "Tanzania",
        "region": "Mbeya",
        "elevation_m": null,
        "population": 0,
        "feature_type": "populated place",
        "geoname_id": 149073
      }
    },
    {
      "type": "Feature",
      "geometry": {
        "type": "Point",
        "coordinates": [
          31.38995,
          -6.47004
        ]
      },
      "properties": {
        "name": "Utendesia",
        "country": "Tanzania",
        "region": "Katavi",
        "elevation_m": null,
        "population": 0,
        "feature_type": "populated place",
        "geoname_id": 149075
      }
    },
    {
      "type": "Feature",
      "geometry": {
        "type": "Point",
        "coordinates": [
          39.8,
          -5.18333
        ]
      },
      "properties": {
        "name": "Utembe",
        "country": "Tanzania",
        "region": "Pemba North",
        "elevation_m": null,
        "population": 0,
        "feature_type": "populated place",
        "geoname_id": 149076
      }
    },
    {
      "type": "Feature",
      "geometry": {
        "type": "Point",
        "coordinates": [
          34.21667,
          -1.31667
        ]
      },
      "properties": {
        "name": "Utegi",
        "country": "Tanzania",
        "region": "Mara",
        "elevation_m": null,
        "population": 0,
        "feature_type": "populated place",
        "geoname_id": 149077
      }
    },
    {
      "type": "Feature",
      "geometry": {
        "type": "Point",
        "coordinates": [
          39.3,
          -5.73333
        ]
      },
      "properties": {
        "name": "Utchwa Jua",
        "country": "Tanzania",
        "region": "Zanzibar North",
        "elevation_m": null,
        "population": 0,
        "feature_type": "populated place",
        "geoname_id": 149078
      }
    },
    {
      "type": "Feature",
      "geometry": {
        "type": "Point",
        "coordinates": [
          39.73333,
          -5.1
        ]
      },
      "properties": {
        "name": "Uta wa Limani",
        "country": "Tanzania",
        "region": "Pemba North",
        "elevation_m": null,
        "population": 0,
        "feature_type": "populated place",
        "geoname_id": 149080
      }
    },
    {
      "type": "Feature",
      "geometry": {
        "type": "Point",
        "coordinates": [
          33.03333,
          -8.7
        ]
      },
      "properties": {
        "name": "Utambalila",
        "country": "Tanzania",
        "region": "Mbeya",
        "elevation_m": null,
        "population": 0,
        "feature_type": "populated place",
        "geoname_id": 149082
      }
    },
    {
      "type": "Feature",
      "geometry": {
        "type": "Point",
        "coordinates": [
          32.7,
          -8.75
        ]
      },
      "properties": {
        "name": "Utambalia",
        "country": "Tanzania",
        "region": "Songwe",
        "elevation_m": null,
        "population": 0,
        "feature_type": "populated place",
        "geoname_id": 149083
      }
    },
    {
      "type": "Feature",
      "geometry": {
        "type": "Point",
        "coordinates": [
          33.25,
          -4.58333
        ]
      },
      "properties": {
        "name": "Utaga",
        "country": "Tanzania",
        "region": "Tabora",
        "elevation_m": null,
        "population": 0,
        "feature_type": "populated place",
        "geoname_id": 149084
      }
    },
    {
      "type": "Feature",
      "geometry": {
        "type": "Point",
        "coordinates": [
          39.78333,
          -5.36667
        ]
      },
      "properties": {
        "name": "Utaani",
        "country": "Tanzania",
        "region": "Pemba South",
        "elevation_m": null,
        "population": 0,
        "feature_type": "populated place",
        "geoname_id": 149085
      }
    },
    {
      "type": "Feature",
      "geometry": {
        "type": "Point",
        "coordinates": [
          39.71667,
          -5.36667
        ]
      },
      "properties": {
        "name": "Utaani",
        "country": "Tanzania",
        "region": "Pemba South",
        "elevation_m": null,
        "population": 0,
        "feature_type": "populated place",
        "geoname_id": 149086
      }
    },
    {
      "type": "Feature",
      "geometry": {
        "type": "Point",
        "coordinates": [
          39.78333,
          -5.25
        ]
      },
      "properties": {
        "name": "Utaani",
        "country": "Tanzania",
        "region": "Pemba South",
        "elevation_m": null,
        "population": 0,
        "feature_type": "populated place",
        "geoname_id": 149087
      }
    },
    {
      "type": "Feature",
      "geometry": {
        "type": "Point",
        "coordinates": [
          39.78333,
          -5.21667
        ]
      },
      "properties": {
        "name": "Utaani",
        "country": "Tanzania",
        "region": "Pemba South",
        "elevation_m": null,
        "population": 0,
        "feature_type": "populated place",
        "geoname_id": 149088
      }
    },
    {
      "type": "Feature",
      "geometry": {
        "type": "Point",
        "coordinates": [
          39.71667,
          -5.2
        ]
      },
      "properties": {
        "name": "Utaani",
        "country": "Tanzania",
        "region": "Pemba South",
        "elevation_m": null,
        "population": 0,
        "feature_type": "populated place",
        "geoname_id": 149089
      }
    },
    {
      "type": "Feature",
      "geometry": {
        "type": "Point",
        "coordinates": [
          39.73333,
          -5.15
        ]
      },
      "properties": {
        "name": "Utaani",
        "country": "Tanzania",
        "region": "Pemba North",
        "elevation_m": null,
        "population": 0,
        "feature_type": "populated place",
        "geoname_id": 149090
      }
    },
    {
      "type": "Feature",
      "geometry": {
        "type": "Point",
        "coordinates": [
          39.71667,
          -5.13333
        ]
      },
      "properties": {
        "name": "Utaani",
        "country": "Tanzania",
        "region": "Pemba North",
        "elevation_m": null,
        "population": 0,
        "feature_type": "populated place",
        "geoname_id": 149091
      }
    },
    {
      "type": "Feature",
      "geometry": {
        "type": "Point",
        "coordinates": [
          39.68333,
          -5.13333
        ]
      },
      "properties": {
        "name": "Utaani",
        "country": "Tanzania",
        "region": "Pemba North",
        "elevation_m": null,
        "population": 0,
        "feature_type": "populated place",
        "geoname_id": 149092
      }
    },
    {
      "type": "Feature",
      "geometry": {
        "type": "Point",
        "coordinates": [
          39.7,
          -5.1
        ]
      },
      "properties": {
        "name": "Utaani",
        "country": "Tanzania",
        "region": "Pemba North",
        "elevation_m": null,
        "population": 0,
        "feature_type": "populated place",
        "geoname_id": 149093
      }
    },
    {
      "type": "Feature",
      "geometry": {
        "type": "Point",
        "coordinates": [
          39.71667,
          -5.08333
        ]
      },
      "properties": {
        "name": "Utaani",
        "country": "Tanzania",
        "region": "Pemba North",
        "elevation_m": null,
        "population": 0,
        "feature_type": "populated place",
        "geoname_id": 149094
      }
    },
    {
      "type": "Feature",
      "geometry": {
        "type": "Point",
        "coordinates": [
          39.78333,
          -5.06667
        ]
      },
      "properties": {
        "name": "Utaani",
        "country": "Tanzania",
        "region": "Pemba North",
        "elevation_m": null,
        "population": 0,
        "feature_type": "populated place",
        "geoname_id": 149095
      }
    },
    {
      "type": "Feature",
      "geometry": {
        "type": "Point",
        "coordinates": [
          39.73333,
          -5.06667
        ]
      },
      "properties": {
        "name": "Utaani",
        "country": "Tanzania",
        "region": "Pemba North",
        "elevation_m": null,
        "population": 0,
        "feature_type": "populated place",
        "geoname_id": 149096
      }
    },
    {
      "type": "Feature",
      "geometry": {
        "type": "Point",
        "coordinates": [
          39.75,
          -5.05
        ]
      },
      "properties": {
        "name": "Utaani",
        "country": "Tanzania",
        "region": "Pemba North",
        "elevation_m": null,
        "population": 0,
        "feature_type": "populated place",
        "geoname_id": 149097
      }
    },
    {
      "type": "Feature",
      "geometry": {
        "type": "Point",
        "coordinates": [
          39.76667,
          -5
        ]
      },
      "properties": {
        "name": "Utaani",
        "country": "Tanzania",
        "region": "Pemba North",
        "elevation_m": null,
        "population": 0,
        "feature_type": "populated place",
        "geoname_id": 149098
      }
    },
    {
      "type": "Feature",
      "geometry": {
        "type": "Point",
        "coordinates": [
          39.7,
          -4.98333
        ]
      },
      "properties": {
        "name": "Utaani",
        "country": "Tanzania",
        "region": "Pemba North",
        "elevation_m": null,
        "population": 0,
        "feature_type": "populated place",
        "geoname_id": 149099
      }
    },
    {
      "type": "Feature",
      "geometry": {
        "type": "Point",
        "coordinates": [
          39.71667,
          -4.96667
        ]
      },
      "properties": {
        "name": "Utaani",
        "country": "Tanzania",
        "region": "Pemba North",
        "elevation_m": null,
        "population": 0,
        "feature_type": "populated place",
        "geoname_id": 149100
      }
    },
    {
      "type": "Feature",
      "geometry": {
        "type": "Point",
        "coordinates": [
          37.21667,
          -3.26667
        ]
      },
      "properties": {
        "name": "Uswaa",
        "country": "Tanzania",
        "region": "Kilimanjaro",
        "elevation_m": null,
        "population": 0,
        "feature_type": "populated place",
        "geoname_id": 149101
      }
    },
    {
      "type": "Feature",
      "geometry": {
        "type": "Point",
        "coordinates": [
          32.45,
          -4.96667
        ]
      },
      "properties": {
        "name": "Usungu",
        "country": "Tanzania",
        "region": "Tabora",
        "elevation_m": null,
        "population": 0,
        "feature_type": "populated place",
        "geoname_id": 149102
      }
    },
    {
      "type": "Feature",
      "geometry": {
        "type": "Point",
        "coordinates": [
          33.6,
          -7.53333
        ]
      },
      "properties": {
        "name": "Usule",
        "country": "Tanzania",
        "region": "Mbeya",
        "elevation_m": null,
        "population": 0,
        "feature_type": "populated place",
        "geoname_id": 149106
      }
    },
    {
      "type": "Feature",
      "geometry": {
        "type": "Point",
        "coordinates": [
          33.19517,
          -3.76652
        ]
      },
      "properties": {
        "name": "Busule",
        "country": "Tanzania",
        "region": "Shinyanga",
        "elevation_m": null,
        "population": 0,
        "feature_type": "populated place",
        "geoname_id": 149107
      }
    },
    {
      "type": "Feature",
      "geometry": {
        "type": "Point",
        "coordinates": [
          33.93333,
          -6.4
        ]
      },
      "properties": {
        "name": "Usuhilo",
        "country": "Tanzania",
        "region": "Singida",
        "elevation_m": null,
        "population": 0,
        "feature_type": "populated place",
        "geoname_id": 149108
      }
    },
    {
      "type": "Feature",
      "geometry": {
        "type": "Point",
        "coordinates": [
          34.38333,
          -4.65
        ]
      },
      "properties": {
        "name": "Ussure",
        "country": "Tanzania",
        "region": "Singida",
        "elevation_m": null,
        "population": 0,
        "feature_type": "populated place",
        "geoname_id": 149110
      }
    },
    {
      "type": "Feature",
      "geometry": {
        "type": "Point",
        "coordinates": [
          31.55,
          -5.36667
        ]
      },
      "properties": {
        "name": "Ussenye",
        "country": "Tanzania",
        "region": "Tabora",
        "elevation_m": null,
        "population": 0,
        "feature_type": "populated place",
        "geoname_id": 149111
      }
    },
    {
      "type": "Feature",
      "geometry": {
        "type": "Point",
        "coordinates": [
          30.81667,
          -1.3
        ]
      },
      "properties": {
        "name": "Usongore",
        "country": "Tanzania",
        "region": "Kagera",
        "elevation_m": null,
        "population": 0,
        "feature_type": "populated place",
        "geoname_id": 149113
      }
    },
    {
      "type": "Feature",
      "geometry": {
        "type": "Point",
        "coordinates": [
          32.33333,
          -5.1
        ]
      },
      "properties": {
        "name": "Usoke",
        "country": "Tanzania",
        "region": "Tabora",
        "elevation_m": null,
        "population": 0,
        "feature_type": "populated place",
        "geoname_id": 149115
      }
    },
    {
      "type": "Feature",
      "geometry": {
        "type": "Point",
        "coordinates": [
          33.46667,
          -3.6
        ]
      },
      "properties": {
        "name": "Usogore",
        "country": "Tanzania",
        "region": "Shinyanga",
        "elevation_m": null,
        "population": 0,
        "feature_type": "populated place",
        "geoname_id": 149116
      }
    },
    {
      "type": "Feature",
      "geometry": {
        "type": "Point",
        "coordinates": [
          33.13333,
          -3.96667
        ]
      },
      "properties": {
        "name": "Usiya",
        "country": "Tanzania",
        "region": "Tabora",
        "elevation_m": null,
        "population": 0,
        "feature_type": "populated place",
        "geoname_id": 149117
      }
    },
    {
      "type": "Feature",
      "geometry": {
        "type": "Point",
        "coordinates": [
          31.305,
          -5.09722
        ]
      },
      "properties": {
        "name": "Usinge",
        "country": "Tanzania",
        "region": "Tabora",
        "elevation_m": null,
        "population": 0,
        "feature_type": "populated place",
        "geoname_id": 149118
      }
    },
    {
      "type": "Feature",
      "geometry": {
        "type": "Point",
        "coordinates": [
          39.49645,
          -6.47455
        ]
      },
      "properties": {
        "name": "Usine",
        "country": "Tanzania",
        "region": "Zanzibar Central/South",
        "elevation_m": null,
        "population": 0,
        "feature_type": "populated place",
        "geoname_id": 149119
      }
    },
    {
      "type": "Feature",
      "geometry": {
        "type": "Point",
        "coordinates": [
          39.27894,
          -8.01685
        ]
      },
      "properties": {
        "name": "Usimbe",
        "country": "Tanzania",
        "region": "Pwani",
        "elevation_m": null,
        "population": 0,
        "feature_type": "populated place",
        "geoname_id": 149121
      }
    },
    {
      "type": "Feature",
      "geometry": {
        "type": "Point",
        "coordinates": [
          31.6,
          -7.71667
        ]
      },
      "properties": {
        "name": "Usia",
        "country": "Tanzania",
        "region": "Rukwa",
        "elevation_m": null,
        "population": 0,
        "feature_type": "populated place",
        "geoname_id": 149124
      }
    },
    {
      "type": "Feature",
      "geometry": {
        "type": "Point",
        "coordinates": [
          34.25,
          -4.68333
        ]
      },
      "properties": {
        "name": "Ushora",
        "country": "Tanzania",
        "region": "Singida",
        "elevation_m": null,
        "population": 0,
        "feature_type": "populated place",
        "geoname_id": 149125
      }
    },
    {
      "type": "Feature",
      "geometry": {
        "type": "Point",
        "coordinates": [
          38.96667,
          -5.51667
        ]
      },
      "properties": {
        "name": "Ushongo Mtoni",
        "country": "Tanzania",
        "region": "Tanga",
        "elevation_m": null,
        "population": 0,
        "feature_type": "populated place",
        "geoname_id": 149127
      }
    },
    {
      "type": "Feature",
      "geometry": {
        "type": "Point",
        "coordinates": [
          38.9741,
          -5.52684
        ]
      },
      "properties": {
        "name": "Ushongo",
        "country": "Tanzania",
        "region": "Tanga",
        "elevation_m": null,
        "population": 0,
        "feature_type": "populated place",
        "geoname_id": 149128
      }
    },
    {
      "type": "Feature",
      "geometry": {
        "type": "Point",
        "coordinates": [
          32.26667,
          -4.16667
        ]
      },
      "properties": {
        "name": "Ushetu",
        "country": "Tanzania",
        "region": "Shinyanga",
        "elevation_m": null,
        "population": 0,
        "feature_type": "populated place",
        "geoname_id": 149130
      }
    },
    {
      "type": "Feature",
      "geometry": {
        "type": "Point",
        "coordinates": [
          33.95,
          -2
        ]
      },
      "properties": {
        "name": "Ushashi",
        "country": "Tanzania",
        "region": "Mara",
        "elevation_m": null,
        "population": 0,
        "feature_type": "populated place",
        "geoname_id": 149131
      }
    },
    {
      "type": "Feature",
      "geometry": {
        "type": "Point",
        "coordinates": [
          30.6,
          -7.5
        ]
      },
      "properties": {
        "name": "Usensula",
        "country": "Tanzania",
        "region": "Rukwa",
        "elevation_m": null,
        "population": 0,
        "feature_type": "populated place",
        "geoname_id": 149134
      }
    },
    {
      "type": "Feature",
      "geometry": {
        "type": "Point",
        "coordinates": [
          32.51667,
          -5.11667
        ]
      },
      "properties": {
        "name": "Useko",
        "country": "Tanzania",
        "region": "Tabora",
        "elevation_m": null,
        "population": 0,
        "feature_type": "populated place",
        "geoname_id": 149135
      }
    },
    {
      "type": "Feature",
      "geometry": {
        "type": "Point",
        "coordinates": [
          33.73333,
          -2.41667
        ]
      },
      "properties": {
        "name": "Usega",
        "country": "Tanzania",
        "region": "Simiyu",
        "elevation_m": null,
        "population": 0,
        "feature_type": "populated place",
        "geoname_id": 149136
      }
    },
    {
      "type": "Feature",
      "geometry": {
        "type": "Point",
        "coordinates": [
          35.28333,
          -6.53333
        ]
      },
      "properties": {
        "name": "Usawanga",
        "country": "Tanzania",
        "region": "Dodoma",
        "elevation_m": null,
        "population": 0,
        "feature_type": "populated place",
        "geoname_id": 149137
      }
    },
    {
      "type": "Feature",
      "geometry": {
        "type": "Point",
        "coordinates": [
          34.1,
          -4.73333
        ]
      },
      "properties": {
        "name": "Usasi",
        "country": "Tanzania",
        "region": "Singida",
        "elevation_m": null,
        "population": 0,
        "feature_type": "populated place",
        "geoname_id": 149138
      }
    },
    {
      "type": "Feature",
      "geometry": {
        "type": "Point",
        "coordinates": [
          33.5,
          -4.91667
        ]
      },
      "properties": {
        "name": "Usase",
        "country": "Tanzania",
        "region": "Tabora",
        "elevation_m": null,
        "population": 0,
        "feature_type": "populated place",
        "geoname_id": 149139
      }
    },
    {
      "type": "Feature",
      "geometry": {
        "type": "Point",
        "coordinates": [
          33.45,
          -9.28333
        ]
      },
      "properties": {
        "name": "Usango",
        "country": "Tanzania",
        "region": "Songwe",
        "elevation_m": null,
        "population": 0,
        "feature_type": "populated place",
        "geoname_id": 149142
      }
    },
    {
      "type": "Feature",
      "geometry": {
        "type": "Point",
        "coordinates": [
          34.26667,
          -4.33333
        ]
      },
      "properties": {
        "name": "Usamila",
        "country": "Tanzania",
        "region": "Singida",
        "elevation_m": null,
        "population": 0,
        "feature_type": "populated place",
        "geoname_id": 149145
      }
    },
    {
      "type": "Feature",
      "geometry": {
        "type": "Point",
        "coordinates": [
          35.7,
          -8.38333
        ]
      },
      "properties": {
        "name": "Usambuzi",
        "country": "Tanzania",
        "region": "Iringa",
        "elevation_m": null,
        "population": 0,
        "feature_type": "populated place",
        "geoname_id": 149146
      }
    },
    {
      "type": "Feature",
      "geometry": {
        "type": "Point",
        "coordinates": [
          32.48333,
          -4.88333
        ]
      },
      "properties": {
        "name": "Usagari",
        "country": "Tanzania",
        "region": "Tabora",
        "elevation_m": null,
        "population": 0,
        "feature_type": "populated place",
        "geoname_id": 149149
      }
    },
    {
      "type": "Feature",
      "geometry": {
        "type": "Point",
        "coordinates": [
          39.11667,
          -5.08333
        ]
      },
      "properties": {
        "name": "Usagara",
        "country": "Tanzania",
        "region": "Tanga",
        "elevation_m": null,
        "population": 0,
        "feature_type": "section of populated place",
        "geoname_id": 149150
      }
    },
    {
      "type": "Feature",
      "geometry": {
        "type": "Point",
        "coordinates": [
          31.35986,
          -6.45012
        ]
      },
      "properties": {
        "name": "Uruwira",
        "country": "Tanzania",
        "region": "Katavi",
        "elevation_m": null,
        "population": 0,
        "feature_type": "populated place",
        "geoname_id": 149156
      }
    },
    {
      "type": "Feature",
      "geometry": {
        "type": "Point",
        "coordinates": [
          32.75,
          -5.16667
        ]
      },
      "properties": {
        "name": "Uruma",
        "country": "Tanzania",
        "region": "Tabora",
        "elevation_m": null,
        "population": 0,
        "feature_type": "populated place",
        "geoname_id": 149160
      }
    },
    {
      "type": "Feature",
      "geometry": {
        "type": "Point",
        "coordinates": [
          34.2,
          -4.65
        ]
      },
      "properties": {
        "name": "Urugu",
        "country": "Tanzania",
        "region": "Singida",
        "elevation_m": null,
        "population": 0,
        "feature_type": "populated place",
        "geoname_id": 149161
      }
    },
    {
      "type": "Feature",
      "geometry": {
        "type": "Point",
        "coordinates": [
          37.38333,
          -3.28333
        ]
      },
      "properties": {
        "name": "Uru East",
        "country": "Tanzania",
        "region": "Kilimanjaro",
        "elevation_m": null,
        "population": 0,
        "feature_type": "populated place",
        "geoname_id": 149162
      }
    },
    {
      "type": "Feature",
      "geometry": {
        "type": "Point",
        "coordinates": [
          37.35,
          -3.28333
        ]
      },
      "properties": {
        "name": "Uru",
        "country": "Tanzania",
        "region": "Kilimanjaro",
        "elevation_m": null,
        "population": 0,
        "feature_type": "populated place",
        "geoname_id": 149163
      }
    },
    {
      "type": "Feature",
      "geometry": {
        "type": "Point",
        "coordinates": [
          39.41667,
          -6.1
        ]
      },
      "properties": {
        "name": "Uroa",
        "country": "Tanzania",
        "region": "Zanzibar Central/South",
        "elevation_m": null,
        "population": 0,
        "feature_type": "populated place",
        "geoname_id": 149167
      }
    },
    {
      "type": "Feature",
      "geometry": {
        "type": "Point",
        "coordinates": [
          39.8,
          -5.16667
        ]
      },
      "properties": {
        "name": "Uribe",
        "country": "Tanzania",
        "region": "Pemba North",
        "elevation_m": null,
        "population": 0,
        "feature_type": "populated place",
        "geoname_id": 149169
      }
    },
    {
      "type": "Feature",
      "geometry": {
        "type": "Point",
        "coordinates": [
          39.71667,
          -5.16667
        ]
      },
      "properties": {
        "name": "Urangi",
        "country": "Tanzania",
        "region": "Pemba North",
        "elevation_m": null,
        "population": 0,
        "feature_type": "populated place",
        "geoname_id": 149170
      }
    },
    {
      "type": "Feature",
      "geometry": {
        "type": "Point",
        "coordinates": [
          37.51667,
          -4.35
        ]
      },
      "properties": {
        "name": "Upuni",
        "country": "Tanzania",
        "region": "Manyara",
        "elevation_m": null,
        "population": 0,
        "feature_type": "populated place",
        "geoname_id": 149173
      }
    },
    {
      "type": "Feature",
      "geometry": {
        "type": "Point",
        "coordinates": [
          33.01667,
          -4.88333
        ]
      },
      "properties": {
        "name": "Upuge",
        "country": "Tanzania",
        "region": "Tabora",
        "elevation_m": null,
        "population": 0,
        "feature_type": "populated place",
        "geoname_id": 149174
      }
    },
    {
      "type": "Feature",
      "geometry": {
        "type": "Point",
        "coordinates": [
          30.58333,
          -5.9
        ]
      },
      "properties": {
        "name": "Upesa",
        "country": "Tanzania",
        "region": "Katavi",
        "elevation_m": null,
        "population": 0,
        "feature_type": "populated place",
        "geoname_id": 149177
      }
    },
    {
      "type": "Feature",
      "geometry": {
        "type": "Point",
        "coordinates": [
          39.33333,
          -5.98333
        ]
      },
      "properties": {
        "name": "Upenja",
        "country": "Tanzania",
        "region": "Zanzibar North",
        "elevation_m": null,
        "population": 0,
        "feature_type": "populated place",
        "geoname_id": 149179
      }
    },
    {
      "type": "Feature",
      "geometry": {
        "type": "Point",
        "coordinates": [
          38.85,
          -5.08333
        ]
      },
      "properties": {
        "name": "Upale",
        "country": "Tanzania",
        "region": "Tanga",
        "elevation_m": null,
        "population": 0,
        "feature_type": "populated place",
        "geoname_id": 149185
      }
    },
    {
      "type": "Feature",
      "geometry": {
        "type": "Point",
        "coordinates": [
          39.78333,
          -4.98333
        ]
      },
      "properties": {
        "name": "Uondwe",
        "country": "Tanzania",
        "region": "Pemba North",
        "elevation_m": null,
        "population": 0,
        "feature_type": "populated place",
        "geoname_id": 149186
      }
    },
    {
      "type": "Feature",
      "geometry": {
        "type": "Point",
        "coordinates": [
          33.75,
          -3.6
        ]
      },
      "properties": {
        "name": "Unyanyembe",
        "country": "Tanzania",
        "region": "Shinyanga",
        "elevation_m": null,
        "population": 0,
        "feature_type": "populated place",
        "geoname_id": 149188
      }
    },
    {
      "type": "Feature",
      "geometry": {
        "type": "Point",
        "coordinates": [
          33.03333,
          -2.61667
        ]
      },
      "properties": {
        "name": "Unyamhanda",
        "country": "Tanzania",
        "region": "Mwanza",
        "elevation_m": null,
        "population": 0,
        "feature_type": "populated place",
        "geoname_id": 149190
      }
    },
    {
      "type": "Feature",
      "geometry": {
        "type": "Point",
        "coordinates": [
          39.36667,
          -6.31667
        ]
      },
      "properties": {
        "name": "Unguja Ukuu Pwani",
        "country": "Tanzania",
        "region": "Zanzibar Central/South",
        "elevation_m": null,
        "population": 0,
        "feature_type": "populated place",
        "geoname_id": 149191
      }
    },
    {
      "type": "Feature",
      "geometry": {
        "type": "Point",
        "coordinates": [
          39.38333,
          -6.31667
        ]
      },
      "properties": {
        "name": "Unguja Ukuu",
        "country": "Tanzania",
        "region": "Zanzibar Central/South",
        "elevation_m": null,
        "population": 0,
        "feature_type": "populated place",
        "geoname_id": 149192
      }
    },
    {
      "type": "Feature",
      "geometry": {
        "type": "Point",
        "coordinates": [
          39.73333,
          -4.91667
        ]
      },
      "properties": {
        "name": "Ungi",
        "country": "Tanzania",
        "region": "Pemba North",
        "elevation_m": null,
        "population": 0,
        "feature_type": "populated place",
        "geoname_id": 149194
      }
    },
    {
      "type": "Feature",
      "geometry": {
        "type": "Point",
        "coordinates": [
          34.96667,
          -8.38333
        ]
      },
      "properties": {
        "name": "Ungenza",
        "country": "Tanzania",
        "region": "Iringa",
        "elevation_m": null,
        "population": 0,
        "feature_type": "populated place",
        "geoname_id": 149195
      }
    },
    {
      "type": "Feature",
      "geometry": {
        "type": "Point",
        "coordinates": [
          39.81667,
          -5.23333
        ]
      },
      "properties": {
        "name": "Umungani",
        "country": "Tanzania",
        "region": "Pemba South",
        "elevation_m": null,
        "population": 0,
        "feature_type": "populated place",
        "geoname_id": 149199
      }
    },
    {
      "type": "Feature",
      "geometry": {
        "type": "Point",
        "coordinates": [
          39.55,
          -6.33333
        ]
      },
      "properties": {
        "name": "Umbuji",
        "country": "Tanzania",
        "region": "Zanzibar Central/South",
        "elevation_m": null,
        "population": 0,
        "feature_type": "populated place",
        "geoname_id": 149207
      }
    },
    {
      "type": "Feature",
      "geometry": {
        "type": "Point",
        "coordinates": [
          39.36667,
          -6.11667
        ]
      },
      "properties": {
        "name": "Umbuji",
        "country": "Tanzania",
        "region": "Zanzibar Central/South",
        "elevation_m": null,
        "population": 0,
        "feature_type": "populated place",
        "geoname_id": 149208
      }
    },
    {
      "type": "Feature",
      "geometry": {
        "type": "Point",
        "coordinates": [
          35.7,
          -8.26667
        ]
      },
      "properties": {
        "name": "Umbamba",
        "country": "Tanzania",
        "region": "Iringa",
        "elevation_m": null,
        "population": 0,
        "feature_type": "populated place",
        "geoname_id": 149212
      }
    },
    {
      "type": "Feature",
      "geometry": {
        "type": "Point",
        "coordinates": [
          38.86667,
          -5.16667
        ]
      },
      "properties": {
        "name": "Umba",
        "country": "Tanzania",
        "region": "Tanga",
        "elevation_m": null,
        "population": 0,
        "feature_type": "populated place",
        "geoname_id": 149214
      }
    },
    {
      "type": "Feature",
      "geometry": {
        "type": "Point",
        "coordinates": [
          32.32143,
          -4.75479
        ]
      },
      "properties": {
        "name": "Ulyankulu",
        "country": "Tanzania",
        "region": "Tabora",
        "elevation_m": null,
        "population": 0,
        "feature_type": "populated place",
        "geoname_id": 149218
      }
    },
    {
      "type": "Feature",
      "geometry": {
        "type": "Point",
        "coordinates": [
          34.78333,
          -5.2
        ]
      },
      "properties": {
        "name": "Ulyampiti",
        "country": "Tanzania",
        "region": "Singida",
        "elevation_m": null,
        "population": 0,
        "feature_type": "populated place",
        "geoname_id": 149219
      }
    },
    {
      "type": "Feature",
      "geometry": {
        "type": "Point",
        "coordinates": [
          34.98333,
          -8.16667
        ]
      },
      "properties": {
        "name": "Uluwani",
        "country": "Tanzania",
        "region": "Iringa",
        "elevation_m": null,
        "population": 0,
        "feature_type": "populated place",
        "geoname_id": 149222
      }
    },
    {
      "type": "Feature",
      "geometry": {
        "type": "Point",
        "coordinates": [
          31.6,
          -5.35
        ]
      },
      "properties": {
        "name": "Ulunga",
        "country": "Tanzania",
        "region": "Tabora",
        "elevation_m": null,
        "population": 0,
        "feature_type": "populated place",
        "geoname_id": 149223
      }
    },
    {
      "type": "Feature",
      "geometry": {
        "type": "Point",
        "coordinates": [
          31.73333,
          -8.73333
        ]
      },
      "properties": {
        "name": "Ulumi",
        "country": "Tanzania",
        "region": "Rukwa",
        "elevation_m": null,
        "population": 0,
        "feature_type": "populated place",
        "geoname_id": 149224
      }
    },
    {
      "type": "Feature",
      "geometry": {
        "type": "Point",
        "coordinates": [
          37.51667,
          -7.35
        ]
      },
      "properties": {
        "name": "Ululu",
        "country": "Tanzania",
        "region": "Morogoro",
        "elevation_m": null,
        "population": 0,
        "feature_type": "populated place",
        "geoname_id": 149225
      }
    },
    {
      "type": "Feature",
      "geometry": {
        "type": "Point",
        "coordinates": [
          29.77444,
          -5.04056
        ]
      },
      "properties": {
        "name": "Bulombola",
        "country": "Tanzania",
        "region": "Kigoma",
        "elevation_m": null,
        "population": 0,
        "feature_type": "populated place",
        "geoname_id": 149231
      }
    },
    {
      "type": "Feature",
      "geometry": {
        "type": "Point",
        "coordinates": [
          34.2,
          -8.68333
        ]
      },
      "properties": {
        "name": "Ulomba",
        "country": "Tanzania",
        "region": "Mbeya",
        "elevation_m": null,
        "population": 0,
        "feature_type": "populated place",
        "geoname_id": 149232
      }
    },
    {
      "type": "Feature",
      "geometry": {
        "type": "Point",
        "coordinates": [
          33.18333,
          -4.85
        ]
      },
      "properties": {
        "name": "Ulimakafu",
        "country": "Tanzania",
        "region": "Tabora",
        "elevation_m": null,
        "population": 0,
        "feature_type": "populated place",
        "geoname_id": 149234
      }
    },
    {
      "type": "Feature",
      "geometry": {
        "type": "Point",
        "coordinates": [
          34.85,
          -8.6
        ]
      },
      "properties": {
        "name": "Ulila",
        "country": "Tanzania",
        "region": "Iringa",
        "elevation_m": null,
        "population": 0,
        "feature_type": "populated place",
        "geoname_id": 149235
      }
    },
    {
      "type": "Feature",
      "geometry": {
        "type": "Point",
        "coordinates": [
          32.1,
          -4.03333
        ]
      },
      "properties": {
        "name": "Ulewe",
        "country": "Tanzania",
        "region": "Shinyanga",
        "elevation_m": null,
        "population": 0,
        "feature_type": "populated place",
        "geoname_id": 149236
      }
    },
    {
      "type": "Feature",
      "geometry": {
        "type": "Point",
        "coordinates": [
          36,
          -8.06667
        ]
      },
      "properties": {
        "name": "Ulevi",
        "country": "Tanzania",
        "region": "Iringa",
        "elevation_m": null,
        "population": 0,
        "feature_type": "populated place",
        "geoname_id": 149237
      }
    },
    {
      "type": "Feature",
      "geometry": {
        "type": "Point",
        "coordinates": [
          35.41667,
          -8.11667
        ]
      },
      "properties": {
        "name": "Ulete",
        "country": "Tanzania",
        "region": "Iringa",
        "elevation_m": null,
        "population": 0,
        "feature_type": "populated place",
        "geoname_id": 149238
      }
    },
    {
      "type": "Feature",
      "geometry": {
        "type": "Point",
        "coordinates": [
          39.75,
          -5.28333
        ]
      },
      "properties": {
        "name": "Uleni",
        "country": "Tanzania",
        "region": "Pemba South",
        "elevation_m": null,
        "population": 0,
        "feature_type": "populated place",
        "geoname_id": 149240
      }
    },
    {
      "type": "Feature",
      "geometry": {
        "type": "Point",
        "coordinates": [
          39.65,
          -5.41667
        ]
      },
      "properties": {
        "name": "Ulenge",
        "country": "Tanzania",
        "region": "Pemba South",
        "elevation_m": null,
        "population": 0,
        "feature_type": "populated place",
        "geoname_id": 149243
      }
    },
    {
      "type": "Feature",
      "geometry": {
        "type": "Point",
        "coordinates": [
          34.4,
          -4.4
        ]
      },
      "properties": {
        "name": "Ulemo",
        "country": "Tanzania",
        "region": "Singida",
        "elevation_m": null,
        "population": 0,
        "feature_type": "populated place",
        "geoname_id": 149244
      }
    },
    {
      "type": "Feature",
      "geometry": {
        "type": "Point",
        "coordinates": [
          32.61667,
          -8.1
        ]
      },
      "properties": {
        "name": "Uleia",
        "country": "Tanzania",
        "region": "Songwe",
        "elevation_m": null,
        "population": 0,
        "feature_type": "populated place",
        "geoname_id": 149247
      }
    },
    {
      "type": "Feature",
      "geometry": {
        "type": "Point",
        "coordinates": [
          36.9,
          -7.05644
        ]
      },
      "properties": {
        "name": "Ulaya",
        "country": "Tanzania",
        "region": "Morogoro",
        "elevation_m": null,
        "population": 0,
        "feature_type": "populated place",
        "geoname_id": 149248
      }
    },
    {
      "type": "Feature",
      "geometry": {
        "type": "Point",
        "coordinates": [
          33.41667,
          -4.38333
        ]
      },
      "properties": {
        "name": "Ulaya",
        "country": "Tanzania",
        "region": "Tabora",
        "elevation_m": null,
        "population": 0,
        "feature_type": "populated place",
        "geoname_id": 149249
      }
    },
    {
      "type": "Feature",
      "geometry": {
        "type": "Point",
        "coordinates": [
          34.3,
          -8.35
        ]
      },
      "properties": {
        "name": "Ulanga",
        "country": "Tanzania",
        "region": "Mbeya",
        "elevation_m": null,
        "population": 0,
        "feature_type": "populated place",
        "geoname_id": 149253
      }
    },
    {
      "type": "Feature",
      "geometry": {
        "type": "Point",
        "coordinates": [
          36.92491,
          -7.29511
        ]
      },
      "properties": {
        "name": "Ulanga",
        "country": "Tanzania",
        "region": "Morogoro",
        "elevation_m": null,
        "population": 0,
        "feature_type": "populated place",
        "geoname_id": 149254
      }
    },
    {
      "type": "Feature",
      "geometry": {
        "type": "Point",
        "coordinates": [
          35.9,
          -8.98333
        ]
      },
      "properties": {
        "name": "Ulambo",
        "country": "Tanzania",
        "region": "Morogoro",
        "elevation_m": null,
        "population": 0,
        "feature_type": "populated place",
        "geoname_id": 149255
      }
    },
    {
      "type": "Feature",
      "geometry": {
        "type": "Point",
        "coordinates": [
          34.15,
          -8.68333
        ]
      },
      "properties": {
        "name": "Ukwawila",
        "country": "Tanzania",
        "region": "Mbeya",
        "elevation_m": null,
        "population": 0,
        "feature_type": "populated place",
        "geoname_id": 149259
      }
    },
    {
      "type": "Feature",
      "geometry": {
        "type": "Point",
        "coordinates": [
          34.21667,
          -9.45
        ]
      },
      "properties": {
        "name": "Ukwama",
        "country": "Tanzania",
        "region": "Njombe",
        "elevation_m": null,
        "population": 0,
        "feature_type": "populated place",
        "geoname_id": 149260
      }
    },
    {
      "type": "Feature",
      "geometry": {
        "type": "Point",
        "coordinates": [
          36.48999,
          -7.64857
        ]
      },
      "properties": {
        "name": "Ukwama",
        "country": "Tanzania",
        "region": "Iringa",
        "elevation_m": null,
        "population": 0,
        "feature_type": "populated place",
        "geoname_id": 149261
      }
    },
    {
      "type": "Feature",
      "geometry": {
        "type": "Point",
        "coordinates": [
          33.98333,
          -8.48333
        ]
      },
      "properties": {
        "name": "Ukwaheri",
        "country": "Tanzania",
        "region": "Mbeya",
        "elevation_m": null,
        "population": 0,
        "feature_type": "populated place",
        "geoname_id": 149262
      }
    },
    {
      "type": "Feature",
      "geometry": {
        "type": "Point",
        "coordinates": [
          39.76667,
          -5.35
        ]
      },
      "properties": {
        "name": "Ukutini",
        "country": "Tanzania",
        "region": "Pemba South",
        "elevation_m": null,
        "population": 0,
        "feature_type": "populated place",
        "geoname_id": 149264
      }
    },
    {
      "type": "Feature",
      "geometry": {
        "type": "Point",
        "coordinates": [
          39.76667,
          -5.08333
        ]
      },
      "properties": {
        "name": "Ukutani",
        "country": "Tanzania",
        "region": "Pemba North",
        "elevation_m": null,
        "population": 0,
        "feature_type": "populated place",
        "geoname_id": 149265
      }
    },
    {
      "type": "Feature",
      "geometry": {
        "type": "Point",
        "coordinates": [
          39.7,
          -5.05
        ]
      },
      "properties": {
        "name": "Ukutani",
        "country": "Tanzania",
        "region": "Pemba North",
        "elevation_m": null,
        "population": 0,
        "feature_type": "populated place",
        "geoname_id": 149266
      }
    },
    {
      "type": "Feature",
      "geometry": {
        "type": "Point",
        "coordinates": [
          39.7,
          -5.01667
        ]
      },
      "properties": {
        "name": "Ukutani",
        "country": "Tanzania",
        "region": "Pemba North",
        "elevation_m": null,
        "population": 0,
        "feature_type": "populated place",
        "geoname_id": 149267
      }
    },
    {
      "type": "Feature",
      "geometry": {
        "type": "Point",
        "coordinates": [
          39.68333,
          -5.05
        ]
      },
      "properties": {
        "name": "Ukunjwi",
        "country": "Tanzania",
        "region": "Pemba North",
        "elevation_m": null,
        "population": 0,
        "feature_type": "populated place",
        "geoname_id": 149271
      }
    },
    {
      "type": "Feature",
      "geometry": {
        "type": "Point",
        "coordinates": [
          32.51667,
          -4.03333
        ]
      },
      "properties": {
        "name": "Ukune",
        "country": "Tanzania",
        "region": "Shinyanga",
        "elevation_m": null,
        "population": 0,
        "feature_type": "populated place",
        "geoname_id": 149274
      }
    },
    {
      "type": "Feature",
      "geometry": {
        "type": "Point",
        "coordinates": [
          39.31065,
          -8.95024
        ]
      },
      "properties": {
        "name": "Ukuli",
        "country": "Tanzania",
        "region": "Lindi",
        "elevation_m": null,
        "population": 0,
        "feature_type": "populated place",
        "geoname_id": 149275
      }
    },
    {
      "type": "Feature",
      "geometry": {
        "type": "Point",
        "coordinates": [
          39.75,
          -5.26667
        ]
      },
      "properties": {
        "name": "Ukubwa-wa-bure",
        "country": "Tanzania",
        "region": "Pemba South",
        "elevation_m": null,
        "population": 0,
        "feature_type": "populated place",
        "geoname_id": 149278
      }
    },
    {
      "type": "Feature",
      "geometry": {
        "type": "Point",
        "coordinates": [
          32.75,
          -3.9
        ]
      },
      "properties": {
        "name": "Ukoroso",
        "country": "Tanzania",
        "region": "Shinyanga",
        "elevation_m": null,
        "population": 0,
        "feature_type": "populated place",
        "geoname_id": 149279
      }
    },
    {
      "type": "Feature",
      "geometry": {
        "type": "Point",
        "coordinates": [
          39.48333,
          -6.2
        ]
      },
      "properties": {
        "name": "Ukongoroni",
        "country": "Tanzania",
        "region": "Zanzibar Central/South",
        "elevation_m": null,
        "population": 0,
        "feature_type": "populated place",
        "geoname_id": 149281
      }
    },
    {
      "type": "Feature",
      "geometry": {
        "type": "Point",
        "coordinates": [
          39.18333,
          -6.86667
        ]
      },
      "properties": {
        "name": "Ukonga",
        "country": "Tanzania",
        "region": "Dar es Salaam Region",
        "elevation_m": null,
        "population": 0,
        "feature_type": "populated place",
        "geoname_id": 149283
      }
    },
    {
      "type": "Feature",
      "geometry": {
        "type": "Point",
        "coordinates": [
          31.25,
          -7.53333
        ]
      },
      "properties": {
        "name": "Ukolo",
        "country": "Tanzania",
        "region": "Rukwa",
        "elevation_m": null,
        "population": 0,
        "feature_type": "populated place",
        "geoname_id": 149287
      }
    },
    {
      "type": "Feature",
      "geometry": {
        "type": "Point",
        "coordinates": [
          33.01667,
          -2.71667
        ]
      },
      "properties": {
        "name": "Ukiriguru",
        "country": "Tanzania",
        "region": "Mwanza",
        "elevation_m": null,
        "population": 0,
        "feature_type": "populated place",
        "geoname_id": 149288
      }
    },
    {
      "type": "Feature",
      "geometry": {
        "type": "Point",
        "coordinates": [
          34.16667,
          -5.93333
        ]
      },
      "properties": {
        "name": "Ukimbu",
        "country": "Tanzania",
        "region": "Singida",
        "elevation_m": null,
        "population": 0,
        "feature_type": "populated place",
        "geoname_id": 149290
      }
    },
    {
      "type": "Feature",
      "geometry": {
        "type": "Point",
        "coordinates": [
          31.78333,
          -7.73333
        ]
      },
      "properties": {
        "name": "Ukia",
        "country": "Tanzania",
        "region": "Rukwa",
        "elevation_m": null,
        "population": 0,
        "feature_type": "populated place",
        "geoname_id": 149291
      }
    },
    {
      "type": "Feature",
      "geometry": {
        "type": "Point",
        "coordinates": [
          39.01667,
          -5
        ]
      },
      "properties": {
        "name": "Ukereni",
        "country": "Tanzania",
        "region": "Tanga",
        "elevation_m": null,
        "population": 0,
        "feature_type": "populated place",
        "geoname_id": 149295
      }
    },
    {
      "type": "Feature",
      "geometry": {
        "type": "Point",
        "coordinates": [
          33.66667,
          -3.68333
        ]
      },
      "properties": {
        "name": "Ukenyenge",
        "country": "Tanzania",
        "region": "Shinyanga",
        "elevation_m": null,
        "population": 0,
        "feature_type": "populated place",
        "geoname_id": 149296
      }
    },
    {
      "type": "Feature",
      "geometry": {
        "type": "Point",
        "coordinates": [
          32.25,
          -2.91667
        ]
      },
      "properties": {
        "name": "Ukaranga",
        "country": "Tanzania",
        "region": "Geita",
        "elevation_m": null,
        "population": 0,
        "feature_type": "populated place",
        "geoname_id": 149297
      }
    },
    {
      "type": "Feature",
      "geometry": {
        "type": "Point",
        "coordinates": [
          39.78333,
          -5.15
        ]
      },
      "properties": {
        "name": "Ukando",
        "country": "Tanzania",
        "region": "Pemba North",
        "elevation_m": null,
        "population": 0,
        "feature_type": "populated place",
        "geoname_id": 149301
      }
    },
    {
      "type": "Feature",
      "geometry": {
        "type": "Point",
        "coordinates": [
          35.73333,
          -8.5
        ]
      },
      "properties": {
        "name": "Ukami",
        "country": "Tanzania",
        "region": "Iringa",
        "elevation_m": null,
        "population": 0,
        "feature_type": "populated place",
        "geoname_id": 149302
      }
    },
    {
      "type": "Feature",
      "geometry": {
        "type": "Point",
        "coordinates": [
          32.58333,
          -3.93333
        ]
      },
      "properties": {
        "name": "Ukamba",
        "country": "Tanzania",
        "region": "Shinyanga",
        "elevation_m": null,
        "population": 0,
        "feature_type": "populated place",
        "geoname_id": 149305
      }
    },
    {
      "type": "Feature",
      "geometry": {
        "type": "Point",
        "coordinates": [
          33.91667,
          -8.66667
        ]
      },
      "properties": {
        "name": "Ujola",
        "country": "Tanzania",
        "region": "Mbeya",
        "elevation_m": null,
        "population": 0,
        "feature_type": "populated place",
        "geoname_id": 149308
      }
    },
    {
      "type": "Feature",
      "geometry": {
        "type": "Point",
        "coordinates": [
          39.78333,
          -5.23333
        ]
      },
      "properties": {
        "name": "Ujinga",
        "country": "Tanzania",
        "region": "Pemba South",
        "elevation_m": null,
        "population": 0,
        "feature_type": "populated place",
        "geoname_id": 149309
      }
    },
    {
      "type": "Feature",
      "geometry": {
        "type": "Point",
        "coordinates": [
          29.67611,
          -4.90556
        ]
      },
      "properties": {
        "name": "Ujiji",
        "country": "Tanzania",
        "region": "Kigoma",
        "elevation_m": null,
        "population": 0,
        "feature_type": "populated place",
        "geoname_id": 149310
      }
    },
    {
      "type": "Feature",
      "geometry": {
        "type": "Point",
        "coordinates": [
          33.05,
          -2.55
        ]
      },
      "properties": {
        "name": "Uita",
        "country": "Tanzania",
        "region": "Mwanza",
        "elevation_m": null,
        "population": 0,
        "feature_type": "populated place",
        "geoname_id": 149313
      }
    },
    {
      "type": "Feature",
      "geometry": {
        "type": "Point",
        "coordinates": [
          36.1,
          -7.56667
        ]
      },
      "properties": {
        "name": "Uhominyi",
        "country": "Tanzania",
        "region": "Iringa",
        "elevation_m": null,
        "population": 0,
        "feature_type": "populated place",
        "geoname_id": 149316
      }
    },
    {
      "type": "Feature",
      "geometry": {
        "type": "Point",
        "coordinates": [
          37.65,
          -3.65
        ]
      },
      "properties": {
        "name": "Ugweno",
        "country": "Tanzania",
        "region": "Kilimanjaro",
        "elevation_m": null,
        "population": 0,
        "feature_type": "populated place",
        "geoname_id": 149318
      }
    },
    {
      "type": "Feature",
      "geometry": {
        "type": "Point",
        "coordinates": [
          33.76667,
          -4.83333
        ]
      },
      "properties": {
        "name": "Ugwana",
        "country": "Tanzania",
        "region": "Tabora",
        "elevation_m": null,
        "population": 0,
        "feature_type": "populated place",
        "geoname_id": 149319
      }
    },
    {
      "type": "Feature",
      "geometry": {
        "type": "Point",
        "coordinates": [
          36.3,
          -7.65
        ]
      },
      "properties": {
        "name": "Ugowa",
        "country": "Tanzania",
        "region": "Iringa",
        "elevation_m": null,
        "population": 0,
        "feature_type": "populated place",
        "geoname_id": 149323
      }
    },
    {
      "type": "Feature",
      "geometry": {
        "type": "Point",
        "coordinates": [
          30.61083,
          -5.20306
        ]
      },
      "properties": {
        "name": "Ugolole",
        "country": "Tanzania",
        "region": "Kigoma",
        "elevation_m": null,
        "population": 0,
        "feature_type": "populated place",
        "geoname_id": 149324
      }
    },
    {
      "type": "Feature",
      "geometry": {
        "type": "Point",
        "coordinates": [
          33.05,
          -3.88333
        ]
      },
      "properties": {
        "name": "Ugara",
        "country": "Tanzania",
        "region": "Shinyanga",
        "elevation_m": null,
        "population": 0,
        "feature_type": "populated place",
        "geoname_id": 149328
      }
    },
    {
      "type": "Feature",
      "geometry": {
        "type": "Point",
        "coordinates": [
          39.26667,
          -6.05
        ]
      },
      "properties": {
        "name": "Uganda",
        "country": "Tanzania",
        "region": "Zanzibar North",
        "elevation_m": null,
        "population": 0,
        "feature_type": "populated place",
        "geoname_id": 149329
      }
    },
    {
      "type": "Feature",
      "geometry": {
        "type": "Point",
        "coordinates": [
          34.33333,
          -4.65
        ]
      },
      "properties": {
        "name": "Uganda",
        "country": "Tanzania",
        "region": "Singida",
        "elevation_m": null,
        "population": 0,
        "feature_type": "populated place",
        "geoname_id": 149330
      }
    },
    {
      "type": "Feature",
      "geometry": {
        "type": "Point",
        "coordinates": [
          31.15,
          -5.78333
        ]
      },
      "properties": {
        "name": "Ugalla",
        "country": "Tanzania",
        "region": "Katavi",
        "elevation_m": null,
        "population": 0,
        "feature_type": "populated place",
        "geoname_id": 149335
      }
    },
    {
      "type": "Feature",
      "geometry": {
        "type": "Point",
        "coordinates": [
          39.23333,
          -6.25
        ]
      },
      "properties": {
        "name": "Ufune",
        "country": "Tanzania",
        "region": "Zanzibar Urban/West",
        "elevation_m": null,
        "population": 0,
        "feature_type": "populated place",
        "geoname_id": 149336
      }
    },
    {
      "type": "Feature",
      "geometry": {
        "type": "Point",
        "coordinates": [
          31.58333,
          -4.7
        ]
      },
      "properties": {
        "name": "Uflaga",
        "country": "Tanzania",
        "region": "Tabora",
        "elevation_m": null,
        "population": 0,
        "feature_type": "populated place",
        "geoname_id": 149337
      }
    },
    {
      "type": "Feature",
      "geometry": {
        "type": "Point",
        "coordinates": [
          38.71667,
          -5.08333
        ]
      },
      "properties": {
        "name": "Ufinga",
        "country": "Tanzania",
        "region": "Tanga",
        "elevation_m": null,
        "population": 0,
        "feature_type": "populated place",
        "geoname_id": 149339
      }
    },
    {
      "type": "Feature",
      "geometry": {
        "type": "Point",
        "coordinates": [
          32.35,
          -6.3
        ]
      },
      "properties": {
        "name": "Ufina",
        "country": "Tanzania",
        "region": "Katavi",
        "elevation_m": null,
        "population": 0,
        "feature_type": "populated place",
        "geoname_id": 149340
      }
    },
    {
      "type": "Feature",
      "geometry": {
        "type": "Point",
        "coordinates": [
          35.35,
          -4.25
        ]
      },
      "properties": {
        "name": "Ufana",
        "country": "Tanzania",
        "region": "Manyara",
        "elevation_m": null,
        "population": 0,
        "feature_type": "populated place",
        "geoname_id": 149342
      }
    },
    {
      "type": "Feature",
      "geometry": {
        "type": "Point",
        "coordinates": [
          39.71667,
          -5.33333
        ]
      },
      "properties": {
        "name": "Udungungkitu",
        "country": "Tanzania",
        "region": "Pemba South",
        "elevation_m": null,
        "population": 0,
        "feature_type": "populated place",
        "geoname_id": 149343
      }
    },
    {
      "type": "Feature",
      "geometry": {
        "type": "Point",
        "coordinates": [
          36.41667,
          -7.63333
        ]
      },
      "properties": {
        "name": "Udokwa",
        "country": "Tanzania",
        "region": "Iringa",
        "elevation_m": null,
        "population": 0,
        "feature_type": "populated place",
        "geoname_id": 149345
      }
    },
    {
      "type": "Feature",
      "geometry": {
        "type": "Point",
        "coordinates": [
          33.11667,
          -3.86667
        ]
      },
      "properties": {
        "name": "Uchunga",
        "country": "Tanzania",
        "region": "Shinyanga",
        "elevation_m": null,
        "population": 0,
        "feature_type": "populated place",
        "geoname_id": 149348
      }
    },
    {
      "type": "Feature",
      "geometry": {
        "type": "Point",
        "coordinates": [
          39.71667,
          -5.06667
        ]
      },
      "properties": {
        "name": "Uchozini",
        "country": "Tanzania",
        "region": "Pemba North",
        "elevation_m": null,
        "population": 0,
        "feature_type": "populated place",
        "geoname_id": 149349
      }
    },
    {
      "type": "Feature",
      "geometry": {
        "type": "Point",
        "coordinates": [
          39.12201,
          -7.63124
        ]
      },
      "properties": {
        "name": "Uchembe",
        "country": "Tanzania",
        "region": "Pwani",
        "elevation_m": null,
        "population": 0,
        "feature_type": "populated place",
        "geoname_id": 149351
      }
    },
    {
      "type": "Feature",
      "geometry": {
        "type": "Point",
        "coordinates": [
          39.71667,
          -5.21667
        ]
      },
      "properties": {
        "name": "Uchangani",
        "country": "Tanzania",
        "region": "Pemba South",
        "elevation_m": null,
        "population": 0,
        "feature_type": "populated place",
        "geoname_id": 149352
      }
    },
    {
      "type": "Feature",
      "geometry": {
        "type": "Point",
        "coordinates": [
          38.78333,
          -5.16667
        ]
      },
      "properties": {
        "name": "Ubwari",
        "country": "Tanzania",
        "region": "Tanga",
        "elevation_m": null,
        "population": 0,
        "feature_type": "populated place",
        "geoname_id": 149355
      }
    },
    {
      "type": "Feature",
      "geometry": {
        "type": "Point",
        "coordinates": [
          38.78333,
          -5.18333
        ]
      },
      "properties": {
        "name": "Uburungu",
        "country": "Tanzania",
        "region": "Tanga",
        "elevation_m": null,
        "population": 0,
        "feature_type": "populated place",
        "geoname_id": 149356
      }
    },
    {
      "type": "Feature",
      "geometry": {
        "type": "Point",
        "coordinates": [
          39.2,
          -6.78333
        ]
      },
      "properties": {
        "name": "Ubungo",
        "country": "Tanzania",
        "region": "Dar es Salaam Region",
        "elevation_m": null,
        "population": 0,
        "feature_type": "populated place",
        "geoname_id": 149358
      }
    },
    {
      "type": "Feature",
      "geometry": {
        "type": "Point",
        "coordinates": [
          38.16667,
          -6.63333
        ]
      },
      "properties": {
        "name": "Ubenazomozi",
        "country": "Tanzania",
        "region": "Pwani",
        "elevation_m": null,
        "population": 0,
        "feature_type": "populated place",
        "geoname_id": 149360
      }
    },
    {
      "type": "Feature",
      "geometry": {
        "type": "Point",
        "coordinates": [
          39.3,
          -6.15
        ]
      },
      "properties": {
        "name": "Ubago",
        "country": "Tanzania",
        "region": "Zanzibar Central/South",
        "elevation_m": null,
        "population": 0,
        "feature_type": "populated place",
        "geoname_id": 149363
      }
    },
    {
      "type": "Feature",
      "geometry": {
        "type": "Point",
        "coordinates": [
          33.4,
          -5.11667
        ]
      },
      "properties": {
        "name": "Ubada",
        "country": "Tanzania",
        "region": "Tabora",
        "elevation_m": null,
        "population": 0,
        "feature_type": "populated place",
        "geoname_id": 149365
      }
    },
    {
      "type": "Feature",
      "geometry": {
        "type": "Point",
        "coordinates": [
          34.21667,
          -4.43333
        ]
      },
      "properties": {
        "name": "Tyeme",
        "country": "Tanzania",
        "region": "Singida",
        "elevation_m": null,
        "population": 0,
        "feature_type": "populated place",
        "geoname_id": 149366
      }
    },
    {
      "type": "Feature",
      "geometry": {
        "type": "Point",
        "coordinates": [
          36.9,
          -3.36667
        ]
      },
      "properties": {
        "name": "Tuvaila",
        "country": "Tanzania",
        "region": "Arusha",
        "elevation_m": null,
        "population": 0,
        "feature_type": "populated place",
        "geoname_id": 149373
      }
    },
    {
      "type": "Feature",
      "geometry": {
        "type": "Point",
        "coordinates": [
          32.68333,
          -5.5
        ]
      },
      "properties": {
        "name": "Tutubu",
        "country": "Tanzania",
        "region": "Tabora",
        "elevation_m": null,
        "population": 0,
        "feature_type": "populated place",
        "geoname_id": 149374
      }
    },
    {
      "type": "Feature",
      "geometry": {
        "type": "Point",
        "coordinates": [
          34.45,
          -4.3
        ]
      },
      "properties": {
        "name": "Tutu",
        "country": "Tanzania",
        "region": "Singida",
        "elevation_m": null,
        "population": 0,
        "feature_type": "populated place",
        "geoname_id": 149375
      }
    },
    {
      "type": "Feature",
      "geometry": {
        "type": "Point",
        "coordinates": [
          39.76667,
          -5.21667
        ]
      },
      "properties": {
        "name": "Turisanani",
        "country": "Tanzania",
        "region": "Pemba South",
        "elevation_m": null,
        "population": 0,
        "feature_type": "populated place",
        "geoname_id": 149380
      }
    },
    {
      "type": "Feature",
      "geometry": {
        "type": "Point",
        "coordinates": [
          37.59762,
          -6.14956
        ]
      },
      "properties": {
        "name": "Turiani",
        "country": "Tanzania",
        "region": "Morogoro",
        "elevation_m": null,
        "population": 0,
        "feature_type": "populated place",
        "geoname_id": 149381
      }
    },
    {
      "type": "Feature",
      "geometry": {
        "type": "Point",
        "coordinates": [
          33.83333,
          -5.51667
        ]
      },
      "properties": {
        "name": "Tura",
        "country": "Tanzania",
        "region": "Tabora",
        "elevation_m": null,
        "population": 0,
        "feature_type": "populated place",
        "geoname_id": 149383
      }
    },
    {
      "type": "Feature",
      "geometry": {
        "type": "Point",
        "coordinates": [
          39.7,
          -5.06667
        ]
      },
      "properties": {
        "name": "Tungwi",
        "country": "Tanzania",
        "region": "Pemba North",
        "elevation_m": null,
        "population": 0,
        "feature_type": "populated place",
        "geoname_id": 149386
      }
    },
    {
      "type": "Feature",
      "geometry": {
        "type": "Point",
        "coordinates": [
          32.48333,
          -8.63333
        ]
      },
      "properties": {
        "name": "Tungwa",
        "country": "Tanzania",
        "region": "Songwe",
        "elevation_m": null,
        "population": 0,
        "feature_type": "populated place",
        "geoname_id": 149388
      }
    },
    {
      "type": "Feature",
      "geometry": {
        "type": "Point",
        "coordinates": [
          39.31667,
          -6.2
        ]
      },
      "properties": {
        "name": "Tunguu",
        "country": "Tanzania",
        "region": "Zanzibar Central/South",
        "elevation_m": null,
        "population": 0,
        "feature_type": "populated place",
        "geoname_id": 149389
      }
    },
    {
      "type": "Feature",
      "geometry": {
        "type": "Point",
        "coordinates": [
          37.31667,
          -5.91667
        ]
      },
      "properties": {
        "name": "Tunguli",
        "country": "Tanzania",
        "region": "Tanga",
        "elevation_m": null,
        "population": 0,
        "feature_type": "populated place",
        "geoname_id": 149392
      }
    },
    {
      "type": "Feature",
      "geometry": {
        "type": "Point",
        "coordinates": [
          35,
          -7.76667
        ]
      },
      "properties": {
        "name": "Tungamarenga",
        "country": "Tanzania",
        "region": "Iringa",
        "elevation_m": null,
        "population": 0,
        "feature_type": "populated place",
        "geoname_id": 149395
      }
    },
    {
      "type": "Feature",
      "geometry": {
        "type": "Point",
        "coordinates": [
          39.75,
          -5.06667
        ]
      },
      "properties": {
        "name": "Tungamaa",
        "country": "Tanzania",
        "region": "Pemba North",
        "elevation_m": null,
        "population": 0,
        "feature_type": "populated place",
        "geoname_id": 149396
      }
    },
    {
      "type": "Feature",
      "geometry": {
        "type": "Point",
        "coordinates": [
          39.76667,
          -5.13333
        ]
      },
      "properties": {
        "name": "Tundwa",
        "country": "Tanzania",
        "region": "Pemba North",
        "elevation_m": null,
        "population": 0,
        "feature_type": "populated place",
        "geoname_id": 149397
      }
    },
    {
      "type": "Feature",
      "geometry": {
        "type": "Point",
        "coordinates": [
          39.33333,
          -6.05
        ]
      },
      "properties": {
        "name": "Tunduni",
        "country": "Tanzania",
        "region": "Zanzibar North",
        "elevation_m": null,
        "population": 0,
        "feature_type": "populated place",
        "geoname_id": 149398
      }
    },
    {
      "type": "Feature",
      "geometry": {
        "type": "Point",
        "coordinates": [
          39.3,
          -5.96667
        ]
      },
      "properties": {
        "name": "Tunduni",
        "country": "Tanzania",
        "region": "Zanzibar North",
        "elevation_m": null,
        "population": 0,
        "feature_type": "populated place",
        "geoname_id": 149399
      }
    },
    {
      "type": "Feature",
      "geometry": {
        "type": "Point",
        "coordinates": [
          39.7,
          -5.25
        ]
      },
      "properties": {
        "name": "Tundaua",
        "country": "Tanzania",
        "region": "Pemba South",
        "elevation_m": null,
        "population": 0,
        "feature_type": "populated place",
        "geoname_id": 149404
      }
    },
    {
      "type": "Feature",
      "geometry": {
        "type": "Point",
        "coordinates": [
          39.05,
          -5.23333
        ]
      },
      "properties": {
        "name": "Tundaua",
        "country": "Tanzania",
        "region": "Tanga",
        "elevation_m": null,
        "population": 0,
        "feature_type": "populated place",
        "geoname_id": 149405
      }
    },
    {
      "type": "Feature",
      "geometry": {
        "type": "Point",
        "coordinates": [
          39.78333,
          -5.13333
        ]
      },
      "properties": {
        "name": "Tunda",
        "country": "Tanzania",
        "region": "Pemba North",
        "elevation_m": null,
        "population": 0,
        "feature_type": "populated place",
        "geoname_id": 149407
      }
    },
    {
      "type": "Feature",
      "geometry": {
        "type": "Point",
        "coordinates": [
          34.55,
          -4.55
        ]
      },
      "properties": {
        "name": "Tumuli",
        "country": "Tanzania",
        "region": "Singida",
        "elevation_m": null,
        "population": 0,
        "feature_type": "populated place",
        "geoname_id": 149411
      }
    },
    {
      "type": "Feature",
      "geometry": {
        "type": "Point",
        "coordinates": [
          39.76667,
          -5.33333
        ]
      },
      "properties": {
        "name": "Tumbini",
        "country": "Tanzania",
        "region": "Pemba South",
        "elevation_m": null,
        "population": 0,
        "feature_type": "populated place",
        "geoname_id": 149414
      }
    },
    {
      "type": "Feature",
      "geometry": {
        "type": "Point",
        "coordinates": [
          32.83333,
          -5.48333
        ]
      },
      "properties": {
        "name": "Tumbili",
        "country": "Tanzania",
        "region": "Tabora",
        "elevation_m": null,
        "population": 0,
        "feature_type": "populated place",
        "geoname_id": 149415
      }
    },
    {
      "type": "Feature",
      "geometry": {
        "type": "Point",
        "coordinates": [
          34.7,
          -4.05
        ]
      },
      "properties": {
        "name": "Tumbili",
        "country": "Tanzania",
        "region": "Singida",
        "elevation_m": null,
        "population": 0,
        "feature_type": "populated place",
        "geoname_id": 149416
      }
    },
    {
      "type": "Feature",
      "geometry": {
        "type": "Point",
        "coordinates": [
          35.76667,
          -4.85
        ]
      },
      "properties": {
        "name": "Tumbelo",
        "country": "Tanzania",
        "region": "Dodoma",
        "elevation_m": null,
        "population": 0,
        "feature_type": "populated place",
        "geoname_id": 149419
      }
    },
    {
      "type": "Feature",
      "geometry": {
        "type": "Point",
        "coordinates": [
          39.78333,
          -4.95
        ]
      },
      "properties": {
        "name": "Tumbe",
        "country": "Tanzania",
        "region": "Pemba North",
        "elevation_m": null,
        "population": 0,
        "feature_type": "populated place",
        "geoname_id": 149420
      }
    },
    {
      "type": "Feature",
      "geometry": {
        "type": "Point",
        "coordinates": [
          39.76667,
          -5.21667
        ]
      },
      "properties": {
        "name": "Tumbatu",
        "country": "Tanzania",
        "region": "Pemba South",
        "elevation_m": null,
        "population": 0,
        "feature_type": "populated place",
        "geoname_id": 149423
      }
    },
    {
      "type": "Feature",
      "geometry": {
        "type": "Point",
        "coordinates": [
          35.66667,
          -5.45
        ]
      },
      "properties": {
        "name": "Tumbakose",
        "country": "Tanzania",
        "region": "Dodoma",
        "elevation_m": null,
        "population": 0,
        "feature_type": "populated place",
        "geoname_id": 149425
      }
    },
    {
      "type": "Feature",
      "geometry": {
        "type": "Point",
        "coordinates": [
          31.66667,
          -7.51667
        ]
      },
      "properties": {
        "name": "Tumba",
        "country": "Tanzania",
        "region": "Katavi",
        "elevation_m": null,
        "population": 0,
        "feature_type": "populated place",
        "geoname_id": 149427
      }
    },
    {
      "type": "Feature",
      "geometry": {
        "type": "Point",
        "coordinates": [
          31.16667,
          -7.11667
        ]
      },
      "properties": {
        "name": "Tumba",
        "country": "Tanzania",
        "region": "Rukwa",
        "elevation_m": null,
        "population": 0,
        "feature_type": "populated place",
        "geoname_id": 149428
      }
    },
    {
      "type": "Feature",
      "geometry": {
        "type": "Point",
        "coordinates": [
          32.58333,
          -4.03333
        ]
      },
      "properties": {
        "name": "Tuloli",
        "country": "Tanzania",
        "region": "Shinyanga",
        "elevation_m": null,
        "population": 0,
        "feature_type": "populated place",
        "geoname_id": 149430
      }
    },
    {
      "type": "Feature",
      "geometry": {
        "type": "Point",
        "coordinates": [
          37.92196,
          -7.23754
        ]
      },
      "properties": {
        "name": "Tulo",
        "country": "Tanzania",
        "region": "Morogoro",
        "elevation_m": null,
        "population": 0,
        "feature_type": "populated place",
        "geoname_id": 149431
      }
    },
    {
      "type": "Feature",
      "geometry": {
        "type": "Point",
        "coordinates": [
          39.7,
          -5
        ]
      },
      "properties": {
        "name": "Tuliani",
        "country": "Tanzania",
        "region": "Pemba North",
        "elevation_m": null,
        "population": 0,
        "feature_type": "populated place",
        "geoname_id": 149433
      }
    },
    {
      "type": "Feature",
      "geometry": {
        "type": "Point",
        "coordinates": [
          34.33333,
          -4.11667
        ]
      },
      "properties": {
        "name": "Tulia",
        "country": "Tanzania",
        "region": "Singida",
        "elevation_m": null,
        "population": 0,
        "feature_type": "populated place",
        "geoname_id": 149434
      }
    },
    {
      "type": "Feature",
      "geometry": {
        "type": "Point",
        "coordinates": [
          39.73333,
          -5.41667
        ]
      },
      "properties": {
        "name": "Tuli",
        "country": "Tanzania",
        "region": "Pemba South",
        "elevation_m": null,
        "population": 0,
        "feature_type": "populated place",
        "geoname_id": 149435
      }
    },
    {
      "type": "Feature",
      "geometry": {
        "type": "Point",
        "coordinates": [
          35.73333,
          -7.13333
        ]
      },
      "properties": {
        "name": "Tulasimba",
        "country": "Tanzania",
        "region": "Iringa",
        "elevation_m": null,
        "population": 0,
        "feature_type": "populated place",
        "geoname_id": 149436
      }
    },
    {
      "type": "Feature",
      "geometry": {
        "type": "Point",
        "coordinates": [
          33.26667,
          -4.53333
        ]
      },
      "properties": {
        "name": "Tuima",
        "country": "Tanzania",
        "region": "Tabora",
        "elevation_m": null,
        "population": 0,
        "feature_type": "populated place",
        "geoname_id": 149438
      }
    },
    {
      "type": "Feature",
      "geometry": {
        "type": "Point",
        "coordinates": [
          36.61667,
          -6.33333
        ]
      },
      "properties": {
        "name": "Tubugwe",
        "country": "Tanzania",
        "region": "Dodoma",
        "elevation_m": null,
        "population": 0,
        "feature_type": "populated place",
        "geoname_id": 149440
      }
    },
    {
      "type": "Feature",
      "geometry": {
        "type": "Point",
        "coordinates": [
          37.5,
          -5.68333
        ]
      },
      "properties": {
        "name": "Tubugwe",
        "country": "Tanzania",
        "region": "Tanga",
        "elevation_m": null,
        "population": 0,
        "feature_type": "populated place",
        "geoname_id": 149441
      }
    },
    {
      "type": "Feature",
      "geometry": {
        "type": "Point",
        "coordinates": [
          31.19056,
          -4.27167
        ]
      },
      "properties": {
        "name": "Toza",
        "country": "Tanzania",
        "region": "Kigoma",
        "elevation_m": null,
        "population": 0,
        "feature_type": "populated place",
        "geoname_id": 149446
      }
    },
    {
      "type": "Feature",
      "geometry": {
        "type": "Point",
        "coordinates": [
          39.65,
          -5.4
        ]
      },
      "properties": {
        "name": "Tovukuu",
        "country": "Tanzania",
        "region": "Pemba South",
        "elevation_m": null,
        "population": 0,
        "feature_type": "populated place",
        "geoname_id": 149447
      }
    },
    {
      "type": "Feature",
      "geometry": {
        "type": "Point",
        "coordinates": [
          32.88333,
          -8.51667
        ]
      },
      "properties": {
        "name": "Totoe",
        "country": "Tanzania",
        "region": "Songwe",
        "elevation_m": null,
        "population": 0,
        "feature_type": "populated place",
        "geoname_id": 149448
      }
    },
    {
      "type": "Feature",
      "geometry": {
        "type": "Point",
        "coordinates": [
          38.1,
          -4.9
        ]
      },
      "properties": {
        "name": "Toronto",
        "country": "Tanzania",
        "region": "Tanga",
        "elevation_m": null,
        "population": 0,
        "feature_type": "populated place",
        "geoname_id": 149454
      }
    },
    {
      "type": "Feature",
      "geometry": {
        "type": "Point",
        "coordinates": [
          39.68333,
          -5.35
        ]
      },
      "properties": {
        "name": "Topeni",
        "country": "Tanzania",
        "region": "Pemba South",
        "elevation_m": null,
        "population": 0,
        "feature_type": "populated place",
        "geoname_id": 149455
      }
    },
    {
      "type": "Feature",
      "geometry": {
        "type": "Point",
        "coordinates": [
          37.9,
          -4.3
        ]
      },
      "properties": {
        "name": "Tonto",
        "country": "Tanzania",
        "region": "Kilimanjaro",
        "elevation_m": null,
        "population": 0,
        "feature_type": "populated place",
        "geoname_id": 149456
      }
    },
    {
      "type": "Feature",
      "geometry": {
        "type": "Point",
        "coordinates": [
          38.65,
          -5.53333
        ]
      },
      "properties": {
        "name": "Tongwe",
        "country": "Tanzania",
        "region": "Tanga",
        "elevation_m": null,
        "population": 0,
        "feature_type": "populated place",
        "geoname_id": 149459
      }
    },
    {
      "type": "Feature",
      "geometry": {
        "type": "Point",
        "coordinates": [
          38.71667,
          -5.11667
        ]
      },
      "properties": {
        "name": "Tongwe",
        "country": "Tanzania",
        "region": "Tanga",
        "elevation_m": null,
        "population": 0,
        "feature_type": "populated place",
        "geoname_id": 149460
      }
    },
    {
      "type": "Feature",
      "geometry": {
        "type": "Point",
        "coordinates": [
          36.1,
          -8.35
        ]
      },
      "properties": {
        "name": "Tongora",
        "country": "Tanzania",
        "region": "Morogoro",
        "elevation_m": null,
        "population": 0,
        "feature_type": "populated place",
        "geoname_id": 149462
      }
    },
    {
      "type": "Feature",
      "geometry": {
        "type": "Point",
        "coordinates": [
          39.55,
          -6.38333
        ]
      },
      "properties": {
        "name": "Tongoni",
        "country": "Tanzania",
        "region": "Zanzibar Central/South",
        "elevation_m": null,
        "population": 0,
        "feature_type": "populated place",
        "geoname_id": 149463
      }
    },
    {
      "type": "Feature",
      "geometry": {
        "type": "Point",
        "coordinates": [
          39.66667,
          -5.35
        ]
      },
      "properties": {
        "name": "Tongoni",
        "country": "Tanzania",
        "region": "Pemba South",
        "elevation_m": null,
        "population": 0,
        "feature_type": "populated place",
        "geoname_id": 149464
      }
    },
    {
      "type": "Feature",
      "geometry": {
        "type": "Point",
        "coordinates": [
          39.06292,
          -5.21686
        ]
      },
      "properties": {
        "name": "Tongoni",
        "country": "Tanzania",
        "region": "Tanga",
        "elevation_m": null,
        "population": 0,
        "feature_type": "populated place",
        "geoname_id": 149465
      }
    },
    {
      "type": "Feature",
      "geometry": {
        "type": "Point",
        "coordinates": [
          38.75,
          -4.81667
        ]
      },
      "properties": {
        "name": "Tongoi",
        "country": "Tanzania",
        "region": "Tanga",
        "elevation_m": null,
        "population": 0,
        "feature_type": "populated place",
        "geoname_id": 149467
      }
    },
    {
      "type": "Feature",
      "geometry": {
        "type": "Point",
        "coordinates": [
          39.81667,
          -5.01667
        ]
      },
      "properties": {
        "name": "Tongoani",
        "country": "Tanzania",
        "region": "Pemba North",
        "elevation_m": null,
        "population": 0,
        "feature_type": "populated place",
        "geoname_id": 149468
      }
    },
    {
      "type": "Feature",
      "geometry": {
        "type": "Point",
        "coordinates": [
          39.68333,
          -5.41667
        ]
      },
      "properties": {
        "name": "Tondooni",
        "country": "Tanzania",
        "region": "Pemba South",
        "elevation_m": null,
        "population": 0,
        "feature_type": "populated place",
        "geoname_id": 149470
      }
    },
    {
      "type": "Feature",
      "geometry": {
        "type": "Point",
        "coordinates": [
          39.68333,
          -5.31667
        ]
      },
      "properties": {
        "name": "Tondooni",
        "country": "Tanzania",
        "region": "Pemba South",
        "elevation_m": null,
        "population": 0,
        "feature_type": "populated place",
        "geoname_id": 149471
      }
    },
    {
      "type": "Feature",
      "geometry": {
        "type": "Point",
        "coordinates": [
          39.8,
          -5.3
        ]
      },
      "properties": {
        "name": "Tondooni",
        "country": "Tanzania",
        "region": "Pemba South",
        "elevation_m": null,
        "population": 0,
        "feature_type": "populated place",
        "geoname_id": 149472
      }
    },
    {
      "type": "Feature",
      "geometry": {
        "type": "Point",
        "coordinates": [
          39.8,
          -5.25
        ]
      },
      "properties": {
        "name": "Tondooni",
        "country": "Tanzania",
        "region": "Pemba South",
        "elevation_m": null,
        "population": 0,
        "feature_type": "populated place",
        "geoname_id": 149473
      }
    },
    {
      "type": "Feature",
      "geometry": {
        "type": "Point",
        "coordinates": [
          39.76667,
          -5.06667
        ]
      },
      "properties": {
        "name": "Tondooni",
        "country": "Tanzania",
        "region": "Pemba North",
        "elevation_m": null,
        "population": 0,
        "feature_type": "populated place",
        "geoname_id": 149474
      }
    },
    {
      "type": "Feature",
      "geometry": {
        "type": "Point",
        "coordinates": [
          39.71667,
          -5.25
        ]
      },
      "properties": {
        "name": "Tondoni",
        "country": "Tanzania",
        "region": "Pemba South",
        "elevation_m": null,
        "population": 0,
        "feature_type": "populated place",
        "geoname_id": 149477
      }
    },
    {
      "type": "Feature",
      "geometry": {
        "type": "Point",
        "coordinates": [
          39.8,
          -5.15
        ]
      },
      "properties": {
        "name": "Tondoni",
        "country": "Tanzania",
        "region": "Pemba North",
        "elevation_m": null,
        "population": 0,
        "feature_type": "populated place",
        "geoname_id": 149478
      }
    },
    {
      "type": "Feature",
      "geometry": {
        "type": "Point",
        "coordinates": [
          39.71667,
          -5.15
        ]
      },
      "properties": {
        "name": "Tondoni",
        "country": "Tanzania",
        "region": "Pemba North",
        "elevation_m": null,
        "population": 0,
        "feature_type": "populated place",
        "geoname_id": 149479
      }
    },
    {
      "type": "Feature",
      "geometry": {
        "type": "Point",
        "coordinates": [
          39.78333,
          -5.11667
        ]
      },
      "properties": {
        "name": "Tondoni",
        "country": "Tanzania",
        "region": "Pemba North",
        "elevation_m": null,
        "population": 0,
        "feature_type": "populated place",
        "geoname_id": 149480
      }
    },
    {
      "type": "Feature",
      "geometry": {
        "type": "Point",
        "coordinates": [
          39.7,
          -5.11667
        ]
      },
      "properties": {
        "name": "Tondoni",
        "country": "Tanzania",
        "region": "Pemba North",
        "elevation_m": null,
        "population": 0,
        "feature_type": "populated place",
        "geoname_id": 149481
      }
    },
    {
      "type": "Feature",
      "geometry": {
        "type": "Point",
        "coordinates": [
          39.78333,
          -5.1
        ]
      },
      "properties": {
        "name": "Tondoni",
        "country": "Tanzania",
        "region": "Pemba North",
        "elevation_m": null,
        "population": 0,
        "feature_type": "populated place",
        "geoname_id": 149482
      }
    },
    {
      "type": "Feature",
      "geometry": {
        "type": "Point",
        "coordinates": [
          39.78333,
          -5.01667
        ]
      },
      "properties": {
        "name": "Tondoni",
        "country": "Tanzania",
        "region": "Pemba North",
        "elevation_m": null,
        "population": 0,
        "feature_type": "populated place",
        "geoname_id": 149483
      }
    },
    {
      "type": "Feature",
      "geometry": {
        "type": "Point",
        "coordinates": [
          39.73333,
          -5
        ]
      },
      "properties": {
        "name": "Tondoni",
        "country": "Tanzania",
        "region": "Pemba North",
        "elevation_m": null,
        "population": 0,
        "feature_type": "populated place",
        "geoname_id": 149484
      }
    },
    {
      "type": "Feature",
      "geometry": {
        "type": "Point",
        "coordinates": [
          39.76667,
          -5.4
        ]
      },
      "properties": {
        "name": "Tondo",
        "country": "Tanzania",
        "region": "Pemba South",
        "elevation_m": null,
        "population": 0,
        "feature_type": "populated place",
        "geoname_id": 149485
      }
    },
    {
      "type": "Feature",
      "geometry": {
        "type": "Point",
        "coordinates": [
          35.3,
          -5.28333
        ]
      },
      "properties": {
        "name": "Toncolo",
        "country": "Tanzania",
        "region": "Dodoma",
        "elevation_m": null,
        "population": 0,
        "feature_type": "populated place",
        "geoname_id": 149486
      }
    },
    {
      "type": "Feature",
      "geometry": {
        "type": "Point",
        "coordinates": [
          38.5,
          -4.93333
        ]
      },
      "properties": {
        "name": "Tomota",
        "country": "Tanzania",
        "region": "Tanga",
        "elevation_m": null,
        "population": 0,
        "feature_type": "populated place",
        "geoname_id": 149487
      }
    },
    {
      "type": "Feature",
      "geometry": {
        "type": "Point",
        "coordinates": [
          39.75,
          -5.36667
        ]
      },
      "properties": {
        "name": "Tomondwe",
        "country": "Tanzania",
        "region": "Pemba South",
        "elevation_m": null,
        "population": 0,
        "feature_type": "populated place",
        "geoname_id": 149488
      }
    },
    {
      "type": "Feature",
      "geometry": {
        "type": "Point",
        "coordinates": [
          39.23333,
          -6.2
        ]
      },
      "properties": {
        "name": "Tomondo",
        "country": "Tanzania",
        "region": "Zanzibar Urban/West",
        "elevation_m": null,
        "population": 0,
        "feature_type": "populated place",
        "geoname_id": 149489
      }
    },
    {
      "type": "Feature",
      "geometry": {
        "type": "Point",
        "coordinates": [
          38.26667,
          -4.6
        ]
      },
      "properties": {
        "name": "Tomali",
        "country": "Tanzania",
        "region": "Tanga",
        "elevation_m": null,
        "population": 0,
        "feature_type": "populated place",
        "geoname_id": 149491
      }
    },
    {
      "type": "Feature",
      "geometry": {
        "type": "Point",
        "coordinates": [
          37.8,
          -3.71667
        ]
      },
      "properties": {
        "name": "Toieya",
        "country": "Tanzania",
        "region": "Kilimanjaro",
        "elevation_m": null,
        "population": 0,
        "feature_type": "populated place",
        "geoname_id": 149493
      }
    },
    {
      "type": "Feature",
      "geometry": {
        "type": "Point",
        "coordinates": [
          38.78333,
          -5.25
        ]
      },
      "properties": {
        "name": "Tobugwe",
        "country": "Tanzania",
        "region": "Tanga",
        "elevation_m": null,
        "population": 0,
        "feature_type": "populated place",
        "geoname_id": 149495
      }
    },
    {
      "type": "Feature",
      "geometry": {
        "type": "Point",
        "coordinates": [
          35.48333,
          -3.91667
        ]
      },
      "properties": {
        "name": "Tlawi",
        "country": "Tanzania",
        "region": "Manyara",
        "elevation_m": null,
        "population": 0,
        "feature_type": "populated place",
        "geoname_id": 149499
      }
    },
    {
      "type": "Feature",
      "geometry": {
        "type": "Point",
        "coordinates": [
          34.98333,
          -6.53333
        ]
      },
      "properties": {
        "name": "Tiwuka",
        "country": "Tanzania",
        "region": "Singida",
        "elevation_m": null,
        "population": 0,
        "feature_type": "populated place",
        "geoname_id": 149500
      }
    },
    {
      "type": "Feature",
      "geometry": {
        "type": "Point",
        "coordinates": [
          38.70842,
          -7.39483
        ]
      },
      "properties": {
        "name": "Titu",
        "country": "Tanzania",
        "region": "Pwani",
        "elevation_m": null,
        "population": 0,
        "feature_type": "populated place",
        "geoname_id": 149502
      }
    },
    {
      "type": "Feature",
      "geometry": {
        "type": "Point",
        "coordinates": [
          39.68333,
          -5.35
        ]
      },
      "properties": {
        "name": "Tiron",
        "country": "Tanzania",
        "region": "Pemba South",
        "elevation_m": null,
        "population": 0,
        "feature_type": "populated place",
        "geoname_id": 149503
      }
    },
    {
      "type": "Feature",
      "geometry": {
        "type": "Point",
        "coordinates": [
          37.63333,
          -4.38333
        ]
      },
      "properties": {
        "name": "Tiriti",
        "country": "Tanzania",
        "region": "Kilimanjaro",
        "elevation_m": null,
        "population": 0,
        "feature_type": "populated place",
        "geoname_id": 149504
      }
    },
    {
      "type": "Feature",
      "geometry": {
        "type": "Point",
        "coordinates": [
          38.7,
          -5.43333
        ]
      },
      "properties": {
        "name": "Tiribeni",
        "country": "Tanzania",
        "region": "Tanga",
        "elevation_m": null,
        "population": 0,
        "feature_type": "populated place",
        "geoname_id": 149505
      }
    },
    {
      "type": "Feature",
      "geometry": {
        "type": "Point",
        "coordinates": [
          36.96667,
          -2.98333
        ]
      },
      "properties": {
        "name": "Tingatinga",
        "country": "Tanzania",
        "region": "Arusha",
        "elevation_m": null,
        "population": 0,
        "feature_type": "populated place",
        "geoname_id": 149508
      }
    },
    {
      "type": "Feature",
      "geometry": {
        "type": "Point",
        "coordinates": [
          39.36667,
          -6.3
        ]
      },
      "properties": {
        "name": "Tindini",
        "country": "Tanzania",
        "region": "Zanzibar Central/South",
        "elevation_m": null,
        "population": 0,
        "feature_type": "populated place",
        "geoname_id": 149510
      }
    },
    {
      "type": "Feature",
      "geometry": {
        "type": "Point",
        "coordinates": [
          34.26667,
          -4.35
        ]
      },
      "properties": {
        "name": "Timbwa",
        "country": "Tanzania",
        "region": "Singida",
        "elevation_m": null,
        "population": 0,
        "feature_type": "populated place",
        "geoname_id": 149513
      }
    },
    {
      "type": "Feature",
      "geometry": {
        "type": "Point",
        "coordinates": [
          36.76667,
          -3.51667
        ]
      },
      "properties": {
        "name": "Themi",
        "country": "Tanzania",
        "region": "Arusha",
        "elevation_m": null,
        "population": 0,
        "feature_type": "populated place",
        "geoname_id": 149523
      }
    },
    {
      "type": "Feature",
      "geometry": {
        "type": "Point",
        "coordinates": [
          33.3,
          -8.7
        ]
      },
      "properties": {
        "name": "Thangu",
        "country": "Tanzania",
        "region": "Mbeya",
        "elevation_m": null,
        "population": 0,
        "feature_type": "populated place",
        "geoname_id": 149524
      }
    },
    {
      "type": "Feature",
      "geometry": {
        "type": "Point",
        "coordinates": [
          31.13333,
          -7.15
        ]
      },
      "properties": {
        "name": "Tgarukiru",
        "country": "Tanzania",
        "region": "Rukwa",
        "elevation_m": null,
        "population": 0,
        "feature_type": "populated place",
        "geoname_id": 149525
      }
    },
    {
      "type": "Feature",
      "geometry": {
        "type": "Point",
        "coordinates": [
          33.15,
          -8.63333
        ]
      },
      "properties": {
        "name": "Tete",
        "country": "Tanzania",
        "region": "Songwe",
        "elevation_m": null,
        "population": 0,
        "feature_type": "populated place",
        "geoname_id": 149526
      }
    },
    {
      "type": "Feature",
      "geometry": {
        "type": "Point",
        "coordinates": [
          36.6,
          -3.86667
        ]
      },
      "properties": {
        "name": "Terrat",
        "country": "Tanzania",
        "region": "Manyara",
        "elevation_m": null,
        "population": 0,
        "feature_type": "populated place",
        "geoname_id": 149528
      }
    },
    {
      "type": "Feature",
      "geometry": {
        "type": "Point",
        "coordinates": [
          38.76667,
          -5.21667
        ]
      },
      "properties": {
        "name": "Tengwe",
        "country": "Tanzania",
        "region": "Tanga",
        "elevation_m": null,
        "population": 0,
        "feature_type": "populated place",
        "geoname_id": 149530
      }
    },
    {
      "type": "Feature",
      "geometry": {
        "type": "Point",
        "coordinates": [
          39.3,
          -5.93333
        ]
      },
      "properties": {
        "name": "Tengoni",
        "country": "Tanzania",
        "region": "Zanzibar North",
        "elevation_m": null,
        "population": 0,
        "feature_type": "populated place",
        "geoname_id": 149531
      }
    },
    {
      "type": "Feature",
      "geometry": {
        "type": "Point",
        "coordinates": [
          37.58333,
          -7.05
        ]
      },
      "properties": {
        "name": "Tengero",
        "country": "Tanzania",
        "region": "Morogoro",
        "elevation_m": null,
        "population": 0,
        "feature_type": "populated place",
        "geoname_id": 149534
      }
    },
    {
      "type": "Feature",
      "geometry": {
        "type": "Point",
        "coordinates": [
          38.75,
          -5.2
        ]
      },
      "properties": {
        "name": "Tengeni",
        "country": "Tanzania",
        "region": "Tanga",
        "elevation_m": null,
        "population": 0,
        "feature_type": "populated place",
        "geoname_id": 149535
      }
    },
    {
      "type": "Feature",
      "geometry": {
        "type": "Point",
        "coordinates": [
          38,
          -5.73333
        ]
      },
      "properties": {
        "name": "Tendeza",
        "country": "Tanzania",
        "region": "Tanga",
        "elevation_m": null,
        "population": 0,
        "feature_type": "populated place",
        "geoname_id": 149539
      }
    },
    {
      "type": "Feature",
      "geometry": {
        "type": "Point",
        "coordinates": [
          36.39127,
          -7.14211
        ]
      },
      "properties": {
        "name": "Teming’ombe",
        "country": "Tanzania",
        "region": "Dodoma",
        "elevation_m": null,
        "population": 0,
        "feature_type": "populated place",
        "geoname_id": 149540
      }
    },
    {
      "type": "Feature",
      "geometry": {
        "type": "Point",
        "coordinates": [
          39.73333,
          -5.33333
        ]
      },
      "properties": {
        "name": "Temi",
        "country": "Tanzania",
        "region": "Pemba South",
        "elevation_m": null,
        "population": 0,
        "feature_type": "populated place",
        "geoname_id": 149541
      }
    },
    {
      "type": "Feature",
      "geometry": {
        "type": "Point",
        "coordinates": [
          39.25,
          -6.85
        ]
      },
      "properties": {
        "name": "Temeke",
        "country": "Tanzania",
        "region": "Dar es Salaam Region",
        "elevation_m": null,
        "population": 0,
        "feature_type": "section of populated place",
        "geoname_id": 149543
      }
    },
    {
      "type": "Feature",
      "geometry": {
        "type": "Point",
        "coordinates": [
          34.15,
          -4.38333
        ]
      },
      "properties": {
        "name": "Temanongia",
        "country": "Tanzania",
        "region": "Singida",
        "elevation_m": null,
        "population": 0,
        "feature_type": "populated place",
        "geoname_id": 149545
      }
    },
    {
      "type": "Feature",
      "geometry": {
        "type": "Point",
        "coordinates": [
          38.88333,
          -4.95
        ]
      },
      "properties": {
        "name": "Teli",
        "country": "Tanzania",
        "region": "Tanga",
        "elevation_m": null,
        "population": 0,
        "feature_type": "populated place",
        "geoname_id": 149547
      }
    },
    {
      "type": "Feature",
      "geometry": {
        "type": "Point",
        "coordinates": [
          38.43333,
          -4.9
        ]
      },
      "properties": {
        "name": "Teli",
        "country": "Tanzania",
        "region": "Tanga",
        "elevation_m": null,
        "population": 0,
        "feature_type": "populated place",
        "geoname_id": 149548
      }
    },
    {
      "type": "Feature",
      "geometry": {
        "type": "Point",
        "coordinates": [
          39.8,
          -5.11667
        ]
      },
      "properties": {
        "name": "Tele",
        "country": "Tanzania",
        "region": "Pemba North",
        "elevation_m": null,
        "population": 0,
        "feature_type": "populated place",
        "geoname_id": 149551
      }
    },
    {
      "type": "Feature",
      "geometry": {
        "type": "Point",
        "coordinates": [
          39.8,
          -4.96667
        ]
      },
      "properties": {
        "name": "Teku",
        "country": "Tanzania",
        "region": "Pemba North",
        "elevation_m": null,
        "population": 0,
        "feature_type": "populated place",
        "geoname_id": 149552
      }
    },
    {
      "type": "Feature",
      "geometry": {
        "type": "Point",
        "coordinates": [
          31.51667,
          -8.33333
        ]
      },
      "properties": {
        "name": "Tekesya",
        "country": "Tanzania",
        "region": "Rukwa",
        "elevation_m": null,
        "population": 0,
        "feature_type": "populated place",
        "geoname_id": 149553
      }
    },
    {
      "type": "Feature",
      "geometry": {
        "type": "Point",
        "coordinates": [
          33.71667,
          -1.75
        ]
      },
      "properties": {
        "name": "Tegeruka",
        "country": "Tanzania",
        "region": "Mara",
        "elevation_m": null,
        "population": 0,
        "feature_type": "populated place",
        "geoname_id": 149556
      }
    },
    {
      "type": "Feature",
      "geometry": {
        "type": "Point",
        "coordinates": [
          39.25,
          -6.01667
        ]
      },
      "properties": {
        "name": "Tebani",
        "country": "Tanzania",
        "region": "Zanzibar North",
        "elevation_m": null,
        "population": 0,
        "feature_type": "populated place",
        "geoname_id": 149562
      }
    },
    {
      "type": "Feature",
      "geometry": {
        "type": "Point",
        "coordinates": [
          39.3,
          -5.78333
        ]
      },
      "properties": {
        "name": "Tazari",
        "country": "Tanzania",
        "region": "Zanzibar North",
        "elevation_m": null,
        "population": 0,
        "feature_type": "populated place",
        "geoname_id": 149564
      }
    },
    {
      "type": "Feature",
      "geometry": {
        "type": "Point",
        "coordinates": [
          38.86667,
          -8.28333
        ]
      },
      "properties": {
        "name": "Tawi",
        "country": "Tanzania",
        "region": "Pwani",
        "elevation_m": null,
        "population": 0,
        "feature_type": "populated place",
        "geoname_id": 149565
      }
    },
    {
      "type": "Feature",
      "geometry": {
        "type": "Point",
        "coordinates": [
          35.61667,
          -9.01667
        ]
      },
      "properties": {
        "name": "Taveta",
        "country": "Tanzania",
        "region": "Morogoro",
        "elevation_m": null,
        "population": 0,
        "feature_type": "populated place",
        "geoname_id": 149566
      }
    },
    {
      "type": "Feature",
      "geometry": {
        "type": "Point",
        "coordinates": [
          34.25,
          -1.2
        ]
      },
      "properties": {
        "name": "Tatwe",
        "country": "Tanzania",
        "region": "Mara",
        "elevation_m": null,
        "population": 0,
        "feature_type": "populated place",
        "geoname_id": 149568
      }
    },
    {
      "type": "Feature",
      "geometry": {
        "type": "Point",
        "coordinates": [
          31.5,
          -8.51667
        ]
      },
      "properties": {
        "name": "Tatanda",
        "country": "Tanzania",
        "region": "Rukwa",
        "elevation_m": null,
        "population": 0,
        "feature_type": "populated place",
        "geoname_id": 149569
      }
    },
    {
      "type": "Feature",
      "geometry": {
        "type": "Point",
        "coordinates": [
          39.68333,
          -5.41667
        ]
      },
      "properties": {
        "name": "Tasini",
        "country": "Tanzania",
        "region": "Pemba South",
        "elevation_m": null,
        "population": 0,
        "feature_type": "populated place",
        "geoname_id": 149570
      }
    },
    {
      "type": "Feature",
      "geometry": {
        "type": "Point",
        "coordinates": [
          39.55,
          -6.43333
        ]
      },
      "properties": {
        "name": "Tasani",
        "country": "Tanzania",
        "region": "Zanzibar Central/South",
        "elevation_m": null,
        "population": 0,
        "feature_type": "populated place",
        "geoname_id": 149571
      }
    },
    {
      "type": "Feature",
      "geometry": {
        "type": "Point",
        "coordinates": [
          35.03333,
          -5.21667
        ]
      },
      "properties": {
        "name": "Taru",
        "country": "Tanzania",
        "region": "Singida",
        "elevation_m": null,
        "population": 0,
        "feature_type": "populated place",
        "geoname_id": 149572
      }
    },
    {
      "type": "Feature",
      "geometry": {
        "type": "Point",
        "coordinates": [
          37.76667,
          -3.68333
        ]
      },
      "properties": {
        "name": "Taroha",
        "country": "Tanzania",
        "region": "Kilimanjaro",
        "elevation_m": null,
        "population": 0,
        "feature_type": "populated place",
        "geoname_id": 149576
      }
    },
    {
      "type": "Feature",
      "geometry": {
        "type": "Point",
        "coordinates": [
          38.46667,
          -6.48333
        ]
      },
      "properties": {
        "name": "Tarawanda",
        "country": "Tanzania",
        "region": "Pwani",
        "elevation_m": null,
        "population": 0,
        "feature_type": "populated place",
        "geoname_id": 149583
      }
    },
    {
      "type": "Feature",
      "geometry": {
        "type": "Point",
        "coordinates": [
          39.71667,
          -4.9
        ]
      },
      "properties": {
        "name": "Taponi",
        "country": "Tanzania",
        "region": "Pemba North",
        "elevation_m": null,
        "population": 0,
        "feature_type": "populated place",
        "geoname_id": 149588
      }
    },
    {
      "type": "Feature",
      "geometry": {
        "type": "Point",
        "coordinates": [
          37.6,
          -6.93333
        ]
      },
      "properties": {
        "name": "Tangeni",
        "country": "Tanzania",
        "region": "Morogoro",
        "elevation_m": null,
        "population": 0,
        "feature_type": "populated place",
        "geoname_id": 149592
      }
    },
    {
      "type": "Feature",
      "geometry": {
        "type": "Point",
        "coordinates": [
          39.06667,
          -5.21667
        ]
      },
      "properties": {
        "name": "Tangata",
        "country": "Tanzania",
        "region": "Tanga",
        "elevation_m": null,
        "population": 0,
        "feature_type": "populated place",
        "geoname_id": 149593
      }
    },
    {
      "type": "Feature",
      "geometry": {
        "type": "Point",
        "coordinates": [
          35.65,
          -9.11667
        ]
      },
      "properties": {
        "name": "Tanganyika",
        "country": "Tanzania",
        "region": "Morogoro",
        "elevation_m": null,
        "population": 0,
        "feature_type": "populated place",
        "geoname_id": 149598
      }
    },
    {
      "type": "Feature",
      "geometry": {
        "type": "Point",
        "coordinates": [
          39.75,
          -5.31667
        ]
      },
      "properties": {
        "name": "Tangani",
        "country": "Tanzania",
        "region": "Pemba South",
        "elevation_m": null,
        "population": 0,
        "feature_type": "populated place",
        "geoname_id": 149599
      }
    },
    {
      "type": "Feature",
      "geometry": {
        "type": "Point",
        "coordinates": [
          36.05,
          -9.01667
        ]
      },
      "properties": {
        "name": "Tanga",
        "country": "Tanzania",
        "region": "Morogoro",
        "elevation_m": null,
        "population": 0,
        "feature_type": "populated place",
        "geoname_id": 149604
      }
    },
    {
      "type": "Feature",
      "geometry": {
        "type": "Point",
        "coordinates": [
          39.7,
          -5.41667
        ]
      },
      "properties": {
        "name": "Tanga",
        "country": "Tanzania",
        "region": "Pemba South",
        "elevation_m": null,
        "population": 0,
        "feature_type": "populated place",
        "geoname_id": 149605
      }
    },
    {
      "type": "Feature",
      "geometry": {
        "type": "Point",
        "coordinates": [
          39.76667,
          -5.1
        ]
      },
      "properties": {
        "name": "Tandavili",
        "country": "Tanzania",
        "region": "Pemba North",
        "elevation_m": null,
        "population": 0,
        "feature_type": "populated place",
        "geoname_id": 149610
      }
    },
    {
      "type": "Feature",
      "geometry": {
        "type": "Point",
        "coordinates": [
          30.66583,
          -5.06417
        ]
      },
      "properties": {
        "name": "Tandala",
        "country": "Tanzania",
        "region": "Kigoma",
        "elevation_m": null,
        "population": 0,
        "feature_type": "populated place",
        "geoname_id": 149612
      }
    },
    {
      "type": "Feature",
      "geometry": {
        "type": "Point",
        "coordinates": [
          36.03333,
          -4.95
        ]
      },
      "properties": {
        "name": "Tandala",
        "country": "Tanzania",
        "region": "Dodoma",
        "elevation_m": null,
        "population": 0,
        "feature_type": "populated place",
        "geoname_id": 149613
      }
    },
    {
      "type": "Feature",
      "geometry": {
        "type": "Point",
        "coordinates": [
          35.58333,
          -7.91667
        ]
      },
      "properties": {
        "name": "Tanangozi",
        "country": "Tanzania",
        "region": "Iringa",
        "elevation_m": null,
        "population": 0,
        "feature_type": "populated place",
        "geoname_id": 149616
      }
    },
    {
      "type": "Feature",
      "geometry": {
        "type": "Point",
        "coordinates": [
          37.55,
          -5.58333
        ]
      },
      "properties": {
        "name": "Tamota",
        "country": "Tanzania",
        "region": "Tanga",
        "elevation_m": null,
        "population": 0,
        "feature_type": "populated place",
        "geoname_id": 149617
      }
    },
    {
      "type": "Feature",
      "geometry": {
        "type": "Point",
        "coordinates": [
          38.38333,
          -5.06667
        ]
      },
      "properties": {
        "name": "Tamota",
        "country": "Tanzania",
        "region": "Tanga",
        "elevation_m": null,
        "population": 0,
        "feature_type": "populated place",
        "geoname_id": 149618
      }
    },
    {
      "type": "Feature",
      "geometry": {
        "type": "Point",
        "coordinates": [
          39.7,
          -5.38333
        ]
      },
      "properties": {
        "name": "Tamleni",
        "country": "Tanzania",
        "region": "Pemba South",
        "elevation_m": null,
        "population": 0,
        "feature_type": "populated place",
        "geoname_id": 149619
      }
    },
    {
      "type": "Feature",
      "geometry": {
        "type": "Point",
        "coordinates": [
          31.28333,
          -7.43333
        ]
      },
      "properties": {
        "name": "Tambaruku",
        "country": "Tanzania",
        "region": "Rukwa",
        "elevation_m": null,
        "population": 0,
        "feature_type": "populated place",
        "geoname_id": 149626
      }
    },
    {
      "type": "Feature",
      "geometry": {
        "type": "Point",
        "coordinates": [
          39.06667,
          -5.21667
        ]
      },
      "properties": {
        "name": "Tambarani",
        "country": "Tanzania",
        "region": "Tanga",
        "elevation_m": null,
        "population": 0,
        "feature_type": "populated place",
        "geoname_id": 149628
      }
    },
    {
      "type": "Feature",
      "geometry": {
        "type": "Point",
        "coordinates": [
          38.21667,
          -5.86667
        ]
      },
      "properties": {
        "name": "Tambara",
        "country": "Tanzania",
        "region": "Tanga",
        "elevation_m": null,
        "population": 0,
        "feature_type": "populated place",
        "geoname_id": 149629
      }
    },
    {
      "type": "Feature",
      "geometry": {
        "type": "Point",
        "coordinates": [
          30.41135,
          -6.71837
        ]
      },
      "properties": {
        "name": "Tambanagulu",
        "country": "Tanzania",
        "region": "Katavi",
        "elevation_m": null,
        "population": 0,
        "feature_type": "populated place",
        "geoname_id": 149630
      }
    },
    {
      "type": "Feature",
      "geometry": {
        "type": "Point",
        "coordinates": [
          31.83333,
          -7.83333
        ]
      },
      "properties": {
        "name": "Takasangwa",
        "country": "Tanzania",
        "region": "Rukwa",
        "elevation_m": null,
        "population": 0,
        "feature_type": "populated place",
        "geoname_id": 149640
      }
    },
    {
      "type": "Feature",
      "geometry": {
        "type": "Point",
        "coordinates": [
          31.33333,
          -7.66667
        ]
      },
      "properties": {
        "name": "Takasa",
        "country": "Tanzania",
        "region": "Rukwa",
        "elevation_m": null,
        "population": 0,
        "feature_type": "populated place",
        "geoname_id": 149641
      }
    },
    {
      "type": "Feature",
      "geometry": {
        "type": "Point",
        "coordinates": [
          39.65,
          -5.41667
        ]
      },
      "properties": {
        "name": "Takao",
        "country": "Tanzania",
        "region": "Pemba South",
        "elevation_m": null,
        "population": 0,
        "feature_type": "populated place",
        "geoname_id": 149642
      }
    },
    {
      "type": "Feature",
      "geometry": {
        "type": "Point",
        "coordinates": [
          39.76667,
          -5.1
        ]
      },
      "properties": {
        "name": "Takao",
        "country": "Tanzania",
        "region": "Pemba North",
        "elevation_m": null,
        "population": 0,
        "feature_type": "populated place",
        "geoname_id": 149643
      }
    },
    {
      "type": "Feature",
      "geometry": {
        "type": "Point",
        "coordinates": [
          39.73333,
          -5.03333
        ]
      },
      "properties": {
        "name": "Taif",
        "country": "Tanzania",
        "region": "Pemba North",
        "elevation_m": null,
        "population": 0,
        "feature_type": "populated place",
        "geoname_id": 149649
      }
    },
    {
      "type": "Feature",
      "geometry": {
        "type": "Point",
        "coordinates": [
          33.85,
          -2.91667
        ]
      },
      "properties": {
        "name": "Tagawi",
        "country": "Tanzania",
        "region": "Simiyu",
        "elevation_m": null,
        "population": 0,
        "feature_type": "populated place",
        "geoname_id": 149650
      }
    },
    {
      "type": "Feature",
      "geometry": {
        "type": "Point",
        "coordinates": [
          32.95,
          -9.03333
        ]
      },
      "properties": {
        "name": "Tabora",
        "country": "Tanzania",
        "region": "Songwe",
        "elevation_m": null,
        "population": 0,
        "feature_type": "populated place",
        "geoname_id": 149655
      }
    },
    {
      "type": "Feature",
      "geometry": {
        "type": "Point",
        "coordinates": [
          32.63333,
          -8.71667
        ]
      },
      "properties": {
        "name": "Tabora",
        "country": "Tanzania",
        "region": "Songwe",
        "elevation_m": null,
        "population": 0,
        "feature_type": "populated place",
        "geoname_id": 149656
      }
    },
    {
      "type": "Feature",
      "geometry": {
        "type": "Point",
        "coordinates": [
          32.53333,
          -6.91667
        ]
      },
      "properties": {
        "name": "Tabora",
        "country": "Tanzania",
        "region": "Katavi",
        "elevation_m": null,
        "population": 0,
        "feature_type": "populated place",
        "geoname_id": 149657
      }
    },
    {
      "type": "Feature",
      "geometry": {
        "type": "Point",
        "coordinates": [
          32.8,
          -8.7
        ]
      },
      "properties": {
        "name": "Tabo",
        "country": "Tanzania",
        "region": "Songwe",
        "elevation_m": null,
        "population": 0,
        "feature_type": "populated place",
        "geoname_id": 149660
      }
    },
    {
      "type": "Feature",
      "geometry": {
        "type": "Point",
        "coordinates": [
          39.21667,
          -6.81667
        ]
      },
      "properties": {
        "name": "Tabata",
        "country": "Tanzania",
        "region": "Dar es Salaam Region",
        "elevation_m": null,
        "population": 0,
        "feature_type": "populated place",
        "geoname_id": 149662
      }
    },
    {
      "type": "Feature",
      "geometry": {
        "type": "Point",
        "coordinates": [
          35.76667,
          -5.51667
        ]
      },
      "properties": {
        "name": "Tabani",
        "country": "Tanzania",
        "region": "Dodoma",
        "elevation_m": null,
        "population": 0,
        "feature_type": "populated place",
        "geoname_id": 149663
      }
    },
    {
      "type": "Feature",
      "geometry": {
        "type": "Point",
        "coordinates": [
          39.7,
          -5.26667
        ]
      },
      "properties": {
        "name": "Taandani",
        "country": "Tanzania",
        "region": "Pemba South",
        "elevation_m": null,
        "population": 0,
        "feature_type": "populated place",
        "geoname_id": 149664
      }
    },
    {
      "type": "Feature",
      "geometry": {
        "type": "Point",
        "coordinates": [
          31.4,
          -7.58333
        ]
      },
      "properties": {
        "name": "Swaila",
        "country": "Tanzania",
        "region": "Rukwa",
        "elevation_m": null,
        "population": 0,
        "feature_type": "populated place",
        "geoname_id": 149668
      }
    },
    {
      "type": "Feature",
      "geometry": {
        "type": "Point",
        "coordinates": [
          33.76667,
          -3.26667
        ]
      },
      "properties": {
        "name": "Suti",
        "country": "Tanzania",
        "region": "Simiyu",
        "elevation_m": null,
        "population": 0,
        "feature_type": "populated place",
        "geoname_id": 149671
      }
    },
    {
      "type": "Feature",
      "geometry": {
        "type": "Point",
        "coordinates": [
          33.91667,
          -4.66667
        ]
      },
      "properties": {
        "name": "Susi Janda",
        "country": "Tanzania",
        "region": "Tabora",
        "elevation_m": null,
        "population": 0,
        "feature_type": "populated place",
        "geoname_id": 149675
      }
    },
    {
      "type": "Feature",
      "geometry": {
        "type": "Point",
        "coordinates": [
          37.98333,
          -5.55
        ]
      },
      "properties": {
        "name": "Susa",
        "country": "Tanzania",
        "region": "Tanga",
        "elevation_m": null,
        "population": 0,
        "feature_type": "populated place",
        "geoname_id": 149677
      }
    },
    {
      "type": "Feature",
      "geometry": {
        "type": "Point",
        "coordinates": [
          35.76667,
          -4.95
        ]
      },
      "properties": {
        "name": "Suruki",
        "country": "Tanzania",
        "region": "Dodoma",
        "elevation_m": null,
        "population": 0,
        "feature_type": "populated place",
        "geoname_id": 149678
      }
    },
    {
      "type": "Feature",
      "geometry": {
        "type": "Point",
        "coordinates": [
          33.51667,
          -4.46667
        ]
      },
      "properties": {
        "name": "Sungwizi",
        "country": "Tanzania",
        "region": "Tabora",
        "elevation_m": null,
        "population": 0,
        "feature_type": "populated place",
        "geoname_id": 149679
      }
    },
    {
      "type": "Feature",
      "geometry": {
        "type": "Point",
        "coordinates": [
          38.97749,
          -7.03737
        ]
      },
      "properties": {
        "name": "Sungwi",
        "country": "Tanzania",
        "region": "Pwani",
        "elevation_m": null,
        "population": 0,
        "feature_type": "populated place",
        "geoname_id": 149680
      }
    },
    {
      "type": "Feature",
      "geometry": {
        "type": "Point",
        "coordinates": [
          32.15,
          -2.65
        ]
      },
      "properties": {
        "name": "Sungunsira",
        "country": "Tanzania",
        "region": "Geita",
        "elevation_m": null,
        "population": 0,
        "feature_type": "populated place",
        "geoname_id": 149682
      }
    },
    {
      "type": "Feature",
      "geometry": {
        "type": "Point",
        "coordinates": [
          32.98333,
          -3.03333
        ]
      },
      "properties": {
        "name": "Sungiwe",
        "country": "Tanzania",
        "region": "Mwanza",
        "elevation_m": null,
        "population": 0,
        "feature_type": "populated place",
        "geoname_id": 149684
      }
    },
    {
      "type": "Feature",
      "geometry": {
        "type": "Point",
        "coordinates": [
          32.45,
          -6.56667
        ]
      },
      "properties": {
        "name": "Sungawula",
        "country": "Tanzania",
        "region": "Katavi",
        "elevation_m": null,
        "population": 0,
        "feature_type": "populated place",
        "geoname_id": 149686
      }
    },
    {
      "type": "Feature",
      "geometry": {
        "type": "Point",
        "coordinates": [
          36.75,
          -3.01667
        ]
      },
      "properties": {
        "name": "Sungate",
        "country": "Tanzania",
        "region": "Arusha",
        "elevation_m": null,
        "population": 0,
        "feature_type": "populated place",
        "geoname_id": 149687
      }
    },
    {
      "type": "Feature",
      "geometry": {
        "type": "Point",
        "coordinates": [
          38.23333,
          -4.53333
        ]
      },
      "properties": {
        "name": "Sunga",
        "country": "Tanzania",
        "region": "Tanga",
        "elevation_m": null,
        "population": 0,
        "feature_type": "populated place",
        "geoname_id": 149689
      }
    },
    {
      "type": "Feature",
      "geometry": {
        "type": "Point",
        "coordinates": [
          32.28333,
          -8.43333
        ]
      },
      "properties": {
        "name": "Sumbuwanga",
        "country": "Tanzania",
        "region": "Songwe",
        "elevation_m": null,
        "population": 0,
        "feature_type": "populated place",
        "geoname_id": 149698
      }
    },
    {
      "type": "Feature",
      "geometry": {
        "type": "Point",
        "coordinates": [
          39.8,
          -5.16667
        ]
      },
      "properties": {
        "name": "Sumbuka",
        "country": "Tanzania",
        "region": "Pemba North",
        "elevation_m": null,
        "population": 0,
        "feature_type": "populated place",
        "geoname_id": 149699
      }
    },
    {
      "type": "Feature",
      "geometry": {
        "type": "Point",
        "coordinates": [
          33.71667,
          -9.2
        ]
      },
      "properties": {
        "name": "Suma",
        "country": "Tanzania",
        "region": "Mbeya",
        "elevation_m": null,
        "population": 0,
        "feature_type": "populated place",
        "geoname_id": 149706
      }
    },
    {
      "type": "Feature",
      "geometry": {
        "type": "Point",
        "coordinates": [
          33.11667,
          -2.45
        ]
      },
      "properties": {
        "name": "Sukuma",
        "country": "Tanzania",
        "region": "Mwanza",
        "elevation_m": null,
        "population": 0,
        "feature_type": "populated place",
        "geoname_id": 149715
      }
    },
    {
      "type": "Feature",
      "geometry": {
        "type": "Point",
        "coordinates": [
          33.68333,
          -3.75
        ]
      },
      "properties": {
        "name": "Suka Suka",
        "country": "Tanzania",
        "region": "Shinyanga",
        "elevation_m": null,
        "population": 0,
        "feature_type": "populated place",
        "geoname_id": 149716
      }
    },
    {
      "type": "Feature",
      "geometry": {
        "type": "Point",
        "coordinates": [
          37.86667,
          -4.36667
        ]
      },
      "properties": {
        "name": "Suji",
        "country": "Tanzania",
        "region": "Kilimanjaro",
        "elevation_m": null,
        "population": 0,
        "feature_type": "populated place",
        "geoname_id": 149718
      }
    },
    {
      "type": "Feature",
      "geometry": {
        "type": "Point",
        "coordinates": [
          33.66667,
          -1.76667
        ]
      },
      "properties": {
        "name": "Suguti",
        "country": "Tanzania",
        "region": "Mara",
        "elevation_m": null,
        "population": 0,
        "feature_type": "populated place",
        "geoname_id": 149722
      }
    },
    {
      "type": "Feature",
      "geometry": {
        "type": "Point",
        "coordinates": [
          33.65,
          -1.73333
        ]
      },
      "properties": {
        "name": "Suguti",
        "country": "Tanzania",
        "region": "Mara",
        "elevation_m": null,
        "population": 0,
        "feature_type": "populated place",
        "geoname_id": 149723
      }
    },
    {
      "type": "Feature",
      "geometry": {
        "type": "Point",
        "coordinates": [
          36.68333,
          -6.28333
        ]
      },
      "properties": {
        "name": "Suguta",
        "country": "Tanzania",
        "region": "Dodoma",
        "elevation_m": null,
        "population": 0,
        "feature_type": "populated place",
        "geoname_id": 149725
      }
    },
    {
      "type": "Feature",
      "geometry": {
        "type": "Point",
        "coordinates": [
          39.2,
          -4.86667
        ]
      },
      "properties": {
        "name": "Subutuni",
        "country": "Tanzania",
        "region": "Tanga",
        "elevation_m": null,
        "population": 0,
        "feature_type": "populated place",
        "geoname_id": 149728
      }
    },
    {
      "type": "Feature",
      "geometry": {
        "type": "Point",
        "coordinates": [
          34.68333,
          -3.28333
        ]
      },
      "properties": {
        "name": "Subeti",
        "country": "Tanzania",
        "region": "Simiyu",
        "elevation_m": null,
        "population": 0,
        "feature_type": "populated place",
        "geoname_id": 149729
      }
    },
    {
      "type": "Feature",
      "geometry": {
        "type": "Point",
        "coordinates": [
          39.19128,
          -6.16176
        ]
      },
      "properties": {
        "name": "Stone Town",
        "country": "Tanzania",
        "region": "Zanzibar Urban/West",
        "elevation_m": null,
        "population": 0,
        "feature_type": "section of populated place",
        "geoname_id": 149734
      }
    },
    {
      "type": "Feature",
      "geometry": {
        "type": "Point",
        "coordinates": [
          39.76667,
          -5.15
        ]
      },
      "properties": {
        "name": "Stambuli",
        "country": "Tanzania",
        "region": "Pemba North",
        "elevation_m": null,
        "population": 0,
        "feature_type": "populated place",
        "geoname_id": 149737
      }
    },
    {
      "type": "Feature",
      "geometry": {
        "type": "Point",
        "coordinates": [
          39.71667,
          -5.05
        ]
      },
      "properties": {
        "name": "Stambuli",
        "country": "Tanzania",
        "region": "Pemba North",
        "elevation_m": null,
        "population": 0,
        "feature_type": "populated place",
        "geoname_id": 149738
      }
    },
    {
      "type": "Feature",
      "geometry": {
        "type": "Point",
        "coordinates": [
          35.7,
          -2.15
        ]
      },
      "properties": {
        "name": "Ssamunge",
        "country": "Tanzania",
        "region": "Arusha",
        "elevation_m": null,
        "population": 0,
        "feature_type": "populated place",
        "geoname_id": 149740
      }
    },
    {
      "type": "Feature",
      "geometry": {
        "type": "Point",
        "coordinates": [
          39.23543,
          -7.26998
        ]
      },
      "properties": {
        "name": "Sotele",
        "country": "Tanzania",
        "region": "Pwani",
        "elevation_m": null,
        "population": 0,
        "feature_type": "populated place",
        "geoname_id": 149756
      }
    },
    {
      "type": "Feature",
      "geometry": {
        "type": "Point",
        "coordinates": [
          31.17306,
          -4.1725
        ]
      },
      "properties": {
        "name": "Sororia",
        "country": "Tanzania",
        "region": "Kigoma",
        "elevation_m": null,
        "population": 0,
        "feature_type": "populated place",
        "geoname_id": 149760
      }
    },
    {
      "type": "Feature",
      "geometry": {
        "type": "Point",
        "coordinates": [
          35.93333,
          -4.76667
        ]
      },
      "properties": {
        "name": "Soro",
        "country": "Tanzania",
        "region": "Dodoma",
        "elevation_m": null,
        "population": 0,
        "feature_type": "populated place",
        "geoname_id": 149761
      }
    },
    {
      "type": "Feature",
      "geometry": {
        "type": "Point",
        "coordinates": [
          31.5,
          -8.48333
        ]
      },
      "properties": {
        "name": "Sopa",
        "country": "Tanzania",
        "region": "Rukwa",
        "elevation_m": null,
        "population": 0,
        "feature_type": "populated place",
        "geoname_id": 149763
      }
    },
    {
      "type": "Feature",
      "geometry": {
        "type": "Point",
        "coordinates": [
          31.35,
          -7.53333
        ]
      },
      "properties": {
        "name": "Sopa",
        "country": "Tanzania",
        "region": "Rukwa",
        "elevation_m": null,
        "population": 0,
        "feature_type": "populated place",
        "geoname_id": 149764
      }
    },
    {
      "type": "Feature",
      "geometry": {
        "type": "Point",
        "coordinates": [
          35.7,
          -2.28333
        ]
      },
      "properties": {
        "name": "Sonjo Saie",
        "country": "Tanzania",
        "region": "Arusha",
        "elevation_m": null,
        "population": 0,
        "feature_type": "populated place",
        "geoname_id": 149765
      }
    },
    {
      "type": "Feature",
      "geometry": {
        "type": "Point",
        "coordinates": [
          31.73333,
          -8.26667
        ]
      },
      "properties": {
        "name": "Sonji",
        "country": "Tanzania",
        "region": "Rukwa",
        "elevation_m": null,
        "population": 0,
        "feature_type": "populated place",
        "geoname_id": 149766
      }
    },
    {
      "type": "Feature",
      "geometry": {
        "type": "Point",
        "coordinates": [
          35.85,
          -2.23333
        ]
      },
      "properties": {
        "name": "Sonja",
        "country": "Tanzania",
        "region": "Arusha",
        "elevation_m": null,
        "population": 0,
        "feature_type": "populated place",
        "geoname_id": 149767
      }
    },
    {
      "type": "Feature",
      "geometry": {
        "type": "Point",
        "coordinates": [
          33.93333,
          -9.7
        ]
      },
      "properties": {
        "name": "Songwe",
        "country": "Tanzania",
        "region": "Mbeya",
        "elevation_m": null,
        "population": 0,
        "feature_type": "populated place",
        "geoname_id": 149771
      }
    },
    {
      "type": "Feature",
      "geometry": {
        "type": "Point",
        "coordinates": [
          33.53333,
          -8.95
        ]
      },
      "properties": {
        "name": "Songwe",
        "country": "Tanzania",
        "region": "Mbeya",
        "elevation_m": null,
        "population": 0,
        "feature_type": "populated place",
        "geoname_id": 149772
      }
    },
    {
      "type": "Feature",
      "geometry": {
        "type": "Point",
        "coordinates": [
          37.35,
          -5.58333
        ]
      },
      "properties": {
        "name": "Songe",
        "country": "Tanzania",
        "region": "Tanga",
        "elevation_m": null,
        "population": 0,
        "feature_type": "populated place",
        "geoname_id": 149780
      }
    },
    {
      "type": "Feature",
      "geometry": {
        "type": "Point",
        "coordinates": [
          38.63333,
          -5.28333
        ]
      },
      "properties": {
        "name": "Songa",
        "country": "Tanzania",
        "region": "Tanga",
        "elevation_m": null,
        "population": 0,
        "feature_type": "populated place",
        "geoname_id": 149783
      }
    },
    {
      "type": "Feature",
      "geometry": {
        "type": "Point",
        "coordinates": [
          39.29969,
          -8.42485
        ]
      },
      "properties": {
        "name": "Somanga Funga",
        "country": "Tanzania",
        "region": "Lindi",
        "elevation_m": null,
        "population": 0,
        "feature_type": "populated place",
        "geoname_id": 149790
      }
    },
    {
      "type": "Feature",
      "geometry": {
        "type": "Point",
        "coordinates": [
          39.28117,
          -8.38148
        ]
      },
      "properties": {
        "name": "Somanga",
        "country": "Tanzania",
        "region": "Lindi",
        "elevation_m": null,
        "population": 0,
        "feature_type": "populated place",
        "geoname_id": 149791
      }
    },
    {
      "type": "Feature",
      "geometry": {
        "type": "Point",
        "coordinates": [
          34,
          -2.76667
        ]
      },
      "properties": {
        "name": "Somanda",
        "country": "Tanzania",
        "region": "Simiyu",
        "elevation_m": null,
        "population": 0,
        "feature_type": "populated place",
        "geoname_id": 149793
      }
    },
    {
      "type": "Feature",
      "geometry": {
        "type": "Point",
        "coordinates": [
          34.2,
          -3.85
        ]
      },
      "properties": {
        "name": "Somagedi",
        "country": "Tanzania",
        "region": "Shinyanga",
        "elevation_m": null,
        "population": 0,
        "feature_type": "populated place",
        "geoname_id": 149795
      }
    },
    {
      "type": "Feature",
      "geometry": {
        "type": "Point",
        "coordinates": [
          32.9,
          -3.4
        ]
      },
      "properties": {
        "name": "Solwa",
        "country": "Tanzania",
        "region": "Shinyanga",
        "elevation_m": null,
        "population": 0,
        "feature_type": "populated place",
        "geoname_id": 149797
      }
    },
    {
      "type": "Feature",
      "geometry": {
        "type": "Point",
        "coordinates": [
          36.85,
          -8
        ]
      },
      "properties": {
        "name": "Solulu",
        "country": "Tanzania",
        "region": "Morogoro",
        "elevation_m": null,
        "population": 0,
        "feature_type": "populated place",
        "geoname_id": 149798
      }
    },
    {
      "type": "Feature",
      "geometry": {
        "type": "Point",
        "coordinates": [
          35.91667,
          -5.65
        ]
      },
      "properties": {
        "name": "Solowu",
        "country": "Tanzania",
        "region": "Dodoma",
        "elevation_m": null,
        "population": 0,
        "feature_type": "populated place",
        "geoname_id": 149799
      }
    },
    {
      "type": "Feature",
      "geometry": {
        "type": "Point",
        "coordinates": [
          34.71667,
          -8.83333
        ]
      },
      "properties": {
        "name": "Soliwaya",
        "country": "Tanzania",
        "region": "Njombe",
        "elevation_m": null,
        "population": 0,
        "feature_type": "populated place",
        "geoname_id": 149801
      }
    },
    {
      "type": "Feature",
      "geometry": {
        "type": "Point",
        "coordinates": [
          33.88333,
          -8.6
        ]
      },
      "properties": {
        "name": "Soliwaya",
        "country": "Tanzania",
        "region": "Mbeya",
        "elevation_m": null,
        "population": 0,
        "feature_type": "populated place",
        "geoname_id": 149802
      }
    },
    {
      "type": "Feature",
      "geometry": {
        "type": "Point",
        "coordinates": [
          31.95,
          -8.76667
        ]
      },
      "properties": {
        "name": "Solesia",
        "country": "Tanzania",
        "region": "Rukwa",
        "elevation_m": null,
        "population": 0,
        "feature_type": "populated place",
        "geoname_id": 149805
      }
    },
    {
      "type": "Feature",
      "geometry": {
        "type": "Point",
        "coordinates": [
          33.48333,
          -2.55
        ]
      },
      "properties": {
        "name": "Sola",
        "country": "Tanzania",
        "region": "Mwanza",
        "elevation_m": null,
        "population": 0,
        "feature_type": "populated place",
        "geoname_id": 149809
      }
    },
    {
      "type": "Feature",
      "geometry": {
        "type": "Point",
        "coordinates": [
          37.9,
          -4.96667
        ]
      },
      "properties": {
        "name": "Sokota Nadwa",
        "country": "Tanzania",
        "region": "Manyara",
        "elevation_m": null,
        "population": 0,
        "feature_type": "populated place",
        "geoname_id": 149810
      }
    },
    {
      "type": "Feature",
      "geometry": {
        "type": "Point",
        "coordinates": [
          36.7,
          -3.36667
        ]
      },
      "properties": {
        "name": "Sokon",
        "country": "Tanzania",
        "region": "Arusha",
        "elevation_m": null,
        "population": 0,
        "feature_type": "populated place",
        "geoname_id": 149813
      }
    },
    {
      "type": "Feature",
      "geometry": {
        "type": "Point",
        "coordinates": [
          38.86667,
          -6.83333
        ]
      },
      "properties": {
        "name": "Soga",
        "country": "Tanzania",
        "region": "Pwani",
        "elevation_m": null,
        "population": 0,
        "feature_type": "populated place",
        "geoname_id": 149818
      }
    },
    {
      "type": "Feature",
      "geometry": {
        "type": "Point",
        "coordinates": [
          38.65194,
          -7.24098
        ]
      },
      "properties": {
        "name": "Safu",
        "country": "Tanzania",
        "region": "Pwani",
        "elevation_m": null,
        "population": 0,
        "feature_type": "populated place",
        "geoname_id": 149819
      }
    },
    {
      "type": "Feature",
      "geometry": {
        "type": "Point",
        "coordinates": [
          36.26667,
          -8.93333
        ]
      },
      "properties": {
        "name": "Sofi Majiji",
        "country": "Tanzania",
        "region": "Morogoro",
        "elevation_m": null,
        "population": 0,
        "feature_type": "populated place",
        "geoname_id": 149820
      }
    },
    {
      "type": "Feature",
      "geometry": {
        "type": "Point",
        "coordinates": [
          36.3,
          -8.96667
        ]
      },
      "properties": {
        "name": "Sofi",
        "country": "Tanzania",
        "region": "Morogoro",
        "elevation_m": null,
        "population": 0,
        "feature_type": "populated place",
        "geoname_id": 149822
      }
    },
    {
      "type": "Feature",
      "geometry": {
        "type": "Point",
        "coordinates": [
          31.55,
          -7.61667
        ]
      },
      "properties": {
        "name": "Soda",
        "country": "Tanzania",
        "region": "Rukwa",
        "elevation_m": null,
        "population": 0,
        "feature_type": "populated place",
        "geoname_id": 149823
      }
    },
    {
      "type": "Feature",
      "geometry": {
        "type": "Point",
        "coordinates": [
          32.15,
          -6.81667
        ]
      },
      "properties": {
        "name": "Siwe",
        "country": "Tanzania",
        "region": "Katavi",
        "elevation_m": null,
        "population": 0,
        "feature_type": "populated place",
        "geoname_id": 149829
      }
    },
    {
      "type": "Feature",
      "geometry": {
        "type": "Point",
        "coordinates": [
          39.78333,
          -5.21667
        ]
      },
      "properties": {
        "name": "Siwamoja",
        "country": "Tanzania",
        "region": "Pemba South",
        "elevation_m": null,
        "population": 0,
        "feature_type": "populated place",
        "geoname_id": 149831
      }
    },
    {
      "type": "Feature",
      "geometry": {
        "type": "Point",
        "coordinates": [
          30.28333,
          -6.16667
        ]
      },
      "properties": {
        "name": "Sitwa",
        "country": "Tanzania",
        "region": "Kigoma",
        "elevation_m": null,
        "population": 0,
        "feature_type": "populated place",
        "geoname_id": 149836
      }
    },
    {
      "type": "Feature",
      "geometry": {
        "type": "Point",
        "coordinates": [
          39.7,
          -5.36667
        ]
      },
      "properties": {
        "name": "Sitarehe",
        "country": "Tanzania",
        "region": "Pemba South",
        "elevation_m": null,
        "population": 0,
        "feature_type": "populated place",
        "geoname_id": 149837
      }
    },
    {
      "type": "Feature",
      "geometry": {
        "type": "Point",
        "coordinates": [
          39.76667,
          -5.21667
        ]
      },
      "properties": {
        "name": "Sitarani",
        "country": "Tanzania",
        "region": "Pemba South",
        "elevation_m": null,
        "population": 0,
        "feature_type": "populated place",
        "geoname_id": 149838
      }
    },
    {
      "type": "Feature",
      "geometry": {
        "type": "Point",
        "coordinates": [
          39.81667,
          -5.13333
        ]
      },
      "properties": {
        "name": "Sitani",
        "country": "Tanzania",
        "region": "Pemba North",
        "elevation_m": null,
        "population": 0,
        "feature_type": "populated place",
        "geoname_id": 149839
      }
    },
    {
      "type": "Feature",
      "geometry": {
        "type": "Point",
        "coordinates": [
          31.14105,
          -6.62052
        ]
      },
      "properties": {
        "name": "Sitalike",
        "country": "Tanzania",
        "region": "Katavi",
        "elevation_m": null,
        "population": 0,
        "feature_type": "populated place",
        "geoname_id": 149840
      }
    },
    {
      "type": "Feature",
      "geometry": {
        "type": "Point",
        "coordinates": [
          39.66667,
          -5.4
        ]
      },
      "properties": {
        "name": "Sitahabu",
        "country": "Tanzania",
        "region": "Pemba South",
        "elevation_m": null,
        "population": 0,
        "feature_type": "populated place",
        "geoname_id": 149842
      }
    },
    {
      "type": "Feature",
      "geometry": {
        "type": "Point",
        "coordinates": [
          39.71667,
          -5.33333
        ]
      },
      "properties": {
        "name": "Sisimizini",
        "country": "Tanzania",
        "region": "Pemba South",
        "elevation_m": null,
        "population": 0,
        "feature_type": "populated place",
        "geoname_id": 149846
      }
    },
    {
      "type": "Feature",
      "geometry": {
        "type": "Point",
        "coordinates": [
          31.83333,
          -5.71667
        ]
      },
      "properties": {
        "name": "Sire",
        "country": "Tanzania",
        "region": "Katavi",
        "elevation_m": null,
        "population": 0,
        "feature_type": "populated place",
        "geoname_id": 149853
      }
    },
    {
      "type": "Feature",
      "geometry": {
        "type": "Point",
        "coordinates": [
          39.73333,
          -5.4
        ]
      },
      "properties": {
        "name": "Sipwese",
        "country": "Tanzania",
        "region": "Pemba South",
        "elevation_m": null,
        "population": 0,
        "feature_type": "populated place",
        "geoname_id": 149857
      }
    },
    {
      "type": "Feature",
      "geometry": {
        "type": "Point",
        "coordinates": [
          37.18333,
          -5.78333
        ]
      },
      "properties": {
        "name": "Sinya",
        "country": "Tanzania",
        "region": "Manyara",
        "elevation_m": null,
        "population": 0,
        "feature_type": "populated place",
        "geoname_id": 149863
      }
    },
    {
      "type": "Feature",
      "geometry": {
        "type": "Point",
        "coordinates": [
          37.03333,
          -2.78333
        ]
      },
      "properties": {
        "name": "Sinya",
        "country": "Tanzania",
        "region": "Arusha",
        "elevation_m": null,
        "population": 0,
        "feature_type": "populated place",
        "geoname_id": 149864
      }
    },
    {
      "type": "Feature",
      "geometry": {
        "type": "Point",
        "coordinates": [
          39.68333,
          -5.4
        ]
      },
      "properties": {
        "name": "Sinuzi",
        "country": "Tanzania",
        "region": "Pemba South",
        "elevation_m": null,
        "population": 0,
        "feature_type": "populated place",
        "geoname_id": 149865
      }
    },
    {
      "type": "Feature",
      "geometry": {
        "type": "Point",
        "coordinates": [
          31.4,
          -8.05
        ]
      },
      "properties": {
        "name": "Sintali",
        "country": "Tanzania",
        "region": "Rukwa",
        "elevation_m": null,
        "population": 0,
        "feature_type": "populated place",
        "geoname_id": 149866
      }
    },
    {
      "type": "Feature",
      "geometry": {
        "type": "Point",
        "coordinates": [
          35.05,
          -3.03333
        ]
      },
      "properties": {
        "name": "Sinoni",
        "country": "Tanzania",
        "region": "Arusha",
        "elevation_m": null,
        "population": 0,
        "feature_type": "populated place",
        "geoname_id": 149867
      }
    },
    {
      "type": "Feature",
      "geometry": {
        "type": "Point",
        "coordinates": [
          37.68568,
          -7.25907
        ]
      },
      "properties": {
        "name": "Singiza",
        "country": "Tanzania",
        "region": "Morogoro",
        "elevation_m": null,
        "population": 0,
        "feature_type": "populated place",
        "geoname_id": 149872
      }
    },
    {
      "type": "Feature",
      "geometry": {
        "type": "Point",
        "coordinates": [
          39.40289,
          -8.78722
        ]
      },
      "properties": {
        "name": "Singino",
        "country": "Tanzania",
        "region": "Lindi",
        "elevation_m": null,
        "population": 0,
        "feature_type": "populated place",
        "geoname_id": 149875
      }
    },
    {
      "type": "Feature",
      "geometry": {
        "type": "Point",
        "coordinates": [
          33.28333,
          -3.83333
        ]
      },
      "properties": {
        "name": "Singida",
        "country": "Tanzania",
        "region": "Shinyanga",
        "elevation_m": null,
        "population": 0,
        "feature_type": "populated place",
        "geoname_id": 149880
      }
    },
    {
      "type": "Feature",
      "geometry": {
        "type": "Point",
        "coordinates": [
          38.23333,
          -5.35
        ]
      },
      "properties": {
        "name": "Sindeni",
        "country": "Tanzania",
        "region": "Tanga",
        "elevation_m": null,
        "population": 0,
        "feature_type": "populated place",
        "geoname_id": 149884
      }
    },
    {
      "type": "Feature",
      "geometry": {
        "type": "Point",
        "coordinates": [
          31.71667,
          -8.3
        ]
      },
      "properties": {
        "name": "Sinda",
        "country": "Tanzania",
        "region": "Rukwa",
        "elevation_m": null,
        "population": 0,
        "feature_type": "populated place",
        "geoname_id": 149889
      }
    },
    {
      "type": "Feature",
      "geometry": {
        "type": "Point",
        "coordinates": [
          39.06667,
          -5.28333
        ]
      },
      "properties": {
        "name": "Sinawe",
        "country": "Tanzania",
        "region": "Tanga",
        "elevation_m": null,
        "population": 0,
        "feature_type": "populated place",
        "geoname_id": 149891
      }
    },
    {
      "type": "Feature",
      "geometry": {
        "type": "Point",
        "coordinates": [
          39.7,
          -4.98333
        ]
      },
      "properties": {
        "name": "Sinawe",
        "country": "Tanzania",
        "region": "Pemba North",
        "elevation_m": null,
        "population": 0,
        "feature_type": "populated place",
        "geoname_id": 149892
      }
    },
    {
      "type": "Feature",
      "geometry": {
        "type": "Point",
        "coordinates": [
          39.81667,
          -5
        ]
      },
      "properties": {
        "name": "Sinawa",
        "country": "Tanzania",
        "region": "Pemba North",
        "elevation_m": null,
        "population": 0,
        "feature_type": "populated place",
        "geoname_id": 149893
      }
    },
    {
      "type": "Feature",
      "geometry": {
        "type": "Point",
        "coordinates": [
          38.93333,
          -5.58333
        ]
      },
      "properties": {
        "name": "Simuni",
        "country": "Tanzania",
        "region": "Tanga",
        "elevation_m": null,
        "population": 0,
        "feature_type": "populated place",
        "geoname_id": 149896
      }
    },
    {
      "type": "Feature",
      "geometry": {
        "type": "Point",
        "coordinates": [
          30.63333,
          -6.61667
        ]
      },
      "properties": {
        "name": "Simondo",
        "country": "Tanzania",
        "region": "Katavi",
        "elevation_m": null,
        "population": 0,
        "feature_type": "populated place",
        "geoname_id": 149898
      }
    },
    {
      "type": "Feature",
      "geometry": {
        "type": "Point",
        "coordinates": [
          38.53333,
          -6.38333
        ]
      },
      "properties": {
        "name": "Simbo",
        "country": "Tanzania",
        "region": "Pwani",
        "elevation_m": null,
        "population": 0,
        "feature_type": "populated place",
        "geoname_id": 149904
      }
    },
    {
      "type": "Feature",
      "geometry": {
        "type": "Point",
        "coordinates": [
          30.69748,
          -6.34507
        ]
      },
      "properties": {
        "name": "Simbo",
        "country": "Tanzania",
        "region": "Katavi",
        "elevation_m": null,
        "population": 0,
        "feature_type": "populated place",
        "geoname_id": 149905
      }
    },
    {
      "type": "Feature",
      "geometry": {
        "type": "Point",
        "coordinates": [
          29.73639,
          -4.88083
        ]
      },
      "properties": {
        "name": "Simbo",
        "country": "Tanzania",
        "region": "Kigoma",
        "elevation_m": null,
        "population": 0,
        "feature_type": "populated place",
        "geoname_id": 149906
      }
    },
    {
      "type": "Feature",
      "geometry": {
        "type": "Point",
        "coordinates": [
          33.45,
          -4.66667
        ]
      },
      "properties": {
        "name": "Simbo",
        "country": "Tanzania",
        "region": "Tabora",
        "elevation_m": null,
        "population": 0,
        "feature_type": "populated place",
        "geoname_id": 149907
      }
    },
    {
      "type": "Feature",
      "geometry": {
        "type": "Point",
        "coordinates": [
          39.35281,
          -7.76695
        ]
      },
      "properties": {
        "name": "Simba-Uranga",
        "country": "Tanzania",
        "region": "Pwani",
        "elevation_m": null,
        "population": 0,
        "feature_type": "populated place",
        "geoname_id": 149910
      }
    },
    {
      "type": "Feature",
      "geometry": {
        "type": "Point",
        "coordinates": [
          35.03333,
          -6.7
        ]
      },
      "properties": {
        "name": "Simba Nguru",
        "country": "Tanzania",
        "region": "Singida",
        "elevation_m": null,
        "population": 0,
        "feature_type": "populated place",
        "geoname_id": 149911
      }
    },
    {
      "type": "Feature",
      "geometry": {
        "type": "Point",
        "coordinates": [
          35.56667,
          -5.96667
        ]
      },
      "properties": {
        "name": "Simba Chinzachi",
        "country": "Tanzania",
        "region": "Dodoma",
        "elevation_m": null,
        "population": 0,
        "feature_type": "populated place",
        "geoname_id": 149913
      }
    },
    {
      "type": "Feature",
      "geometry": {
        "type": "Point",
        "coordinates": [
          32.56667,
          -2.71667
        ]
      },
      "properties": {
        "name": "Sima",
        "country": "Tanzania",
        "region": "Mwanza",
        "elevation_m": null,
        "population": 0,
        "feature_type": "populated place",
        "geoname_id": 149920
      }
    },
    {
      "type": "Feature",
      "geometry": {
        "type": "Point",
        "coordinates": [
          31.15,
          -5.75
        ]
      },
      "properties": {
        "name": "Silongwe",
        "country": "Tanzania",
        "region": "Katavi",
        "elevation_m": null,
        "population": 0,
        "feature_type": "populated place",
        "geoname_id": 149921
      }
    },
    {
      "type": "Feature",
      "geometry": {
        "type": "Point",
        "coordinates": [
          39.75,
          -5.11667
        ]
      },
      "properties": {
        "name": "Silasi",
        "country": "Tanzania",
        "region": "Pemba North",
        "elevation_m": null,
        "population": 0,
        "feature_type": "populated place",
        "geoname_id": 149924
      }
    },
    {
      "type": "Feature",
      "geometry": {
        "type": "Point",
        "coordinates": [
          33.58333,
          -6.41667
        ]
      },
      "properties": {
        "name": "Sila",
        "country": "Tanzania",
        "region": "Tabora",
        "elevation_m": null,
        "population": 0,
        "feature_type": "populated place",
        "geoname_id": 149925
      }
    },
    {
      "type": "Feature",
      "geometry": {
        "type": "Point",
        "coordinates": [
          36.28333,
          -5.18333
        ]
      },
      "properties": {
        "name": "Sikwakwa",
        "country": "Tanzania",
        "region": "Manyara",
        "elevation_m": null,
        "population": 0,
        "feature_type": "populated place",
        "geoname_id": 149926
      }
    },
    {
      "type": "Feature",
      "geometry": {
        "type": "Point",
        "coordinates": [
          33.95,
          -2.73333
        ]
      },
      "properties": {
        "name": "Sikugunga",
        "country": "Tanzania",
        "region": "Simiyu",
        "elevation_m": null,
        "population": 0,
        "feature_type": "populated place",
        "geoname_id": 149927
      }
    },
    {
      "type": "Feature",
      "geometry": {
        "type": "Point",
        "coordinates": [
          29.79933,
          -6.20019
        ]
      },
      "properties": {
        "name": "Sikoke",
        "country": "Tanzania",
        "region": "Kigoma",
        "elevation_m": null,
        "population": 0,
        "feature_type": "populated place",
        "geoname_id": 149930
      }
    },
    {
      "type": "Feature",
      "geometry": {
        "type": "Point",
        "coordinates": [
          31.26811,
          -6.69313
        ]
      },
      "properties": {
        "name": "Sikitiko",
        "country": "Tanzania",
        "region": "Katavi",
        "elevation_m": null,
        "population": 0,
        "feature_type": "populated place",
        "geoname_id": 149931
      }
    },
    {
      "type": "Feature",
      "geometry": {
        "type": "Point",
        "coordinates": [
          33.4,
          -2.03333
        ]
      },
      "properties": {
        "name": "Sikiro",
        "country": "Tanzania",
        "region": "Mara",
        "elevation_m": null,
        "population": 0,
        "feature_type": "populated place",
        "geoname_id": 149932
      }
    },
    {
      "type": "Feature",
      "geometry": {
        "type": "Point",
        "coordinates": [
          39.76667,
          -5.16667
        ]
      },
      "properties": {
        "name": "Sikandaria",
        "country": "Tanzania",
        "region": "Pemba North",
        "elevation_m": null,
        "population": 0,
        "feature_type": "populated place",
        "geoname_id": 149935
      }
    },
    {
      "type": "Feature",
      "geometry": {
        "type": "Point",
        "coordinates": [
          31.38333,
          -5.8
        ]
      },
      "properties": {
        "name": "Sika",
        "country": "Tanzania",
        "region": "Katavi",
        "elevation_m": null,
        "population": 0,
        "feature_type": "populated place",
        "geoname_id": 149936
      }
    },
    {
      "type": "Feature",
      "geometry": {
        "type": "Point",
        "coordinates": [
          38.31667,
          -4.96667
        ]
      },
      "properties": {
        "name": "Sigwelo",
        "country": "Tanzania",
        "region": "Tanga",
        "elevation_m": null,
        "population": 0,
        "feature_type": "populated place",
        "geoname_id": 149938
      }
    },
    {
      "type": "Feature",
      "geometry": {
        "type": "Point",
        "coordinates": [
          38.8,
          -5.01667
        ]
      },
      "properties": {
        "name": "Sigi",
        "country": "Tanzania",
        "region": "Tanga",
        "elevation_m": null,
        "population": 0,
        "feature_type": "populated place",
        "geoname_id": 149942
      }
    },
    {
      "type": "Feature",
      "geometry": {
        "type": "Point",
        "coordinates": [
          39.78333,
          -5.16667
        ]
      },
      "properties": {
        "name": "Sifala",
        "country": "Tanzania",
        "region": "Pemba North",
        "elevation_m": null,
        "population": 0,
        "feature_type": "populated place",
        "geoname_id": 149945
      }
    },
    {
      "type": "Feature",
      "geometry": {
        "type": "Point",
        "coordinates": [
          30.74531,
          -6.48942
        ]
      },
      "properties": {
        "name": "Sibwesa",
        "country": "Tanzania",
        "region": "Katavi",
        "elevation_m": null,
        "population": 0,
        "feature_type": "populated place",
        "geoname_id": 149947
      }
    },
    {
      "type": "Feature",
      "geometry": {
        "type": "Point",
        "coordinates": [
          38.41667,
          -4.85
        ]
      },
      "properties": {
        "name": "Shwagoi",
        "country": "Tanzania",
        "region": "Tanga",
        "elevation_m": null,
        "population": 0,
        "feature_type": "populated place",
        "geoname_id": 149954
      }
    },
    {
      "type": "Feature",
      "geometry": {
        "type": "Point",
        "coordinates": [
          38.35,
          -4.51667
        ]
      },
      "properties": {
        "name": "Shungului",
        "country": "Tanzania",
        "region": "Tanga",
        "elevation_m": null,
        "population": 0,
        "feature_type": "populated place",
        "geoname_id": 149960
      }
    },
    {
      "type": "Feature",
      "geometry": {
        "type": "Point",
        "coordinates": [
          39.38316,
          -7.18129
        ]
      },
      "properties": {
        "name": "Shungubweni",
        "country": "Tanzania",
        "region": "Pwani",
        "elevation_m": null,
        "population": 0,
        "feature_type": "populated place",
        "geoname_id": 149961
      }
    },
    {
      "type": "Feature",
      "geometry": {
        "type": "Point",
        "coordinates": [
          39.75,
          -5.26667
        ]
      },
      "properties": {
        "name": "Shungi",
        "country": "Tanzania",
        "region": "Pemba South",
        "elevation_m": null,
        "population": 0,
        "feature_type": "populated place",
        "geoname_id": 149965
      }
    },
    {
      "type": "Feature",
      "geometry": {
        "type": "Point",
        "coordinates": [
          38.21667,
          -4.7
        ]
      },
      "properties": {
        "name": "Shume",
        "country": "Tanzania",
        "region": "Tanga",
        "elevation_m": null,
        "population": 0,
        "feature_type": "populated place",
        "geoname_id": 149973
      }
    },
    {
      "type": "Feature",
      "geometry": {
        "type": "Point",
        "coordinates": [
          39.76667,
          -5
        ]
      },
      "properties": {
        "name": "Shumba-Vyamboni",
        "country": "Tanzania",
        "region": "Pemba North",
        "elevation_m": null,
        "population": 0,
        "feature_type": "populated place",
        "geoname_id": 149974
      }
    },
    {
      "type": "Feature",
      "geometry": {
        "type": "Point",
        "coordinates": [
          39.75,
          -5.1
        ]
      },
      "properties": {
        "name": "Shumba",
        "country": "Tanzania",
        "region": "Pemba North",
        "elevation_m": null,
        "population": 0,
        "feature_type": "populated place",
        "geoname_id": 149975
      }
    },
    {
      "type": "Feature",
      "geometry": {
        "type": "Point",
        "coordinates": [
          39.81667,
          -4.96667
        ]
      },
      "properties": {
        "name": "Shumba",
        "country": "Tanzania",
        "region": "Pemba North",
        "elevation_m": null,
        "population": 0,
        "feature_type": "populated place",
        "geoname_id": 149976
      }
    },
    {
      "type": "Feature",
      "geometry": {
        "type": "Point",
        "coordinates": [
          38.76667,
          -4.91667
        ]
      },
      "properties": {
        "name": "Shulwa",
        "country": "Tanzania",
        "region": "Tanga",
        "elevation_m": null,
        "population": 0,
        "feature_type": "populated place",
        "geoname_id": 149978
      }
    },
    {
      "type": "Feature",
      "geometry": {
        "type": "Point",
        "coordinates": [
          30.38333,
          -6.71667
        ]
      },
      "properties": {
        "name": "Shukula",
        "country": "Tanzania",
        "region": "Katavi",
        "elevation_m": null,
        "population": 0,
        "feature_type": "populated place",
        "geoname_id": 149979
      }
    },
    {
      "type": "Feature",
      "geometry": {
        "type": "Point",
        "coordinates": [
          39.7,
          -5.41667
        ]
      },
      "properties": {
        "name": "Shukeni",
        "country": "Tanzania",
        "region": "Pemba South",
        "elevation_m": null,
        "population": 0,
        "feature_type": "populated place",
        "geoname_id": 149981
      }
    },
    {
      "type": "Feature",
      "geometry": {
        "type": "Point",
        "coordinates": [
          39.7,
          -5.03333
        ]
      },
      "properties": {
        "name": "Shoshani",
        "country": "Tanzania",
        "region": "Pemba North",
        "elevation_m": null,
        "population": 0,
        "feature_type": "populated place",
        "geoname_id": 149985
      }
    },
    {
      "type": "Feature",
      "geometry": {
        "type": "Point",
        "coordinates": [
          29.75,
          -4.58333
        ]
      },
      "properties": {
        "name": "Shonge",
        "country": "Tanzania",
        "region": "Kigoma",
        "elevation_m": null,
        "population": 0,
        "feature_type": "populated place",
        "geoname_id": 149986
      }
    },
    {
      "type": "Feature",
      "geometry": {
        "type": "Point",
        "coordinates": [
          38.21667,
          -4.53333
        ]
      },
      "properties": {
        "name": "Shome",
        "country": "Tanzania",
        "region": "Tanga",
        "elevation_m": null,
        "population": 0,
        "feature_type": "populated place",
        "geoname_id": 149987
      }
    },
    {
      "type": "Feature",
      "geometry": {
        "type": "Point",
        "coordinates": [
          33.66667,
          -8.43333
        ]
      },
      "properties": {
        "name": "Shoga",
        "country": "Tanzania",
        "region": "Mbeya",
        "elevation_m": null,
        "population": 0,
        "feature_type": "populated place",
        "geoname_id": 149988
      }
    },
    {
      "type": "Feature",
      "geometry": {
        "type": "Point",
        "coordinates": [
          39.7,
          -5.4
        ]
      },
      "properties": {
        "name": "Shitwi",
        "country": "Tanzania",
        "region": "Pemba South",
        "elevation_m": null,
        "population": 0,
        "feature_type": "populated place",
        "geoname_id": 149989
      }
    },
    {
      "type": "Feature",
      "geometry": {
        "type": "Point",
        "coordinates": [
          33.6,
          -2.95
        ]
      },
      "properties": {
        "name": "Shishiyu",
        "country": "Tanzania",
        "region": "Simiyu",
        "elevation_m": null,
        "population": 0,
        "feature_type": "populated place",
        "geoname_id": 149990
      }
    },
    {
      "type": "Feature",
      "geometry": {
        "type": "Point",
        "coordinates": [
          39.8,
          -5.1
        ]
      },
      "properties": {
        "name": "Shirikani",
        "country": "Tanzania",
        "region": "Pemba North",
        "elevation_m": null,
        "population": 0,
        "feature_type": "populated place",
        "geoname_id": 149992
      }
    },
    {
      "type": "Feature",
      "geometry": {
        "type": "Point",
        "coordinates": [
          37.26667,
          -3.33333
        ]
      },
      "properties": {
        "name": "Shiri",
        "country": "Tanzania",
        "region": "Kilimanjaro",
        "elevation_m": null,
        "population": 0,
        "feature_type": "populated place",
        "geoname_id": 149993
      }
    },
    {
      "type": "Feature",
      "geometry": {
        "type": "Point",
        "coordinates": [
          39.3,
          -5.88333
        ]
      },
      "properties": {
        "name": "Shinooni",
        "country": "Tanzania",
        "region": "Zanzibar North",
        "elevation_m": null,
        "population": 0,
        "feature_type": "populated place",
        "geoname_id": 150008
      }
    },
    {
      "type": "Feature",
      "geometry": {
        "type": "Point",
        "coordinates": [
          39.3,
          -5.88333
        ]
      },
      "properties": {
        "name": "Shingwi",
        "country": "Tanzania",
        "region": "Zanzibar North",
        "elevation_m": null,
        "population": 0,
        "feature_type": "populated place",
        "geoname_id": 150009
      }
    },
    {
      "type": "Feature",
      "geometry": {
        "type": "Point",
        "coordinates": [
          33.33333,
          -2.53333
        ]
      },
      "properties": {
        "name": "Shinema",
        "country": "Tanzania",
        "region": "Mwanza",
        "elevation_m": null,
        "population": 0,
        "feature_type": "populated place",
        "geoname_id": 150011
      }
    },
    {
      "type": "Feature",
      "geometry": {
        "type": "Point",
        "coordinates": [
          39.3,
          -5.88333
        ]
      },
      "properties": {
        "name": "Shindoni",
        "country": "Tanzania",
        "region": "Zanzibar North",
        "elevation_m": null,
        "population": 0,
        "feature_type": "populated place",
        "geoname_id": 150012
      }
    },
    {
      "type": "Feature",
      "geometry": {
        "type": "Point",
        "coordinates": [
          32.38333,
          -2.98333
        ]
      },
      "properties": {
        "name": "Shinamwenda",
        "country": "Tanzania",
        "region": "Geita",
        "elevation_m": null,
        "population": 0,
        "feature_type": "populated place",
        "geoname_id": 150014
      }
    },
    {
      "type": "Feature",
      "geometry": {
        "type": "Point",
        "coordinates": [
          37.51492,
          -7.17858
        ]
      },
      "properties": {
        "name": "Chigarafumi",
        "country": "Tanzania",
        "region": "Morogoro",
        "elevation_m": null,
        "population": 0,
        "feature_type": "populated place",
        "geoname_id": 150016
      }
    },
    {
      "type": "Feature",
      "geometry": {
        "type": "Point",
        "coordinates": [
          32.95,
          -2.95
        ]
      },
      "properties": {
        "name": "Shiguna",
        "country": "Tanzania",
        "region": "Mwanza",
        "elevation_m": null,
        "population": 0,
        "feature_type": "populated place",
        "geoname_id": 150018
      }
    },
    {
      "type": "Feature",
      "geometry": {
        "type": "Point",
        "coordinates": [
          39.8,
          -5.23333
        ]
      },
      "properties": {
        "name": "Shigiwana",
        "country": "Tanzania",
        "region": "Pemba South",
        "elevation_m": null,
        "population": 0,
        "feature_type": "populated place",
        "geoname_id": 150019
      }
    },
    {
      "type": "Feature",
      "geometry": {
        "type": "Point",
        "coordinates": [
          33.63333,
          -2.4
        ]
      },
      "properties": {
        "name": "Shigara",
        "country": "Tanzania",
        "region": "Simiyu",
        "elevation_m": null,
        "population": 0,
        "feature_type": "populated place",
        "geoname_id": 150021
      }
    },
    {
      "type": "Feature",
      "geometry": {
        "type": "Point",
        "coordinates": [
          39.65,
          -5.38333
        ]
      },
      "properties": {
        "name": "Shidi",
        "country": "Tanzania",
        "region": "Pemba South",
        "elevation_m": null,
        "population": 0,
        "feature_type": "populated place",
        "geoname_id": 150022
      }
    },
    {
      "type": "Feature",
      "geometry": {
        "type": "Point",
        "coordinates": [
          37.41667,
          -3.3
        ]
      },
      "properties": {
        "name": "Shia",
        "country": "Tanzania",
        "region": "Kilimanjaro",
        "elevation_m": null,
        "population": 0,
        "feature_type": "populated place",
        "geoname_id": 150025
      }
    },
    {
      "type": "Feature",
      "geometry": {
        "type": "Point",
        "coordinates": [
          31.65,
          -5.3
        ]
      },
      "properties": {
        "name": "Sheta",
        "country": "Tanzania",
        "region": "Tabora",
        "elevation_m": null,
        "population": 0,
        "feature_type": "populated place",
        "geoname_id": 150027
      }
    },
    {
      "type": "Feature",
      "geometry": {
        "type": "Point",
        "coordinates": [
          39.75,
          -5.1
        ]
      },
      "properties": {
        "name": "Shengejuu",
        "country": "Tanzania",
        "region": "Pemba North",
        "elevation_m": null,
        "population": 0,
        "feature_type": "populated place",
        "geoname_id": 150029
      }
    },
    {
      "type": "Feature",
      "geometry": {
        "type": "Point",
        "coordinates": [
          39.81667,
          -5.06667
        ]
      },
      "properties": {
        "name": "Shengejuu",
        "country": "Tanzania",
        "region": "Pemba North",
        "elevation_m": null,
        "population": 0,
        "feature_type": "populated place",
        "geoname_id": 150030
      }
    },
    {
      "type": "Feature",
      "geometry": {
        "type": "Point",
        "coordinates": [
          39.8,
          -5.01667
        ]
      },
      "properties": {
        "name": "Shengejuu",
        "country": "Tanzania",
        "region": "Pemba North",
        "elevation_m": null,
        "population": 0,
        "feature_type": "populated place",
        "geoname_id": 150031
      }
    },
    {
      "type": "Feature",
      "geometry": {
        "type": "Point",
        "coordinates": [
          39.8,
          -5.13333
        ]
      },
      "properties": {
        "name": "Shenejuu",
        "country": "Tanzania",
        "region": "Pemba North",
        "elevation_m": null,
        "population": 0,
        "feature_type": "populated place",
        "geoname_id": 150034
      }
    },
    {
      "type": "Feature",
      "geometry": {
        "type": "Point",
        "coordinates": [
          38.53333,
          -4.85
        ]
      },
      "properties": {
        "name": "Shembekeza",
        "country": "Tanzania",
        "region": "Tanga",
        "elevation_m": null,
        "population": 0,
        "feature_type": "populated place",
        "geoname_id": 150035
      }
    },
    {
      "type": "Feature",
      "geometry": {
        "type": "Point",
        "coordinates": [
          39.55,
          -6.41667
        ]
      },
      "properties": {
        "name": "Sheba",
        "country": "Tanzania",
        "region": "Zanzibar Central/South",
        "elevation_m": null,
        "population": 0,
        "feature_type": "populated place",
        "geoname_id": 150038
      }
    },
    {
      "type": "Feature",
      "geometry": {
        "type": "Point",
        "coordinates": [
          39.46667,
          -6.35
        ]
      },
      "properties": {
        "name": "Sheba",
        "country": "Tanzania",
        "region": "Zanzibar Central/South",
        "elevation_m": null,
        "population": 0,
        "feature_type": "populated place",
        "geoname_id": 150039
      }
    },
    {
      "type": "Feature",
      "geometry": {
        "type": "Point",
        "coordinates": [
          39.8,
          -5.18333
        ]
      },
      "properties": {
        "name": "Shea",
        "country": "Tanzania",
        "region": "Pemba North",
        "elevation_m": null,
        "population": 0,
        "feature_type": "populated place",
        "geoname_id": 150041
      }
    },
    {
      "type": "Feature",
      "geometry": {
        "type": "Point",
        "coordinates": [
          34.41667,
          -4.35
        ]
      },
      "properties": {
        "name": "Shati",
        "country": "Tanzania",
        "region": "Singida",
        "elevation_m": null,
        "population": 0,
        "feature_type": "populated place",
        "geoname_id": 150042
      }
    },
    {
      "type": "Feature",
      "geometry": {
        "type": "Point",
        "coordinates": [
          39.36667,
          -6.31667
        ]
      },
      "properties": {
        "name": "Shangani",
        "country": "Tanzania",
        "region": "Zanzibar Central/South",
        "elevation_m": null,
        "population": 0,
        "feature_type": "populated place",
        "geoname_id": 150049
      }
    },
    {
      "type": "Feature",
      "geometry": {
        "type": "Point",
        "coordinates": [
          39.26667,
          -5.86667
        ]
      },
      "properties": {
        "name": "Shangani",
        "country": "Tanzania",
        "region": "Zanzibar North",
        "elevation_m": null,
        "population": 0,
        "feature_type": "populated place",
        "geoname_id": 150050
      }
    },
    {
      "type": "Feature",
      "geometry": {
        "type": "Point",
        "coordinates": [
          39.78333,
          -5.35
        ]
      },
      "properties": {
        "name": "Shangafu",
        "country": "Tanzania",
        "region": "Pemba South",
        "elevation_m": null,
        "population": 0,
        "feature_type": "populated place",
        "geoname_id": 150052
      }
    },
    {
      "type": "Feature",
      "geometry": {
        "type": "Point",
        "coordinates": [
          39.78333,
          -5.13333
        ]
      },
      "properties": {
        "name": "Shangafu",
        "country": "Tanzania",
        "region": "Pemba North",
        "elevation_m": null,
        "population": 0,
        "feature_type": "populated place",
        "geoname_id": 150053
      }
    },
    {
      "type": "Feature",
      "geometry": {
        "type": "Point",
        "coordinates": [
          39.81667,
          -5.18333
        ]
      },
      "properties": {
        "name": "Shanga",
        "country": "Tanzania",
        "region": "Pemba North",
        "elevation_m": null,
        "population": 0,
        "feature_type": "populated place",
        "geoname_id": 150055
      }
    },
    {
      "type": "Feature",
      "geometry": {
        "type": "Point",
        "coordinates": [
          30.5425,
          -2.53833
        ]
      },
      "properties": {
        "name": "Shanga",
        "country": "Tanzania",
        "region": "Kagera",
        "elevation_m": null,
        "population": 0,
        "feature_type": "populated place",
        "geoname_id": 150056
      }
    },
    {
      "type": "Feature",
      "geometry": {
        "type": "Point",
        "coordinates": [
          33.85,
          -8.8
        ]
      },
      "properties": {
        "name": "Shamoto",
        "country": "Tanzania",
        "region": "Mbeya",
        "elevation_m": null,
        "population": 0,
        "feature_type": "populated place",
        "geoname_id": 150057
      }
    },
    {
      "type": "Feature",
      "geometry": {
        "type": "Point",
        "coordinates": [
          39.75,
          -5.43333
        ]
      },
      "properties": {
        "name": "Shamiani",
        "country": "Tanzania",
        "region": "Pemba South",
        "elevation_m": null,
        "population": 0,
        "feature_type": "populated place",
        "geoname_id": 150059
      }
    },
    {
      "type": "Feature",
      "geometry": {
        "type": "Point",
        "coordinates": [
          39.7,
          -5.43333
        ]
      },
      "properties": {
        "name": "Shamiani",
        "country": "Tanzania",
        "region": "Pemba South",
        "elevation_m": null,
        "population": 0,
        "feature_type": "populated place",
        "geoname_id": 150060
      }
    },
    {
      "type": "Feature",
      "geometry": {
        "type": "Point",
        "coordinates": [
          39.81667,
          -5.18333
        ]
      },
      "properties": {
        "name": "Shamiani",
        "country": "Tanzania",
        "region": "Pemba North",
        "elevation_m": null,
        "population": 0,
        "feature_type": "populated place",
        "geoname_id": 150061
      }
    },
    {
      "type": "Feature",
      "geometry": {
        "type": "Point",
        "coordinates": [
          36.9,
          -3.65
        ]
      },
      "properties": {
        "name": "Shambarai",
        "country": "Tanzania",
        "region": "Manyara",
        "elevation_m": null,
        "population": 0,
        "feature_type": "populated place",
        "geoname_id": 150062
      }
    },
    {
      "type": "Feature",
      "geometry": {
        "type": "Point",
        "coordinates": [
          39.43333,
          -6.16667
        ]
      },
      "properties": {
        "name": "Shamba-la-Pwani",
        "country": "Tanzania",
        "region": "Zanzibar Central/South",
        "elevation_m": null,
        "population": 0,
        "feature_type": "populated place",
        "geoname_id": 150063
      }
    },
    {
      "type": "Feature",
      "geometry": {
        "type": "Point",
        "coordinates": [
          39.55,
          -6.43333
        ]
      },
      "properties": {
        "name": "Shakani",
        "country": "Tanzania",
        "region": "Zanzibar Central/South",
        "elevation_m": null,
        "population": 0,
        "feature_type": "populated place",
        "geoname_id": 150065
      }
    },
    {
      "type": "Feature",
      "geometry": {
        "type": "Point",
        "coordinates": [
          39.23333,
          -6.23333
        ]
      },
      "properties": {
        "name": "Shakani",
        "country": "Tanzania",
        "region": "Zanzibar Urban/West",
        "elevation_m": null,
        "population": 0,
        "feature_type": "populated place",
        "geoname_id": 150066
      }
    },
    {
      "type": "Feature",
      "geometry": {
        "type": "Point",
        "coordinates": [
          39.43333,
          -6.15
        ]
      },
      "properties": {
        "name": "Shahaji",
        "country": "Tanzania",
        "region": "Zanzibar Central/South",
        "elevation_m": null,
        "population": 0,
        "feature_type": "populated place",
        "geoname_id": 150068
      }
    },
    {
      "type": "Feature",
      "geometry": {
        "type": "Point",
        "coordinates": [
          33.93333,
          -3.7
        ]
      },
      "properties": {
        "name": "Shagihilu",
        "country": "Tanzania",
        "region": "Shinyanga",
        "elevation_m": null,
        "population": 0,
        "feature_type": "populated place",
        "geoname_id": 150070
      }
    },
    {
      "type": "Feature",
      "geometry": {
        "type": "Point",
        "coordinates": [
          33.75,
          -2.95
        ]
      },
      "properties": {
        "name": "Seya",
        "country": "Tanzania",
        "region": "Simiyu",
        "elevation_m": null,
        "population": 0,
        "feature_type": "populated place",
        "geoname_id": 150081
      }
    },
    {
      "type": "Feature",
      "geometry": {
        "type": "Point",
        "coordinates": [
          33.6,
          -9.36667
        ]
      },
      "properties": {
        "name": "Seso",
        "country": "Tanzania",
        "region": "Mbeya",
        "elevation_m": null,
        "population": 0,
        "feature_type": "populated place",
        "geoname_id": 150084
      }
    },
    {
      "type": "Feature",
      "geometry": {
        "type": "Point",
        "coordinates": [
          35.66667,
          -4.93333
        ]
      },
      "properties": {
        "name": "Serya",
        "country": "Tanzania",
        "region": "Dodoma",
        "elevation_m": null,
        "population": 0,
        "feature_type": "populated place",
        "geoname_id": 150087
      }
    },
    {
      "type": "Feature",
      "geometry": {
        "type": "Point",
        "coordinates": [
          35.61667,
          -3.5
        ]
      },
      "properties": {
        "name": "Seremai",
        "country": "Tanzania",
        "region": "Arusha",
        "elevation_m": null,
        "population": 0,
        "feature_type": "populated place",
        "geoname_id": 150096
      }
    },
    {
      "type": "Feature",
      "geometry": {
        "type": "Point",
        "coordinates": [
          31.66667,
          -5.78333
        ]
      },
      "properties": {
        "name": "Sense",
        "country": "Tanzania",
        "region": "Tabora",
        "elevation_m": null,
        "population": 0,
        "feature_type": "populated place",
        "geoname_id": 150100
      }
    },
    {
      "type": "Feature",
      "geometry": {
        "type": "Point",
        "coordinates": [
          33.6,
          -8.53333
        ]
      },
      "properties": {
        "name": "Sengambia",
        "country": "Tanzania",
        "region": "Mbeya",
        "elevation_m": null,
        "population": 0,
        "feature_type": "populated place",
        "geoname_id": 150109
      }
    },
    {
      "type": "Feature",
      "geometry": {
        "type": "Point",
        "coordinates": [
          32.05,
          -5.75
        ]
      },
      "properties": {
        "name": "Senga",
        "country": "Tanzania",
        "region": "Tabora",
        "elevation_m": null,
        "population": 0,
        "feature_type": "populated place",
        "geoname_id": 150111
      }
    },
    {
      "type": "Feature",
      "geometry": {
        "type": "Point",
        "coordinates": [
          34.66667,
          -4.4
        ]
      },
      "properties": {
        "name": "Senga",
        "country": "Tanzania",
        "region": "Singida",
        "elevation_m": null,
        "population": 0,
        "feature_type": "populated place",
        "geoname_id": 150112
      }
    },
    {
      "type": "Feature",
      "geometry": {
        "type": "Point",
        "coordinates": [
          32.85,
          -3.86667
        ]
      },
      "properties": {
        "name": "Senegeza",
        "country": "Tanzania",
        "region": "Shinyanga",
        "elevation_m": null,
        "population": 0,
        "feature_type": "populated place",
        "geoname_id": 150116
      }
    },
    {
      "type": "Feature",
      "geometry": {
        "type": "Point",
        "coordinates": [
          39.78333,
          -5.18333
        ]
      },
      "properties": {
        "name": "Semewani",
        "country": "Tanzania",
        "region": "Pemba South",
        "elevation_m": null,
        "population": 0,
        "feature_type": "populated place",
        "geoname_id": 150122
      }
    },
    {
      "type": "Feature",
      "geometry": {
        "type": "Point",
        "coordinates": [
          33.56667,
          -1.7
        ]
      },
      "properties": {
        "name": "Seme",
        "country": "Tanzania",
        "region": "Mara",
        "elevation_m": null,
        "population": 0,
        "feature_type": "populated place",
        "geoname_id": 150124
      }
    },
    {
      "type": "Feature",
      "geometry": {
        "type": "Point",
        "coordinates": [
          39.76667,
          -5.18333
        ]
      },
      "properties": {
        "name": "Sembekesa",
        "country": "Tanzania",
        "region": "Pemba North",
        "elevation_m": null,
        "population": 0,
        "feature_type": "populated place",
        "geoname_id": 150128
      }
    },
    {
      "type": "Feature",
      "geometry": {
        "type": "Point",
        "coordinates": [
          37.91667,
          -6.78333
        ]
      },
      "properties": {
        "name": "Semakwede",
        "country": "Tanzania",
        "region": "Morogoro",
        "elevation_m": null,
        "population": 0,
        "feature_type": "populated place",
        "geoname_id": 150130
      }
    },
    {
      "type": "Feature",
      "geometry": {
        "type": "Point",
        "coordinates": [
          39.23333,
          -6.05
        ]
      },
      "properties": {
        "name": "Selem Mdogo",
        "country": "Tanzania",
        "region": "Zanzibar North",
        "elevation_m": null,
        "population": 0,
        "feature_type": "populated place",
        "geoname_id": 150133
      }
    },
    {
      "type": "Feature",
      "geometry": {
        "type": "Point",
        "coordinates": [
          39.23333,
          -6.05
        ]
      },
      "properties": {
        "name": "Selem Mbuyuni",
        "country": "Tanzania",
        "region": "Zanzibar North",
        "elevation_m": null,
        "population": 0,
        "feature_type": "populated place",
        "geoname_id": 150134
      }
    },
    {
      "type": "Feature",
      "geometry": {
        "type": "Point",
        "coordinates": [
          39.23333,
          -6.05
        ]
      },
      "properties": {
        "name": "Selem",
        "country": "Tanzania",
        "region": "Zanzibar North",
        "elevation_m": null,
        "population": 0,
        "feature_type": "populated place",
        "geoname_id": 150135
      }
    },
    {
      "type": "Feature",
      "geometry": {
        "type": "Point",
        "coordinates": [
          39.76667,
          -5.01667
        ]
      },
      "properties": {
        "name": "Selem",
        "country": "Tanzania",
        "region": "Pemba North",
        "elevation_m": null,
        "population": 0,
        "feature_type": "populated place",
        "geoname_id": 150136
      }
    },
    {
      "type": "Feature",
      "geometry": {
        "type": "Point",
        "coordinates": [
          33,
          -4.05
        ]
      },
      "properties": {
        "name": "Selelya",
        "country": "Tanzania",
        "region": "Tabora",
        "elevation_m": null,
        "population": 0,
        "feature_type": "populated place",
        "geoname_id": 150137
      }
    },
    {
      "type": "Feature",
      "geometry": {
        "type": "Point",
        "coordinates": [
          32.88333,
          -3.03333
        ]
      },
      "properties": {
        "name": "Selamhande",
        "country": "Tanzania",
        "region": "Mwanza",
        "elevation_m": null,
        "population": 0,
        "feature_type": "populated place",
        "geoname_id": 150141
      }
    },
    {
      "type": "Feature",
      "geometry": {
        "type": "Point",
        "coordinates": [
          37.36667,
          -5.26667
        ]
      },
      "properties": {
        "name": "Sekitok",
        "country": "Tanzania",
        "region": "Manyara",
        "elevation_m": null,
        "population": 0,
        "feature_type": "populated place",
        "geoname_id": 150145
      }
    },
    {
      "type": "Feature",
      "geometry": {
        "type": "Point",
        "coordinates": [
          35.03333,
          -5.68333
        ]
      },
      "properties": {
        "name": "Sekeura",
        "country": "Tanzania",
        "region": "Singida",
        "elevation_m": null,
        "population": 0,
        "feature_type": "populated place",
        "geoname_id": 150148
      }
    },
    {
      "type": "Feature",
      "geometry": {
        "type": "Point",
        "coordinates": [
          34.16667,
          -4.26667
        ]
      },
      "properties": {
        "name": "Sekenke",
        "country": "Tanzania",
        "region": "Singida",
        "elevation_m": null,
        "population": 0,
        "feature_type": "populated place",
        "geoname_id": 150151
      }
    },
    {
      "type": "Feature",
      "geometry": {
        "type": "Point",
        "coordinates": [
          33.51667,
          -3.33333
        ]
      },
      "properties": {
        "name": "Seke",
        "country": "Tanzania",
        "region": "Shinyanga",
        "elevation_m": null,
        "population": 0,
        "feature_type": "populated place",
        "geoname_id": 150152
      }
    },
    {
      "type": "Feature",
      "geometry": {
        "type": "Point",
        "coordinates": [
          36.31667,
          -6.03333
        ]
      },
      "properties": {
        "name": "Sejeli",
        "country": "Tanzania",
        "region": "Dodoma",
        "elevation_m": null,
        "population": 0,
        "feature_type": "populated place",
        "geoname_id": 150155
      }
    },
    {
      "type": "Feature",
      "geometry": {
        "type": "Point",
        "coordinates": [
          38.75,
          -4.98333
        ]
      },
      "properties": {
        "name": "Segoma",
        "country": "Tanzania",
        "region": "Tanga",
        "elevation_m": null,
        "population": 0,
        "feature_type": "populated place",
        "geoname_id": 150157
      }
    },
    {
      "type": "Feature",
      "geometry": {
        "type": "Point",
        "coordinates": [
          35.51667,
          -7.46667
        ]
      },
      "properties": {
        "name": "Segerere",
        "country": "Tanzania",
        "region": "Iringa",
        "elevation_m": null,
        "population": 0,
        "feature_type": "populated place",
        "geoname_id": 150160
      }
    },
    {
      "type": "Feature",
      "geometry": {
        "type": "Point",
        "coordinates": [
          33.7,
          -9.31667
        ]
      },
      "properties": {
        "name": "Segera",
        "country": "Tanzania",
        "region": "Mbeya",
        "elevation_m": null,
        "population": 0,
        "feature_type": "populated place",
        "geoname_id": 150162
      }
    },
    {
      "type": "Feature",
      "geometry": {
        "type": "Point",
        "coordinates": [
          36.15,
          -5.58333
        ]
      },
      "properties": {
        "name": "Segala",
        "country": "Tanzania",
        "region": "Dodoma",
        "elevation_m": null,
        "population": 0,
        "feature_type": "populated place",
        "geoname_id": 150165
      }
    },
    {
      "type": "Feature",
      "geometry": {
        "type": "Point",
        "coordinates": [
          39.75,
          -5.33333
        ]
      },
      "properties": {
        "name": "Sebushari",
        "country": "Tanzania",
        "region": "Pemba South",
        "elevation_m": null,
        "population": 0,
        "feature_type": "populated place",
        "geoname_id": 150169
      }
    },
    {
      "type": "Feature",
      "geometry": {
        "type": "Point",
        "coordinates": [
          39.21667,
          -6
        ]
      },
      "properties": {
        "name": "Sebleni",
        "country": "Tanzania",
        "region": "Zanzibar North",
        "elevation_m": null,
        "population": 0,
        "feature_type": "populated place",
        "geoname_id": 150170
      }
    },
    {
      "type": "Feature",
      "geometry": {
        "type": "Point",
        "coordinates": [
          39.81667,
          -5.16667
        ]
      },
      "properties": {
        "name": "Sebleni",
        "country": "Tanzania",
        "region": "Pemba North",
        "elevation_m": null,
        "population": 0,
        "feature_type": "populated place",
        "geoname_id": 150171
      }
    },
    {
      "type": "Feature",
      "geometry": {
        "type": "Point",
        "coordinates": [
          39.2872,
          -6.79882
        ]
      },
      "properties": {
        "name": "Sea View",
        "country": "Tanzania",
        "region": "Dar es Salaam Region",
        "elevation_m": null,
        "population": 0,
        "feature_type": "section of populated place",
        "geoname_id": 150173
      }
    },
    {
      "type": "Feature",
      "geometry": {
        "type": "Point",
        "coordinates": [
          32.76667,
          -6.56667
        ]
      },
      "properties": {
        "name": "Scante",
        "country": "Tanzania",
        "region": "Tabora",
        "elevation_m": null,
        "population": 0,
        "feature_type": "populated place",
        "geoname_id": 150178
      }
    },
    {
      "type": "Feature",
      "geometry": {
        "type": "Point",
        "coordinates": [
          31.83333,
          -8.71667
        ]
      },
      "properties": {
        "name": "Saza",
        "country": "Tanzania",
        "region": "Rukwa",
        "elevation_m": null,
        "population": 0,
        "feature_type": "populated place",
        "geoname_id": 150180
      }
    },
    {
      "type": "Feature",
      "geometry": {
        "type": "Point",
        "coordinates": [
          32.96667,
          -8.4
        ]
      },
      "properties": {
        "name": "Saza",
        "country": "Tanzania",
        "region": "Songwe",
        "elevation_m": null,
        "population": 0,
        "feature_type": "populated place",
        "geoname_id": 150181
      }
    },
    {
      "type": "Feature",
      "geometry": {
        "type": "Point",
        "coordinates": [
          34.16667,
          -1.36667
        ]
      },
      "properties": {
        "name": "Saye",
        "country": "Tanzania",
        "region": "Mara",
        "elevation_m": null,
        "population": 0,
        "feature_type": "populated place",
        "geoname_id": 150185
      }
    },
    {
      "type": "Feature",
      "geometry": {
        "type": "Point",
        "coordinates": [
          33.56667,
          -2.53333
        ]
      },
      "properties": {
        "name": "Sayaga",
        "country": "Tanzania",
        "region": "Mwanza",
        "elevation_m": null,
        "population": 0,
        "feature_type": "populated place",
        "geoname_id": 150186
      }
    },
    {
      "type": "Feature",
      "geometry": {
        "type": "Point",
        "coordinates": [
          38.48333,
          -4.98333
        ]
      },
      "properties": {
        "name": "Sawoni",
        "country": "Tanzania",
        "region": "Tanga",
        "elevation_m": null,
        "population": 0,
        "feature_type": "populated place",
        "geoname_id": 150188
      }
    },
    {
      "type": "Feature",
      "geometry": {
        "type": "Point",
        "coordinates": [
          33.58333,
          -8.56667
        ]
      },
      "properties": {
        "name": "Sawika",
        "country": "Tanzania",
        "region": "Mbeya",
        "elevation_m": null,
        "population": 0,
        "feature_type": "populated place",
        "geoname_id": 150189
      }
    },
    {
      "type": "Feature",
      "geometry": {
        "type": "Point",
        "coordinates": [
          33.7,
          -2.86667
        ]
      },
      "properties": {
        "name": "Sawida",
        "country": "Tanzania",
        "region": "Simiyu",
        "elevation_m": null,
        "population": 0,
        "feature_type": "populated place",
        "geoname_id": 150190
      }
    },
    {
      "type": "Feature",
      "geometry": {
        "type": "Point",
        "coordinates": [
          35.4,
          -7.51667
        ]
      },
      "properties": {
        "name": "Sasamambo",
        "country": "Tanzania",
        "region": "Iringa",
        "elevation_m": null,
        "population": 0,
        "feature_type": "populated place",
        "geoname_id": 150203
      }
    },
    {
      "type": "Feature",
      "geometry": {
        "type": "Point",
        "coordinates": [
          35.95,
          -6.71667
        ]
      },
      "properties": {
        "name": "Sasajila",
        "country": "Tanzania",
        "region": "Dodoma",
        "elevation_m": null,
        "population": 0,
        "feature_type": "populated place",
        "geoname_id": 150207
      }
    },
    {
      "type": "Feature",
      "geometry": {
        "type": "Point",
        "coordinates": [
          34.95,
          -5.93333
        ]
      },
      "properties": {
        "name": "Sasajila",
        "country": "Tanzania",
        "region": "Singida",
        "elevation_m": null,
        "population": 0,
        "feature_type": "populated place",
        "geoname_id": 150208
      }
    },
    {
      "type": "Feature",
      "geometry": {
        "type": "Point",
        "coordinates": [
          37.98333,
          -5.76667
        ]
      },
      "properties": {
        "name": "Saraui",
        "country": "Tanzania",
        "region": "Tanga",
        "elevation_m": null,
        "population": 0,
        "feature_type": "populated place",
        "geoname_id": 150212
      }
    },
    {
      "type": "Feature",
      "geometry": {
        "type": "Point",
        "coordinates": [
          34.98333,
          -5.71667
        ]
      },
      "properties": {
        "name": "Saranda",
        "country": "Tanzania",
        "region": "Singida",
        "elevation_m": null,
        "population": 0,
        "feature_type": "populated place",
        "geoname_id": 150213
      }
    },
    {
      "type": "Feature",
      "geometry": {
        "type": "Point",
        "coordinates": [
          35.2,
          -8.33333
        ]
      },
      "properties": {
        "name": "Sao Hill",
        "country": "Tanzania",
        "region": "Iringa",
        "elevation_m": null,
        "population": 0,
        "feature_type": "populated place",
        "geoname_id": 150219
      }
    },
    {
      "type": "Feature",
      "geometry": {
        "type": "Point",
        "coordinates": [
          32.68333,
          -9.21667
        ]
      },
      "properties": {
        "name": "Sanzi",
        "country": "Tanzania",
        "region": "Songwe",
        "elevation_m": null,
        "population": 0,
        "feature_type": "populated place",
        "geoname_id": 150220
      }
    },
    {
      "type": "Feature",
      "geometry": {
        "type": "Point",
        "coordinates": [
          29.65,
          -4.5
        ]
      },
      "properties": {
        "name": "Sanze",
        "country": "Tanzania",
        "region": "Kigoma",
        "elevation_m": null,
        "population": 0,
        "feature_type": "populated place",
        "geoname_id": 150221
      }
    }
  ]
}