{
  "type": "FeatureCollection",
  "features": [
    {
      "type": "Feature",
      "geometry": {
        "type": "Point",
        "coordinates": [
          33.78725,
          -13.96692
        ]
      },
      "properties": {
        "name": "Lilongwe",
        "country": "Malawi",
        "region": "Central Region",
        "elevation_m": null,
        "population": 1115815,
        "feature_type": "capital of a political entity",
        "geoname_id": 927967
      }
    },
    {
      "type": "Feature",
      "geometry": {
        "type": "Point",
        "coordinates": [
          35.00854,
          -15.78499
        ]
      },
      "properties": {
        "name": "Blantyre",
        "country": "Malawi",
        "region": "Southern Region",
        "elevation_m": null,
        "population": 902588,
        "feature_type": "seat of a first-order administrative division",
        "geoname_id": 931755
      }
    },
    {
      "type": "Feature",
      "geometry": {
        "type": "Point",
        "coordinates": [
          34.02071,
          -11.46556
        ]
      },
      "properties": {
        "name": "Mzuzu",
        "country": "Malawi",
        "region": "Northern Region",
        "elevation_m": null,
        "population": 249564,
        "feature_type": "seat of a first-order administrative division",
        "geoname_id": 925475
      }
    },
    {
      "type": "Feature",
      "geometry": {
        "type": "Point",
        "coordinates": [
          35.3188,
          -15.38596
        ]
      },
      "properties": {
        "name": "Zomba",
        "country": "Malawi",
        "region": "Southern Region",
        "elevation_m": null,
        "population": 118440,
        "feature_type": "seat of a second-order administrative division",
        "geoname_id": 923295
      }
    },
    {
      "type": "Feature",
      "geometry": {
        "type": "Point",
        "coordinates": [
          33.93333,
          -9.93333
        ]
      },
      "properties": {
        "name": "Karonga",
        "country": "Malawi",
        "region": "Northern Region",
        "elevation_m": null,
        "population": 69486,
        "feature_type": "seat of a second-order administrative division",
        "geoname_id": 235715
      }
    },
    {
      "type": "Feature",
      "geometry": {
        "type": "Point",
        "coordinates": [
          33.48333,
          -13.03333
        ]
      },
      "properties": {
        "name": "Kasungu",
        "country": "Malawi",
        "region": "Central Region",
        "elevation_m": null,
        "population": 66152,
        "feature_type": "seat of a second-order administrative division",
        "geoname_id": 928534
      }
    },
    {
      "type": "Feature",
      "geometry": {
        "type": "Point",
        "coordinates": [
          35.26448,
          -14.47815
        ]
      },
      "properties": {
        "name": "Mangochi",
        "country": "Malawi",
        "region": "Southern Region",
        "elevation_m": null,
        "population": 60338,
        "feature_type": "seat of a second-order administrative division",
        "geoname_id": 927246
      }
    },
    {
      "type": "Feature",
      "geometry": {
        "type": "Point",
        "coordinates": [
          34.4587,
          -13.7804
        ]
      },
      "properties": {
        "name": "Salima",
        "country": "Malawi",
        "region": "Central Region",
        "elevation_m": null,
        "population": 41492,
        "feature_type": "seat of a second-order administrative division",
        "geoname_id": 924055
      }
    },
    {
      "type": "Feature",
      "geometry": {
        "type": "Point",
        "coordinates": [
          35.22543,
          -15.06665
        ]
      },
      "properties": {
        "name": "Liwonde",
        "country": "Malawi",
        "region": "Southern Region",
        "elevation_m": null,
        "population": 41077,
        "feature_type": "populated place",
        "geoname_id": 927834
      }
    },
    {
      "type": "Feature",
      "geometry": {
        "type": "Point",
        "coordinates": [
          34.95575,
          -14.97928
        ]
      },
      "properties": {
        "name": "Balaka",
        "country": "Malawi",
        "region": "Southern Region",
        "elevation_m": null,
        "population": 40950,
        "feature_type": "seat of a second-order administrative division",
        "geoname_id": 931865
      }
    },
    {
      "type": "Feature",
      "geometry": {
        "type": "Point",
        "coordinates": [
          34.33322,
          -14.3779
        ]
      },
      "properties": {
        "name": "Dedza",
        "country": "Malawi",
        "region": "Central Region",
        "elevation_m": null,
        "population": 34882,
        "feature_type": "seat of a second-order administrative division",
        "geoname_id": 930025
      }
    },
    {
      "type": "Feature",
      "geometry": {
        "type": "Point",
        "coordinates": [
          34.29614,
          -12.92744
        ]
      },
      "properties": {
        "name": "Nkhotakota",
        "country": "Malawi",
        "region": "Central Region",
        "elevation_m": null,
        "population": 31974,
        "feature_type": "seat of a second-order administrative division",
        "geoname_id": 924705
      }
    },
    {
      "type": "Feature",
      "geometry": {
        "type": "Point",
        "coordinates": [
          32.88019,
          -13.79841
        ]
      },
      "properties": {
        "name": "Mchinji",
        "country": "Malawi",
        "region": "Central Region",
        "elevation_m": null,
        "population": 31592,
        "feature_type": "seat of a second-order administrative division",
        "geoname_id": 926747
      }
    },
    {
      "type": "Feature",
      "geometry": {
        "type": "Point",
        "coordinates": [
          35.26199,
          -16.91995
        ]
      },
      "properties": {
        "name": "Nsanje",
        "country": "Malawi",
        "region": "Southern Region",
        "elevation_m": null,
        "population": 30276,
        "feature_type": "seat of a second-order administrative division",
        "geoname_id": 924572
      }
    },
    {
      "type": "Feature",
      "geometry": {
        "type": "Point",
        "coordinates": [
          33.6,
          -11.9
        ]
      },
      "properties": {
        "name": "Mzimba",
        "country": "Malawi",
        "region": "Northern Region",
        "elevation_m": null,
        "population": 29432,
        "feature_type": "seat of a second-order administrative division",
        "geoname_id": 925498
      }
    },
    {
      "type": "Feature",
      "geometry": {
        "type": "Point",
        "coordinates": [
          33.73933,
          -13.53099
        ]
      },
      "properties": {
        "name": "Mponela",
        "country": "Malawi",
        "region": "Central Region",
        "elevation_m": null,
        "population": 27681,
        "feature_type": "populated place",
        "geoname_id": 926087
      }
    },
    {
      "type": "Feature",
      "geometry": {
        "type": "Point",
        "coordinates": [
          33.85746,
          -11.01863
        ]
      },
      "properties": {
        "name": "Rumphi",
        "country": "Malawi",
        "region": "Northern Region",
        "elevation_m": null,
        "population": 25216,
        "feature_type": "seat of a second-order administrative division",
        "geoname_id": 924102
      }
    },
    {
      "type": "Feature",
      "geometry": {
        "type": "Point",
        "coordinates": [
          34.63586,
          -14.82027
        ]
      },
      "properties": {
        "name": "Ntcheu",
        "country": "Malawi",
        "region": "Central Region",
        "elevation_m": null,
        "population": 23956,
        "feature_type": "seat of a second-order administrative division",
        "geoname_id": 924492
      }
    },
    {
      "type": "Feature",
      "geometry": {
        "type": "Point",
        "coordinates": [
          34.52479,
          -15.60262
        ]
      },
      "properties": {
        "name": "Mwanza",
        "country": "Malawi",
        "region": "Southern Region",
        "elevation_m": null,
        "population": 20345,
        "feature_type": "seat of a second-order administrative division",
        "geoname_id": 925596
      }
    },
    {
      "type": "Feature",
      "geometry": {
        "type": "Point",
        "coordinates": [
          33.26969,
          -9.70237
        ]
      },
      "properties": {
        "name": "Chitipa",
        "country": "Malawi",
        "region": "Northern Region",
        "elevation_m": null,
        "population": 20011,
        "feature_type": "seat of a second-order administrative division",
        "geoname_id": 235751
      }
    },
    {
      "type": "Feature",
      "geometry": {
        "type": "Point",
        "coordinates": [
          34.91652,
          -14.08239
        ]
      },
      "properties": {
        "name": "Monkey Bay",
        "country": "Malawi",
        "region": "Southern Region",
        "elevation_m": null,
        "population": 16867,
        "feature_type": "populated place",
        "geoname_id": 926308
      }
    },
    {
      "type": "Feature",
      "geometry": {
        "type": "Point",
        "coordinates": [
          35.5,
          -16.03163
        ]
      },
      "properties": {
        "name": "Mulanje",
        "country": "Malawi",
        "region": "Southern Region",
        "elevation_m": null,
        "population": 16672,
        "feature_type": "seat of a second-order administrative division",
        "geoname_id": 925789
      }
    },
    {
      "type": "Feature",
      "geometry": {
        "type": "Point",
        "coordinates": [
          34.29073,
          -11.60659
        ]
      },
      "properties": {
        "name": "Nkhata Bay",
        "country": "Malawi",
        "region": "Northern Region",
        "elevation_m": null,
        "population": 16099,
        "feature_type": "seat of a second-order administrative division",
        "geoname_id": 924732
      }
    },
    {
      "type": "Feature",
      "geometry": {
        "type": "Point",
        "coordinates": [
          35.30947,
          -16.00693
        ]
      },
      "properties": {
        "name": "Luchenza",
        "country": "Malawi",
        "region": "Southern Region",
        "elevation_m": null,
        "population": 14211,
        "feature_type": "populated place",
        "geoname_id": 927792
      }
    },
    {
      "type": "Feature",
      "geometry": {
        "type": "Point",
        "coordinates": [
          33.90928,
          -13.40237
        ]
      },
      "properties": {
        "name": "Chipeni",
        "country": "Malawi",
        "region": "Central Region",
        "elevation_m": null,
        "population": 10553,
        "feature_type": "populated place",
        "geoname_id": 12183605
      }
    },
    {
      "type": "Feature",
      "geometry": {
        "type": "Point",
        "coordinates": [
          35.14046,
          -16.06775
        ]
      },
      "properties": {
        "name": "Thyolo",
        "country": "Malawi",
        "region": "Southern Region",
        "elevation_m": null,
        "population": 8845,
        "feature_type": "seat of a second-order administrative division",
        "geoname_id": 923652
      }
    },
    {
      "type": "Feature",
      "geometry": {
        "type": "Point",
        "coordinates": [
          33.93754,
          -13.65399
        ]
      },
      "properties": {
        "name": "Dowa",
        "country": "Malawi",
        "region": "Central Region",
        "elevation_m": null,
        "population": 8047,
        "feature_type": "seat of a second-order administrative division",
        "geoname_id": 929977
      }
    },
    {
      "type": "Feature",
      "geometry": {
        "type": "Point",
        "coordinates": [
          34.91147,
          -16.49428
        ]
      },
      "properties": {
        "name": "Ngabu",
        "country": "Malawi",
        "region": "Southern Region",
        "elevation_m": null,
        "population": 7931,
        "feature_type": "populated place",
        "geoname_id": 924959
      }
    },
    {
      "type": "Feature",
      "geometry": {
        "type": "Point",
        "coordinates": [
          33.9149,
          -13.52775
        ]
      },
      "properties": {
        "name": "Ntchisi",
        "country": "Malawi",
        "region": "Central Region",
        "elevation_m": null,
        "population": 7918,
        "feature_type": "seat of a second-order administrative division",
        "geoname_id": 924491
      }
    },
    {
      "type": "Feature",
      "geometry": {
        "type": "Point",
        "coordinates": [
          34.73333,
          -12.06667
        ]
      },
      "properties": {
        "name": "Likoma",
        "country": "Malawi",
        "region": "Northern Region",
        "elevation_m": null,
        "population": 7683,
        "feature_type": "seat of a second-order administrative division",
        "geoname_id": 924944
      }
    },
    {
      "type": "Feature",
      "geometry": {
        "type": "Point",
        "coordinates": [
          34.51566,
          -13.99329
        ]
      },
      "properties": {
        "name": "Chipoka",
        "country": "Malawi",
        "region": "Central Region",
        "elevation_m": null,
        "population": 7212,
        "feature_type": "populated place",
        "geoname_id": 930629
      }
    },
    {
      "type": "Feature",
      "geometry": {
        "type": "Point",
        "coordinates": [
          35.65067,
          -15.80635
        ]
      },
      "properties": {
        "name": "Phalombe",
        "country": "Malawi",
        "region": "Southern Region",
        "elevation_m": null,
        "population": 7040,
        "feature_type": "seat of a second-order administrative division",
        "geoname_id": 924206
      }
    },
    {
      "type": "Feature",
      "geometry": {
        "type": "Point",
        "coordinates": [
          34.80091,
          -16.03352
        ]
      },
      "properties": {
        "name": "Chikwawa",
        "country": "Malawi",
        "region": "Southern Region",
        "elevation_m": null,
        "population": 6987,
        "feature_type": "seat of a second-order administrative division",
        "geoname_id": 931070
      }
    },
    {
      "type": "Feature",
      "geometry": {
        "type": "Point",
        "coordinates": [
          34.10788,
          -10.60603
        ]
      },
      "properties": {
        "name": "Livingstonia",
        "country": "Malawi",
        "region": "Northern Region",
        "elevation_m": null,
        "population": 5552,
        "feature_type": "populated place",
        "geoname_id": 927856
      }
    },
    {
      "type": "Feature",
      "geometry": {
        "type": "Point",
        "coordinates": [
          34.62423,
          -12.02862
        ]
      },
      "properties": {
        "name": "Chisumulu",
        "country": "Malawi",
        "region": "Northern Region",
        "elevation_m": null,
        "population": 4000,
        "feature_type": "populated place",
        "geoname_id": 930475
      }
    },
    {
      "type": "Feature",
      "geometry": {
        "type": "Point",
        "coordinates": [
          35.14071,
          -15.67461
        ]
      },
      "properties": {
        "name": "Chiradzulu",
        "country": "Malawi",
        "region": "Southern Region",
        "elevation_m": null,
        "population": 1580,
        "feature_type": "seat of a second-order administrative division",
        "geoname_id": 930580
      }
    },
    {
      "type": "Feature",
      "geometry": {
        "type": "Point",
        "coordinates": [
          35.30002,
          -15.16849
        ]
      },
      "properties": {
        "name": "Machinga",
        "country": "Malawi",
        "region": "Southern Region",
        "elevation_m": null,
        "population": 1418,
        "feature_type": "seat of a second-order administrative division",
        "geoname_id": 927643
      }
    },
    {
      "type": "Feature",
      "geometry": {
        "type": "Point",
        "coordinates": [
          33.63067,
          -10.92414
        ]
      },
      "properties": {
        "name": "Chikupizga Village",
        "country": "Malawi",
        "region": "Northern Region",
        "elevation_m": null,
        "population": 50,
        "feature_type": "populated place",
        "geoname_id": 8478232
      }
    },
    {
      "type": "Feature",
      "geometry": {
        "type": "Point",
        "coordinates": [
          33.21354,
          -9.58661
        ]
      },
      "properties": {
        "name": "Zebedia",
        "country": "Malawi",
        "region": "Northern Region",
        "elevation_m": null,
        "population": 0,
        "feature_type": "populated place",
        "geoname_id": 235623
      }
    },
    {
      "type": "Feature",
      "geometry": {
        "type": "Point",
        "coordinates": [
          33.4,
          -9.65
        ]
      },
      "properties": {
        "name": "Witombe",
        "country": "Malawi",
        "region": "Northern Region",
        "elevation_m": null,
        "population": 0,
        "feature_type": "populated place",
        "geoname_id": 235625
      }
    },
    {
      "type": "Feature",
      "geometry": {
        "type": "Point",
        "coordinates": [
          33.55,
          -9.63333
        ]
      },
      "properties": {
        "name": "Tayali",
        "country": "Malawi",
        "region": "Northern Region",
        "elevation_m": null,
        "population": 0,
        "feature_type": "populated place",
        "geoname_id": 235632
      }
    },
    {
      "type": "Feature",
      "geometry": {
        "type": "Point",
        "coordinates": [
          33.4,
          -9.58333
        ]
      },
      "properties": {
        "name": "Takeyo",
        "country": "Malawi",
        "region": "Northern Region",
        "elevation_m": null,
        "population": 0,
        "feature_type": "populated place",
        "geoname_id": 235633
      }
    },
    {
      "type": "Feature",
      "geometry": {
        "type": "Point",
        "coordinates": [
          33.16667,
          -9.56667
        ]
      },
      "properties": {
        "name": "Smomba",
        "country": "Malawi",
        "region": "Northern Region",
        "elevation_m": null,
        "population": 0,
        "feature_type": "populated place",
        "geoname_id": 235636
      }
    },
    {
      "type": "Feature",
      "geometry": {
        "type": "Point",
        "coordinates": [
          33.46667,
          -9.71667
        ]
      },
      "properties": {
        "name": "Simumbo",
        "country": "Malawi",
        "region": "Northern Region",
        "elevation_m": null,
        "population": 0,
        "feature_type": "populated place",
        "geoname_id": 235637
      }
    },
    {
      "type": "Feature",
      "geometry": {
        "type": "Point",
        "coordinates": [
          33.26131,
          -9.74954
        ]
      },
      "properties": {
        "name": "Sikana",
        "country": "Malawi",
        "region": "Northern Region",
        "elevation_m": null,
        "population": 0,
        "feature_type": "populated place",
        "geoname_id": 235638
      }
    },
    {
      "type": "Feature",
      "geometry": {
        "type": "Point",
        "coordinates": [
          33.31781,
          -9.67006
        ]
      },
      "properties": {
        "name": "Siyenye",
        "country": "Malawi",
        "region": "Northern Region",
        "elevation_m": null,
        "population": 0,
        "feature_type": "populated place",
        "geoname_id": 235639
      }
    },
    {
      "type": "Feature",
      "geometry": {
        "type": "Point",
        "coordinates": [
          33.53742,
          -9.7301
        ]
      },
      "properties": {
        "name": "Sanga",
        "country": "Malawi",
        "region": "Northern Region",
        "elevation_m": null,
        "population": 0,
        "feature_type": "populated place",
        "geoname_id": 235642
      }
    },
    {
      "type": "Feature",
      "geometry": {
        "type": "Point",
        "coordinates": [
          33.27271,
          -9.72949
        ]
      },
      "properties": {
        "name": "Chesa Sabuni",
        "country": "Malawi",
        "region": "Northern Region",
        "elevation_m": null,
        "population": 0,
        "feature_type": "populated place",
        "geoname_id": 235643
      }
    },
    {
      "type": "Feature",
      "geometry": {
        "type": "Point",
        "coordinates": [
          33.07113,
          -9.56344
        ]
      },
      "properties": {
        "name": "Ruben",
        "country": "Malawi",
        "region": "Northern Region",
        "elevation_m": null,
        "population": 0,
        "feature_type": "populated place",
        "geoname_id": 235646
      }
    },
    {
      "type": "Feature",
      "geometry": {
        "type": "Point",
        "coordinates": [
          33.20462,
          -9.5235
        ]
      },
      "properties": {
        "name": "Robert",
        "country": "Malawi",
        "region": "Northern Region",
        "elevation_m": null,
        "population": 0,
        "feature_type": "populated place",
        "geoname_id": 235647
      }
    },
    {
      "type": "Feature",
      "geometry": {
        "type": "Point",
        "coordinates": [
          33.28333,
          -9.58333
        ]
      },
      "properties": {
        "name": "Pasajule",
        "country": "Malawi",
        "region": "Northern Region",
        "elevation_m": null,
        "population": 0,
        "feature_type": "populated place",
        "geoname_id": 235649
      }
    },
    {
      "type": "Feature",
      "geometry": {
        "type": "Point",
        "coordinates": [
          33.2,
          -9.51667
        ]
      },
      "properties": {
        "name": "Nosa",
        "country": "Malawi",
        "region": "Northern Region",
        "elevation_m": null,
        "population": 0,
        "feature_type": "populated place",
        "geoname_id": 235652
      }
    },
    {
      "type": "Feature",
      "geometry": {
        "type": "Point",
        "coordinates": [
          33.81914,
          -9.80624
        ]
      },
      "properties": {
        "name": "Ngerenge",
        "country": "Malawi",
        "region": "Northern Region",
        "elevation_m": null,
        "population": 0,
        "feature_type": "populated place",
        "geoname_id": 235655
      }
    },
    {
      "type": "Feature",
      "geometry": {
        "type": "Point",
        "coordinates": [
          33.5737,
          -9.61519
        ]
      },
      "properties": {
        "name": "Namwene",
        "country": "Malawi",
        "region": "Northern Region",
        "elevation_m": null,
        "population": 0,
        "feature_type": "populated place",
        "geoname_id": 235657
      }
    },
    {
      "type": "Feature",
      "geometry": {
        "type": "Point",
        "coordinates": [
          33.36667,
          -9.6
        ]
      },
      "properties": {
        "name": "Narata",
        "country": "Malawi",
        "region": "Northern Region",
        "elevation_m": null,
        "population": 0,
        "feature_type": "populated place",
        "geoname_id": 235660
      }
    },
    {
      "type": "Feature",
      "geometry": {
        "type": "Point",
        "coordinates": [
          33.32635,
          -9.76136
        ]
      },
      "properties": {
        "name": "Namatandala",
        "country": "Malawi",
        "region": "Northern Region",
        "elevation_m": null,
        "population": 0,
        "feature_type": "populated place",
        "geoname_id": 235662
      }
    },
    {
      "type": "Feature",
      "geometry": {
        "type": "Point",
        "coordinates": [
          33.41921,
          -9.76093
        ]
      },
      "properties": {
        "name": "Mwenewanda",
        "country": "Malawi",
        "region": "Northern Region",
        "elevation_m": null,
        "population": 0,
        "feature_type": "populated place",
        "geoname_id": 235665
      }
    },
    {
      "type": "Feature",
      "geometry": {
        "type": "Point",
        "coordinates": [
          33.16667,
          -9.58333
        ]
      },
      "properties": {
        "name": "Mwennipoka",
        "country": "Malawi",
        "region": "Northern Region",
        "elevation_m": null,
        "population": 0,
        "feature_type": "populated place",
        "geoname_id": 235667
      }
    },
    {
      "type": "Feature",
      "geometry": {
        "type": "Point",
        "coordinates": [
          33.40713,
          -9.60103
        ]
      },
      "properties": {
        "name": "Mwenefumbo",
        "country": "Malawi",
        "region": "Northern Region",
        "elevation_m": null,
        "population": 0,
        "feature_type": "populated place",
        "geoname_id": 235668
      }
    },
    {
      "type": "Feature",
      "geometry": {
        "type": "Point",
        "coordinates": [
          33.56767,
          -9.60781
        ]
      },
      "properties": {
        "name": "Mwaswero",
        "country": "Malawi",
        "region": "Northern Region",
        "elevation_m": null,
        "population": 0,
        "feature_type": "populated place",
        "geoname_id": 235669
      }
    },
    {
      "type": "Feature",
      "geometry": {
        "type": "Point",
        "coordinates": [
          33.69302,
          -9.66267
        ]
      },
      "properties": {
        "name": "Mwasalono",
        "country": "Malawi",
        "region": "Northern Region",
        "elevation_m": null,
        "population": 0,
        "feature_type": "populated place",
        "geoname_id": 235670
      }
    },
    {
      "type": "Feature",
      "geometry": {
        "type": "Point",
        "coordinates": [
          33.36667,
          -9.53333
        ]
      },
      "properties": {
        "name": "Mwapiwu",
        "country": "Malawi",
        "region": "Northern Region",
        "elevation_m": null,
        "population": 0,
        "feature_type": "populated place",
        "geoname_id": 235671
      }
    },
    {
      "type": "Feature",
      "geometry": {
        "type": "Point",
        "coordinates": [
          33.3765,
          -9.57042
        ]
      },
      "properties": {
        "name": "Mwamswere",
        "country": "Malawi",
        "region": "Northern Region",
        "elevation_m": null,
        "population": 0,
        "feature_type": "populated place",
        "geoname_id": 235672
      }
    },
    {
      "type": "Feature",
      "geometry": {
        "type": "Point",
        "coordinates": [
          33.58252,
          -9.71534
        ]
      },
      "properties": {
        "name": "Mwakayera",
        "country": "Malawi",
        "region": "Northern Region",
        "elevation_m": null,
        "population": 0,
        "feature_type": "populated place",
        "geoname_id": 235673
      }
    },
    {
      "type": "Feature",
      "geometry": {
        "type": "Point",
        "coordinates": [
          33.30758,
          -9.61147
        ]
      },
      "properties": {
        "name": "Mwakabanga",
        "country": "Malawi",
        "region": "Northern Region",
        "elevation_m": null,
        "population": 0,
        "feature_type": "populated place",
        "geoname_id": 235674
      }
    },
    {
      "type": "Feature",
      "geometry": {
        "type": "Point",
        "coordinates": [
          33.46274,
          -9.75283
        ]
      },
      "properties": {
        "name": "Mutanga",
        "country": "Malawi",
        "region": "Northern Region",
        "elevation_m": null,
        "population": 0,
        "feature_type": "populated place",
        "geoname_id": 235676
      }
    },
    {
      "type": "Feature",
      "geometry": {
        "type": "Point",
        "coordinates": [
          33.32444,
          -9.71283
        ]
      },
      "properties": {
        "name": "Mung’umbe",
        "country": "Malawi",
        "region": "Northern Region",
        "elevation_m": null,
        "population": 0,
        "feature_type": "populated place",
        "geoname_id": 235678
      }
    },
    {
      "type": "Feature",
      "geometry": {
        "type": "Point",
        "coordinates": [
          33.08794,
          -9.65069
        ]
      },
      "properties": {
        "name": "Molukwa",
        "country": "Malawi",
        "region": "Northern Region",
        "elevation_m": null,
        "population": 0,
        "feature_type": "populated place",
        "geoname_id": 235679
      }
    },
    {
      "type": "Feature",
      "geometry": {
        "type": "Point",
        "coordinates": [
          33.5309,
          -9.68727
        ]
      },
      "properties": {
        "name": "Misuku",
        "country": "Malawi",
        "region": "Northern Region",
        "elevation_m": null,
        "population": 0,
        "feature_type": "populated place",
        "geoname_id": 235686
      }
    },
    {
      "type": "Feature",
      "geometry": {
        "type": "Point",
        "coordinates": [
          33.28333,
          -9.53333
        ]
      },
      "properties": {
        "name": "Mariku",
        "country": "Malawi",
        "region": "Northern Region",
        "elevation_m": null,
        "population": 0,
        "feature_type": "populated place",
        "geoname_id": 235691
      }
    },
    {
      "type": "Feature",
      "geometry": {
        "type": "Point",
        "coordinates": [
          33.51667,
          -9.61667
        ]
      },
      "properties": {
        "name": "Makikomi",
        "country": "Malawi",
        "region": "Northern Region",
        "elevation_m": null,
        "population": 0,
        "feature_type": "populated place",
        "geoname_id": 235696
      }
    },
    {
      "type": "Feature",
      "geometry": {
        "type": "Point",
        "coordinates": [
          33.45,
          -9.63333
        ]
      },
      "properties": {
        "name": "Maconga",
        "country": "Malawi",
        "region": "Northern Region",
        "elevation_m": null,
        "population": 0,
        "feature_type": "populated place",
        "geoname_id": 235698
      }
    },
    {
      "type": "Feature",
      "geometry": {
        "type": "Point",
        "coordinates": [
          33.38333,
          -9.55
        ]
      },
      "properties": {
        "name": "Luwitika",
        "country": "Malawi",
        "region": "Northern Region",
        "elevation_m": null,
        "population": 0,
        "feature_type": "populated place",
        "geoname_id": 235699
      }
    },
    {
      "type": "Feature",
      "geometry": {
        "type": "Point",
        "coordinates": [
          33.83756,
          -9.73776
        ]
      },
      "properties": {
        "name": "Katumbi",
        "country": "Malawi",
        "region": "Northern Region",
        "elevation_m": null,
        "population": 0,
        "feature_type": "populated place",
        "geoname_id": 235708
      }
    },
    {
      "type": "Feature",
      "geometry": {
        "type": "Point",
        "coordinates": [
          33.86628,
          -9.74285
        ]
      },
      "properties": {
        "name": "Kaporo",
        "country": "Malawi",
        "region": "Northern Region",
        "elevation_m": null,
        "population": 0,
        "feature_type": "populated place",
        "geoname_id": 235717
      }
    },
    {
      "type": "Feature",
      "geometry": {
        "type": "Point",
        "coordinates": [
          33.23248,
          -9.71549
        ]
      },
      "properties": {
        "name": "Kanyala",
        "country": "Malawi",
        "region": "Northern Region",
        "elevation_m": null,
        "population": 0,
        "feature_type": "populated place",
        "geoname_id": 235721
      }
    },
    {
      "type": "Feature",
      "geometry": {
        "type": "Point",
        "coordinates": [
          33.24482,
          -9.56293
        ]
      },
      "properties": {
        "name": "Kanowa",
        "country": "Malawi",
        "region": "Northern Region",
        "elevation_m": null,
        "population": 0,
        "feature_type": "populated place",
        "geoname_id": 235723
      }
    },
    {
      "type": "Feature",
      "geometry": {
        "type": "Point",
        "coordinates": [
          33.13235,
          -9.545
        ]
      },
      "properties": {
        "name": "Kameme",
        "country": "Malawi",
        "region": "Northern Region",
        "elevation_m": null,
        "population": 0,
        "feature_type": "populated place",
        "geoname_id": 235725
      }
    },
    {
      "type": "Feature",
      "geometry": {
        "type": "Point",
        "coordinates": [
          33.27005,
          -9.59314
        ]
      },
      "properties": {
        "name": "Kafora",
        "country": "Malawi",
        "region": "Northern Region",
        "elevation_m": null,
        "population": 0,
        "feature_type": "populated place",
        "geoname_id": 235729
      }
    },
    {
      "type": "Feature",
      "geometry": {
        "type": "Point",
        "coordinates": [
          33.05363,
          -9.60666
        ]
      },
      "properties": {
        "name": "James Kameme",
        "country": "Malawi",
        "region": "Northern Region",
        "elevation_m": null,
        "population": 0,
        "feature_type": "populated place",
        "geoname_id": 235731
      }
    },
    {
      "type": "Feature",
      "geometry": {
        "type": "Point",
        "coordinates": [
          33.41123,
          -9.63765
        ]
      },
      "properties": {
        "name": "Ipulukutu",
        "country": "Malawi",
        "region": "Northern Region",
        "elevation_m": null,
        "population": 0,
        "feature_type": "populated place",
        "geoname_id": 235732
      }
    },
    {
      "type": "Feature",
      "geometry": {
        "type": "Point",
        "coordinates": [
          33.91667,
          -9.73333
        ]
      },
      "properties": {
        "name": "Fundi",
        "country": "Malawi",
        "region": "Central Region",
        "elevation_m": null,
        "population": 0,
        "feature_type": "populated place",
        "geoname_id": 235739
      }
    },
    {
      "type": "Feature",
      "geometry": {
        "type": "Point",
        "coordinates": [
          33.43333,
          -9.73333
        ]
      },
      "properties": {
        "name": "Foroka",
        "country": "Malawi",
        "region": "Northern Region",
        "elevation_m": null,
        "population": 0,
        "feature_type": "populated place",
        "geoname_id": 235740
      }
    },
    {
      "type": "Feature",
      "geometry": {
        "type": "Point",
        "coordinates": [
          33.24241,
          -9.63719
        ]
      },
      "properties": {
        "name": "Fonka",
        "country": "Malawi",
        "region": "Northern Region",
        "elevation_m": null,
        "population": 0,
        "feature_type": "populated place",
        "geoname_id": 235741
      }
    },
    {
      "type": "Feature",
      "geometry": {
        "type": "Point",
        "coordinates": [
          33.38333,
          -9.65
        ]
      },
      "properties": {
        "name": "Conga",
        "country": "Malawi",
        "region": "Northern Region",
        "elevation_m": null,
        "population": 0,
        "feature_type": "populated place",
        "geoname_id": 235743
      }
    },
    {
      "type": "Feature",
      "geometry": {
        "type": "Point",
        "coordinates": [
          33.49111,
          -9.71494
        ]
      },
      "properties": {
        "name": "Chiwanda",
        "country": "Malawi",
        "region": "Northern Region",
        "elevation_m": null,
        "population": 0,
        "feature_type": "populated place",
        "geoname_id": 235747
      }
    },
    {
      "type": "Feature",
      "geometry": {
        "type": "Point",
        "coordinates": [
          33.56647,
          -9.64056
        ]
      },
      "properties": {
        "name": "Chitete",
        "country": "Malawi",
        "region": "Northern Region",
        "elevation_m": null,
        "population": 0,
        "feature_type": "populated place",
        "geoname_id": 235752
      }
    },
    {
      "type": "Feature",
      "geometry": {
        "type": "Point",
        "coordinates": [
          33.28739,
          -9.58169
        ]
      },
      "properties": {
        "name": "Chizimu",
        "country": "Malawi",
        "region": "Northern Region",
        "elevation_m": null,
        "population": 0,
        "feature_type": "populated place",
        "geoname_id": 235754
      }
    },
    {
      "type": "Feature",
      "geometry": {
        "type": "Point",
        "coordinates": [
          33.39343,
          -9.98042
        ]
      },
      "properties": {
        "name": "Chisenga",
        "country": "Malawi",
        "region": "Northern Region",
        "elevation_m": null,
        "population": 0,
        "feature_type": "populated place",
        "geoname_id": 235756
      }
    },
    {
      "type": "Feature",
      "geometry": {
        "type": "Point",
        "coordinates": [
          33.36887,
          -9.65901
        ]
      },
      "properties": {
        "name": "Chinunkha",
        "country": "Malawi",
        "region": "Northern Region",
        "elevation_m": null,
        "population": 0,
        "feature_type": "populated place",
        "geoname_id": 235760
      }
    },
    {
      "type": "Feature",
      "geometry": {
        "type": "Point",
        "coordinates": [
          33.03333,
          -9.55
        ]
      },
      "properties": {
        "name": "Chilingi",
        "country": "Malawi",
        "region": "Northern Region",
        "elevation_m": null,
        "population": 0,
        "feature_type": "populated place",
        "geoname_id": 235761
      }
    },
    {
      "type": "Feature",
      "geometry": {
        "type": "Point",
        "coordinates": [
          33.38268,
          -9.61346
        ]
      },
      "properties": {
        "name": "Chikombwi",
        "country": "Malawi",
        "region": "Northern Region",
        "elevation_m": null,
        "population": 0,
        "feature_type": "populated place",
        "geoname_id": 235762
      }
    },
    {
      "type": "Feature",
      "geometry": {
        "type": "Point",
        "coordinates": [
          33.32722,
          -9.52903
        ]
      },
      "properties": {
        "name": "Nchewe",
        "country": "Malawi",
        "region": "Northern Region",
        "elevation_m": null,
        "population": 0,
        "feature_type": "populated place",
        "geoname_id": 235764
      }
    },
    {
      "type": "Feature",
      "geometry": {
        "type": "Point",
        "coordinates": [
          33.40883,
          -9.88823
        ]
      },
      "properties": {
        "name": "Chendo",
        "country": "Malawi",
        "region": "Northern Region",
        "elevation_m": null,
        "population": 0,
        "feature_type": "populated place",
        "geoname_id": 235765
      }
    },
    {
      "type": "Feature",
      "geometry": {
        "type": "Point",
        "coordinates": [
          33.56667,
          -9.61667
        ]
      },
      "properties": {
        "name": "Cardi",
        "country": "Malawi",
        "region": "Northern Region",
        "elevation_m": null,
        "population": 0,
        "feature_type": "populated place",
        "geoname_id": 235768
      }
    },
    {
      "type": "Feature",
      "geometry": {
        "type": "Point",
        "coordinates": [
          33.33333,
          -9.61667
        ]
      },
      "properties": {
        "name": "Arfairyu",
        "country": "Malawi",
        "region": "Northern Region",
        "elevation_m": null,
        "population": 0,
        "feature_type": "populated place",
        "geoname_id": 235770
      }
    },
    {
      "type": "Feature",
      "geometry": {
        "type": "Point",
        "coordinates": [
          33.21835,
          -9.51159
        ]
      },
      "properties": {
        "name": "Adam Mwamkumbwa",
        "country": "Malawi",
        "region": "Northern Region",
        "elevation_m": null,
        "population": 0,
        "feature_type": "populated place",
        "geoname_id": 235771
      }
    },
    {
      "type": "Feature",
      "geometry": {
        "type": "Point",
        "coordinates": [
          33.77407,
          -11.36171
        ]
      },
      "properties": {
        "name": "Chipwantha Phiri",
        "country": "Malawi",
        "region": "Northern Region",
        "elevation_m": null,
        "population": 0,
        "feature_type": "populated place",
        "geoname_id": 924181
      }
    },
    {
      "type": "Feature",
      "geometry": {
        "type": "Point",
        "coordinates": [
          33.73333,
          -11.05
        ]
      },
      "properties": {
        "name": "Phikironi Hill",
        "country": "Malawi",
        "region": "Northern Region",
        "elevation_m": null,
        "population": 0,
        "feature_type": "populated place",
        "geoname_id": 924182
      }
    },
    {
      "type": "Feature",
      "geometry": {
        "type": "Point",
        "coordinates": [
          34.78959,
          -14.92143
        ]
      },
      "properties": {
        "name": "Pheza",
        "country": "Malawi",
        "region": "Central Region",
        "elevation_m": null,
        "population": 0,
        "feature_type": "populated place",
        "geoname_id": 924183
      }
    },
    {
      "type": "Feature",
      "geometry": {
        "type": "Point",
        "coordinates": [
          34.24498,
          -11.71807
        ]
      },
      "properties": {
        "name": "Phetera",
        "country": "Malawi",
        "region": "Northern Region",
        "elevation_m": null,
        "population": 0,
        "feature_type": "populated place",
        "geoname_id": 924184
      }
    },
    {
      "type": "Feature",
      "geometry": {
        "type": "Point",
        "coordinates": [
          33.94765,
          -13.43446
        ]
      },
      "properties": {
        "name": "Pheleni",
        "country": "Malawi",
        "region": "Central Region",
        "elevation_m": null,
        "population": 0,
        "feature_type": "populated place",
        "geoname_id": 924186
      }
    },
    {
      "type": "Feature",
      "geometry": {
        "type": "Point",
        "coordinates": [
          33.53333,
          -13.66667
        ]
      },
      "properties": {
        "name": "Phenjele",
        "country": "Malawi",
        "region": "Central Region",
        "elevation_m": null,
        "population": 0,
        "feature_type": "populated place",
        "geoname_id": 924188
      }
    },
    {
      "type": "Feature",
      "geometry": {
        "type": "Point",
        "coordinates": [
          34.00783,
          -13.71977
        ]
      },
      "properties": {
        "name": "Pheleni",
        "country": "Malawi",
        "region": "Central Region",
        "elevation_m": null,
        "population": 0,
        "feature_type": "populated place",
        "geoname_id": 924189
      }
    },
    {
      "type": "Feature",
      "geometry": {
        "type": "Point",
        "coordinates": [
          33.85,
          -14.15
        ]
      },
      "properties": {
        "name": "Phata",
        "country": "Malawi",
        "region": "Central Region",
        "elevation_m": null,
        "population": 0,
        "feature_type": "populated place",
        "geoname_id": 924193
      }
    },
    {
      "type": "Feature",
      "geometry": {
        "type": "Point",
        "coordinates": [
          34.08333,
          -11.73333
        ]
      },
      "properties": {
        "name": "Phaso",
        "country": "Malawi",
        "region": "Northern Region",
        "elevation_m": null,
        "population": 0,
        "feature_type": "populated place",
        "geoname_id": 924194
      }
    },
    {
      "type": "Feature",
      "geometry": {
        "type": "Point",
        "coordinates": [
          33.96667,
          -14.11667
        ]
      },
      "properties": {
        "name": "Phambala",
        "country": "Malawi",
        "region": "Central Region",
        "elevation_m": null,
        "population": 0,
        "feature_type": "populated place",
        "geoname_id": 924201
      }
    },
    {
      "type": "Feature",
      "geometry": {
        "type": "Point",
        "coordinates": [
          34.89028,
          -15.2244
        ]
      },
      "properties": {
        "name": "Phalula",
        "country": "Malawi",
        "region": "Southern Region",
        "elevation_m": null,
        "population": 0,
        "feature_type": "populated place",
        "geoname_id": 924202
      }
    },
    {
      "type": "Feature",
      "geometry": {
        "type": "Point",
        "coordinates": [
          33.48333,
          -14.13333
        ]
      },
      "properties": {
        "name": "Petulos",
        "country": "Malawi",
        "region": "Central Region",
        "elevation_m": null,
        "population": 0,
        "feature_type": "populated place",
        "geoname_id": 924210
      }
    },
    {
      "type": "Feature",
      "geometry": {
        "type": "Point",
        "coordinates": [
          33.4774,
          -12.77423
        ]
      },
      "properties": {
        "name": "Petrosi",
        "country": "Malawi",
        "region": "Central Region",
        "elevation_m": null,
        "population": 0,
        "feature_type": "populated place",
        "geoname_id": 924211
      }
    },
    {
      "type": "Feature",
      "geometry": {
        "type": "Point",
        "coordinates": [
          33.36469,
          -12.5918
        ]
      },
      "properties": {
        "name": "Petrosi Chirwa",
        "country": "Malawi",
        "region": "Central Region",
        "elevation_m": null,
        "population": 0,
        "feature_type": "populated place",
        "geoname_id": 924212
      }
    },
    {
      "type": "Feature",
      "geometry": {
        "type": "Point",
        "coordinates": [
          33.56422,
          -11.92615
        ]
      },
      "properties": {
        "name": "Peter Ndabandaba",
        "country": "Malawi",
        "region": "Northern Region",
        "elevation_m": null,
        "population": 0,
        "feature_type": "populated place",
        "geoname_id": 924213
      }
    },
    {
      "type": "Feature",
      "geometry": {
        "type": "Point",
        "coordinates": [
          34.76667,
          -14.73333
        ]
      },
      "properties": {
        "name": "Peter",
        "country": "Malawi",
        "region": "Central Region",
        "elevation_m": null,
        "population": 0,
        "feature_type": "populated place",
        "geoname_id": 924214
      }
    },
    {
      "type": "Feature",
      "geometry": {
        "type": "Point",
        "coordinates": [
          33.02736,
          -13.55007
        ]
      },
      "properties": {
        "name": "Peter",
        "country": "Malawi",
        "region": "Central Region",
        "elevation_m": null,
        "population": 0,
        "feature_type": "populated place",
        "geoname_id": 924215
      }
    },
    {
      "type": "Feature",
      "geometry": {
        "type": "Point",
        "coordinates": [
          33.62832,
          -12.58661
        ]
      },
      "properties": {
        "name": "Perete",
        "country": "Malawi",
        "region": "Northern Region",
        "elevation_m": null,
        "population": 0,
        "feature_type": "populated place",
        "geoname_id": 924216
      }
    },
    {
      "type": "Feature",
      "geometry": {
        "type": "Point",
        "coordinates": [
          35.41117,
          -15.95158
        ]
      },
      "properties": {
        "name": "Peremwe",
        "country": "Malawi",
        "region": "Southern Region",
        "elevation_m": null,
        "population": 0,
        "feature_type": "populated place",
        "geoname_id": 924217
      }
    },
    {
      "type": "Feature",
      "geometry": {
        "type": "Point",
        "coordinates": [
          33.67822,
          -11.44862
        ]
      },
      "properties": {
        "name": "Perekamoyo Chima",
        "country": "Malawi",
        "region": "Northern Region",
        "elevation_m": null,
        "population": 0,
        "feature_type": "populated place",
        "geoname_id": 924220
      }
    },
    {
      "type": "Feature",
      "geometry": {
        "type": "Point",
        "coordinates": [
          34.71667,
          -16.03333
        ]
      },
      "properties": {
        "name": "Pende",
        "country": "Malawi",
        "region": "Southern Region",
        "elevation_m": null,
        "population": 0,
        "feature_type": "populated place",
        "geoname_id": 924222
      }
    },
    {
      "type": "Feature",
      "geometry": {
        "type": "Point",
        "coordinates": [
          34.3,
          -12.95
        ]
      },
      "properties": {
        "name": "Penama",
        "country": "Malawi",
        "region": "Central Region",
        "elevation_m": null,
        "population": 0,
        "feature_type": "populated place",
        "geoname_id": 924223
      }
    },
    {
      "type": "Feature",
      "geometry": {
        "type": "Point",
        "coordinates": [
          34.06667,
          -14.43333
        ]
      },
      "properties": {
        "name": "Pemba",
        "country": "Malawi",
        "region": "Central Region",
        "elevation_m": null,
        "population": 0,
        "feature_type": "populated place",
        "geoname_id": 924224
      }
    },
    {
      "type": "Feature",
      "geometry": {
        "type": "Point",
        "coordinates": [
          34.56653,
          -13.9166
        ]
      },
      "properties": {
        "name": "Pemba",
        "country": "Malawi",
        "region": "Central Region",
        "elevation_m": null,
        "population": 0,
        "feature_type": "populated place",
        "geoname_id": 924225
      }
    },
    {
      "type": "Feature",
      "geometry": {
        "type": "Point",
        "coordinates": [
          34.51264,
          -13.81994
        ]
      },
      "properties": {
        "name": "Pemba",
        "country": "Malawi",
        "region": "Central Region",
        "elevation_m": null,
        "population": 0,
        "feature_type": "populated place",
        "geoname_id": 924226
      }
    },
    {
      "type": "Feature",
      "geometry": {
        "type": "Point",
        "coordinates": [
          33.8194,
          -13.48082
        ]
      },
      "properties": {
        "name": "Pemba",
        "country": "Malawi",
        "region": "Central Region",
        "elevation_m": null,
        "population": 0,
        "feature_type": "populated place",
        "geoname_id": 924227
      }
    },
    {
      "type": "Feature",
      "geometry": {
        "type": "Point",
        "coordinates": [
          33.93671,
          -12.89895
        ]
      },
      "properties": {
        "name": "Kasamu Boy Pelete",
        "country": "Malawi",
        "region": "Central Region",
        "elevation_m": null,
        "population": 0,
        "feature_type": "populated place",
        "geoname_id": 924228
      }
    },
    {
      "type": "Feature",
      "geometry": {
        "type": "Point",
        "coordinates": [
          33.38493,
          -13.51754
        ]
      },
      "properties": {
        "name": "Patungo",
        "country": "Malawi",
        "region": "Central Region",
        "elevation_m": null,
        "population": 0,
        "feature_type": "populated place",
        "geoname_id": 924231
      }
    },
    {
      "type": "Feature",
      "geometry": {
        "type": "Point",
        "coordinates": [
          33.83333,
          -14.3
        ]
      },
      "properties": {
        "name": "Patsankonda",
        "country": "Malawi",
        "region": "Central Region",
        "elevation_m": null,
        "population": 0,
        "feature_type": "populated place",
        "geoname_id": 924232
      }
    },
    {
      "type": "Feature",
      "geometry": {
        "type": "Point",
        "coordinates": [
          33.66332,
          -12.68774
        ]
      },
      "properties": {
        "name": "Patrick Nhlane",
        "country": "Malawi",
        "region": "Northern Region",
        "elevation_m": null,
        "population": 0,
        "feature_type": "populated place",
        "geoname_id": 924233
      }
    },
    {
      "type": "Feature",
      "geometry": {
        "type": "Point",
        "coordinates": [
          33.05,
          -13.66667
        ]
      },
      "properties": {
        "name": "Patenje",
        "country": "Malawi",
        "region": "Central Region",
        "elevation_m": null,
        "population": 0,
        "feature_type": "populated place",
        "geoname_id": 924234
      }
    },
    {
      "type": "Feature",
      "geometry": {
        "type": "Point",
        "coordinates": [
          33.19497,
          -13.5418
        ]
      },
      "properties": {
        "name": "Panye",
        "country": "Malawi",
        "region": "Central Region",
        "elevation_m": null,
        "population": 0,
        "feature_type": "populated place",
        "geoname_id": 924237
      }
    },
    {
      "type": "Feature",
      "geometry": {
        "type": "Point",
        "coordinates": [
          35.30305,
          -17.08136
        ]
      },
      "properties": {
        "name": "Panyathwa",
        "country": "Malawi",
        "region": "Southern Region",
        "elevation_m": null,
        "population": 0,
        "feature_type": "populated place",
        "geoname_id": 924238
      }
    },
    {
      "type": "Feature",
      "geometry": {
        "type": "Point",
        "coordinates": [
          33.76667,
          -14.08333
        ]
      },
      "properties": {
        "name": "Pantengo",
        "country": "Malawi",
        "region": "Central Region",
        "elevation_m": null,
        "population": 0,
        "feature_type": "populated place",
        "geoname_id": 924239
      }
    },
    {
      "type": "Feature",
      "geometry": {
        "type": "Point",
        "coordinates": [
          34.31667,
          -14.16667
        ]
      },
      "properties": {
        "name": "Pango",
        "country": "Malawi",
        "region": "Central Region",
        "elevation_m": null,
        "population": 0,
        "feature_type": "populated place",
        "geoname_id": 924241
      }
    },
    {
      "type": "Feature",
      "geometry": {
        "type": "Point",
        "coordinates": [
          34.4428,
          -15.61618
        ]
      },
      "properties": {
        "name": "Pandanson",
        "country": "Malawi",
        "region": "Southern Region",
        "elevation_m": null,
        "population": 0,
        "feature_type": "populated place",
        "geoname_id": 924246
      }
    },
    {
      "type": "Feature",
      "geometry": {
        "type": "Point",
        "coordinates": [
          32.98333,
          -13.75
        ]
      },
      "properties": {
        "name": "Pamichitonge",
        "country": "Malawi",
        "region": "Central Region",
        "elevation_m": null,
        "population": 0,
        "feature_type": "populated place",
        "geoname_id": 924251
      }
    },
    {
      "type": "Feature",
      "geometry": {
        "type": "Point",
        "coordinates": [
          35.81149,
          -15.26484
        ]
      },
      "properties": {
        "name": "Pambiche",
        "country": "Malawi",
        "region": "Southern Region",
        "elevation_m": null,
        "population": 0,
        "feature_type": "populated place",
        "geoname_id": 924252
      }
    },
    {
      "type": "Feature",
      "geometry": {
        "type": "Point",
        "coordinates": [
          34.78333,
          -15.2
        ]
      },
      "properties": {
        "name": "Palula",
        "country": "Malawi",
        "region": "Central Region",
        "elevation_m": null,
        "population": 0,
        "feature_type": "populated place",
        "geoname_id": 924254
      }
    },
    {
      "type": "Feature",
      "geometry": {
        "type": "Point",
        "coordinates": [
          35.20766,
          -14.38133
        ]
      },
      "properties": {
        "name": "Palm Beach",
        "country": "Malawi",
        "region": "Southern Region",
        "elevation_m": null,
        "population": 0,
        "feature_type": "populated place",
        "geoname_id": 924256
      }
    },
    {
      "type": "Feature",
      "geometry": {
        "type": "Point",
        "coordinates": [
          35.71667,
          -14.56667
        ]
      },
      "properties": {
        "name": "Palatini",
        "country": "Malawi",
        "region": "Southern Region",
        "elevation_m": null,
        "population": 0,
        "feature_type": "populated place",
        "geoname_id": 924257
      }
    },
    {
      "type": "Feature",
      "geometry": {
        "type": "Point",
        "coordinates": [
          32.98333,
          -13.68333
        ]
      },
      "properties": {
        "name": "Pakanyanda",
        "country": "Malawi",
        "region": "Central Region",
        "elevation_m": null,
        "population": 0,
        "feature_type": "populated place",
        "geoname_id": 924259
      }
    },
    {
      "type": "Feature",
      "geometry": {
        "type": "Point",
        "coordinates": [
          33.45274,
          -13.61908
        ]
      },
      "properties": {
        "name": "Paima",
        "country": "Malawi",
        "region": "Central Region",
        "elevation_m": null,
        "population": 0,
        "feature_type": "populated place",
        "geoname_id": 924260
      }
    },
    {
      "type": "Feature",
      "geometry": {
        "type": "Point",
        "coordinates": [
          34.84004,
          -15.88487
        ]
      },
      "properties": {
        "name": "Padzua",
        "country": "Malawi",
        "region": "Southern Region",
        "elevation_m": null,
        "population": 0,
        "feature_type": "populated place",
        "geoname_id": 924262
      }
    },
    {
      "type": "Feature",
      "geometry": {
        "type": "Point",
        "coordinates": [
          33.96667,
          -13.9
        ]
      },
      "properties": {
        "name": "Padzha",
        "country": "Malawi",
        "region": "Central Region",
        "elevation_m": null,
        "population": 0,
        "feature_type": "populated place",
        "geoname_id": 924263
      }
    },
    {
      "type": "Feature",
      "geometry": {
        "type": "Point",
        "coordinates": [
          33.07078,
          -13.68141
        ]
      },
      "properties": {
        "name": "Padzani",
        "country": "Malawi",
        "region": "Central Region",
        "elevation_m": null,
        "population": 0,
        "feature_type": "populated place",
        "geoname_id": 924264
      }
    },
    {
      "type": "Feature",
      "geometry": {
        "type": "Point",
        "coordinates": [
          33.48333,
          -12.73333
        ]
      },
      "properties": {
        "name": "Padukana",
        "country": "Malawi",
        "region": "Central Region",
        "elevation_m": null,
        "population": 0,
        "feature_type": "populated place",
        "geoname_id": 924265
      }
    },
    {
      "type": "Feature",
      "geometry": {
        "type": "Point",
        "coordinates": [
          35.38333,
          -15.35
        ]
      },
      "properties": {
        "name": "Onga",
        "country": "Malawi",
        "region": "Southern Region",
        "elevation_m": null,
        "population": 0,
        "feature_type": "populated place",
        "geoname_id": 924270
      }
    },
    {
      "type": "Feature",
      "geometry": {
        "type": "Point",
        "coordinates": [
          34.66667,
          -14.56667
        ]
      },
      "properties": {
        "name": "Ondwe",
        "country": "Malawi",
        "region": "Central Region",
        "elevation_m": null,
        "population": 0,
        "feature_type": "populated place",
        "geoname_id": 924271
      }
    },
    {
      "type": "Feature",
      "geometry": {
        "type": "Point",
        "coordinates": [
          34.2,
          -12.7
        ]
      },
      "properties": {
        "name": "Onaini",
        "country": "Malawi",
        "region": "Central Region",
        "elevation_m": null,
        "population": 0,
        "feature_type": "populated place",
        "geoname_id": 924272
      }
    },
    {
      "type": "Feature",
      "geometry": {
        "type": "Point",
        "coordinates": [
          33.81667,
          -13.3
        ]
      },
      "properties": {
        "name": "Omgolo",
        "country": "Malawi",
        "region": "Central Region",
        "elevation_m": null,
        "population": 0,
        "feature_type": "populated place",
        "geoname_id": 924273
      }
    },
    {
      "type": "Feature",
      "geometry": {
        "type": "Point",
        "coordinates": [
          33.43333,
          -12.71667
        ]
      },
      "properties": {
        "name": "Olokani",
        "country": "Malawi",
        "region": "Central Region",
        "elevation_m": null,
        "population": 0,
        "feature_type": "populated place",
        "geoname_id": 924274
      }
    },
    {
      "type": "Feature",
      "geometry": {
        "type": "Point",
        "coordinates": [
          34.21568,
          -10.90826
        ]
      },
      "properties": {
        "name": "Salawe",
        "country": "Malawi",
        "region": "Northern Region",
        "elevation_m": null,
        "population": 0,
        "feature_type": "populated place",
        "geoname_id": 924275
      }
    },
    {
      "type": "Feature",
      "geometry": {
        "type": "Point",
        "coordinates": [
          33.33333,
          -13.3
        ]
      },
      "properties": {
        "name": "Old Chisamba",
        "country": "Malawi",
        "region": "Central Region",
        "elevation_m": null,
        "population": 0,
        "feature_type": "populated place",
        "geoname_id": 924278
      }
    },
    {
      "type": "Feature",
      "geometry": {
        "type": "Point",
        "coordinates": [
          33.55383,
          -12.77639
        ]
      },
      "properties": {
        "name": "Offisi",
        "country": "Malawi",
        "region": "Central Region",
        "elevation_m": null,
        "population": 0,
        "feature_type": "populated place",
        "geoname_id": 924279
      }
    },
    {
      "type": "Feature",
      "geometry": {
        "type": "Point",
        "coordinates": [
          33.48333,
          -12.8
        ]
      },
      "properties": {
        "name": "Ofesi Stores",
        "country": "Malawi",
        "region": "Central Region",
        "elevation_m": null,
        "population": 0,
        "feature_type": "populated place",
        "geoname_id": 924280
      }
    },
    {
      "type": "Feature",
      "geometry": {
        "type": "Point",
        "coordinates": [
          33.43333,
          -12.86667
        ]
      },
      "properties": {
        "name": "Ofesi",
        "country": "Malawi",
        "region": "Central Region",
        "elevation_m": null,
        "population": 0,
        "feature_type": "populated place",
        "geoname_id": 924281
      }
    },
    {
      "type": "Feature",
      "geometry": {
        "type": "Point",
        "coordinates": [
          34.4,
          -14.13333
        ]
      },
      "properties": {
        "name": "Nzola",
        "country": "Malawi",
        "region": "Central Region",
        "elevation_m": null,
        "population": 0,
        "feature_type": "populated place",
        "geoname_id": 924283
      }
    },
    {
      "type": "Feature",
      "geometry": {
        "type": "Point",
        "coordinates": [
          35.55,
          -14.7
        ]
      },
      "properties": {
        "name": "Nzinda",
        "country": "Malawi",
        "region": "Southern Region",
        "elevation_m": null,
        "population": 0,
        "feature_type": "populated place",
        "geoname_id": 924285
      }
    },
    {
      "type": "Feature",
      "geometry": {
        "type": "Point",
        "coordinates": [
          33.75,
          -13.45
        ]
      },
      "properties": {
        "name": "Nyunyu",
        "country": "Malawi",
        "region": "Central Region",
        "elevation_m": null,
        "population": 0,
        "feature_type": "populated place",
        "geoname_id": 924289
      }
    },
    {
      "type": "Feature",
      "geometry": {
        "type": "Point",
        "coordinates": [
          33.39722,
          -11.77678
        ]
      },
      "properties": {
        "name": "Nyungwe Mphaka",
        "country": "Malawi",
        "region": "Northern Region",
        "elevation_m": null,
        "population": 0,
        "feature_type": "populated place",
        "geoname_id": 924292
      }
    },
    {
      "type": "Feature",
      "geometry": {
        "type": "Point",
        "coordinates": [
          34.10979,
          -10.28477
        ]
      },
      "properties": {
        "name": "Nyungwe",
        "country": "Malawi",
        "region": "Northern Region",
        "elevation_m": null,
        "population": 0,
        "feature_type": "populated place",
        "geoname_id": 924295
      }
    },
    {
      "type": "Feature",
      "geometry": {
        "type": "Point",
        "coordinates": [
          35.46667,
          -15.26667
        ]
      },
      "properties": {
        "name": "Nyundo",
        "country": "Malawi",
        "region": "Southern Region",
        "elevation_m": null,
        "population": 0,
        "feature_type": "populated place",
        "geoname_id": 924296
      }
    },
    {
      "type": "Feature",
      "geometry": {
        "type": "Point",
        "coordinates": [
          33.47167,
          -13.74971
        ]
      },
      "properties": {
        "name": "Nyundo",
        "country": "Malawi",
        "region": "Central Region",
        "elevation_m": null,
        "population": 0,
        "feature_type": "populated place",
        "geoname_id": 924297
      }
    },
    {
      "type": "Feature",
      "geometry": {
        "type": "Point",
        "coordinates": [
          33.87637,
          -13.62565
        ]
      },
      "properties": {
        "name": "Nyundo",
        "country": "Malawi",
        "region": "Central Region",
        "elevation_m": null,
        "population": 0,
        "feature_type": "populated place",
        "geoname_id": 924298
      }
    },
    {
      "type": "Feature",
      "geometry": {
        "type": "Point",
        "coordinates": [
          34.07346,
          -13.35743
        ]
      },
      "properties": {
        "name": "Nyumbu",
        "country": "Malawi",
        "region": "Central Region",
        "elevation_m": null,
        "population": 0,
        "feature_type": "populated place",
        "geoname_id": 924299
      }
    },
    {
      "type": "Feature",
      "geometry": {
        "type": "Point",
        "coordinates": [
          33.85029,
          -13.5679
        ]
      },
      "properties": {
        "name": "Nyonyo",
        "country": "Malawi",
        "region": "Central Region",
        "elevation_m": null,
        "population": 0,
        "feature_type": "populated place",
        "geoname_id": 924300
      }
    },
    {
      "type": "Feature",
      "geometry": {
        "type": "Point",
        "coordinates": [
          33.71012,
          -13.42899
        ]
      },
      "properties": {
        "name": "Nyonyo",
        "country": "Malawi",
        "region": "Central Region",
        "elevation_m": null,
        "population": 0,
        "feature_type": "populated place",
        "geoname_id": 924301
      }
    },
    {
      "type": "Feature",
      "geometry": {
        "type": "Point",
        "coordinates": [
          34.56667,
          -13.86667
        ]
      },
      "properties": {
        "name": "Nyongole",
        "country": "Malawi",
        "region": "Central Region",
        "elevation_m": null,
        "population": 0,
        "feature_type": "populated place",
        "geoname_id": 924303
      }
    },
    {
      "type": "Feature",
      "geometry": {
        "type": "Point",
        "coordinates": [
          33.23667,
          -13.99019
        ]
      },
      "properties": {
        "name": "Nyongani",
        "country": "Malawi",
        "region": "Central Region",
        "elevation_m": null,
        "population": 0,
        "feature_type": "populated place",
        "geoname_id": 924304
      }
    },
    {
      "type": "Feature",
      "geometry": {
        "type": "Point",
        "coordinates": [
          33.55,
          -13.66667
        ]
      },
      "properties": {
        "name": "Nyonbawi",
        "country": "Malawi",
        "region": "Central Region",
        "elevation_m": null,
        "population": 0,
        "feature_type": "populated place",
        "geoname_id": 924305
      }
    },
    {
      "type": "Feature",
      "geometry": {
        "type": "Point",
        "coordinates": [
          34.12018,
          -14.26277
        ]
      },
      "properties": {
        "name": "Nyombe",
        "country": "Malawi",
        "region": "Central Region",
        "elevation_m": null,
        "population": 0,
        "feature_type": "populated place",
        "geoname_id": 924306
      }
    },
    {
      "type": "Feature",
      "geometry": {
        "type": "Point",
        "coordinates": [
          32.90562,
          -13.70037
        ]
      },
      "properties": {
        "name": "Nyoka",
        "country": "Malawi",
        "region": "Central Region",
        "elevation_m": null,
        "population": 0,
        "feature_type": "populated place",
        "geoname_id": 924307
      }
    },
    {
      "type": "Feature",
      "geometry": {
        "type": "Point",
        "coordinates": [
          33.85,
          -11.03333
        ]
      },
      "properties": {
        "name": "Nyirongo",
        "country": "Malawi",
        "region": "Northern Region",
        "elevation_m": null,
        "population": 0,
        "feature_type": "populated place",
        "geoname_id": 924308
      }
    },
    {
      "type": "Feature",
      "geometry": {
        "type": "Point",
        "coordinates": [
          33.68333,
          -12.63333
        ]
      },
      "properties": {
        "name": "Nyirenda",
        "country": "Malawi",
        "region": "Northern Region",
        "elevation_m": null,
        "population": 0,
        "feature_type": "populated place",
        "geoname_id": 924309
      }
    },
    {
      "type": "Feature",
      "geometry": {
        "type": "Point",
        "coordinates": [
          33.7978,
          -11.01548
        ]
      },
      "properties": {
        "name": "Nyirenda",
        "country": "Malawi",
        "region": "Northern Region",
        "elevation_m": null,
        "population": 0,
        "feature_type": "populated place",
        "geoname_id": 924310
      }
    },
    {
      "type": "Feature",
      "geometry": {
        "type": "Point",
        "coordinates": [
          35.63823,
          -15.67938
        ]
      },
      "properties": {
        "name": "Nyezerera",
        "country": "Malawi",
        "region": "Southern Region",
        "elevation_m": null,
        "population": 0,
        "feature_type": "populated place",
        "geoname_id": 924314
      }
    },
    {
      "type": "Feature",
      "geometry": {
        "type": "Point",
        "coordinates": [
          33.34724,
          -12.61849
        ]
      },
      "properties": {
        "name": "Yakobe Nyezani",
        "country": "Malawi",
        "region": "Central Region",
        "elevation_m": null,
        "population": 0,
        "feature_type": "populated place",
        "geoname_id": 924315
      }
    },
    {
      "type": "Feature",
      "geometry": {
        "type": "Point",
        "coordinates": [
          33.41667,
          -12.78333
        ]
      },
      "properties": {
        "name": "Nyenjere",
        "country": "Malawi",
        "region": "Central Region",
        "elevation_m": null,
        "population": 0,
        "feature_type": "populated place",
        "geoname_id": 924319
      }
    },
    {
      "type": "Feature",
      "geometry": {
        "type": "Point",
        "coordinates": [
          35.53333,
          -14.85
        ]
      },
      "properties": {
        "name": "Nyenje",
        "country": "Malawi",
        "region": "Southern Region",
        "elevation_m": null,
        "population": 0,
        "feature_type": "populated place",
        "geoname_id": 924320
      }
    },
    {
      "type": "Feature",
      "geometry": {
        "type": "Point",
        "coordinates": [
          35.53572,
          -14.80305
        ]
      },
      "properties": {
        "name": "Nyenje",
        "country": "Malawi",
        "region": "Southern Region",
        "elevation_m": null,
        "population": 0,
        "feature_type": "populated place",
        "geoname_id": 924321
      }
    },
    {
      "type": "Feature",
      "geometry": {
        "type": "Point",
        "coordinates": [
          35.81667,
          -14.78333
        ]
      },
      "properties": {
        "name": "Nyenga",
        "country": "Malawi",
        "region": "Southern Region",
        "elevation_m": null,
        "population": 0,
        "feature_type": "populated place",
        "geoname_id": 924322
      }
    },
    {
      "type": "Feature",
      "geometry": {
        "type": "Point",
        "coordinates": [
          34.26667,
          -14.16667
        ]
      },
      "properties": {
        "name": "Nyenda",
        "country": "Malawi",
        "region": "Central Region",
        "elevation_m": null,
        "population": 0,
        "feature_type": "populated place",
        "geoname_id": 924323
      }
    },
    {
      "type": "Feature",
      "geometry": {
        "type": "Point",
        "coordinates": [
          33.6365,
          -11.42217
        ]
      },
      "properties": {
        "name": "Nyazomo Chima",
        "country": "Malawi",
        "region": "Northern Region",
        "elevation_m": null,
        "population": 0,
        "feature_type": "populated place",
        "geoname_id": 924324
      }
    },
    {
      "type": "Feature",
      "geometry": {
        "type": "Point",
        "coordinates": [
          33.41667,
          -13.75
        ]
      },
      "properties": {
        "name": "Nyawa",
        "country": "Malawi",
        "region": "Central Region",
        "elevation_m": null,
        "population": 0,
        "feature_type": "populated place",
        "geoname_id": 924325
      }
    },
    {
      "type": "Feature",
      "geometry": {
        "type": "Point",
        "coordinates": [
          35.22914,
          -17.12132
        ]
      },
      "properties": {
        "name": "Nyathando",
        "country": "Malawi",
        "region": "Southern Region",
        "elevation_m": null,
        "population": 0,
        "feature_type": "populated place",
        "geoname_id": 924327
      }
    },
    {
      "type": "Feature",
      "geometry": {
        "type": "Point",
        "coordinates": [
          35.16945,
          -16.62738
        ]
      },
      "properties": {
        "name": "Nyapambere",
        "country": "Malawi",
        "region": "Southern Region",
        "elevation_m": null,
        "population": 0,
        "feature_type": "populated place",
        "geoname_id": 924333
      }
    },
    {
      "type": "Feature",
      "geometry": {
        "type": "Point",
        "coordinates": [
          35.6231,
          -14.83903
        ]
      },
      "properties": {
        "name": "Nyanyika",
        "country": "Malawi",
        "region": "Southern Region",
        "elevation_m": null,
        "population": 0,
        "feature_type": "populated place",
        "geoname_id": 924334
      }
    },
    {
      "type": "Feature",
      "geometry": {
        "type": "Point",
        "coordinates": [
          35.36667,
          -15.4
        ]
      },
      "properties": {
        "name": "Nyanya",
        "country": "Malawi",
        "region": "Southern Region",
        "elevation_m": null,
        "population": 0,
        "feature_type": "populated place",
        "geoname_id": 924335
      }
    },
    {
      "type": "Feature",
      "geometry": {
        "type": "Point",
        "coordinates": [
          35.53333,
          -15.03333
        ]
      },
      "properties": {
        "name": "Nyanya",
        "country": "Malawi",
        "region": "Southern Region",
        "elevation_m": null,
        "population": 0,
        "feature_type": "populated place",
        "geoname_id": 924336
      }
    },
    {
      "type": "Feature",
      "geometry": {
        "type": "Point",
        "coordinates": [
          35.21667,
          -16.7
        ]
      },
      "properties": {
        "name": "Nyanthumbi",
        "country": "Malawi",
        "region": "Southern Region",
        "elevation_m": null,
        "population": 0,
        "feature_type": "populated place",
        "geoname_id": 924338
      }
    },
    {
      "type": "Feature",
      "geometry": {
        "type": "Point",
        "coordinates": [
          32.96667,
          -13.83333
        ]
      },
      "properties": {
        "name": "Nyanjereze",
        "country": "Malawi",
        "region": "Central Region",
        "elevation_m": null,
        "population": 0,
        "feature_type": "populated place",
        "geoname_id": 924341
      }
    },
    {
      "type": "Feature",
      "geometry": {
        "type": "Point",
        "coordinates": [
          35.53333,
          -14.78333
        ]
      },
      "properties": {
        "name": "Nyanje",
        "country": "Malawi",
        "region": "Southern Region",
        "elevation_m": null,
        "population": 0,
        "feature_type": "populated place",
        "geoname_id": 924342
      }
    },
    {
      "type": "Feature",
      "geometry": {
        "type": "Point",
        "coordinates": [
          35.4,
          -15.33333
        ]
      },
      "properties": {
        "name": "Nyani",
        "country": "Malawi",
        "region": "Southern Region",
        "elevation_m": null,
        "population": 0,
        "feature_type": "populated place",
        "geoname_id": 924343
      }
    },
    {
      "type": "Feature",
      "geometry": {
        "type": "Point",
        "coordinates": [
          34.39822,
          -13.5409
        ]
      },
      "properties": {
        "name": "Nyangulu",
        "country": "Malawi",
        "region": "Central Region",
        "elevation_m": null,
        "population": 0,
        "feature_type": "populated place",
        "geoname_id": 924344
      }
    },
    {
      "type": "Feature",
      "geometry": {
        "type": "Point",
        "coordinates": [
          33.51667,
          -12.56667
        ]
      },
      "properties": {
        "name": "Nyangula",
        "country": "Malawi",
        "region": "Central Region",
        "elevation_m": null,
        "population": 0,
        "feature_type": "populated place",
        "geoname_id": 924345
      }
    },
    {
      "type": "Feature",
      "geometry": {
        "type": "Point",
        "coordinates": [
          33.70631,
          -13.64885
        ]
      },
      "properties": {
        "name": "Nyangu",
        "country": "Malawi",
        "region": "Central Region",
        "elevation_m": null,
        "population": 0,
        "feature_type": "populated place",
        "geoname_id": 924346
      }
    },
    {
      "type": "Feature",
      "geometry": {
        "type": "Point",
        "coordinates": [
          33.71667,
          -14.13333
        ]
      },
      "properties": {
        "name": "Nyango",
        "country": "Malawi",
        "region": "Central Region",
        "elevation_m": null,
        "population": 0,
        "feature_type": "populated place",
        "geoname_id": 924347
      }
    },
    {
      "type": "Feature",
      "geometry": {
        "type": "Point",
        "coordinates": [
          35.83333,
          -14.96667
        ]
      },
      "properties": {
        "name": "Nyangatayani",
        "country": "Malawi",
        "region": "Southern Region",
        "elevation_m": null,
        "population": 0,
        "feature_type": "populated place",
        "geoname_id": 924348
      }
    },
    {
      "type": "Feature",
      "geometry": {
        "type": "Point",
        "coordinates": [
          34.03333,
          -13.6
        ]
      },
      "properties": {
        "name": "Nyangamile",
        "country": "Malawi",
        "region": "Central Region",
        "elevation_m": null,
        "population": 0,
        "feature_type": "populated place",
        "geoname_id": 924351
      }
    },
    {
      "type": "Feature",
      "geometry": {
        "type": "Point",
        "coordinates": [
          33.37004,
          -13.83619
        ]
      },
      "properties": {
        "name": "Nyanga",
        "country": "Malawi",
        "region": "Central Region",
        "elevation_m": null,
        "population": 0,
        "feature_type": "populated place",
        "geoname_id": 924352
      }
    },
    {
      "type": "Feature",
      "geometry": {
        "type": "Point",
        "coordinates": [
          33.98108,
          -13.38038
        ]
      },
      "properties": {
        "name": "Nyanga",
        "country": "Malawi",
        "region": "Central Region",
        "elevation_m": null,
        "population": 0,
        "feature_type": "populated place",
        "geoname_id": 924353
      }
    },
    {
      "type": "Feature",
      "geometry": {
        "type": "Point",
        "coordinates": [
          35.78767,
          -14.7465
        ]
      },
      "properties": {
        "name": "Nyandule",
        "country": "Malawi",
        "region": "Southern Region",
        "elevation_m": null,
        "population": 0,
        "feature_type": "populated place",
        "geoname_id": 924354
      }
    },
    {
      "type": "Feature",
      "geometry": {
        "type": "Point",
        "coordinates": [
          35.43333,
          -15.31667
        ]
      },
      "properties": {
        "name": "Nyamwelo",
        "country": "Malawi",
        "region": "Southern Region",
        "elevation_m": null,
        "population": 0,
        "feature_type": "populated place",
        "geoname_id": 924356
      }
    },
    {
      "type": "Feature",
      "geometry": {
        "type": "Point",
        "coordinates": [
          35.38333,
          -15.26667
        ]
      },
      "properties": {
        "name": "Nyamuna",
        "country": "Malawi",
        "region": "Southern Region",
        "elevation_m": null,
        "population": 0,
        "feature_type": "populated place",
        "geoname_id": 924357
      }
    },
    {
      "type": "Feature",
      "geometry": {
        "type": "Point",
        "coordinates": [
          35.28333,
          -16.8
        ]
      },
      "properties": {
        "name": "Nyamula",
        "country": "Malawi",
        "region": "Southern Region",
        "elevation_m": null,
        "population": 0,
        "feature_type": "populated place",
        "geoname_id": 924358
      }
    },
    {
      "type": "Feature",
      "geometry": {
        "type": "Point",
        "coordinates": [
          35.2777,
          -16.79356
        ]
      },
      "properties": {
        "name": "Nyamula",
        "country": "Malawi",
        "region": "Southern Region",
        "elevation_m": null,
        "population": 0,
        "feature_type": "populated place",
        "geoname_id": 924359
      }
    },
    {
      "type": "Feature",
      "geometry": {
        "type": "Point",
        "coordinates": [
          35.60505,
          -15.82511
        ]
      },
      "properties": {
        "name": "Nyampalu",
        "country": "Malawi",
        "region": "Southern Region",
        "elevation_m": null,
        "population": 0,
        "feature_type": "populated place",
        "geoname_id": 924361
      }
    },
    {
      "type": "Feature",
      "geometry": {
        "type": "Point",
        "coordinates": [
          33.87456,
          -13.52717
        ]
      },
      "properties": {
        "name": "Nyamkhwa",
        "country": "Malawi",
        "region": "Central Region",
        "elevation_m": null,
        "population": 0,
        "feature_type": "populated place",
        "geoname_id": 924363
      }
    },
    {
      "type": "Feature",
      "geometry": {
        "type": "Point",
        "coordinates": [
          33.55906,
          -11.63872
        ]
      },
      "properties": {
        "name": "Kampingo Nyambose",
        "country": "Malawi",
        "region": "Northern Region",
        "elevation_m": null,
        "population": 0,
        "feature_type": "populated place",
        "geoname_id": 924370
      }
    },
    {
      "type": "Feature",
      "geometry": {
        "type": "Point",
        "coordinates": [
          35.6276,
          -14.65968
        ]
      },
      "properties": {
        "name": "Nyambi",
        "country": "Malawi",
        "region": "Southern Region",
        "elevation_m": null,
        "population": 0,
        "feature_type": "populated place",
        "geoname_id": 924374
      }
    },
    {
      "type": "Feature",
      "geometry": {
        "type": "Point",
        "coordinates": [
          34.4,
          -13.56667
        ]
      },
      "properties": {
        "name": "Nyambalo",
        "country": "Malawi",
        "region": "Central Region",
        "elevation_m": null,
        "population": 0,
        "feature_type": "populated place",
        "geoname_id": 924376
      }
    },
    {
      "type": "Feature",
      "geometry": {
        "type": "Point",
        "coordinates": [
          35.02196,
          -15.77366
        ]
      },
      "properties": {
        "name": "Nyambadwe",
        "country": "Malawi",
        "region": "Southern Region",
        "elevation_m": null,
        "population": 0,
        "feature_type": "populated place",
        "geoname_id": 924379
      }
    },
    {
      "type": "Feature",
      "geometry": {
        "type": "Point",
        "coordinates": [
          33.91667,
          -14.26667
        ]
      },
      "properties": {
        "name": "Nyamazani",
        "country": "Malawi",
        "region": "Central Region",
        "elevation_m": null,
        "population": 0,
        "feature_type": "populated place",
        "geoname_id": 924381
      }
    },
    {
      "type": "Feature",
      "geometry": {
        "type": "Point",
        "coordinates": [
          32.93333,
          -13.76667
        ]
      },
      "properties": {
        "name": "Nyamawende",
        "country": "Malawi",
        "region": "Central Region",
        "elevation_m": null,
        "population": 0,
        "feature_type": "populated place",
        "geoname_id": 924382
      }
    },
    {
      "type": "Feature",
      "geometry": {
        "type": "Point",
        "coordinates": [
          32.96667,
          -13.7
        ]
      },
      "properties": {
        "name": "Nyamasi",
        "country": "Malawi",
        "region": "Central Region",
        "elevation_m": null,
        "population": 0,
        "feature_type": "populated place",
        "geoname_id": 924384
      }
    },
    {
      "type": "Feature",
      "geometry": {
        "type": "Point",
        "coordinates": [
          33.21667,
          -13.65
        ]
      },
      "properties": {
        "name": "Nyama",
        "country": "Malawi",
        "region": "Central Region",
        "elevation_m": null,
        "population": 0,
        "feature_type": "populated place",
        "geoname_id": 924388
      }
    },
    {
      "type": "Feature",
      "geometry": {
        "type": "Point",
        "coordinates": [
          33.58344,
          -12.73903
        ]
      },
      "properties": {
        "name": "Nyalwanga",
        "country": "Malawi",
        "region": "Central Region",
        "elevation_m": null,
        "population": 0,
        "feature_type": "populated place",
        "geoname_id": 924389
      }
    },
    {
      "type": "Feature",
      "geometry": {
        "type": "Point",
        "coordinates": [
          33.56946,
          -12.76491
        ]
      },
      "properties": {
        "name": "Nyalunga",
        "country": "Malawi",
        "region": "Central Region",
        "elevation_m": null,
        "population": 0,
        "feature_type": "populated place",
        "geoname_id": 924390
      }
    },
    {
      "type": "Feature",
      "geometry": {
        "type": "Point",
        "coordinates": [
          33.46993,
          -11.41558
        ]
      },
      "properties": {
        "name": "Muthavulanga Nyalubwe",
        "country": "Malawi",
        "region": "Northern Region",
        "elevation_m": null,
        "population": 0,
        "feature_type": "populated place",
        "geoname_id": 924392
      }
    },
    {
      "type": "Feature",
      "geometry": {
        "type": "Point",
        "coordinates": [
          35.3,
          -17.11667
        ]
      },
      "properties": {
        "name": "Nyachikadza",
        "country": "Malawi",
        "region": "Southern Region",
        "elevation_m": null,
        "population": 0,
        "feature_type": "populated place",
        "geoname_id": 924404
      }
    },
    {
      "type": "Feature",
      "geometry": {
        "type": "Point",
        "coordinates": [
          35.85,
          -14.65
        ]
      },
      "properties": {
        "name": "Ntungwi",
        "country": "Malawi",
        "region": "Southern Region",
        "elevation_m": null,
        "population": 0,
        "feature_type": "populated place",
        "geoname_id": 924409
      }
    },
    {
      "type": "Feature",
      "geometry": {
        "type": "Point",
        "coordinates": [
          33.09439,
          -13.32542
        ]
      },
      "properties": {
        "name": "Nthunduwara",
        "country": "Malawi",
        "region": "Central Region",
        "elevation_m": null,
        "population": 0,
        "feature_type": "populated place",
        "geoname_id": 924414
      }
    },
    {
      "type": "Feature",
      "geometry": {
        "type": "Point",
        "coordinates": [
          35.2582,
          -14.50883
        ]
      },
      "properties": {
        "name": "Ntundu",
        "country": "Malawi",
        "region": "Southern Region",
        "elevation_m": null,
        "population": 0,
        "feature_type": "populated place",
        "geoname_id": 924416
      }
    },
    {
      "type": "Feature",
      "geometry": {
        "type": "Point",
        "coordinates": [
          35.36667,
          -14.65
        ]
      },
      "properties": {
        "name": "Ntuka",
        "country": "Malawi",
        "region": "Southern Region",
        "elevation_m": null,
        "population": 0,
        "feature_type": "populated place",
        "geoname_id": 924420
      }
    },
    {
      "type": "Feature",
      "geometry": {
        "type": "Point",
        "coordinates": [
          35.21667,
          -16.66667
        ]
      },
      "properties": {
        "name": "Ntondo",
        "country": "Malawi",
        "region": "Southern Region",
        "elevation_m": null,
        "population": 0,
        "feature_type": "populated place",
        "geoname_id": 924429
      }
    },
    {
      "type": "Feature",
      "geometry": {
        "type": "Point",
        "coordinates": [
          35.48333,
          -15.3
        ]
      },
      "properties": {
        "name": "Ntonda",
        "country": "Malawi",
        "region": "Southern Region",
        "elevation_m": null,
        "population": 0,
        "feature_type": "populated place",
        "geoname_id": 924436
      }
    },
    {
      "type": "Feature",
      "geometry": {
        "type": "Point",
        "coordinates": [
          34.76366,
          -14.96983
        ]
      },
      "properties": {
        "name": "Ntonda",
        "country": "Malawi",
        "region": "Central Region",
        "elevation_m": null,
        "population": 0,
        "feature_type": "populated place",
        "geoname_id": 924437
      }
    },
    {
      "type": "Feature",
      "geometry": {
        "type": "Point",
        "coordinates": [
          35.37444,
          -14.52386
        ]
      },
      "properties": {
        "name": "Ntonda",
        "country": "Malawi",
        "region": "Southern Region",
        "elevation_m": null,
        "population": 0,
        "feature_type": "populated place",
        "geoname_id": 924438
      }
    },
    {
      "type": "Feature",
      "geometry": {
        "type": "Point",
        "coordinates": [
          33.98457,
          -13.24332
        ]
      },
      "properties": {
        "name": "Ntonda",
        "country": "Malawi",
        "region": "Central Region",
        "elevation_m": null,
        "population": 0,
        "feature_type": "populated place",
        "geoname_id": 924439
      }
    },
    {
      "type": "Feature",
      "geometry": {
        "type": "Point",
        "coordinates": [
          35.56667,
          -15
        ]
      },
      "properties": {
        "name": "Ntolowa",
        "country": "Malawi",
        "region": "Southern Region",
        "elevation_m": null,
        "population": 0,
        "feature_type": "populated place",
        "geoname_id": 924440
      }
    },
    {
      "type": "Feature",
      "geometry": {
        "type": "Point",
        "coordinates": [
          33.35,
          -13.66667
        ]
      },
      "properties": {
        "name": "Ntolo",
        "country": "Malawi",
        "region": "Central Region",
        "elevation_m": null,
        "population": 0,
        "feature_type": "populated place",
        "geoname_id": 924441
      }
    },
    {
      "type": "Feature",
      "geometry": {
        "type": "Point",
        "coordinates": [
          35.3,
          -15.38333
        ]
      },
      "properties": {
        "name": "Ntiya",
        "country": "Malawi",
        "region": "Southern Region",
        "elevation_m": null,
        "population": 0,
        "feature_type": "populated place",
        "geoname_id": 924443
      }
    },
    {
      "type": "Feature",
      "geometry": {
        "type": "Point",
        "coordinates": [
          34.3215,
          -14.12698
        ]
      },
      "properties": {
        "name": "Ntiwe",
        "country": "Malawi",
        "region": "Central Region",
        "elevation_m": null,
        "population": 0,
        "feature_type": "populated place",
        "geoname_id": 924444
      }
    },
    {
      "type": "Feature",
      "geometry": {
        "type": "Point",
        "coordinates": [
          35.63333,
          -14.98333
        ]
      },
      "properties": {
        "name": "Ntila",
        "country": "Malawi",
        "region": "Southern Region",
        "elevation_m": null,
        "population": 0,
        "feature_type": "populated place",
        "geoname_id": 924447
      }
    },
    {
      "type": "Feature",
      "geometry": {
        "type": "Point",
        "coordinates": [
          34.10562,
          -12.4826
        ]
      },
      "properties": {
        "name": "Nkhunga",
        "country": "Malawi",
        "region": "Central Region",
        "elevation_m": null,
        "population": 0,
        "feature_type": "populated place",
        "geoname_id": 924453
      }
    },
    {
      "type": "Feature",
      "geometry": {
        "type": "Point",
        "coordinates": [
          33.56667,
          -13.16667
        ]
      },
      "properties": {
        "name": "Nthumbidwa",
        "country": "Malawi",
        "region": "Central Region",
        "elevation_m": null,
        "population": 0,
        "feature_type": "populated place",
        "geoname_id": 924454
      }
    },
    {
      "type": "Feature",
      "geometry": {
        "type": "Point",
        "coordinates": [
          35.23128,
          -16.7426
        ]
      },
      "properties": {
        "name": "Nthumba",
        "country": "Malawi",
        "region": "Southern Region",
        "elevation_m": null,
        "population": 0,
        "feature_type": "populated place",
        "geoname_id": 924457
      }
    },
    {
      "type": "Feature",
      "geometry": {
        "type": "Point",
        "coordinates": [
          33.97749,
          -13.41033
        ]
      },
      "properties": {
        "name": "Mthuku",
        "country": "Malawi",
        "region": "Central Region",
        "elevation_m": null,
        "population": 0,
        "feature_type": "populated place",
        "geoname_id": 924458
      }
    },
    {
      "type": "Feature",
      "geometry": {
        "type": "Point",
        "coordinates": [
          33.57578,
          -13.68987
        ]
      },
      "properties": {
        "name": "Nthondowa",
        "country": "Malawi",
        "region": "Central Region",
        "elevation_m": null,
        "population": 0,
        "feature_type": "populated place",
        "geoname_id": 924459
      }
    },
    {
      "type": "Feature",
      "geometry": {
        "type": "Point",
        "coordinates": [
          33.55,
          -13.7
        ]
      },
      "properties": {
        "name": "Nthondowa",
        "country": "Malawi",
        "region": "Central Region",
        "elevation_m": null,
        "population": 0,
        "feature_type": "populated place",
        "geoname_id": 924460
      }
    },
    {
      "type": "Feature",
      "geometry": {
        "type": "Point",
        "coordinates": [
          33.56667,
          -13.68333
        ]
      },
      "properties": {
        "name": "Nthondowa",
        "country": "Malawi",
        "region": "Central Region",
        "elevation_m": null,
        "population": 0,
        "feature_type": "populated place",
        "geoname_id": 924461
      }
    },
    {
      "type": "Feature",
      "geometry": {
        "type": "Point",
        "coordinates": [
          33.13333,
          -13.4
        ]
      },
      "properties": {
        "name": "Nthondoni",
        "country": "Malawi",
        "region": "Central Region",
        "elevation_m": null,
        "population": 0,
        "feature_type": "populated place",
        "geoname_id": 924462
      }
    },
    {
      "type": "Feature",
      "geometry": {
        "type": "Point",
        "coordinates": [
          33.44824,
          -14.03153
        ]
      },
      "properties": {
        "name": "Nthondo",
        "country": "Malawi",
        "region": "Central Region",
        "elevation_m": null,
        "population": 0,
        "feature_type": "populated place",
        "geoname_id": 924463
      }
    },
    {
      "type": "Feature",
      "geometry": {
        "type": "Point",
        "coordinates": [
          34.01667,
          -13.25
        ]
      },
      "properties": {
        "name": "Nthondo",
        "country": "Malawi",
        "region": "Central Region",
        "elevation_m": null,
        "population": 0,
        "feature_type": "populated place",
        "geoname_id": 924464
      }
    },
    {
      "type": "Feature",
      "geometry": {
        "type": "Point",
        "coordinates": [
          33.35263,
          -13.68574
        ]
      },
      "properties": {
        "name": "Nthondo",
        "country": "Malawi",
        "region": "Central Region",
        "elevation_m": null,
        "population": 0,
        "feature_type": "populated place",
        "geoname_id": 924465
      }
    },
    {
      "type": "Feature",
      "geometry": {
        "type": "Point",
        "coordinates": [
          34.01667,
          -14.11667
        ]
      },
      "properties": {
        "name": "Nthesa",
        "country": "Malawi",
        "region": "Central Region",
        "elevation_m": null,
        "population": 0,
        "feature_type": "populated place",
        "geoname_id": 924466
      }
    },
    {
      "type": "Feature",
      "geometry": {
        "type": "Point",
        "coordinates": [
          33.86499,
          -13.47859
        ]
      },
      "properties": {
        "name": "Nthesa",
        "country": "Malawi",
        "region": "Central Region",
        "elevation_m": null,
        "population": 0,
        "feature_type": "populated place",
        "geoname_id": 924467
      }
    },
    {
      "type": "Feature",
      "geometry": {
        "type": "Point",
        "coordinates": [
          35.08333,
          -16.33333
        ]
      },
      "properties": {
        "name": "Nthenda",
        "country": "Malawi",
        "region": "Southern Region",
        "elevation_m": null,
        "population": 0,
        "feature_type": "populated place",
        "geoname_id": 924469
      }
    },
    {
      "type": "Feature",
      "geometry": {
        "type": "Point",
        "coordinates": [
          33.38333,
          -13
        ]
      },
      "properties": {
        "name": "Nthembwe",
        "country": "Malawi",
        "region": "Central Region",
        "elevation_m": null,
        "population": 0,
        "feature_type": "populated place",
        "geoname_id": 924470
      }
    },
    {
      "type": "Feature",
      "geometry": {
        "type": "Point",
        "coordinates": [
          33.1749,
          -13.5461
        ]
      },
      "properties": {
        "name": "Nthema",
        "country": "Malawi",
        "region": "Central Region",
        "elevation_m": null,
        "population": 0,
        "feature_type": "populated place",
        "geoname_id": 924474
      }
    },
    {
      "type": "Feature",
      "geometry": {
        "type": "Point",
        "coordinates": [
          33.81056,
          -13.66866
        ]
      },
      "properties": {
        "name": "Nthambwe",
        "country": "Malawi",
        "region": "Central Region",
        "elevation_m": null,
        "population": 0,
        "feature_type": "populated place",
        "geoname_id": 924477
      }
    },
    {
      "type": "Feature",
      "geometry": {
        "type": "Point",
        "coordinates": [
          33.63812,
          -10.3493
        ]
      },
      "properties": {
        "name": "Nthalire",
        "country": "Malawi",
        "region": "Northern Region",
        "elevation_m": null,
        "population": 0,
        "feature_type": "populated place",
        "geoname_id": 924478
      }
    },
    {
      "type": "Feature",
      "geometry": {
        "type": "Point",
        "coordinates": [
          34.06667,
          -14.21667
        ]
      },
      "properties": {
        "name": "Nthala",
        "country": "Malawi",
        "region": "Central Region",
        "elevation_m": null,
        "population": 0,
        "feature_type": "populated place",
        "geoname_id": 924479
      }
    },
    {
      "type": "Feature",
      "geometry": {
        "type": "Point",
        "coordinates": [
          34.79524,
          -14.88465
        ]
      },
      "properties": {
        "name": "Ntentha",
        "country": "Malawi",
        "region": "Central Region",
        "elevation_m": null,
        "population": 0,
        "feature_type": "populated place",
        "geoname_id": 924480
      }
    },
    {
      "type": "Feature",
      "geometry": {
        "type": "Point",
        "coordinates": [
          33.7,
          -14.33333
        ]
      },
      "properties": {
        "name": "Ntenga",
        "country": "Malawi",
        "region": "Central Region",
        "elevation_m": null,
        "population": 0,
        "feature_type": "populated place",
        "geoname_id": 924481
      }
    },
    {
      "type": "Feature",
      "geometry": {
        "type": "Point",
        "coordinates": [
          34.07474,
          -14.25527
        ]
      },
      "properties": {
        "name": "Ntembe",
        "country": "Malawi",
        "region": "Central Region",
        "elevation_m": null,
        "population": 0,
        "feature_type": "populated place",
        "geoname_id": 924484
      }
    },
    {
      "type": "Feature",
      "geometry": {
        "type": "Point",
        "coordinates": [
          34.57797,
          -15.30663
        ]
      },
      "properties": {
        "name": "Ntemankhana",
        "country": "Malawi",
        "region": "Southern Region",
        "elevation_m": null,
        "population": 0,
        "feature_type": "populated place",
        "geoname_id": 924485
      }
    },
    {
      "type": "Feature",
      "geometry": {
        "type": "Point",
        "coordinates": [
          35.18333,
          -16.31667
        ]
      },
      "properties": {
        "name": "Ntayambizi",
        "country": "Malawi",
        "region": "Southern Region",
        "elevation_m": null,
        "population": 0,
        "feature_type": "populated place",
        "geoname_id": 924493
      }
    },
    {
      "type": "Feature",
      "geometry": {
        "type": "Point",
        "coordinates": [
          33.43035,
          -13.5792
        ]
      },
      "properties": {
        "name": "Ntaya",
        "country": "Malawi",
        "region": "Central Region",
        "elevation_m": null,
        "population": 0,
        "feature_type": "populated place",
        "geoname_id": 924494
      }
    },
    {
      "type": "Feature",
      "geometry": {
        "type": "Point",
        "coordinates": [
          34.46667,
          -15.43333
        ]
      },
      "properties": {
        "name": "Ntasa",
        "country": "Malawi",
        "region": "Southern Region",
        "elevation_m": null,
        "population": 0,
        "feature_type": "populated place",
        "geoname_id": 924497
      }
    },
    {
      "type": "Feature",
      "geometry": {
        "type": "Point",
        "coordinates": [
          34.01744,
          -14.38185
        ]
      },
      "properties": {
        "name": "Ntanthila",
        "country": "Malawi",
        "region": "Central Region",
        "elevation_m": null,
        "population": 0,
        "feature_type": "populated place",
        "geoname_id": 924499
      }
    },
    {
      "type": "Feature",
      "geometry": {
        "type": "Point",
        "coordinates": [
          33.87282,
          -13.95474
        ]
      },
      "properties": {
        "name": "Ntande",
        "country": "Malawi",
        "region": "Central Region",
        "elevation_m": null,
        "population": 0,
        "feature_type": "populated place",
        "geoname_id": 924501
      }
    },
    {
      "type": "Feature",
      "geometry": {
        "type": "Point",
        "coordinates": [
          33.79942,
          -13.70081
        ]
      },
      "properties": {
        "name": "Ntamo",
        "country": "Malawi",
        "region": "Central Region",
        "elevation_m": null,
        "population": 0,
        "feature_type": "populated place",
        "geoname_id": 924506
      }
    },
    {
      "type": "Feature",
      "geometry": {
        "type": "Point",
        "coordinates": [
          34.45,
          -14.5
        ]
      },
      "properties": {
        "name": "Ntambalika",
        "country": "Malawi",
        "region": "",
        "elevation_m": null,
        "population": 0,
        "feature_type": "populated place",
        "geoname_id": 924507
      }
    },
    {
      "type": "Feature",
      "geometry": {
        "type": "Point",
        "coordinates": [
          34.05,
          -13.46667
        ]
      },
      "properties": {
        "name": "Ntambalero",
        "country": "Malawi",
        "region": "Central Region",
        "elevation_m": null,
        "population": 0,
        "feature_type": "populated place",
        "geoname_id": 924508
      }
    },
    {
      "type": "Feature",
      "geometry": {
        "type": "Point",
        "coordinates": [
          34.23333,
          -14.03333
        ]
      },
      "properties": {
        "name": "Ntambala",
        "country": "Malawi",
        "region": "Central Region",
        "elevation_m": null,
        "population": 0,
        "feature_type": "populated place",
        "geoname_id": 924510
      }
    },
    {
      "type": "Feature",
      "geometry": {
        "type": "Point",
        "coordinates": [
          35.36667,
          -15.36667
        ]
      },
      "properties": {
        "name": "Ntamba",
        "country": "Malawi",
        "region": "Southern Region",
        "elevation_m": null,
        "population": 0,
        "feature_type": "populated place",
        "geoname_id": 924511
      }
    },
    {
      "type": "Feature",
      "geometry": {
        "type": "Point",
        "coordinates": [
          35.66316,
          -14.69394
        ]
      },
      "properties": {
        "name": "Ntali",
        "country": "Malawi",
        "region": "Southern Region",
        "elevation_m": null,
        "population": 0,
        "feature_type": "populated place",
        "geoname_id": 924513
      }
    },
    {
      "type": "Feature",
      "geometry": {
        "type": "Point",
        "coordinates": [
          35.18333,
          -14.33333
        ]
      },
      "properties": {
        "name": "Ntali",
        "country": "Malawi",
        "region": "Southern Region",
        "elevation_m": null,
        "population": 0,
        "feature_type": "populated place",
        "geoname_id": 924514
      }
    },
    {
      "type": "Feature",
      "geometry": {
        "type": "Point",
        "coordinates": [
          35.36667,
          -15.4
        ]
      },
      "properties": {
        "name": "Ntala",
        "country": "Malawi",
        "region": "Southern Region",
        "elevation_m": null,
        "population": 0,
        "feature_type": "populated place",
        "geoname_id": 924515
      }
    },
    {
      "type": "Feature",
      "geometry": {
        "type": "Point",
        "coordinates": [
          34.52207,
          -15.40641
        ]
      },
      "properties": {
        "name": "Ntaja",
        "country": "Malawi",
        "region": "Southern Region",
        "elevation_m": null,
        "population": 0,
        "feature_type": "populated place",
        "geoname_id": 924517
      }
    },
    {
      "type": "Feature",
      "geometry": {
        "type": "Point",
        "coordinates": [
          35.52814,
          -14.87041
        ]
      },
      "properties": {
        "name": "Ntaja",
        "country": "Malawi",
        "region": "Southern Region",
        "elevation_m": null,
        "population": 0,
        "feature_type": "populated place",
        "geoname_id": 924518
      }
    },
    {
      "type": "Feature",
      "geometry": {
        "type": "Point",
        "coordinates": [
          34.48333,
          -15.6
        ]
      },
      "properties": {
        "name": "Ntache",
        "country": "Malawi",
        "region": "Southern Region",
        "elevation_m": null,
        "population": 0,
        "feature_type": "populated place",
        "geoname_id": 924520
      }
    },
    {
      "type": "Feature",
      "geometry": {
        "type": "Point",
        "coordinates": [
          34.96361,
          -14.93924
        ]
      },
      "properties": {
        "name": "Nsunguliza",
        "country": "Malawi",
        "region": "Southern Region",
        "elevation_m": null,
        "population": 0,
        "feature_type": "populated place",
        "geoname_id": 924528
      }
    },
    {
      "type": "Feature",
      "geometry": {
        "type": "Point",
        "coordinates": [
          33.47805,
          -14.02633
        ]
      },
      "properties": {
        "name": "Msundwe",
        "country": "Malawi",
        "region": "Central Region",
        "elevation_m": null,
        "population": 0,
        "feature_type": "populated place",
        "geoname_id": 924529
      }
    },
    {
      "type": "Feature",
      "geometry": {
        "type": "Point",
        "coordinates": [
          35.55,
          -14.83333
        ]
      },
      "properties": {
        "name": "Nsume",
        "country": "Malawi",
        "region": "Southern Region",
        "elevation_m": null,
        "population": 0,
        "feature_type": "populated place",
        "geoname_id": 924533
      }
    },
    {
      "type": "Feature",
      "geometry": {
        "type": "Point",
        "coordinates": [
          35.68333,
          -14.76667
        ]
      },
      "properties": {
        "name": "Nsonde",
        "country": "Malawi",
        "region": "Southern Region",
        "elevation_m": null,
        "population": 0,
        "feature_type": "populated place",
        "geoname_id": 924540
      }
    },
    {
      "type": "Feature",
      "geometry": {
        "type": "Point",
        "coordinates": [
          34.95361,
          -14.6839
        ]
      },
      "properties": {
        "name": "Nsonde",
        "country": "Malawi",
        "region": "Southern Region",
        "elevation_m": null,
        "population": 0,
        "feature_type": "populated place",
        "geoname_id": 924541
      }
    },
    {
      "type": "Feature",
      "geometry": {
        "type": "Point",
        "coordinates": [
          34.91667,
          -16.41667
        ]
      },
      "properties": {
        "name": "Nsomo",
        "country": "Malawi",
        "region": "Southern Region",
        "elevation_m": null,
        "population": 0,
        "feature_type": "populated place",
        "geoname_id": 924542
      }
    },
    {
      "type": "Feature",
      "geometry": {
        "type": "Point",
        "coordinates": [
          34.61667,
          -16.11667
        ]
      },
      "properties": {
        "name": "Nsiyampanje",
        "country": "Malawi",
        "region": "Southern Region",
        "elevation_m": null,
        "population": 0,
        "feature_type": "populated place",
        "geoname_id": 924544
      }
    },
    {
      "type": "Feature",
      "geometry": {
        "type": "Point",
        "coordinates": [
          33.40541,
          -14.06765
        ]
      },
      "properties": {
        "name": "Nsipo",
        "country": "Malawi",
        "region": "Central Region",
        "elevation_m": null,
        "population": 0,
        "feature_type": "populated place",
        "geoname_id": 924546
      }
    },
    {
      "type": "Feature",
      "geometry": {
        "type": "Point",
        "coordinates": [
          33.61301,
          -13.52544
        ]
      },
      "properties": {
        "name": "Nsimbi",
        "country": "Malawi",
        "region": "Central Region",
        "elevation_m": null,
        "population": 0,
        "feature_type": "populated place",
        "geoname_id": 924549
      }
    },
    {
      "type": "Feature",
      "geometry": {
        "type": "Point",
        "coordinates": [
          35.48333,
          -15.33333
        ]
      },
      "properties": {
        "name": "Nseula",
        "country": "Malawi",
        "region": "Southern Region",
        "elevation_m": null,
        "population": 0,
        "feature_type": "populated place",
        "geoname_id": 924555
      }
    },
    {
      "type": "Feature",
      "geometry": {
        "type": "Point",
        "coordinates": [
          34.59949,
          -15.30021
        ]
      },
      "properties": {
        "name": "Nseula",
        "country": "Malawi",
        "region": "Southern Region",
        "elevation_m": null,
        "population": 0,
        "feature_type": "populated place",
        "geoname_id": 924556
      }
    },
    {
      "type": "Feature",
      "geometry": {
        "type": "Point",
        "coordinates": [
          34.75693,
          -14.98989
        ]
      },
      "properties": {
        "name": "Nsenjere",
        "country": "Malawi",
        "region": "Central Region",
        "elevation_m": null,
        "population": 0,
        "feature_type": "populated place",
        "geoname_id": 924557
      }
    },
    {
      "type": "Feature",
      "geometry": {
        "type": "Point",
        "coordinates": [
          33.65,
          -13.71667
        ]
      },
      "properties": {
        "name": "Nseme",
        "country": "Malawi",
        "region": "Central Region",
        "elevation_m": null,
        "population": 0,
        "feature_type": "populated place",
        "geoname_id": 924558
      }
    },
    {
      "type": "Feature",
      "geometry": {
        "type": "Point",
        "coordinates": [
          33.39177,
          -13.59009
        ]
      },
      "properties": {
        "name": "Nsema",
        "country": "Malawi",
        "region": "Central Region",
        "elevation_m": null,
        "population": 0,
        "feature_type": "populated place",
        "geoname_id": 924559
      }
    },
    {
      "type": "Feature",
      "geometry": {
        "type": "Point",
        "coordinates": [
          35.55101,
          -14.71717
        ]
      },
      "properties": {
        "name": "Nselema",
        "country": "Malawi",
        "region": "Southern Region",
        "elevation_m": null,
        "population": 0,
        "feature_type": "populated place",
        "geoname_id": 924560
      }
    },
    {
      "type": "Feature",
      "geometry": {
        "type": "Point",
        "coordinates": [
          33.50585,
          -13.88461
        ]
      },
      "properties": {
        "name": "Nsaru",
        "country": "Malawi",
        "region": "Central Region",
        "elevation_m": null,
        "population": 0,
        "feature_type": "populated place",
        "geoname_id": 924565
      }
    },
    {
      "type": "Feature",
      "geometry": {
        "type": "Point",
        "coordinates": [
          35.43881,
          -14.8663
        ]
      },
      "properties": {
        "name": "Nsanyila",
        "country": "Malawi",
        "region": "Southern Region",
        "elevation_m": null,
        "population": 0,
        "feature_type": "populated place",
        "geoname_id": 924566
      }
    },
    {
      "type": "Feature",
      "geometry": {
        "type": "Point",
        "coordinates": [
          34.95,
          -16.51667
        ]
      },
      "properties": {
        "name": "Nsangwe",
        "country": "Malawi",
        "region": "Southern Region",
        "elevation_m": null,
        "population": 0,
        "feature_type": "populated place",
        "geoname_id": 924575
      }
    },
    {
      "type": "Feature",
      "geometry": {
        "type": "Point",
        "coordinates": [
          34.06667,
          -13.73333
        ]
      },
      "properties": {
        "name": "Nsangu",
        "country": "Malawi",
        "region": "Central Region",
        "elevation_m": null,
        "population": 0,
        "feature_type": "populated place",
        "geoname_id": 924576
      }
    },
    {
      "type": "Feature",
      "geometry": {
        "type": "Point",
        "coordinates": [
          35.51667,
          -14.96667
        ]
      },
      "properties": {
        "name": "Nsanama",
        "country": "Malawi",
        "region": "Southern Region",
        "elevation_m": null,
        "population": 0,
        "feature_type": "populated place",
        "geoname_id": 924579
      }
    },
    {
      "type": "Feature",
      "geometry": {
        "type": "Point",
        "coordinates": [
          35.16667,
          -16.45
        ]
      },
      "properties": {
        "name": "Nsamba Kulira",
        "country": "Malawi",
        "region": "Southern Region",
        "elevation_m": null,
        "population": 0,
        "feature_type": "populated place",
        "geoname_id": 924580
      }
    },
    {
      "type": "Feature",
      "geometry": {
        "type": "Point",
        "coordinates": [
          34.36667,
          -14.08333
        ]
      },
      "properties": {
        "name": "Nsamba",
        "country": "Malawi",
        "region": "Central Region",
        "elevation_m": null,
        "population": 0,
        "feature_type": "populated place",
        "geoname_id": 924582
      }
    },
    {
      "type": "Feature",
      "geometry": {
        "type": "Point",
        "coordinates": [
          35.33263,
          -14.56547
        ]
      },
      "properties": {
        "name": "Nsalika",
        "country": "Malawi",
        "region": "Southern Region",
        "elevation_m": null,
        "population": 0,
        "feature_type": "populated place",
        "geoname_id": 924583
      }
    },
    {
      "type": "Feature",
      "geometry": {
        "type": "Point",
        "coordinates": [
          34.34509,
          -13.76616
        ]
      },
      "properties": {
        "name": "Nsadzu",
        "country": "Malawi",
        "region": "Central Region",
        "elevation_m": null,
        "population": 0,
        "feature_type": "populated place",
        "geoname_id": 924586
      }
    },
    {
      "type": "Feature",
      "geometry": {
        "type": "Point",
        "coordinates": [
          35.21667,
          -16.33333
        ]
      },
      "properties": {
        "name": "Nsabwe",
        "country": "Malawi",
        "region": "Southern Region",
        "elevation_m": null,
        "population": 0,
        "feature_type": "populated place",
        "geoname_id": 924587
      }
    },
    {
      "type": "Feature",
      "geometry": {
        "type": "Point",
        "coordinates": [
          33.76667,
          -14.2
        ]
      },
      "properties": {
        "name": "Nsabwe",
        "country": "Malawi",
        "region": "Central Region",
        "elevation_m": null,
        "population": 0,
        "feature_type": "populated place",
        "geoname_id": 924588
      }
    },
    {
      "type": "Feature",
      "geometry": {
        "type": "Point",
        "coordinates": [
          33.82159,
          -11.37415
        ]
      },
      "properties": {
        "name": "Nowa Hara",
        "country": "Malawi",
        "region": "Northern Region",
        "elevation_m": null,
        "population": 0,
        "feature_type": "populated place",
        "geoname_id": 924590
      }
    },
    {
      "type": "Feature",
      "geometry": {
        "type": "Point",
        "coordinates": [
          34.05206,
          -13.70026
        ]
      },
      "properties": {
        "name": "Nomyimbe",
        "country": "Malawi",
        "region": "Central Region",
        "elevation_m": null,
        "population": 0,
        "feature_type": "populated place",
        "geoname_id": 924592
      }
    },
    {
      "type": "Feature",
      "geometry": {
        "type": "Point",
        "coordinates": [
          33.91667,
          -14.13333
        ]
      },
      "properties": {
        "name": "Nokomde",
        "country": "Malawi",
        "region": "Central Region",
        "elevation_m": null,
        "population": 0,
        "feature_type": "populated place",
        "geoname_id": 924594
      }
    },
    {
      "type": "Feature",
      "geometry": {
        "type": "Point",
        "coordinates": [
          35.47577,
          -14.84451
        ]
      },
      "properties": {
        "name": "Nluwila",
        "country": "Malawi",
        "region": "Southern Region",
        "elevation_m": null,
        "population": 0,
        "feature_type": "populated place",
        "geoname_id": 924596
      }
    },
    {
      "type": "Feature",
      "geometry": {
        "type": "Point",
        "coordinates": [
          35.76667,
          -14.73333
        ]
      },
      "properties": {
        "name": "Nlungu",
        "country": "Malawi",
        "region": "Southern Region",
        "elevation_m": null,
        "population": 0,
        "feature_type": "populated place",
        "geoname_id": 924597
      }
    },
    {
      "type": "Feature",
      "geometry": {
        "type": "Point",
        "coordinates": [
          35.56667,
          -14.7
        ]
      },
      "properties": {
        "name": "Nlungu",
        "country": "Malawi",
        "region": "Southern Region",
        "elevation_m": null,
        "population": 0,
        "feature_type": "populated place",
        "geoname_id": 924598
      }
    },
    {
      "type": "Feature",
      "geometry": {
        "type": "Point",
        "coordinates": [
          35.45253,
          -14.59412
        ]
      },
      "properties": {
        "name": "Nlembe",
        "country": "Malawi",
        "region": "Southern Region",
        "elevation_m": null,
        "population": 0,
        "feature_type": "populated place",
        "geoname_id": 924602
      }
    },
    {
      "type": "Feature",
      "geometry": {
        "type": "Point",
        "coordinates": [
          35.68333,
          -14.63333
        ]
      },
      "properties": {
        "name": "Nlawa",
        "country": "Malawi",
        "region": "Southern Region",
        "elevation_m": null,
        "population": 0,
        "feature_type": "populated place",
        "geoname_id": 924603
      }
    },
    {
      "type": "Feature",
      "geometry": {
        "type": "Point",
        "coordinates": [
          35.55,
          -14.86667
        ]
      },
      "properties": {
        "name": "Nlambalala",
        "country": "Malawi",
        "region": "Southern Region",
        "elevation_m": null,
        "population": 0,
        "feature_type": "populated place",
        "geoname_id": 924604
      }
    },
    {
      "type": "Feature",
      "geometry": {
        "type": "Point",
        "coordinates": [
          35.58333,
          -14.65
        ]
      },
      "properties": {
        "name": "Nlamba",
        "country": "Malawi",
        "region": "Southern Region",
        "elevation_m": null,
        "population": 0,
        "feature_type": "populated place",
        "geoname_id": 924605
      }
    },
    {
      "type": "Feature",
      "geometry": {
        "type": "Point",
        "coordinates": [
          35.76667,
          -14.78333
        ]
      },
      "properties": {
        "name": "Nlaluwele",
        "country": "Malawi",
        "region": "Southern Region",
        "elevation_m": null,
        "population": 0,
        "feature_type": "populated place",
        "geoname_id": 924606
      }
    },
    {
      "type": "Feature",
      "geometry": {
        "type": "Point",
        "coordinates": [
          35.75,
          -14.76667
        ]
      },
      "properties": {
        "name": "Nlaluwele",
        "country": "Malawi",
        "region": "Southern Region",
        "elevation_m": null,
        "population": 0,
        "feature_type": "populated place",
        "geoname_id": 924607
      }
    },
    {
      "type": "Feature",
      "geometry": {
        "type": "Point",
        "coordinates": [
          33.0219,
          -13.95466
        ]
      },
      "properties": {
        "name": "Nkwinjiri",
        "country": "Malawi",
        "region": "Central Region",
        "elevation_m": null,
        "population": 0,
        "feature_type": "populated place",
        "geoname_id": 924608
      }
    },
    {
      "type": "Feature",
      "geometry": {
        "type": "Point",
        "coordinates": [
          35.45872,
          -14.95068
        ]
      },
      "properties": {
        "name": "Nkwila",
        "country": "Malawi",
        "region": "Southern Region",
        "elevation_m": null,
        "population": 0,
        "feature_type": "populated place",
        "geoname_id": 924609
      }
    },
    {
      "type": "Feature",
      "geometry": {
        "type": "Point",
        "coordinates": [
          34.47715,
          -15.48078
        ]
      },
      "properties": {
        "name": "Nkwichi",
        "country": "Malawi",
        "region": "Southern Region",
        "elevation_m": null,
        "population": 0,
        "feature_type": "populated place",
        "geoname_id": 924610
      }
    },
    {
      "type": "Feature",
      "geometry": {
        "type": "Point",
        "coordinates": [
          33.61251,
          -13.28533
        ]
      },
      "properties": {
        "name": "Nkwichi",
        "country": "Malawi",
        "region": "Central Region",
        "elevation_m": null,
        "population": 0,
        "feature_type": "populated place",
        "geoname_id": 924611
      }
    },
    {
      "type": "Feature",
      "geometry": {
        "type": "Point",
        "coordinates": [
          33.56667,
          -12.68333
        ]
      },
      "properties": {
        "name": "Nkweo",
        "country": "Malawi",
        "region": "Central Region",
        "elevation_m": null,
        "population": 0,
        "feature_type": "populated place",
        "geoname_id": 924614
      }
    },
    {
      "type": "Feature",
      "geometry": {
        "type": "Point",
        "coordinates": [
          33.23065,
          -13.92005
        ]
      },
      "properties": {
        "name": "Nkhwazi",
        "country": "Malawi",
        "region": "Central Region",
        "elevation_m": null,
        "population": 0,
        "feature_type": "populated place",
        "geoname_id": 924616
      }
    },
    {
      "type": "Feature",
      "geometry": {
        "type": "Point",
        "coordinates": [
          34.71934,
          -12.09183
        ]
      },
      "properties": {
        "name": "Nkwazi",
        "country": "Malawi",
        "region": "Northern Region",
        "elevation_m": null,
        "population": 0,
        "feature_type": "populated place",
        "geoname_id": 924617
      }
    },
    {
      "type": "Feature",
      "geometry": {
        "type": "Point",
        "coordinates": [
          33.47785,
          -13.96077
        ]
      },
      "properties": {
        "name": "Nkwangwa",
        "country": "Malawi",
        "region": "Central Region",
        "elevation_m": null,
        "population": 0,
        "feature_type": "populated place",
        "geoname_id": 924618
      }
    },
    {
      "type": "Feature",
      "geometry": {
        "type": "Point",
        "coordinates": [
          35.45,
          -14.93333
        ]
      },
      "properties": {
        "name": "Nkwanda",
        "country": "Malawi",
        "region": "Southern Region",
        "elevation_m": null,
        "population": 0,
        "feature_type": "populated place",
        "geoname_id": 924620
      }
    },
    {
      "type": "Feature",
      "geometry": {
        "type": "Point",
        "coordinates": [
          33.40584,
          -14.023
        ]
      },
      "properties": {
        "name": "Nkwambala",
        "country": "Malawi",
        "region": "Central Region",
        "elevation_m": null,
        "population": 0,
        "feature_type": "populated place",
        "geoname_id": 924621
      }
    },
    {
      "type": "Feature",
      "geometry": {
        "type": "Point",
        "coordinates": [
          34.87481,
          -16.08868
        ]
      },
      "properties": {
        "name": "Nkuzi",
        "country": "Malawi",
        "region": "Southern Region",
        "elevation_m": null,
        "population": 0,
        "feature_type": "populated place",
        "geoname_id": 924626
      }
    },
    {
      "type": "Feature",
      "geometry": {
        "type": "Point",
        "coordinates": [
          33.34402,
          -13.65449
        ]
      },
      "properties": {
        "name": "Nkuweya",
        "country": "Malawi",
        "region": "Central Region",
        "elevation_m": null,
        "population": 0,
        "feature_type": "populated place",
        "geoname_id": 924629
      }
    },
    {
      "type": "Feature",
      "geometry": {
        "type": "Point",
        "coordinates": [
          35.30136,
          -17.10987
        ]
      },
      "properties": {
        "name": "Nkupila",
        "country": "Malawi",
        "region": "Southern Region",
        "elevation_m": null,
        "population": 0,
        "feature_type": "populated place",
        "geoname_id": 924630
      }
    },
    {
      "type": "Feature",
      "geometry": {
        "type": "Point",
        "coordinates": [
          33.13333,
          -13.55
        ]
      },
      "properties": {
        "name": "Nkungura",
        "country": "Malawi",
        "region": "Central Region",
        "elevation_m": null,
        "population": 0,
        "feature_type": "populated place",
        "geoname_id": 924633
      }
    },
    {
      "type": "Feature",
      "geometry": {
        "type": "Point",
        "coordinates": [
          33.54629,
          -13.32873
        ]
      },
      "properties": {
        "name": "Nkungulu",
        "country": "Malawi",
        "region": "Central Region",
        "elevation_m": null,
        "population": 0,
        "feature_type": "populated place",
        "geoname_id": 924637
      }
    },
    {
      "type": "Feature",
      "geometry": {
        "type": "Point",
        "coordinates": [
          33.45,
          -12.68333
        ]
      },
      "properties": {
        "name": "Nkumpha",
        "country": "Malawi",
        "region": "Central Region",
        "elevation_m": null,
        "population": 0,
        "feature_type": "populated place",
        "geoname_id": 924638
      }
    },
    {
      "type": "Feature",
      "geometry": {
        "type": "Point",
        "coordinates": [
          34.03228,
          -11.61066
        ]
      },
      "properties": {
        "name": "Nkuli",
        "country": "Malawi",
        "region": "Northern Region",
        "elevation_m": null,
        "population": 0,
        "feature_type": "populated place",
        "geoname_id": 924645
      }
    },
    {
      "type": "Feature",
      "geometry": {
        "type": "Point",
        "coordinates": [
          35.75075,
          -15.85919
        ]
      },
      "properties": {
        "name": "Nkulambe",
        "country": "Malawi",
        "region": "Southern Region",
        "elevation_m": null,
        "population": 0,
        "feature_type": "populated place",
        "geoname_id": 924647
      }
    },
    {
      "type": "Feature",
      "geometry": {
        "type": "Point",
        "coordinates": [
          34.39516,
          -13.6905
        ]
      },
      "properties": {
        "name": "Nkuki",
        "country": "Malawi",
        "region": "Central Region",
        "elevation_m": null,
        "population": 0,
        "feature_type": "populated place",
        "geoname_id": 924649
      }
    },
    {
      "type": "Feature",
      "geometry": {
        "type": "Point",
        "coordinates": [
          34.26667,
          -13.13333
        ]
      },
      "properties": {
        "name": "Nkudzula",
        "country": "Malawi",
        "region": "Central Region",
        "elevation_m": null,
        "population": 0,
        "feature_type": "populated place",
        "geoname_id": 924652
      }
    },
    {
      "type": "Feature",
      "geometry": {
        "type": "Point",
        "coordinates": [
          35.0025,
          -14.18088
        ]
      },
      "properties": {
        "name": "Nkudzi",
        "country": "Malawi",
        "region": "Southern Region",
        "elevation_m": null,
        "population": 0,
        "feature_type": "populated place",
        "geoname_id": 924657
      }
    },
    {
      "type": "Feature",
      "geometry": {
        "type": "Point",
        "coordinates": [
          35.57199,
          -15.00274
        ]
      },
      "properties": {
        "name": "Nkotama",
        "country": "Malawi",
        "region": "Southern Region",
        "elevation_m": null,
        "population": 0,
        "feature_type": "populated place",
        "geoname_id": 924658
      }
    },
    {
      "type": "Feature",
      "geometry": {
        "type": "Point",
        "coordinates": [
          33.34527,
          -13.56972
        ]
      },
      "properties": {
        "name": "Mkhota",
        "country": "Malawi",
        "region": "Central Region",
        "elevation_m": null,
        "population": 0,
        "feature_type": "populated place",
        "geoname_id": 924659
      }
    },
    {
      "type": "Feature",
      "geometry": {
        "type": "Point",
        "coordinates": [
          34.21607,
          -10.9255
        ]
      },
      "properties": {
        "name": "Nkope",
        "country": "Malawi",
        "region": "Northern Region",
        "elevation_m": null,
        "population": 0,
        "feature_type": "populated place",
        "geoname_id": 924663
      }
    },
    {
      "type": "Feature",
      "geometry": {
        "type": "Point",
        "coordinates": [
          33.42599,
          -13.55283
        ]
      },
      "properties": {
        "name": "Nkongolo",
        "country": "Malawi",
        "region": "Central Region",
        "elevation_m": null,
        "population": 0,
        "feature_type": "populated place",
        "geoname_id": 924665
      }
    },
    {
      "type": "Feature",
      "geometry": {
        "type": "Point",
        "coordinates": [
          34.33333,
          -13.05
        ]
      },
      "properties": {
        "name": "Nkondwe",
        "country": "Malawi",
        "region": "Central Region",
        "elevation_m": null,
        "population": 0,
        "feature_type": "populated place",
        "geoname_id": 924666
      }
    },
    {
      "type": "Feature",
      "geometry": {
        "type": "Point",
        "coordinates": [
          34.76195,
          -14.88229
        ]
      },
      "properties": {
        "name": "Nkonde",
        "country": "Malawi",
        "region": "Central Region",
        "elevation_m": null,
        "population": 0,
        "feature_type": "populated place",
        "geoname_id": 924669
      }
    },
    {
      "type": "Feature",
      "geometry": {
        "type": "Point",
        "coordinates": [
          34.02034,
          -10.17718
        ]
      },
      "properties": {
        "name": "Nkomo Sichali",
        "country": "Malawi",
        "region": "Northern Region",
        "elevation_m": null,
        "population": 0,
        "feature_type": "populated place",
        "geoname_id": 924670
      }
    },
    {
      "type": "Feature",
      "geometry": {
        "type": "Point",
        "coordinates": [
          34.29624,
          -14.25949
        ]
      },
      "properties": {
        "name": "Nkomeko",
        "country": "Malawi",
        "region": "Central Region",
        "elevation_m": null,
        "population": 0,
        "feature_type": "populated place",
        "geoname_id": 924671
      }
    },
    {
      "type": "Feature",
      "geometry": {
        "type": "Point",
        "coordinates": [
          33.20878,
          -13.50835
        ]
      },
      "properties": {
        "name": "Nkoma",
        "country": "Malawi",
        "region": "Central Region",
        "elevation_m": null,
        "population": 0,
        "feature_type": "populated place",
        "geoname_id": 924675
      }
    },
    {
      "type": "Feature",
      "geometry": {
        "type": "Point",
        "coordinates": [
          33.99397,
          -12.22926
        ]
      },
      "properties": {
        "name": "Nkoma",
        "country": "Malawi",
        "region": "Central Region",
        "elevation_m": null,
        "population": 0,
        "feature_type": "populated place",
        "geoname_id": 924676
      }
    },
    {
      "type": "Feature",
      "geometry": {
        "type": "Point",
        "coordinates": [
          34.16667,
          -14.16667
        ]
      },
      "properties": {
        "name": "Nkokola",
        "country": "Malawi",
        "region": "Central Region",
        "elevation_m": null,
        "population": 0,
        "feature_type": "populated place",
        "geoname_id": 924682
      }
    },
    {
      "type": "Feature",
      "geometry": {
        "type": "Point",
        "coordinates": [
          35.56667,
          -14.98333
        ]
      },
      "properties": {
        "name": "Nkoko",
        "country": "Malawi",
        "region": "Southern Region",
        "elevation_m": null,
        "population": 0,
        "feature_type": "populated place",
        "geoname_id": 924684
      }
    },
    {
      "type": "Feature",
      "geometry": {
        "type": "Point",
        "coordinates": [
          35.86667,
          -14.96667
        ]
      },
      "properties": {
        "name": "Nkisa",
        "country": "Malawi",
        "region": "Southern Region",
        "elevation_m": null,
        "population": 0,
        "feature_type": "populated place",
        "geoname_id": 924687
      }
    },
    {
      "type": "Feature",
      "geometry": {
        "type": "Point",
        "coordinates": [
          34.86667,
          -16.48333
        ]
      },
      "properties": {
        "name": "Nkhwangwa",
        "country": "Malawi",
        "region": "Southern Region",
        "elevation_m": null,
        "population": 0,
        "feature_type": "populated place",
        "geoname_id": 924689
      }
    },
    {
      "type": "Feature",
      "geometry": {
        "type": "Point",
        "coordinates": [
          33.33333,
          -13.58333
        ]
      },
      "properties": {
        "name": "Nkhwakhwa",
        "country": "Malawi",
        "region": "Central Region",
        "elevation_m": null,
        "population": 0,
        "feature_type": "populated place",
        "geoname_id": 924690
      }
    },
    {
      "type": "Feature",
      "geometry": {
        "type": "Point",
        "coordinates": [
          33.30868,
          -12.84984
        ]
      },
      "properties": {
        "name": "Nkhuzikuzi",
        "country": "Malawi",
        "region": "Central Region",
        "elevation_m": null,
        "population": 0,
        "feature_type": "populated place",
        "geoname_id": 924691
      }
    },
    {
      "type": "Feature",
      "geometry": {
        "type": "Point",
        "coordinates": [
          33.70654,
          -12.73775
        ]
      },
      "properties": {
        "name": "Nkhuzenje",
        "country": "Malawi",
        "region": "Central Region",
        "elevation_m": null,
        "population": 0,
        "feature_type": "populated place",
        "geoname_id": 924692
      }
    },
    {
      "type": "Feature",
      "geometry": {
        "type": "Point",
        "coordinates": [
          34.40072,
          -14.4078
        ]
      },
      "properties": {
        "name": "Nkhuto",
        "country": "Malawi",
        "region": "Central Region",
        "elevation_m": null,
        "population": 0,
        "feature_type": "populated place",
        "geoname_id": 924694
      }
    },
    {
      "type": "Feature",
      "geometry": {
        "type": "Point",
        "coordinates": [
          34.21307,
          -11.25705
        ]
      },
      "properties": {
        "name": "Nkhuto",
        "country": "Malawi",
        "region": "Northern Region",
        "elevation_m": null,
        "population": 0,
        "feature_type": "populated place",
        "geoname_id": 924695
      }
    },
    {
      "type": "Feature",
      "geometry": {
        "type": "Point",
        "coordinates": [
          34.40694,
          -14.33333
        ]
      },
      "properties": {
        "name": "Nkhungumbe",
        "country": "Malawi",
        "region": "Central Region",
        "elevation_m": null,
        "population": 0,
        "feature_type": "populated place",
        "geoname_id": 924697
      }
    },
    {
      "type": "Feature",
      "geometry": {
        "type": "Point",
        "coordinates": [
          34.25524,
          -11.73925
        ]
      },
      "properties": {
        "name": "Nkhungulu",
        "country": "Malawi",
        "region": "Northern Region",
        "elevation_m": null,
        "population": 0,
        "feature_type": "populated place",
        "geoname_id": 924698
      }
    },
    {
      "type": "Feature",
      "geometry": {
        "type": "Point",
        "coordinates": [
          34.48333,
          -13.8
        ]
      },
      "properties": {
        "name": "Nkhumpha",
        "country": "Malawi",
        "region": "Central Region",
        "elevation_m": null,
        "population": 0,
        "feature_type": "populated place",
        "geoname_id": 924699
      }
    },
    {
      "type": "Feature",
      "geometry": {
        "type": "Point",
        "coordinates": [
          33.56895,
          -12.79598
        ]
      },
      "properties": {
        "name": "Nkhulande",
        "country": "Malawi",
        "region": "Central Region",
        "elevation_m": null,
        "population": 0,
        "feature_type": "populated place",
        "geoname_id": 924700
      }
    },
    {
      "type": "Feature",
      "geometry": {
        "type": "Point",
        "coordinates": [
          33.88405,
          -14.24143
        ]
      },
      "properties": {
        "name": "Nkhosa",
        "country": "Malawi",
        "region": "Central Region",
        "elevation_m": null,
        "population": 0,
        "feature_type": "populated place",
        "geoname_id": 924707
      }
    },
    {
      "type": "Feature",
      "geometry": {
        "type": "Point",
        "coordinates": [
          33.3,
          -13.95
        ]
      },
      "properties": {
        "name": "Nkhono",
        "country": "Malawi",
        "region": "Central Region",
        "elevation_m": null,
        "population": 0,
        "feature_type": "populated place",
        "geoname_id": 924711
      }
    },
    {
      "type": "Feature",
      "geometry": {
        "type": "Point",
        "coordinates": [
          33.32914,
          -14.01809
        ]
      },
      "properties": {
        "name": "Mkonkha",
        "country": "Malawi",
        "region": "Central Region",
        "elevation_m": null,
        "population": 0,
        "feature_type": "populated place",
        "geoname_id": 924712
      }
    },
    {
      "type": "Feature",
      "geometry": {
        "type": "Point",
        "coordinates": [
          33.74955,
          -11.0472
        ]
      },
      "properties": {
        "name": "Chingababa Nkhonjera",
        "country": "Malawi",
        "region": "Northern Region",
        "elevation_m": null,
        "population": 0,
        "feature_type": "populated place",
        "geoname_id": 924714
      }
    },
    {
      "type": "Feature",
      "geometry": {
        "type": "Point",
        "coordinates": [
          33.73333,
          -11.03333
        ]
      },
      "properties": {
        "name": "Nkhonjera",
        "country": "Malawi",
        "region": "Northern Region",
        "elevation_m": null,
        "population": 0,
        "feature_type": "populated place",
        "geoname_id": 924715
      }
    },
    {
      "type": "Feature",
      "geometry": {
        "type": "Point",
        "coordinates": [
          33.46146,
          -13.51094
        ]
      },
      "properties": {
        "name": "Nkhongue",
        "country": "Malawi",
        "region": "Central Region",
        "elevation_m": null,
        "population": 0,
        "feature_type": "populated place",
        "geoname_id": 924716
      }
    },
    {
      "type": "Feature",
      "geometry": {
        "type": "Point",
        "coordinates": [
          34.25045,
          -13.05527
        ]
      },
      "properties": {
        "name": "Nkhonga",
        "country": "Malawi",
        "region": "Central Region",
        "elevation_m": null,
        "population": 0,
        "feature_type": "populated place",
        "geoname_id": 924719
      }
    },
    {
      "type": "Feature",
      "geometry": {
        "type": "Point",
        "coordinates": [
          33.63931,
          -13.21455
        ]
      },
      "properties": {
        "name": "Nkhondwera",
        "country": "Malawi",
        "region": "Central Region",
        "elevation_m": null,
        "population": 0,
        "feature_type": "populated place",
        "geoname_id": 924720
      }
    },
    {
      "type": "Feature",
      "geometry": {
        "type": "Point",
        "coordinates": [
          33.39782,
          -12.71861
        ]
      },
      "properties": {
        "name": "Nkhoma",
        "country": "Malawi",
        "region": "Central Region",
        "elevation_m": null,
        "population": 0,
        "feature_type": "populated place",
        "geoname_id": 924724
      }
    },
    {
      "type": "Feature",
      "geometry": {
        "type": "Point",
        "coordinates": [
          33.64661,
          -12.27744
        ]
      },
      "properties": {
        "name": "Nkholowondo",
        "country": "Malawi",
        "region": "Northern Region",
        "elevation_m": null,
        "population": 0,
        "feature_type": "populated place",
        "geoname_id": 924725
      }
    },
    {
      "type": "Feature",
      "geometry": {
        "type": "Point",
        "coordinates": [
          34.18474,
          -11.31607
        ]
      },
      "properties": {
        "name": "Nkholero",
        "country": "Malawi",
        "region": "Northern Region",
        "elevation_m": null,
        "population": 0,
        "feature_type": "populated place",
        "geoname_id": 924726
      }
    },
    {
      "type": "Feature",
      "geometry": {
        "type": "Point",
        "coordinates": [
          35.80171,
          -14.70932
        ]
      },
      "properties": {
        "name": "Nkhokwe",
        "country": "Malawi",
        "region": "Southern Region",
        "elevation_m": null,
        "population": 0,
        "feature_type": "populated place",
        "geoname_id": 924728
      }
    },
    {
      "type": "Feature",
      "geometry": {
        "type": "Point",
        "coordinates": [
          34.77491,
          -14.64817
        ]
      },
      "properties": {
        "name": "Nkhawani",
        "country": "Malawi",
        "region": "Central Region",
        "elevation_m": null,
        "population": 0,
        "feature_type": "populated place",
        "geoname_id": 924729
      }
    },
    {
      "type": "Feature",
      "geometry": {
        "type": "Point",
        "coordinates": [
          33.68747,
          -12.65474
        ]
      },
      "properties": {
        "name": "Nkhata",
        "country": "Malawi",
        "region": "Northern Region",
        "elevation_m": null,
        "population": 0,
        "feature_type": "populated place",
        "geoname_id": 924734
      }
    },
    {
      "type": "Feature",
      "geometry": {
        "type": "Point",
        "coordinates": [
          33.49245,
          -11.20947
        ]
      },
      "properties": {
        "name": "Nkharamu Jere",
        "country": "Malawi",
        "region": "Northern Region",
        "elevation_m": null,
        "population": 0,
        "feature_type": "populated place",
        "geoname_id": 924735
      }
    },
    {
      "type": "Feature",
      "geometry": {
        "type": "Point",
        "coordinates": [
          34.91667,
          -16.48333
        ]
      },
      "properties": {
        "name": "Nkhangwa",
        "country": "Malawi",
        "region": "Southern Region",
        "elevation_m": null,
        "population": 0,
        "feature_type": "populated place",
        "geoname_id": 924738
      }
    },
    {
      "type": "Feature",
      "geometry": {
        "type": "Point",
        "coordinates": [
          34.45,
          -14.4
        ]
      },
      "properties": {
        "name": "Nkhanganya",
        "country": "Malawi",
        "region": "Central Region",
        "elevation_m": null,
        "population": 0,
        "feature_type": "populated place",
        "geoname_id": 924739
      }
    },
    {
      "type": "Feature",
      "geometry": {
        "type": "Point",
        "coordinates": [
          34.6,
          -16.11667
        ]
      },
      "properties": {
        "name": "Nkhalmba",
        "country": "Malawi",
        "region": "Southern Region",
        "elevation_m": null,
        "population": 0,
        "feature_type": "populated place",
        "geoname_id": 924747
      }
    },
    {
      "type": "Feature",
      "geometry": {
        "type": "Point",
        "coordinates": [
          34.28863,
          -13.38656
        ]
      },
      "properties": {
        "name": "Nkhala",
        "country": "Malawi",
        "region": "Central Region",
        "elevation_m": null,
        "population": 0,
        "feature_type": "populated place",
        "geoname_id": 924749
      }
    },
    {
      "type": "Feature",
      "geometry": {
        "type": "Point",
        "coordinates": [
          33.59056,
          -13.45497
        ]
      },
      "properties": {
        "name": "Nkawa",
        "country": "Malawi",
        "region": "Central Region",
        "elevation_m": null,
        "population": 0,
        "feature_type": "populated place",
        "geoname_id": 924752
      }
    },
    {
      "type": "Feature",
      "geometry": {
        "type": "Point",
        "coordinates": [
          35.55,
          -14.55
        ]
      },
      "properties": {
        "name": "Nkaugala",
        "country": "Malawi",
        "region": "Southern Region",
        "elevation_m": null,
        "population": 0,
        "feature_type": "populated place",
        "geoname_id": 924753
      }
    },
    {
      "type": "Feature",
      "geometry": {
        "type": "Point",
        "coordinates": [
          34.94319,
          -16.15143
        ]
      },
      "properties": {
        "name": "Nkate",
        "country": "Malawi",
        "region": "Southern Region",
        "elevation_m": null,
        "population": 0,
        "feature_type": "populated place",
        "geoname_id": 924755
      }
    },
    {
      "type": "Feature",
      "geometry": {
        "type": "Point",
        "coordinates": [
          35.38338,
          -14.57437
        ]
      },
      "properties": {
        "name": "Nkata",
        "country": "Malawi",
        "region": "Southern Region",
        "elevation_m": null,
        "population": 0,
        "feature_type": "populated place",
        "geoname_id": 924756
      }
    },
    {
      "type": "Feature",
      "geometry": {
        "type": "Point",
        "coordinates": [
          35.57261,
          -14.68999
        ]
      },
      "properties": {
        "name": "Nkapa",
        "country": "Malawi",
        "region": "Southern Region",
        "elevation_m": null,
        "population": 0,
        "feature_type": "populated place",
        "geoname_id": 924758
      }
    },
    {
      "type": "Feature",
      "geometry": {
        "type": "Point",
        "coordinates": [
          33.68333,
          -13.76667
        ]
      },
      "properties": {
        "name": "Nkanira",
        "country": "Malawi",
        "region": "Central Region",
        "elevation_m": null,
        "population": 0,
        "feature_type": "populated place",
        "geoname_id": 924762
      }
    },
    {
      "type": "Feature",
      "geometry": {
        "type": "Point",
        "coordinates": [
          33.52522,
          -14.09509
        ]
      },
      "properties": {
        "name": "Nkanga",
        "country": "Malawi",
        "region": "Central Region",
        "elevation_m": null,
        "population": 0,
        "feature_type": "populated place",
        "geoname_id": 924764
      }
    },
    {
      "type": "Feature",
      "geometry": {
        "type": "Point",
        "coordinates": [
          33.63829,
          -13.44708
        ]
      },
      "properties": {
        "name": "Nkanga",
        "country": "Malawi",
        "region": "Central Region",
        "elevation_m": null,
        "population": 0,
        "feature_type": "populated place",
        "geoname_id": 924765
      }
    },
    {
      "type": "Feature",
      "geometry": {
        "type": "Point",
        "coordinates": [
          34.28333,
          -14.1
        ]
      },
      "properties": {
        "name": "Nkalyapa",
        "country": "Malawi",
        "region": "Central Region",
        "elevation_m": null,
        "population": 0,
        "feature_type": "populated place",
        "geoname_id": 924773
      }
    },
    {
      "type": "Feature",
      "geometry": {
        "type": "Point",
        "coordinates": [
          35.69982,
          -14.66683
        ]
      },
      "properties": {
        "name": "Nkalama",
        "country": "Malawi",
        "region": "Southern Region",
        "elevation_m": null,
        "population": 0,
        "feature_type": "populated place",
        "geoname_id": 924779
      }
    },
    {
      "type": "Feature",
      "geometry": {
        "type": "Point",
        "coordinates": [
          33.63802,
          -13.44937
        ]
      },
      "properties": {
        "name": "Nkala",
        "country": "Malawi",
        "region": "Central Region",
        "elevation_m": null,
        "population": 0,
        "feature_type": "populated place",
        "geoname_id": 924781
      }
    },
    {
      "type": "Feature",
      "geometry": {
        "type": "Point",
        "coordinates": [
          35.79335,
          -14.82066
        ]
      },
      "properties": {
        "name": "Nkaku",
        "country": "Malawi",
        "region": "Southern Region",
        "elevation_m": null,
        "population": 0,
        "feature_type": "populated place",
        "geoname_id": 924782
      }
    },
    {
      "type": "Feature",
      "geometry": {
        "type": "Point",
        "coordinates": [
          33.56153,
          -13.08383
        ]
      },
      "properties": {
        "name": "Nkhako Minyala",
        "country": "Malawi",
        "region": "Central Region",
        "elevation_m": null,
        "population": 0,
        "feature_type": "populated place",
        "geoname_id": 924783
      }
    },
    {
      "type": "Feature",
      "geometry": {
        "type": "Point",
        "coordinates": [
          33.57001,
          -13.08827
        ]
      },
      "properties": {
        "name": "Nkhako Miseza",
        "country": "Malawi",
        "region": "Central Region",
        "elevation_m": null,
        "population": 0,
        "feature_type": "populated place",
        "geoname_id": 924784
      }
    },
    {
      "type": "Feature",
      "geometry": {
        "type": "Point",
        "coordinates": [
          33.61863,
          -13.43727
        ]
      },
      "properties": {
        "name": "Nkafi",
        "country": "Malawi",
        "region": "Central Region",
        "elevation_m": null,
        "population": 0,
        "feature_type": "populated place",
        "geoname_id": 924785
      }
    },
    {
      "type": "Feature",
      "geometry": {
        "type": "Point",
        "coordinates": [
          33.6987,
          -11.52571
        ]
      },
      "properties": {
        "name": "Njuyu",
        "country": "Malawi",
        "region": "Northern Region",
        "elevation_m": null,
        "population": 0,
        "feature_type": "populated place",
        "geoname_id": 924787
      }
    },
    {
      "type": "Feature",
      "geometry": {
        "type": "Point",
        "coordinates": [
          34.01833,
          -12.23881
        ]
      },
      "properties": {
        "name": "Njuwa",
        "country": "Malawi",
        "region": "Central Region",
        "elevation_m": null,
        "population": 0,
        "feature_type": "populated place",
        "geoname_id": 924788
      }
    },
    {
      "type": "Feature",
      "geometry": {
        "type": "Point",
        "coordinates": [
          35.13348,
          -15.6884
        ]
      },
      "properties": {
        "name": "Njuli",
        "country": "Malawi",
        "region": "Southern Region",
        "elevation_m": null,
        "population": 0,
        "feature_type": "populated place",
        "geoname_id": 924791
      }
    },
    {
      "type": "Feature",
      "geometry": {
        "type": "Point",
        "coordinates": [
          33.88333,
          -14.31667
        ]
      },
      "properties": {
        "name": "Njuki",
        "country": "Malawi",
        "region": "Central Region",
        "elevation_m": null,
        "population": 0,
        "feature_type": "populated place",
        "geoname_id": 924792
      }
    },
    {
      "type": "Feature",
      "geometry": {
        "type": "Point",
        "coordinates": [
          33.8984,
          -14.32865
        ]
      },
      "properties": {
        "name": "Njuci",
        "country": "Malawi",
        "region": "Central Region",
        "elevation_m": null,
        "population": 0,
        "feature_type": "populated place",
        "geoname_id": 924794
      }
    },
    {
      "type": "Feature",
      "geometry": {
        "type": "Point",
        "coordinates": [
          34.28333,
          -14.38333
        ]
      },
      "properties": {
        "name": "Njuchi",
        "country": "Malawi",
        "region": "Central Region",
        "elevation_m": null,
        "population": 0,
        "feature_type": "populated place",
        "geoname_id": 924795
      }
    },
    {
      "type": "Feature",
      "geometry": {
        "type": "Point",
        "coordinates": [
          34.00856,
          -14.4444
        ]
      },
      "properties": {
        "name": "Njonja",
        "country": "Malawi",
        "region": "Central Region",
        "elevation_m": null,
        "population": 0,
        "feature_type": "populated place",
        "geoname_id": 924796
      }
    },
    {
      "type": "Feature",
      "geometry": {
        "type": "Point",
        "coordinates": [
          33.52038,
          -13.31044
        ]
      },
      "properties": {
        "name": "Njombwa",
        "country": "Malawi",
        "region": "Central Region",
        "elevation_m": null,
        "population": 0,
        "feature_type": "populated place",
        "geoname_id": 924798
      }
    },
    {
      "type": "Feature",
      "geometry": {
        "type": "Point",
        "coordinates": [
          34.5579,
          -14.64931
        ]
      },
      "properties": {
        "name": "Njolomole",
        "country": "Malawi",
        "region": "Central Region",
        "elevation_m": null,
        "population": 0,
        "feature_type": "populated place",
        "geoname_id": 924799
      }
    },
    {
      "type": "Feature",
      "geometry": {
        "type": "Point",
        "coordinates": [
          34.62122,
          -12.03253
        ]
      },
      "properties": {
        "name": "Njofu",
        "country": "Malawi",
        "region": "Northern Region",
        "elevation_m": null,
        "population": 0,
        "feature_type": "populated place",
        "geoname_id": 924802
      }
    },
    {
      "type": "Feature",
      "geometry": {
        "type": "Point",
        "coordinates": [
          33.89916,
          -13.98362
        ]
      },
      "properties": {
        "name": "Njobvu",
        "country": "Malawi",
        "region": "Central Region",
        "elevation_m": null,
        "population": 0,
        "feature_type": "populated place",
        "geoname_id": 924804
      }
    },
    {
      "type": "Feature",
      "geometry": {
        "type": "Point",
        "coordinates": [
          33.63333,
          -13.03333
        ]
      },
      "properties": {
        "name": "Njobvu",
        "country": "Malawi",
        "region": "Central Region",
        "elevation_m": null,
        "population": 0,
        "feature_type": "populated place",
        "geoname_id": 924805
      }
    },
    {
      "type": "Feature",
      "geometry": {
        "type": "Point",
        "coordinates": [
          33.30407,
          -13.98408
        ]
      },
      "properties": {
        "name": "Njiwa",
        "country": "Malawi",
        "region": "Central Region",
        "elevation_m": null,
        "population": 0,
        "feature_type": "populated place",
        "geoname_id": 924807
      }
    },
    {
      "type": "Feature",
      "geometry": {
        "type": "Point",
        "coordinates": [
          33.71667,
          -13.98333
        ]
      },
      "properties": {
        "name": "Njewa",
        "country": "Malawi",
        "region": "Central Region",
        "elevation_m": null,
        "population": 0,
        "feature_type": "populated place",
        "geoname_id": 924811
      }
    },
    {
      "type": "Feature",
      "geometry": {
        "type": "Point",
        "coordinates": [
          33.89176,
          -13.71736
        ]
      },
      "properties": {
        "name": "Njewa",
        "country": "Malawi",
        "region": "Central Region",
        "elevation_m": null,
        "population": 0,
        "feature_type": "populated place",
        "geoname_id": 924812
      }
    },
    {
      "type": "Feature",
      "geometry": {
        "type": "Point",
        "coordinates": [
          32.91705,
          -13.65143
        ]
      },
      "properties": {
        "name": "Njenje",
        "country": "Malawi",
        "region": "Central Region",
        "elevation_m": null,
        "population": 0,
        "feature_type": "populated place",
        "geoname_id": 924814
      }
    },
    {
      "type": "Feature",
      "geometry": {
        "type": "Point",
        "coordinates": [
          33.4876,
          -13.86059
        ]
      },
      "properties": {
        "name": "Njemu",
        "country": "Malawi",
        "region": "Central Region",
        "elevation_m": null,
        "population": 0,
        "feature_type": "populated place",
        "geoname_id": 924815
      }
    },
    {
      "type": "Feature",
      "geometry": {
        "type": "Point",
        "coordinates": [
          33.40651,
          -12.07357
        ]
      },
      "properties": {
        "name": "Njebwa",
        "country": "Malawi",
        "region": "Northern Region",
        "elevation_m": null,
        "population": 0,
        "feature_type": "populated place",
        "geoname_id": 924817
      }
    },
    {
      "type": "Feature",
      "geometry": {
        "type": "Point",
        "coordinates": [
          34.50956,
          -15.54306
        ]
      },
      "properties": {
        "name": "Njaza",
        "country": "Malawi",
        "region": "Southern Region",
        "elevation_m": null,
        "population": 0,
        "feature_type": "populated place",
        "geoname_id": 924818
      }
    },
    {
      "type": "Feature",
      "geometry": {
        "type": "Point",
        "coordinates": [
          34.03838,
          -14.47735
        ]
      },
      "properties": {
        "name": "Njati",
        "country": "Malawi",
        "region": "Central Region",
        "elevation_m": null,
        "population": 0,
        "feature_type": "populated place",
        "geoname_id": 924819
      }
    },
    {
      "type": "Feature",
      "geometry": {
        "type": "Point",
        "coordinates": [
          33.24642,
          -13.98684
        ]
      },
      "properties": {
        "name": "Njati",
        "country": "Malawi",
        "region": "Central Region",
        "elevation_m": null,
        "population": 0,
        "feature_type": "populated place",
        "geoname_id": 924820
      }
    },
    {
      "type": "Feature",
      "geometry": {
        "type": "Point",
        "coordinates": [
          33.41667,
          -13.71667
        ]
      },
      "properties": {
        "name": "Njambito",
        "country": "Malawi",
        "region": "Central Region",
        "elevation_m": null,
        "population": 0,
        "feature_type": "populated place",
        "geoname_id": 924822
      }
    },
    {
      "type": "Feature",
      "geometry": {
        "type": "Point",
        "coordinates": [
          33.41667,
          -13.73333
        ]
      },
      "properties": {
        "name": "Njambiro",
        "country": "Malawi",
        "region": "Central Region",
        "elevation_m": null,
        "population": 0,
        "feature_type": "populated place",
        "geoname_id": 924823
      }
    },
    {
      "type": "Feature",
      "geometry": {
        "type": "Point",
        "coordinates": [
          34.11178,
          -10.42547
        ]
      },
      "properties": {
        "name": "Njalayankhunda",
        "country": "Malawi",
        "region": "Northern Region",
        "elevation_m": null,
        "population": 0,
        "feature_type": "populated place",
        "geoname_id": 924829
      }
    },
    {
      "type": "Feature",
      "geometry": {
        "type": "Point",
        "coordinates": [
          33.56667,
          -13.66667
        ]
      },
      "properties": {
        "name": "Njalamaleye",
        "country": "Malawi",
        "region": "Central Region",
        "elevation_m": null,
        "population": 0,
        "feature_type": "populated place",
        "geoname_id": 924831
      }
    },
    {
      "type": "Feature",
      "geometry": {
        "type": "Point",
        "coordinates": [
          33.57485,
          -13.67579
        ]
      },
      "properties": {
        "name": "Njala",
        "country": "Malawi",
        "region": "Central Region",
        "elevation_m": null,
        "population": 0,
        "feature_type": "populated place",
        "geoname_id": 924832
      }
    },
    {
      "type": "Feature",
      "geometry": {
        "type": "Point",
        "coordinates": [
          33.81894,
          -13.17736
        ]
      },
      "properties": {
        "name": "Njakwa",
        "country": "Malawi",
        "region": "Central Region",
        "elevation_m": null,
        "population": 0,
        "feature_type": "populated place",
        "geoname_id": 924836
      }
    },
    {
      "type": "Feature",
      "geometry": {
        "type": "Point",
        "coordinates": [
          33.78985,
          -12.48495
        ]
      },
      "properties": {
        "name": "Njakwa Kamyinji",
        "country": "Malawi",
        "region": "Northern Region",
        "elevation_m": null,
        "population": 0,
        "feature_type": "populated place",
        "geoname_id": 924837
      }
    },
    {
      "type": "Feature",
      "geometry": {
        "type": "Point",
        "coordinates": [
          33.90653,
          -11.04864
        ]
      },
      "properties": {
        "name": "Njakwa",
        "country": "Malawi",
        "region": "Northern Region",
        "elevation_m": null,
        "population": 0,
        "feature_type": "populated place",
        "geoname_id": 924838
      }
    },
    {
      "type": "Feature",
      "geometry": {
        "type": "Point",
        "coordinates": [
          33.42451,
          -13.55903
        ]
      },
      "properties": {
        "name": "Njakwa",
        "country": "Malawi",
        "region": "Central Region",
        "elevation_m": null,
        "population": 0,
        "feature_type": "populated place",
        "geoname_id": 924839
      }
    },
    {
      "type": "Feature",
      "geometry": {
        "type": "Point",
        "coordinates": [
          33.01667,
          -13.8
        ]
      },
      "properties": {
        "name": "Nikaiere",
        "country": "Malawi",
        "region": "Central Region",
        "elevation_m": null,
        "population": 0,
        "feature_type": "populated place",
        "geoname_id": 924842
      }
    },
    {
      "type": "Feature",
      "geometry": {
        "type": "Point",
        "coordinates": [
          34.28333,
          -14.06667
        ]
      },
      "properties": {
        "name": "Nhokopo",
        "country": "Malawi",
        "region": "Central Region",
        "elevation_m": null,
        "population": 0,
        "feature_type": "populated place",
        "geoname_id": 924843
      }
    },
    {
      "type": "Feature",
      "geometry": {
        "type": "Point",
        "coordinates": [
          34.77348,
          -14.61403
        ]
      },
      "properties": {
        "name": "Nhawani",
        "country": "Malawi",
        "region": "Central Region",
        "elevation_m": null,
        "population": 0,
        "feature_type": "populated place",
        "geoname_id": 924844
      }
    },
    {
      "type": "Feature",
      "geometry": {
        "type": "Point",
        "coordinates": [
          35.08349,
          -17.09718
        ]
      },
      "properties": {
        "name": "Nhapali",
        "country": "Malawi",
        "region": "Southern Region",
        "elevation_m": null,
        "population": 0,
        "feature_type": "populated place",
        "geoname_id": 924845
      }
    },
    {
      "type": "Feature",
      "geometry": {
        "type": "Point",
        "coordinates": [
          34.45626,
          -13.86705
        ]
      },
      "properties": {
        "name": "Ngwindo",
        "country": "Malawi",
        "region": "Central Region",
        "elevation_m": null,
        "population": 0,
        "feature_type": "populated place",
        "geoname_id": 924846
      }
    },
    {
      "type": "Feature",
      "geometry": {
        "type": "Point",
        "coordinates": [
          34.45,
          -13.8
        ]
      },
      "properties": {
        "name": "Ngwindo",
        "country": "Malawi",
        "region": "Central Region",
        "elevation_m": null,
        "population": 0,
        "feature_type": "populated place",
        "geoname_id": 924847
      }
    },
    {
      "type": "Feature",
      "geometry": {
        "type": "Point",
        "coordinates": [
          34.3,
          -14.31667
        ]
      },
      "properties": {
        "name": "Ngwere",
        "country": "Malawi",
        "region": "Central Region",
        "elevation_m": null,
        "population": 0,
        "feature_type": "populated place",
        "geoname_id": 924848
      }
    },
    {
      "type": "Feature",
      "geometry": {
        "type": "Point",
        "coordinates": [
          33.62022,
          -12.71135
        ]
      },
      "properties": {
        "name": "Ngwenya",
        "country": "Malawi",
        "region": "Central Region",
        "elevation_m": null,
        "population": 0,
        "feature_type": "populated place",
        "geoname_id": 924849
      }
    },
    {
      "type": "Feature",
      "geometry": {
        "type": "Point",
        "coordinates": [
          35.47419,
          -14.6691
        ]
      },
      "properties": {
        "name": "Ngwaya",
        "country": "Malawi",
        "region": "Southern Region",
        "elevation_m": null,
        "population": 0,
        "feature_type": "populated place",
        "geoname_id": 924850
      }
    },
    {
      "type": "Feature",
      "geometry": {
        "type": "Point",
        "coordinates": [
          34.03333,
          -13.46667
        ]
      },
      "properties": {
        "name": "Ngwata",
        "country": "Malawi",
        "region": "Central Region",
        "elevation_m": null,
        "population": 0,
        "feature_type": "populated place",
        "geoname_id": 924851
      }
    },
    {
      "type": "Feature",
      "geometry": {
        "type": "Point",
        "coordinates": [
          35.3,
          -17
        ]
      },
      "properties": {
        "name": "Ngwangwa",
        "country": "Malawi",
        "region": "Southern Region",
        "elevation_m": null,
        "population": 0,
        "feature_type": "populated place",
        "geoname_id": 924853
      }
    },
    {
      "type": "Feature",
      "geometry": {
        "type": "Point",
        "coordinates": [
          33.41667,
          -12.8
        ]
      },
      "properties": {
        "name": "Ngwala",
        "country": "Malawi",
        "region": "Central Region",
        "elevation_m": null,
        "population": 0,
        "feature_type": "populated place",
        "geoname_id": 924854
      }
    },
    {
      "type": "Feature",
      "geometry": {
        "type": "Point",
        "coordinates": [
          34.11667,
          -14.01667
        ]
      },
      "properties": {
        "name": "Nguniwe",
        "country": "Malawi",
        "region": "Central Region",
        "elevation_m": null,
        "population": 0,
        "feature_type": "populated place",
        "geoname_id": 924859
      }
    },
    {
      "type": "Feature",
      "geometry": {
        "type": "Point",
        "coordinates": [
          34.08333,
          -13.36667
        ]
      },
      "properties": {
        "name": "Ngundama",
        "country": "Malawi",
        "region": "Central Region",
        "elevation_m": null,
        "population": 0,
        "feature_type": "populated place",
        "geoname_id": 924861
      }
    },
    {
      "type": "Feature",
      "geometry": {
        "type": "Point",
        "coordinates": [
          34.85051,
          -15.75915
        ]
      },
      "properties": {
        "name": "Ngumeni",
        "country": "Malawi",
        "region": "Southern Region",
        "elevation_m": null,
        "population": 0,
        "feature_type": "populated place",
        "geoname_id": 924862
      }
    },
    {
      "type": "Feature",
      "geometry": {
        "type": "Point",
        "coordinates": [
          35.02822,
          -16.60365
        ]
      },
      "properties": {
        "name": "Nguluwe",
        "country": "Malawi",
        "region": "Southern Region",
        "elevation_m": null,
        "population": 0,
        "feature_type": "populated place",
        "geoname_id": 924866
      }
    },
    {
      "type": "Feature",
      "geometry": {
        "type": "Point",
        "coordinates": [
          33.13015,
          -13.3652
        ]
      },
      "properties": {
        "name": "Ngulikila",
        "country": "Malawi",
        "region": "Central Region",
        "elevation_m": null,
        "population": 0,
        "feature_type": "populated place",
        "geoname_id": 924869
      }
    },
    {
      "type": "Feature",
      "geometry": {
        "type": "Point",
        "coordinates": [
          33.87661,
          -13.74765
        ]
      },
      "properties": {
        "name": "Ngulu",
        "country": "Malawi",
        "region": "Central Region",
        "elevation_m": null,
        "population": 0,
        "feature_type": "populated place",
        "geoname_id": 924874
      }
    },
    {
      "type": "Feature",
      "geometry": {
        "type": "Point",
        "coordinates": [
          34.41667,
          -15.76667
        ]
      },
      "properties": {
        "name": "Ngowo",
        "country": "Malawi",
        "region": "Southern Region",
        "elevation_m": null,
        "population": 0,
        "feature_type": "populated place",
        "geoname_id": 924876
      }
    },
    {
      "type": "Feature",
      "geometry": {
        "type": "Point",
        "coordinates": [
          34.26727,
          -11.61446
        ]
      },
      "properties": {
        "name": "Ngorozera",
        "country": "Malawi",
        "region": "Northern Region",
        "elevation_m": null,
        "population": 0,
        "feature_type": "populated place",
        "geoname_id": 924877
      }
    },
    {
      "type": "Feature",
      "geometry": {
        "type": "Point",
        "coordinates": [
          33.81667,
          -14.11667
        ]
      },
      "properties": {
        "name": "Ngonzo",
        "country": "Malawi",
        "region": "Central Region",
        "elevation_m": null,
        "population": 0,
        "feature_type": "populated place",
        "geoname_id": 924878
      }
    },
    {
      "type": "Feature",
      "geometry": {
        "type": "Point",
        "coordinates": [
          34.12735,
          -10.37783
        ]
      },
      "properties": {
        "name": "Gonthaminga",
        "country": "Malawi",
        "region": "Northern Region",
        "elevation_m": null,
        "population": 0,
        "feature_type": "populated place",
        "geoname_id": 924879
      }
    },
    {
      "type": "Feature",
      "geometry": {
        "type": "Point",
        "coordinates": [
          34.44418,
          -14.32351
        ]
      },
      "properties": {
        "name": "Ngonoonda",
        "country": "Malawi",
        "region": "Central Region",
        "elevation_m": null,
        "population": 0,
        "feature_type": "populated place",
        "geoname_id": 924880
      }
    },
    {
      "type": "Feature",
      "geometry": {
        "type": "Point",
        "coordinates": [
          35.45127,
          -14.8028
        ]
      },
      "properties": {
        "name": "Ngongondo",
        "country": "Malawi",
        "region": "Southern Region",
        "elevation_m": null,
        "population": 0,
        "feature_type": "populated place",
        "geoname_id": 924883
      }
    },
    {
      "type": "Feature",
      "geometry": {
        "type": "Point",
        "coordinates": [
          35.08333,
          -14.16667
        ]
      },
      "properties": {
        "name": "Ngongondo",
        "country": "Malawi",
        "region": "Southern Region",
        "elevation_m": null,
        "population": 0,
        "feature_type": "populated place",
        "geoname_id": 924884
      }
    },
    {
      "type": "Feature",
      "geometry": {
        "type": "Point",
        "coordinates": [
          33.46463,
          -13.98256
        ]
      },
      "properties": {
        "name": "Ngongonda",
        "country": "Malawi",
        "region": "Central Region",
        "elevation_m": null,
        "population": 0,
        "feature_type": "populated place",
        "geoname_id": 924885
      }
    },
    {
      "type": "Feature",
      "geometry": {
        "type": "Point",
        "coordinates": [
          35.5122,
          -15.7923
        ]
      },
      "properties": {
        "name": "Ngongola",
        "country": "Malawi",
        "region": "Southern Region",
        "elevation_m": null,
        "population": 0,
        "feature_type": "populated place",
        "geoname_id": 924886
      }
    },
    {
      "type": "Feature",
      "geometry": {
        "type": "Point",
        "coordinates": [
          33.93971,
          -10.94422
        ]
      },
      "properties": {
        "name": "Ng’onga",
        "country": "Malawi",
        "region": "Northern Region",
        "elevation_m": null,
        "population": 0,
        "feature_type": "populated place",
        "geoname_id": 924889
      }
    },
    {
      "type": "Feature",
      "geometry": {
        "type": "Point",
        "coordinates": [
          33.31667,
          -13.66667
        ]
      },
      "properties": {
        "name": "Ngonbongo",
        "country": "Malawi",
        "region": "Central Region",
        "elevation_m": null,
        "population": 0,
        "feature_type": "populated place",
        "geoname_id": 924893
      }
    },
    {
      "type": "Feature",
      "geometry": {
        "type": "Point",
        "coordinates": [
          34.41667,
          -14.35
        ]
      },
      "properties": {
        "name": "Ngona",
        "country": "Malawi",
        "region": "Central Region",
        "elevation_m": null,
        "population": 0,
        "feature_type": "populated place",
        "geoname_id": 924894
      }
    },
    {
      "type": "Feature",
      "geometry": {
        "type": "Point",
        "coordinates": [
          34.16727,
          -11.77498
        ]
      },
      "properties": {
        "name": "Ngombo",
        "country": "Malawi",
        "region": "Northern Region",
        "elevation_m": null,
        "population": 0,
        "feature_type": "populated place",
        "geoname_id": 924897
      }
    },
    {
      "type": "Feature",
      "geometry": {
        "type": "Point",
        "coordinates": [
          34.16609,
          -11.73983
        ]
      },
      "properties": {
        "name": "Ngombo",
        "country": "Malawi",
        "region": "Northern Region",
        "elevation_m": null,
        "population": 0,
        "feature_type": "populated place",
        "geoname_id": 924898
      }
    },
    {
      "type": "Feature",
      "geometry": {
        "type": "Point",
        "coordinates": [
          34.0335,
          -14.35231
        ]
      },
      "properties": {
        "name": "Ngombengo",
        "country": "Malawi",
        "region": "Central Region",
        "elevation_m": null,
        "population": 0,
        "feature_type": "populated place",
        "geoname_id": 924900
      }
    },
    {
      "type": "Feature",
      "geometry": {
        "type": "Point",
        "coordinates": [
          33.91771,
          -13.56468
        ]
      },
      "properties": {
        "name": "Ngombende",
        "country": "Malawi",
        "region": "Central Region",
        "elevation_m": null,
        "population": 0,
        "feature_type": "populated place",
        "geoname_id": 924901
      }
    },
    {
      "type": "Feature",
      "geometry": {
        "type": "Point",
        "coordinates": [
          33.66667,
          -14.2
        ]
      },
      "properties": {
        "name": "Ngombe",
        "country": "Malawi",
        "region": "Central Region",
        "elevation_m": null,
        "population": 0,
        "feature_type": "populated place",
        "geoname_id": 924906
      }
    },
    {
      "type": "Feature",
      "geometry": {
        "type": "Point",
        "coordinates": [
          33.6,
          -13.68333
        ]
      },
      "properties": {
        "name": "Ngombe",
        "country": "Malawi",
        "region": "Central Region",
        "elevation_m": null,
        "population": 0,
        "feature_type": "populated place",
        "geoname_id": 924907
      }
    },
    {
      "type": "Feature",
      "geometry": {
        "type": "Point",
        "coordinates": [
          33.98333,
          -13.4
        ]
      },
      "properties": {
        "name": "Ngombe",
        "country": "Malawi",
        "region": "Central Region",
        "elevation_m": null,
        "population": 0,
        "feature_type": "populated place",
        "geoname_id": 924908
      }
    },
    {
      "type": "Feature",
      "geometry": {
        "type": "Point",
        "coordinates": [
          34.08333,
          -13.36667
        ]
      },
      "properties": {
        "name": "Ngombe",
        "country": "Malawi",
        "region": "Central Region",
        "elevation_m": null,
        "population": 0,
        "feature_type": "populated place",
        "geoname_id": 924909
      }
    },
    {
      "type": "Feature",
      "geometry": {
        "type": "Point",
        "coordinates": [
          33.87132,
          -13.36797
        ]
      },
      "properties": {
        "name": "Ng’ombe",
        "country": "Malawi",
        "region": "Central Region",
        "elevation_m": null,
        "population": 0,
        "feature_type": "populated place",
        "geoname_id": 924910
      }
    },
    {
      "type": "Feature",
      "geometry": {
        "type": "Point",
        "coordinates": [
          35.7,
          -14.81667
        ]
      },
      "properties": {
        "name": "Ngomano",
        "country": "Malawi",
        "region": "Southern Region",
        "elevation_m": null,
        "population": 0,
        "feature_type": "populated place",
        "geoname_id": 924912
      }
    },
    {
      "type": "Feature",
      "geometry": {
        "type": "Point",
        "coordinates": [
          34.3,
          -12.91667
        ]
      },
      "properties": {
        "name": "Ngoma",
        "country": "Malawi",
        "region": "Central Region",
        "elevation_m": null,
        "population": 0,
        "feature_type": "populated place",
        "geoname_id": 924916
      }
    },
    {
      "type": "Feature",
      "geometry": {
        "type": "Point",
        "coordinates": [
          34.43333,
          -13.83333
        ]
      },
      "properties": {
        "name": "Ngolomi",
        "country": "Malawi",
        "region": "Central Region",
        "elevation_m": null,
        "population": 0,
        "feature_type": "populated place",
        "geoname_id": 924917
      }
    },
    {
      "type": "Feature",
      "geometry": {
        "type": "Point",
        "coordinates": [
          34.46667,
          -13.81667
        ]
      },
      "properties": {
        "name": "Ngolomi",
        "country": "Malawi",
        "region": "Central Region",
        "elevation_m": null,
        "population": 0,
        "feature_type": "populated place",
        "geoname_id": 924918
      }
    },
    {
      "type": "Feature",
      "geometry": {
        "type": "Point",
        "coordinates": [
          34.44172,
          -13.82934
        ]
      },
      "properties": {
        "name": "Ngolomi",
        "country": "Malawi",
        "region": "Central Region",
        "elevation_m": null,
        "population": 0,
        "feature_type": "populated place",
        "geoname_id": 924919
      }
    },
    {
      "type": "Feature",
      "geometry": {
        "type": "Point",
        "coordinates": [
          33.99127,
          -13.27087
        ]
      },
      "properties": {
        "name": "Ngolomi",
        "country": "Malawi",
        "region": "Central Region",
        "elevation_m": null,
        "population": 0,
        "feature_type": "populated place",
        "geoname_id": 924920
      }
    },
    {
      "type": "Feature",
      "geometry": {
        "type": "Point",
        "coordinates": [
          33.85358,
          -13.4121
        ]
      },
      "properties": {
        "name": "Ngoleka",
        "country": "Malawi",
        "region": "Central Region",
        "elevation_m": null,
        "population": 0,
        "feature_type": "populated place",
        "geoname_id": 924925
      }
    },
    {
      "type": "Feature",
      "geometry": {
        "type": "Point",
        "coordinates": [
          35.61667,
          -14.75
        ]
      },
      "properties": {
        "name": "Ngokwe",
        "country": "Malawi",
        "region": "Southern Region",
        "elevation_m": null,
        "population": 0,
        "feature_type": "populated place",
        "geoname_id": 924926
      }
    },
    {
      "type": "Feature",
      "geometry": {
        "type": "Point",
        "coordinates": [
          35.56667,
          -14.53333
        ]
      },
      "properties": {
        "name": "Ngoji",
        "country": "Malawi",
        "region": "Southern Region",
        "elevation_m": null,
        "population": 0,
        "feature_type": "populated place",
        "geoname_id": 924927
      }
    },
    {
      "type": "Feature",
      "geometry": {
        "type": "Point",
        "coordinates": [
          33.78333,
          -13.41667
        ]
      },
      "properties": {
        "name": "Ngisi",
        "country": "Malawi",
        "region": "Central Region",
        "elevation_m": null,
        "population": 0,
        "feature_type": "populated place",
        "geoname_id": 924929
      }
    },
    {
      "type": "Feature",
      "geometry": {
        "type": "Point",
        "coordinates": [
          34.71667,
          -16.16667
        ]
      },
      "properties": {
        "name": "Ngilazi",
        "country": "Malawi",
        "region": "Southern Region",
        "elevation_m": null,
        "population": 0,
        "feature_type": "populated place",
        "geoname_id": 924930
      }
    },
    {
      "type": "Feature",
      "geometry": {
        "type": "Point",
        "coordinates": [
          35.46667,
          -14.61667
        ]
      },
      "properties": {
        "name": "Ngawo",
        "country": "Malawi",
        "region": "Southern Region",
        "elevation_m": null,
        "population": 0,
        "feature_type": "populated place",
        "geoname_id": 924933
      }
    },
    {
      "type": "Feature",
      "geometry": {
        "type": "Point",
        "coordinates": [
          33.88333,
          -14.33333
        ]
      },
      "properties": {
        "name": "Ngawi",
        "country": "Malawi",
        "region": "Central Region",
        "elevation_m": null,
        "population": 0,
        "feature_type": "populated place",
        "geoname_id": 924934
      }
    },
    {
      "type": "Feature",
      "geometry": {
        "type": "Point",
        "coordinates": [
          34.10751,
          -10.23383
        ]
      },
      "properties": {
        "name": "Ngara",
        "country": "Malawi",
        "region": "Northern Region",
        "elevation_m": null,
        "population": 0,
        "feature_type": "populated place",
        "geoname_id": 924939
      }
    },
    {
      "type": "Feature",
      "geometry": {
        "type": "Point",
        "coordinates": [
          33.51667,
          -12.53333
        ]
      },
      "properties": {
        "name": "Nganjo",
        "country": "Malawi",
        "region": "Central Region",
        "elevation_m": null,
        "population": 0,
        "feature_type": "populated place",
        "geoname_id": 924940
      }
    },
    {
      "type": "Feature",
      "geometry": {
        "type": "Point",
        "coordinates": [
          34.3,
          -13.16667
        ]
      },
      "properties": {
        "name": "Ngalaura",
        "country": "Malawi",
        "region": "Central Region",
        "elevation_m": null,
        "population": 0,
        "feature_type": "populated place",
        "geoname_id": 924950
      }
    },
    {
      "type": "Feature",
      "geometry": {
        "type": "Point",
        "coordinates": [
          34.01667,
          -12.18333
        ]
      },
      "properties": {
        "name": "Ngalauka",
        "country": "Malawi",
        "region": "Northern Region",
        "elevation_m": null,
        "population": 0,
        "feature_type": "populated place",
        "geoname_id": 924951
      }
    },
    {
      "type": "Feature",
      "geometry": {
        "type": "Point",
        "coordinates": [
          33.39098,
          -12.58694
        ]
      },
      "properties": {
        "name": "Ngalamila",
        "country": "Malawi",
        "region": "Central Region",
        "elevation_m": null,
        "population": 0,
        "feature_type": "populated place",
        "geoname_id": 924953
      }
    },
    {
      "type": "Feature",
      "geometry": {
        "type": "Point",
        "coordinates": [
          33.50138,
          -12.54365
        ]
      },
      "properties": {
        "name": "Ngala",
        "country": "Malawi",
        "region": "Central Region",
        "elevation_m": null,
        "population": 0,
        "feature_type": "populated place",
        "geoname_id": 924956
      }
    },
    {
      "type": "Feature",
      "geometry": {
        "type": "Point",
        "coordinates": [
          34.5585,
          -15.78838
        ]
      },
      "properties": {
        "name": "Ngadziwe",
        "country": "Malawi",
        "region": "Southern Region",
        "elevation_m": null,
        "population": 0,
        "feature_type": "populated place",
        "geoname_id": 924957
      }
    },
    {
      "type": "Feature",
      "geometry": {
        "type": "Point",
        "coordinates": [
          35.21659,
          -16.96535
        ]
      },
      "properties": {
        "name": "Ngabu",
        "country": "Malawi",
        "region": "Southern Region",
        "elevation_m": null,
        "population": 0,
        "feature_type": "populated place",
        "geoname_id": 924958
      }
    },
    {
      "type": "Feature",
      "geometry": {
        "type": "Point",
        "coordinates": [
          35.82297,
          -14.77939
        ]
      },
      "properties": {
        "name": "Nepiyala",
        "country": "Malawi",
        "region": "Southern Region",
        "elevation_m": null,
        "population": 0,
        "feature_type": "populated place",
        "geoname_id": 924961
      }
    },
    {
      "type": "Feature",
      "geometry": {
        "type": "Point",
        "coordinates": [
          34.65343,
          -15.39805
        ]
      },
      "properties": {
        "name": "Neno",
        "country": "Malawi",
        "region": "Southern Region",
        "elevation_m": null,
        "population": 0,
        "feature_type": "seat of a second-order administrative division",
        "geoname_id": 924963
      }
    },
    {
      "type": "Feature",
      "geometry": {
        "type": "Point",
        "coordinates": [
          33.15,
          -13.81667
        ]
      },
      "properties": {
        "name": "Nelentino",
        "country": "Malawi",
        "region": "Central Region",
        "elevation_m": null,
        "population": 0,
        "feature_type": "populated place",
        "geoname_id": 924965
      }
    },
    {
      "type": "Feature",
      "geometry": {
        "type": "Point",
        "coordinates": [
          33.64103,
          -12.73106
        ]
      },
      "properties": {
        "name": "Nefani",
        "country": "Malawi",
        "region": "Central Region",
        "elevation_m": null,
        "population": 0,
        "feature_type": "populated place",
        "geoname_id": 924967
      }
    },
    {
      "type": "Feature",
      "geometry": {
        "type": "Point",
        "coordinates": [
          32.95,
          -13.61667
        ]
      },
      "properties": {
        "name": "Ndwadwa",
        "country": "Malawi",
        "region": "Central Region",
        "elevation_m": null,
        "population": 0,
        "feature_type": "populated place",
        "geoname_id": 924969
      }
    },
    {
      "type": "Feature",
      "geometry": {
        "type": "Point",
        "coordinates": [
          33.15,
          -13.71667
        ]
      },
      "properties": {
        "name": "Nduwa",
        "country": "Malawi",
        "region": "Central Region",
        "elevation_m": null,
        "population": 0,
        "feature_type": "populated place",
        "geoname_id": 924970
      }
    },
    {
      "type": "Feature",
      "geometry": {
        "type": "Point",
        "coordinates": [
          33.61892,
          -12.96196
        ]
      },
      "properties": {
        "name": "Nduwa",
        "country": "Malawi",
        "region": "Central Region",
        "elevation_m": null,
        "population": 0,
        "feature_type": "populated place",
        "geoname_id": 924971
      }
    },
    {
      "type": "Feature",
      "geometry": {
        "type": "Point",
        "coordinates": [
          33.96472,
          -12.90752
        ]
      },
      "properties": {
        "name": "Ndunde",
        "country": "Malawi",
        "region": "Central Region",
        "elevation_m": null,
        "population": 0,
        "feature_type": "populated place",
        "geoname_id": 924977
      }
    },
    {
      "type": "Feature",
      "geometry": {
        "type": "Point",
        "coordinates": [
          33.51351,
          -13.01779
        ]
      },
      "properties": {
        "name": "Ndume",
        "country": "Malawi",
        "region": "Central Region",
        "elevation_m": null,
        "population": 0,
        "feature_type": "populated place",
        "geoname_id": 924980
      }
    },
    {
      "type": "Feature",
      "geometry": {
        "type": "Point",
        "coordinates": [
          33.47815,
          -13.01109
        ]
      },
      "properties": {
        "name": "Ndume",
        "country": "Malawi",
        "region": "Central Region",
        "elevation_m": null,
        "population": 0,
        "feature_type": "populated place",
        "geoname_id": 924981
      }
    },
    {
      "type": "Feature",
      "geometry": {
        "type": "Point",
        "coordinates": [
          33.5368,
          -12.88455
        ]
      },
      "properties": {
        "name": "Nduka",
        "country": "Malawi",
        "region": "Central Region",
        "elevation_m": null,
        "population": 0,
        "feature_type": "populated place",
        "geoname_id": 924982
      }
    },
    {
      "type": "Feature",
      "geometry": {
        "type": "Point",
        "coordinates": [
          34.08333,
          -13.68333
        ]
      },
      "properties": {
        "name": "Ndozizira",
        "country": "Malawi",
        "region": "Central Region",
        "elevation_m": null,
        "population": 0,
        "feature_type": "populated place",
        "geoname_id": 924983
      }
    },
    {
      "type": "Feature",
      "geometry": {
        "type": "Point",
        "coordinates": [
          33.86477,
          -12.8892
        ]
      },
      "properties": {
        "name": "Ndondo",
        "country": "Malawi",
        "region": "Central Region",
        "elevation_m": null,
        "population": 0,
        "feature_type": "populated place",
        "geoname_id": 924985
      }
    },
    {
      "type": "Feature",
      "geometry": {
        "type": "Point",
        "coordinates": [
          34.71078,
          -12.08373
        ]
      },
      "properties": {
        "name": "Ndomo",
        "country": "Malawi",
        "region": "Northern Region",
        "elevation_m": null,
        "population": 0,
        "feature_type": "populated place",
        "geoname_id": 924989
      }
    },
    {
      "type": "Feature",
      "geometry": {
        "type": "Point",
        "coordinates": [
          33.63333,
          -14.16667
        ]
      },
      "properties": {
        "name": "Ndomira",
        "country": "Malawi",
        "region": "Central Region",
        "elevation_m": null,
        "population": 0,
        "feature_type": "populated place",
        "geoname_id": 924990
      }
    },
    {
      "type": "Feature",
      "geometry": {
        "type": "Point",
        "coordinates": [
          35.06667,
          -16.33333
        ]
      },
      "properties": {
        "name": "Ndombo",
        "country": "Malawi",
        "region": "Southern Region",
        "elevation_m": null,
        "population": 0,
        "feature_type": "populated place",
        "geoname_id": 924991
      }
    },
    {
      "type": "Feature",
      "geometry": {
        "type": "Point",
        "coordinates": [
          33.40501,
          -11.48505
        ]
      },
      "properties": {
        "name": "Ndisani Nzima",
        "country": "Malawi",
        "region": "Northern Region",
        "elevation_m": null,
        "population": 0,
        "feature_type": "populated place",
        "geoname_id": 924995
      }
    },
    {
      "type": "Feature",
      "geometry": {
        "type": "Point",
        "coordinates": [
          34.51321,
          -13.97246
        ]
      },
      "properties": {
        "name": "Ndindi",
        "country": "Malawi",
        "region": "Central Region",
        "elevation_m": null,
        "population": 0,
        "feature_type": "populated place",
        "geoname_id": 925001
      }
    },
    {
      "type": "Feature",
      "geometry": {
        "type": "Point",
        "coordinates": [
          33.45,
          -13.61667
        ]
      },
      "properties": {
        "name": "Ndinde",
        "country": "Malawi",
        "region": "Central Region",
        "elevation_m": null,
        "population": 0,
        "feature_type": "populated place",
        "geoname_id": 925002
      }
    },
    {
      "type": "Feature",
      "geometry": {
        "type": "Point",
        "coordinates": [
          33.91415,
          -13.53799
        ]
      },
      "properties": {
        "name": "Ndinda",
        "country": "Malawi",
        "region": "Central Region",
        "elevation_m": null,
        "population": 0,
        "feature_type": "populated place",
        "geoname_id": 925003
      }
    },
    {
      "type": "Feature",
      "geometry": {
        "type": "Point",
        "coordinates": [
          34.01488,
          -13.45813
        ]
      },
      "properties": {
        "name": "Nderendere",
        "country": "Malawi",
        "region": "Central Region",
        "elevation_m": null,
        "population": 0,
        "feature_type": "populated place",
        "geoname_id": 925007
      }
    },
    {
      "type": "Feature",
      "geometry": {
        "type": "Point",
        "coordinates": [
          35.4731,
          -14.87083
        ]
      },
      "properties": {
        "name": "Ndenda",
        "country": "Malawi",
        "region": "Southern Region",
        "elevation_m": null,
        "population": 0,
        "feature_type": "populated place",
        "geoname_id": 925009
      }
    },
    {
      "type": "Feature",
      "geometry": {
        "type": "Point",
        "coordinates": [
          34.41667,
          -14.06667
        ]
      },
      "properties": {
        "name": "Ndembo",
        "country": "Malawi",
        "region": "Central Region",
        "elevation_m": null,
        "population": 0,
        "feature_type": "populated place",
        "geoname_id": 925010
      }
    },
    {
      "type": "Feature",
      "geometry": {
        "type": "Point",
        "coordinates": [
          35.20332,
          -14.16526
        ]
      },
      "properties": {
        "name": "Ndoka",
        "country": "Malawi",
        "region": "Southern Region",
        "elevation_m": null,
        "population": 0,
        "feature_type": "populated place",
        "geoname_id": 925011
      }
    },
    {
      "type": "Feature",
      "geometry": {
        "type": "Point",
        "coordinates": [
          33.69169,
          -13.42037
        ]
      },
      "properties": {
        "name": "Ndembo",
        "country": "Malawi",
        "region": "Central Region",
        "elevation_m": null,
        "population": 0,
        "feature_type": "populated place",
        "geoname_id": 925012
      }
    },
    {
      "type": "Feature",
      "geometry": {
        "type": "Point",
        "coordinates": [
          33.54447,
          -11.84047
        ]
      },
      "properties": {
        "name": "Ndembera Ngwira",
        "country": "Malawi",
        "region": "Northern Region",
        "elevation_m": null,
        "population": 0,
        "feature_type": "populated place",
        "geoname_id": 925013
      }
    },
    {
      "type": "Feature",
      "geometry": {
        "type": "Point",
        "coordinates": [
          33.51858,
          -11.81227
        ]
      },
      "properties": {
        "name": "Ndembela Ngwira",
        "country": "Malawi",
        "region": "Northern Region",
        "elevation_m": null,
        "population": 0,
        "feature_type": "populated place",
        "geoname_id": 925014
      }
    },
    {
      "type": "Feature",
      "geometry": {
        "type": "Point",
        "coordinates": [
          33.41667,
          -11.6
        ]
      },
      "properties": {
        "name": "Ndembela Ngwira",
        "country": "Malawi",
        "region": "Northern Region",
        "elevation_m": null,
        "population": 0,
        "feature_type": "populated place",
        "geoname_id": 925015
      }
    },
    {
      "type": "Feature",
      "geometry": {
        "type": "Point",
        "coordinates": [
          33.63333,
          -13.76667
        ]
      },
      "properties": {
        "name": "Ndeli",
        "country": "Malawi",
        "region": "Central Region",
        "elevation_m": null,
        "population": 0,
        "feature_type": "populated place",
        "geoname_id": 925016
      }
    },
    {
      "type": "Feature",
      "geometry": {
        "type": "Point",
        "coordinates": [
          34.73662,
          -15.52014
        ]
      },
      "properties": {
        "name": "Ndelema",
        "country": "Malawi",
        "region": "Southern Region",
        "elevation_m": null,
        "population": 0,
        "feature_type": "populated place",
        "geoname_id": 925017
      }
    },
    {
      "type": "Feature",
      "geometry": {
        "type": "Point",
        "coordinates": [
          35.28333,
          -15.43333
        ]
      },
      "properties": {
        "name": "Ndela",
        "country": "Malawi",
        "region": "Southern Region",
        "elevation_m": null,
        "population": 0,
        "feature_type": "populated place",
        "geoname_id": 925019
      }
    },
    {
      "type": "Feature",
      "geometry": {
        "type": "Point",
        "coordinates": [
          34.03333,
          -13.65
        ]
      },
      "properties": {
        "name": "Ndekwa",
        "country": "Malawi",
        "region": "Central Region",
        "elevation_m": null,
        "population": 0,
        "feature_type": "populated place",
        "geoname_id": 925020
      }
    },
    {
      "type": "Feature",
      "geometry": {
        "type": "Point",
        "coordinates": [
          33.61636,
          -13.28122
        ]
      },
      "properties": {
        "name": "Ndeka",
        "country": "Malawi",
        "region": "Central Region",
        "elevation_m": null,
        "population": 0,
        "feature_type": "populated place",
        "geoname_id": 925023
      }
    },
    {
      "type": "Feature",
      "geometry": {
        "type": "Point",
        "coordinates": [
          33.91667,
          -14.45
        ]
      },
      "properties": {
        "name": "Ndebvu",
        "country": "Malawi",
        "region": "Central Region",
        "elevation_m": null,
        "population": 0,
        "feature_type": "populated place",
        "geoname_id": 925026
      }
    },
    {
      "type": "Feature",
      "geometry": {
        "type": "Point",
        "coordinates": [
          33.41941,
          -14.0214
        ]
      },
      "properties": {
        "name": "Ndebvu",
        "country": "Malawi",
        "region": "Central Region",
        "elevation_m": null,
        "population": 0,
        "feature_type": "populated place",
        "geoname_id": 925027
      }
    },
    {
      "type": "Feature",
      "geometry": {
        "type": "Point",
        "coordinates": [
          33.4003,
          -13.71524
        ]
      },
      "properties": {
        "name": "Ndaya",
        "country": "Malawi",
        "region": "Central Region",
        "elevation_m": null,
        "population": 0,
        "feature_type": "populated place",
        "geoname_id": 925028
      }
    },
    {
      "type": "Feature",
      "geometry": {
        "type": "Point",
        "coordinates": [
          34,
          -13.21667
        ]
      },
      "properties": {
        "name": "Ndaya",
        "country": "Malawi",
        "region": "Central Region",
        "elevation_m": null,
        "population": 0,
        "feature_type": "populated place",
        "geoname_id": 925029
      }
    },
    {
      "type": "Feature",
      "geometry": {
        "type": "Point",
        "coordinates": [
          33.3,
          -13.5
        ]
      },
      "properties": {
        "name": "Ndawula",
        "country": "Malawi",
        "region": "Central Region",
        "elevation_m": null,
        "population": 0,
        "feature_type": "populated place",
        "geoname_id": 925030
      }
    },
    {
      "type": "Feature",
      "geometry": {
        "type": "Point",
        "coordinates": [
          33.46878,
          -12.74507
        ]
      },
      "properties": {
        "name": "Ndawo",
        "country": "Malawi",
        "region": "Central Region",
        "elevation_m": null,
        "population": 0,
        "feature_type": "populated place",
        "geoname_id": 925031
      }
    },
    {
      "type": "Feature",
      "geometry": {
        "type": "Point",
        "coordinates": [
          33.78333,
          -13.26667
        ]
      },
      "properties": {
        "name": "Ndawara",
        "country": "Malawi",
        "region": "Central Region",
        "elevation_m": null,
        "population": 0,
        "feature_type": "populated place",
        "geoname_id": 925032
      }
    },
    {
      "type": "Feature",
      "geometry": {
        "type": "Point",
        "coordinates": [
          33.5369,
          -11.76226
        ]
      },
      "properties": {
        "name": "Ndabambe Gausi",
        "country": "Malawi",
        "region": "Northern Region",
        "elevation_m": null,
        "population": 0,
        "feature_type": "populated place",
        "geoname_id": 925033
      }
    },
    {
      "type": "Feature",
      "geometry": {
        "type": "Point",
        "coordinates": [
          33.58138,
          -11.66047
        ]
      },
      "properties": {
        "name": "Ndabambe Gausi",
        "country": "Malawi",
        "region": "Northern Region",
        "elevation_m": null,
        "population": 0,
        "feature_type": "populated place",
        "geoname_id": 925034
      }
    },
    {
      "type": "Feature",
      "geometry": {
        "type": "Point",
        "coordinates": [
          33.88265,
          -13.5237
        ]
      },
      "properties": {
        "name": "Ndawambi",
        "country": "Malawi",
        "region": "Central Region",
        "elevation_m": null,
        "population": 0,
        "feature_type": "populated place",
        "geoname_id": 925035
      }
    },
    {
      "type": "Feature",
      "geometry": {
        "type": "Point",
        "coordinates": [
          32.818,
          -13.67905
        ]
      },
      "properties": {
        "name": "Ndawambe",
        "country": "Malawi",
        "region": "Central Region",
        "elevation_m": null,
        "population": 0,
        "feature_type": "populated place",
        "geoname_id": 925036
      }
    },
    {
      "type": "Feature",
      "geometry": {
        "type": "Point",
        "coordinates": [
          32.81667,
          -13.65
        ]
      },
      "properties": {
        "name": "Ndawambe",
        "country": "Malawi",
        "region": "Central Region",
        "elevation_m": null,
        "population": 0,
        "feature_type": "populated place",
        "geoname_id": 925037
      }
    },
    {
      "type": "Feature",
      "geometry": {
        "type": "Point",
        "coordinates": [
          33.60863,
          -12.49515
        ]
      },
      "properties": {
        "name": "Ndawambe",
        "country": "Malawi",
        "region": "Northern Region",
        "elevation_m": null,
        "population": 0,
        "feature_type": "populated place",
        "geoname_id": 925038
      }
    },
    {
      "type": "Feature",
      "geometry": {
        "type": "Point",
        "coordinates": [
          34.05935,
          -12.0025
        ]
      },
      "properties": {
        "name": "Ndawambe",
        "country": "Malawi",
        "region": "Northern Region",
        "elevation_m": null,
        "population": 0,
        "feature_type": "populated place",
        "geoname_id": 925039
      }
    },
    {
      "type": "Feature",
      "geometry": {
        "type": "Point",
        "coordinates": [
          33.77922,
          -13.68952
        ]
      },
      "properties": {
        "name": "Ndangulu",
        "country": "Malawi",
        "region": "Central Region",
        "elevation_m": null,
        "population": 0,
        "feature_type": "populated place",
        "geoname_id": 925044
      }
    },
    {
      "type": "Feature",
      "geometry": {
        "type": "Point",
        "coordinates": [
          35.21899,
          -17.09576
        ]
      },
      "properties": {
        "name": "Ndamera",
        "country": "Malawi",
        "region": "Southern Region",
        "elevation_m": null,
        "population": 0,
        "feature_type": "populated place",
        "geoname_id": 925046
      }
    },
    {
      "type": "Feature",
      "geometry": {
        "type": "Point",
        "coordinates": [
          35.73333,
          -14.78333
        ]
      },
      "properties": {
        "name": "Ndambala",
        "country": "Malawi",
        "region": "Southern Region",
        "elevation_m": null,
        "population": 0,
        "feature_type": "populated place",
        "geoname_id": 925047
      }
    },
    {
      "type": "Feature",
      "geometry": {
        "type": "Point",
        "coordinates": [
          35.46526,
          -14.91705
        ]
      },
      "properties": {
        "name": "Ndamba",
        "country": "Malawi",
        "region": "Southern Region",
        "elevation_m": null,
        "population": 0,
        "feature_type": "populated place",
        "geoname_id": 925048
      }
    },
    {
      "type": "Feature",
      "geometry": {
        "type": "Point",
        "coordinates": [
          34.61886,
          -13.72718
        ]
      },
      "properties": {
        "name": "Ndalankwanda",
        "country": "Malawi",
        "region": "Central Region",
        "elevation_m": null,
        "population": 0,
        "feature_type": "populated place",
        "geoname_id": 925051
      }
    },
    {
      "type": "Feature",
      "geometry": {
        "type": "Point",
        "coordinates": [
          33.40143,
          -13.72363
        ]
      },
      "properties": {
        "name": "Ndalama",
        "country": "Malawi",
        "region": "Central Region",
        "elevation_m": null,
        "population": 0,
        "feature_type": "populated place",
        "geoname_id": 925052
      }
    },
    {
      "type": "Feature",
      "geometry": {
        "type": "Point",
        "coordinates": [
          33.71238,
          -13.45785
        ]
      },
      "properties": {
        "name": "Ndalama",
        "country": "Malawi",
        "region": "Central Region",
        "elevation_m": null,
        "population": 0,
        "feature_type": "populated place",
        "geoname_id": 925053
      }
    },
    {
      "type": "Feature",
      "geometry": {
        "type": "Point",
        "coordinates": [
          33.2751,
          -11.5755
        ]
      },
      "properties": {
        "name": "Ndakhara Chavinda",
        "country": "Malawi",
        "region": "Northern Region",
        "elevation_m": null,
        "population": 0,
        "feature_type": "populated place",
        "geoname_id": 925055
      }
    },
    {
      "type": "Feature",
      "geometry": {
        "type": "Point",
        "coordinates": [
          33.28385,
          -11.55541
        ]
      },
      "properties": {
        "name": "Ndakala Chavinda",
        "country": "Malawi",
        "region": "Northern Region",
        "elevation_m": null,
        "population": 0,
        "feature_type": "populated place",
        "geoname_id": 925056
      }
    },
    {
      "type": "Feature",
      "geometry": {
        "type": "Point",
        "coordinates": [
          33.36741,
          -12.64896
        ]
      },
      "properties": {
        "name": "Ndacha",
        "country": "Malawi",
        "region": "Central Region",
        "elevation_m": null,
        "population": 0,
        "feature_type": "populated place",
        "geoname_id": 925057
      }
    },
    {
      "type": "Feature",
      "geometry": {
        "type": "Point",
        "coordinates": [
          35.56667,
          -14.81667
        ]
      },
      "properties": {
        "name": "Ncokola",
        "country": "Malawi",
        "region": "Southern Region",
        "elevation_m": null,
        "population": 0,
        "feature_type": "populated place",
        "geoname_id": 925058
      }
    },
    {
      "type": "Feature",
      "geometry": {
        "type": "Point",
        "coordinates": [
          35.46944,
          -14.63416
        ]
      },
      "properties": {
        "name": "Ncokola",
        "country": "Malawi",
        "region": "Southern Region",
        "elevation_m": null,
        "population": 0,
        "feature_type": "populated place",
        "geoname_id": 925059
      }
    },
    {
      "type": "Feature",
      "geometry": {
        "type": "Point",
        "coordinates": [
          35.58333,
          -14.63333
        ]
      },
      "properties": {
        "name": "Ncimbo",
        "country": "Malawi",
        "region": "Southern Region",
        "elevation_m": null,
        "population": 0,
        "feature_type": "populated place",
        "geoname_id": 925062
      }
    },
    {
      "type": "Feature",
      "geometry": {
        "type": "Point",
        "coordinates": [
          34.08333,
          -13.33333
        ]
      },
      "properties": {
        "name": "Nchisi",
        "country": "Malawi",
        "region": "Central Region",
        "elevation_m": null,
        "population": 0,
        "feature_type": "populated place",
        "geoname_id": 925066
      }
    },
    {
      "type": "Feature",
      "geometry": {
        "type": "Point",
        "coordinates": [
          34.68333,
          -16.15
        ]
      },
      "properties": {
        "name": "Nchimika",
        "country": "Malawi",
        "region": "Southern Region",
        "elevation_m": null,
        "population": 0,
        "feature_type": "populated place",
        "geoname_id": 925068
      }
    },
    {
      "type": "Feature",
      "geometry": {
        "type": "Point",
        "coordinates": [
          33.8263,
          -14.03877
        ]
      },
      "properties": {
        "name": "Nchilanjila",
        "country": "Malawi",
        "region": "Central Region",
        "elevation_m": null,
        "population": 0,
        "feature_type": "populated place",
        "geoname_id": 925069
      }
    },
    {
      "type": "Feature",
      "geometry": {
        "type": "Point",
        "coordinates": [
          34.23183,
          -10.36521
        ]
      },
      "properties": {
        "name": "Chewere",
        "country": "Malawi",
        "region": "Northern Region",
        "elevation_m": null,
        "population": 0,
        "feature_type": "populated place",
        "geoname_id": 925070
      }
    },
    {
      "type": "Feature",
      "geometry": {
        "type": "Point",
        "coordinates": [
          33.78669,
          -13.99458
        ]
      },
      "properties": {
        "name": "Mchesi",
        "country": "Malawi",
        "region": "Central Region",
        "elevation_m": null,
        "population": 0,
        "feature_type": "populated place",
        "geoname_id": 925074
      }
    },
    {
      "type": "Feature",
      "geometry": {
        "type": "Point",
        "coordinates": [
          35.15,
          -16.43333
        ]
      },
      "properties": {
        "name": "Ncherenje",
        "country": "Malawi",
        "region": "Southern Region",
        "elevation_m": null,
        "population": 0,
        "feature_type": "populated place",
        "geoname_id": 925075
      }
    },
    {
      "type": "Feature",
      "geometry": {
        "type": "Point",
        "coordinates": [
          35.11667,
          -16.55
        ]
      },
      "properties": {
        "name": "Nchenyela",
        "country": "Malawi",
        "region": "Southern Region",
        "elevation_m": null,
        "population": 0,
        "feature_type": "populated place",
        "geoname_id": 925076
      }
    },
    {
      "type": "Feature",
      "geometry": {
        "type": "Point",
        "coordinates": [
          35.77069,
          -15.90734
        ]
      },
      "properties": {
        "name": "Nchenga",
        "country": "Malawi",
        "region": "Southern Region",
        "elevation_m": null,
        "population": 0,
        "feature_type": "populated place",
        "geoname_id": 925078
      }
    },
    {
      "type": "Feature",
      "geometry": {
        "type": "Point",
        "coordinates": [
          34.05403,
          -14.43513
        ]
      },
      "properties": {
        "name": "Nchenga",
        "country": "Malawi",
        "region": "Central Region",
        "elevation_m": null,
        "population": 0,
        "feature_type": "populated place",
        "geoname_id": 925079
      }
    },
    {
      "type": "Feature",
      "geometry": {
        "type": "Point",
        "coordinates": [
          33.82636,
          -13.7064
        ]
      },
      "properties": {
        "name": "Nchenenje",
        "country": "Malawi",
        "region": "Central Region",
        "elevation_m": null,
        "population": 0,
        "feature_type": "populated place",
        "geoname_id": 925080
      }
    },
    {
      "type": "Feature",
      "geometry": {
        "type": "Point",
        "coordinates": [
          34.02583,
          -10.74854
        ]
      },
      "properties": {
        "name": "Nchenachena",
        "country": "Malawi",
        "region": "Northern Region",
        "elevation_m": null,
        "population": 0,
        "feature_type": "populated place",
        "geoname_id": 925083
      }
    },
    {
      "type": "Feature",
      "geometry": {
        "type": "Point",
        "coordinates": [
          35.77021,
          -14.94484
        ]
      },
      "properties": {
        "name": "Nchelela",
        "country": "Malawi",
        "region": "Southern Region",
        "elevation_m": null,
        "population": 0,
        "feature_type": "populated place",
        "geoname_id": 925085
      }
    },
    {
      "type": "Feature",
      "geometry": {
        "type": "Point",
        "coordinates": [
          33.7,
          -13.6
        ]
      },
      "properties": {
        "name": "Nchefu",
        "country": "Malawi",
        "region": "Central Region",
        "elevation_m": null,
        "population": 0,
        "feature_type": "populated place",
        "geoname_id": 925090
      }
    },
    {
      "type": "Feature",
      "geometry": {
        "type": "Point",
        "coordinates": [
          33.69286,
          -12.21167
        ]
      },
      "properties": {
        "name": "Nchapito",
        "country": "Malawi",
        "region": "Northern Region",
        "elevation_m": null,
        "population": 0,
        "feature_type": "populated place",
        "geoname_id": 925091
      }
    },
    {
      "type": "Feature",
      "geometry": {
        "type": "Point",
        "coordinates": [
          34.86889,
          -16.26346
        ]
      },
      "properties": {
        "name": "Nchalo",
        "country": "Malawi",
        "region": "Southern Region",
        "elevation_m": null,
        "population": 0,
        "feature_type": "populated place",
        "geoname_id": 925092
      }
    },
    {
      "type": "Feature",
      "geometry": {
        "type": "Point",
        "coordinates": [
          34.56667,
          -14.65
        ]
      },
      "properties": {
        "name": "Nchakata",
        "country": "Malawi",
        "region": "Central Region",
        "elevation_m": null,
        "population": 0,
        "feature_type": "populated place",
        "geoname_id": 925093
      }
    },
    {
      "type": "Feature",
      "geometry": {
        "type": "Point",
        "coordinates": [
          34.77809,
          -14.89848
        ]
      },
      "properties": {
        "name": "Ncekana",
        "country": "Malawi",
        "region": "Central Region",
        "elevation_m": null,
        "population": 0,
        "feature_type": "populated place",
        "geoname_id": 925095
      }
    },
    {
      "type": "Feature",
      "geometry": {
        "type": "Point",
        "coordinates": [
          35.18333,
          -16.63333
        ]
      },
      "properties": {
        "name": "Ncaca",
        "country": "Malawi",
        "region": "Southern Region",
        "elevation_m": null,
        "population": 0,
        "feature_type": "populated place",
        "geoname_id": 925096
      }
    },
    {
      "type": "Feature",
      "geometry": {
        "type": "Point",
        "coordinates": [
          35.13333,
          -16.6
        ]
      },
      "properties": {
        "name": "Ncaca",
        "country": "Malawi",
        "region": "Southern Region",
        "elevation_m": null,
        "population": 0,
        "feature_type": "populated place",
        "geoname_id": 925097
      }
    },
    {
      "type": "Feature",
      "geometry": {
        "type": "Point",
        "coordinates": [
          33.80699,
          -13.37281
        ]
      },
      "properties": {
        "name": "Mbuyedziko",
        "country": "Malawi",
        "region": "Central Region",
        "elevation_m": null,
        "population": 0,
        "feature_type": "populated place",
        "geoname_id": 925098
      }
    },
    {
      "type": "Feature",
      "geometry": {
        "type": "Point",
        "coordinates": [
          35.8709,
          -14.97635
        ]
      },
      "properties": {
        "name": "Nayuci",
        "country": "Malawi",
        "region": "Southern Region",
        "elevation_m": null,
        "population": 0,
        "feature_type": "populated place",
        "geoname_id": 925103
      }
    },
    {
      "type": "Feature",
      "geometry": {
        "type": "Point",
        "coordinates": [
          34.28333,
          -14.28333
        ]
      },
      "properties": {
        "name": "Nawoza",
        "country": "Malawi",
        "region": "Central Region",
        "elevation_m": null,
        "population": 0,
        "feature_type": "populated place",
        "geoname_id": 925106
      }
    },
    {
      "type": "Feature",
      "geometry": {
        "type": "Point",
        "coordinates": [
          35.48333,
          -15.43333
        ]
      },
      "properties": {
        "name": "Nawanga",
        "country": "Malawi",
        "region": "Southern Region",
        "elevation_m": null,
        "population": 0,
        "feature_type": "populated place",
        "geoname_id": 925107
      }
    },
    {
      "type": "Feature",
      "geometry": {
        "type": "Point",
        "coordinates": [
          35.36219,
          -14.75777
        ]
      },
      "properties": {
        "name": "Nawanga",
        "country": "Malawi",
        "region": "Southern Region",
        "elevation_m": null,
        "population": 0,
        "feature_type": "populated place",
        "geoname_id": 925108
      }
    },
    {
      "type": "Feature",
      "geometry": {
        "type": "Point",
        "coordinates": [
          34.5364,
          -13.63206
        ]
      },
      "properties": {
        "name": "Nawanga",
        "country": "Malawi",
        "region": "Central Region",
        "elevation_m": null,
        "population": 0,
        "feature_type": "populated place",
        "geoname_id": 925109
      }
    },
    {
      "type": "Feature",
      "geometry": {
        "type": "Point",
        "coordinates": [
          33.57563,
          -13.44055
        ]
      },
      "properties": {
        "name": "Nauchi",
        "country": "Malawi",
        "region": "Central Region",
        "elevation_m": null,
        "population": 0,
        "feature_type": "populated place",
        "geoname_id": 925112
      }
    },
    {
      "type": "Feature",
      "geometry": {
        "type": "Point",
        "coordinates": [
          33.91076,
          -14.08463
        ]
      },
      "properties": {
        "name": "Nathenje",
        "country": "Malawi",
        "region": "Central Region",
        "elevation_m": null,
        "population": 0,
        "feature_type": "populated place",
        "geoname_id": 925115
      }
    },
    {
      "type": "Feature",
      "geometry": {
        "type": "Point",
        "coordinates": [
          34.08333,
          -13.68333
        ]
      },
      "properties": {
        "name": "Nasungwi",
        "country": "Malawi",
        "region": "Central Region",
        "elevation_m": null,
        "population": 0,
        "feature_type": "populated place",
        "geoname_id": 925120
      }
    },
    {
      "type": "Feature",
      "geometry": {
        "type": "Point",
        "coordinates": [
          33.46667,
          -13.66667
        ]
      },
      "properties": {
        "name": "Napwenje",
        "country": "Malawi",
        "region": "Central Region",
        "elevation_m": null,
        "population": 0,
        "feature_type": "populated place",
        "geoname_id": 925129
      }
    },
    {
      "type": "Feature",
      "geometry": {
        "type": "Point",
        "coordinates": [
          34.29906,
          -14.04409
        ]
      },
      "properties": {
        "name": "Napwanga",
        "country": "Malawi",
        "region": "Central Region",
        "elevation_m": null,
        "population": 0,
        "feature_type": "populated place",
        "geoname_id": 925130
      }
    },
    {
      "type": "Feature",
      "geometry": {
        "type": "Point",
        "coordinates": [
          35.41667,
          -15.26667
        ]
      },
      "properties": {
        "name": "Napwanda",
        "country": "Malawi",
        "region": "Southern Region",
        "elevation_m": null,
        "population": 0,
        "feature_type": "populated place",
        "geoname_id": 925131
      }
    },
    {
      "type": "Feature",
      "geometry": {
        "type": "Point",
        "coordinates": [
          35.82109,
          -14.94277
        ]
      },
      "properties": {
        "name": "Naphuthu",
        "country": "Malawi",
        "region": "Southern Region",
        "elevation_m": null,
        "population": 0,
        "feature_type": "populated place",
        "geoname_id": 925134
      }
    },
    {
      "type": "Feature",
      "geometry": {
        "type": "Point",
        "coordinates": [
          35.34899,
          -15.80427
        ]
      },
      "properties": {
        "name": "Naphungo",
        "country": "Malawi",
        "region": "Southern Region",
        "elevation_m": null,
        "population": 0,
        "feature_type": "populated place",
        "geoname_id": 925135
      }
    },
    {
      "type": "Feature",
      "geometry": {
        "type": "Point",
        "coordinates": [
          35.71667,
          -14.8
        ]
      },
      "properties": {
        "name": "Naphome",
        "country": "Malawi",
        "region": "Southern Region",
        "elevation_m": null,
        "population": 0,
        "feature_type": "populated place",
        "geoname_id": 925136
      }
    },
    {
      "type": "Feature",
      "geometry": {
        "type": "Point",
        "coordinates": [
          35.25,
          -16.68333
        ]
      },
      "properties": {
        "name": "Naphaba",
        "country": "Malawi",
        "region": "Southern Region",
        "elevation_m": null,
        "population": 0,
        "feature_type": "populated place",
        "geoname_id": 925138
      }
    },
    {
      "type": "Feature",
      "geometry": {
        "type": "Point",
        "coordinates": [
          34.97654,
          -14.71684
        ]
      },
      "properties": {
        "name": "Naperi",
        "country": "Malawi",
        "region": "Southern Region",
        "elevation_m": null,
        "population": 0,
        "feature_type": "populated place",
        "geoname_id": 925140
      }
    },
    {
      "type": "Feature",
      "geometry": {
        "type": "Point",
        "coordinates": [
          35.58333,
          -14.68333
        ]
      },
      "properties": {
        "name": "Nantwe",
        "country": "Malawi",
        "region": "Southern Region",
        "elevation_m": null,
        "population": 0,
        "feature_type": "populated place",
        "geoname_id": 925149
      }
    },
    {
      "type": "Feature",
      "geometry": {
        "type": "Point",
        "coordinates": [
          35.06667,
          -16.6
        ]
      },
      "properties": {
        "name": "Nanthana",
        "country": "Malawi",
        "region": "Southern Region",
        "elevation_m": null,
        "population": 0,
        "feature_type": "populated place",
        "geoname_id": 925154
      }
    },
    {
      "type": "Feature",
      "geometry": {
        "type": "Point",
        "coordinates": [
          33.47653,
          -13.57465
        ]
      },
      "properties": {
        "name": "Nanthambwe",
        "country": "Malawi",
        "region": "Central Region",
        "elevation_m": null,
        "population": 0,
        "feature_type": "populated place",
        "geoname_id": 925155
      }
    },
    {
      "type": "Feature",
      "geometry": {
        "type": "Point",
        "coordinates": [
          35.48333,
          -15.46667
        ]
      },
      "properties": {
        "name": "Nansasala",
        "country": "Malawi",
        "region": "Southern Region",
        "elevation_m": null,
        "population": 0,
        "feature_type": "populated place",
        "geoname_id": 925161
      }
    },
    {
      "type": "Feature",
      "geometry": {
        "type": "Point",
        "coordinates": [
          34.82269,
          -14.36446
        ]
      },
      "properties": {
        "name": "Nankumba",
        "country": "Malawi",
        "region": "Southern Region",
        "elevation_m": null,
        "population": 0,
        "feature_type": "populated place",
        "geoname_id": 925171
      }
    },
    {
      "type": "Feature",
      "geometry": {
        "type": "Point",
        "coordinates": [
          33.9,
          -14.16667
        ]
      },
      "properties": {
        "name": "Nankhumbi",
        "country": "Malawi",
        "region": "Central Region",
        "elevation_m": null,
        "population": 0,
        "feature_type": "populated place",
        "geoname_id": 925175
      }
    },
    {
      "type": "Feature",
      "geometry": {
        "type": "Point",
        "coordinates": [
          34.78333,
          -14.53333
        ]
      },
      "properties": {
        "name": "Nankhululukute",
        "country": "Malawi",
        "region": "Central Region",
        "elevation_m": null,
        "population": 0,
        "feature_type": "populated place",
        "geoname_id": 925176
      }
    },
    {
      "type": "Feature",
      "geometry": {
        "type": "Point",
        "coordinates": [
          33.78808,
          -13.97299
        ]
      },
      "properties": {
        "name": "Namgwagwa",
        "country": "Malawi",
        "region": "Central Region",
        "elevation_m": null,
        "population": 0,
        "feature_type": "populated place",
        "geoname_id": 925189
      }
    },
    {
      "type": "Feature",
      "geometry": {
        "type": "Point",
        "coordinates": [
          35.5,
          -15.48333
        ]
      },
      "properties": {
        "name": "Nangwale",
        "country": "Malawi",
        "region": "Southern Region",
        "elevation_m": null,
        "population": 0,
        "feature_type": "populated place",
        "geoname_id": 925190
      }
    },
    {
      "type": "Feature",
      "geometry": {
        "type": "Point",
        "coordinates": [
          35.56667,
          -14.81667
        ]
      },
      "properties": {
        "name": "Nanganga",
        "country": "Malawi",
        "region": "Southern Region",
        "elevation_m": null,
        "population": 0,
        "feature_type": "populated place",
        "geoname_id": 925200
      }
    },
    {
      "type": "Feature",
      "geometry": {
        "type": "Point",
        "coordinates": [
          35.26667,
          -14.83333
        ]
      },
      "properties": {
        "name": "Nandumbo",
        "country": "Malawi",
        "region": "Southern Region",
        "elevation_m": null,
        "population": 0,
        "feature_type": "populated place",
        "geoname_id": 925204
      }
    },
    {
      "type": "Feature",
      "geometry": {
        "type": "Point",
        "coordinates": [
          34.52999,
          -15.35663
        ]
      },
      "properties": {
        "name": "Nandaya",
        "country": "Malawi",
        "region": "Southern Region",
        "elevation_m": null,
        "population": 0,
        "feature_type": "populated place",
        "geoname_id": 925211
      }
    },
    {
      "type": "Feature",
      "geometry": {
        "type": "Point",
        "coordinates": [
          35.58333,
          -14.83333
        ]
      },
      "properties": {
        "name": "Namwini",
        "country": "Malawi",
        "region": "Southern Region",
        "elevation_m": null,
        "population": 0,
        "feature_type": "populated place",
        "geoname_id": 925221
      }
    },
    {
      "type": "Feature",
      "geometry": {
        "type": "Point",
        "coordinates": [
          33.74646,
          -13.61247
        ]
      },
      "properties": {
        "name": "Namwiri",
        "country": "Malawi",
        "region": "Central Region",
        "elevation_m": null,
        "population": 0,
        "feature_type": "populated place",
        "geoname_id": 925222
      }
    },
    {
      "type": "Feature",
      "geometry": {
        "type": "Point",
        "coordinates": [
          35.45,
          -15.26667
        ]
      },
      "properties": {
        "name": "Namwere",
        "country": "Malawi",
        "region": "Southern Region",
        "elevation_m": null,
        "population": 0,
        "feature_type": "populated place",
        "geoname_id": 925223
      }
    },
    {
      "type": "Feature",
      "geometry": {
        "type": "Point",
        "coordinates": [
          35.50255,
          -14.36323
        ]
      },
      "properties": {
        "name": "Namwera",
        "country": "Malawi",
        "region": "Southern Region",
        "elevation_m": null,
        "population": 0,
        "feature_type": "populated place",
        "geoname_id": 925225
      }
    },
    {
      "type": "Feature",
      "geometry": {
        "type": "Point",
        "coordinates": [
          35.51667,
          -14.63333
        ]
      },
      "properties": {
        "name": "Namwala",
        "country": "Malawi",
        "region": "Southern Region",
        "elevation_m": null,
        "population": 0,
        "feature_type": "populated place",
        "geoname_id": 925228
      }
    },
    {
      "type": "Feature",
      "geometry": {
        "type": "Point",
        "coordinates": [
          35.56667,
          -14.88333
        ]
      },
      "properties": {
        "name": "Namuku",
        "country": "Malawi",
        "region": "Southern Region",
        "elevation_m": null,
        "population": 0,
        "feature_type": "populated place",
        "geoname_id": 925230
      }
    },
    {
      "type": "Feature",
      "geometry": {
        "type": "Point",
        "coordinates": [
          35.28333,
          -14.86667
        ]
      },
      "properties": {
        "name": "Namputu",
        "country": "Malawi",
        "region": "Southern Region",
        "elevation_m": null,
        "population": 0,
        "feature_type": "populated place",
        "geoname_id": 925236
      }
    },
    {
      "type": "Feature",
      "geometry": {
        "type": "Point",
        "coordinates": [
          35.68333,
          -14.88333
        ]
      },
      "properties": {
        "name": "Nampeya",
        "country": "Malawi",
        "region": "Southern Region",
        "elevation_m": null,
        "population": 0,
        "feature_type": "populated place",
        "geoname_id": 925241
      }
    },
    {
      "type": "Feature",
      "geometry": {
        "type": "Point",
        "coordinates": [
          34.08333,
          -13.68333
        ]
      },
      "properties": {
        "name": "Namoni",
        "country": "Malawi",
        "region": "Central Region",
        "elevation_m": null,
        "population": 0,
        "feature_type": "populated place",
        "geoname_id": 925243
      }
    },
    {
      "type": "Feature",
      "geometry": {
        "type": "Point",
        "coordinates": [
          35.26667,
          -15.43333
        ]
      },
      "properties": {
        "name": "Namonde",
        "country": "Malawi",
        "region": "Southern Region",
        "elevation_m": null,
        "population": 0,
        "feature_type": "populated place",
        "geoname_id": 925244
      }
    },
    {
      "type": "Feature",
      "geometry": {
        "type": "Point",
        "coordinates": [
          33.96511,
          -13.9553
        ]
      },
      "properties": {
        "name": "Nambera",
        "country": "Malawi",
        "region": "Central Region",
        "elevation_m": null,
        "population": 0,
        "feature_type": "populated place",
        "geoname_id": 925246
      }
    },
    {
      "type": "Feature",
      "geometry": {
        "type": "Point",
        "coordinates": [
          33.5947,
          -13.36784
        ]
      },
      "properties": {
        "name": "Namkumba",
        "country": "Malawi",
        "region": "Central Region",
        "elevation_m": null,
        "population": 0,
        "feature_type": "populated place",
        "geoname_id": 925250
      }
    },
    {
      "type": "Feature",
      "geometry": {
        "type": "Point",
        "coordinates": [
          33.36274,
          -14.02397
        ]
      },
      "properties": {
        "name": "Namitete",
        "country": "Malawi",
        "region": "Central Region",
        "elevation_m": null,
        "population": 0,
        "feature_type": "populated place",
        "geoname_id": 925272
      }
    },
    {
      "type": "Feature",
      "geometry": {
        "type": "Point",
        "coordinates": [
          34.81136,
          -15.99307
        ]
      },
      "properties": {
        "name": "Namiserera",
        "country": "Malawi",
        "region": "Southern Region",
        "elevation_m": null,
        "population": 0,
        "feature_type": "populated place",
        "geoname_id": 925288
      }
    },
    {
      "type": "Feature",
      "geometry": {
        "type": "Point",
        "coordinates": [
          35.09784,
          -16.119
        ]
      },
      "properties": {
        "name": "Namireno",
        "country": "Malawi",
        "region": "Southern Region",
        "elevation_m": null,
        "population": 0,
        "feature_type": "populated place",
        "geoname_id": 925294
      }
    },
    {
      "type": "Feature",
      "geometry": {
        "type": "Point",
        "coordinates": [
          35.8126,
          -15.71725
        ]
      },
      "properties": {
        "name": "Namilima",
        "country": "Malawi",
        "region": "Southern Region",
        "elevation_m": null,
        "population": 0,
        "feature_type": "populated place",
        "geoname_id": 925309
      }
    },
    {
      "type": "Feature",
      "geometry": {
        "type": "Point",
        "coordinates": [
          35.65,
          -14.7
        ]
      },
      "properties": {
        "name": "Namikango",
        "country": "Malawi",
        "region": "Southern Region",
        "elevation_m": null,
        "population": 0,
        "feature_type": "populated place",
        "geoname_id": 925322
      }
    },
    {
      "type": "Feature",
      "geometry": {
        "type": "Point",
        "coordinates": [
          35.82366,
          -15.53186
        ]
      },
      "properties": {
        "name": "Nambwale",
        "country": "Malawi",
        "region": "Southern Region",
        "elevation_m": null,
        "population": 0,
        "feature_type": "populated place",
        "geoname_id": 925336
      }
    },
    {
      "type": "Feature",
      "geometry": {
        "type": "Point",
        "coordinates": [
          33.60473,
          -13.70518
        ]
      },
      "properties": {
        "name": "Nambuma",
        "country": "Malawi",
        "region": "Central Region",
        "elevation_m": null,
        "population": 0,
        "feature_type": "populated place",
        "geoname_id": 925339
      }
    },
    {
      "type": "Feature",
      "geometry": {
        "type": "Point",
        "coordinates": [
          34.91385,
          -14.7859
        ]
      },
      "properties": {
        "name": "Namboya",
        "country": "Malawi",
        "region": "Central Region",
        "elevation_m": null,
        "population": 0,
        "feature_type": "populated place",
        "geoname_id": 925341
      }
    },
    {
      "type": "Feature",
      "geometry": {
        "type": "Point",
        "coordinates": [
          35.38333,
          -15.41667
        ]
      },
      "properties": {
        "name": "Nambesa",
        "country": "Malawi",
        "region": "Southern Region",
        "elevation_m": null,
        "population": 0,
        "feature_type": "populated place",
        "geoname_id": 925344
      }
    },
    {
      "type": "Feature",
      "geometry": {
        "type": "Point",
        "coordinates": [
          32.97499,
          -13.49402
        ]
      },
      "properties": {
        "name": "Nambera",
        "country": "Malawi",
        "region": "Central Region",
        "elevation_m": null,
        "population": 0,
        "feature_type": "populated place",
        "geoname_id": 925345
      }
    },
    {
      "type": "Feature",
      "geometry": {
        "type": "Point",
        "coordinates": [
          33.5,
          -13.33333
        ]
      },
      "properties": {
        "name": "Nambela",
        "country": "Malawi",
        "region": "Central Region",
        "elevation_m": null,
        "population": 0,
        "feature_type": "populated place",
        "geoname_id": 925346
      }
    },
    {
      "type": "Feature",
      "geometry": {
        "type": "Point",
        "coordinates": [
          35.82044,
          -15.55143
        ]
      },
      "properties": {
        "name": "Nambazu",
        "country": "Malawi",
        "region": "Southern Region",
        "elevation_m": null,
        "population": 0,
        "feature_type": "populated place",
        "geoname_id": 925347
      }
    },
    {
      "type": "Feature",
      "geometry": {
        "type": "Point",
        "coordinates": [
          33.58717,
          -13.46689
        ]
      },
      "properties": {
        "name": "Nambamba",
        "country": "Malawi",
        "region": "Central Region",
        "elevation_m": null,
        "population": 0,
        "feature_type": "populated place",
        "geoname_id": 925354
      }
    },
    {
      "type": "Feature",
      "geometry": {
        "type": "Point",
        "coordinates": [
          33.26348,
          -13.98541
        ]
      },
      "properties": {
        "name": "Namazani",
        "country": "Malawi",
        "region": "Central Region",
        "elevation_m": null,
        "population": 0,
        "feature_type": "populated place",
        "geoname_id": 925357
      }
    },
    {
      "type": "Feature",
      "geometry": {
        "type": "Point",
        "coordinates": [
          34.27238,
          -13.12762
        ]
      },
      "properties": {
        "name": "Namawata",
        "country": "Malawi",
        "region": "Central Region",
        "elevation_m": null,
        "population": 0,
        "feature_type": "populated place",
        "geoname_id": 925358
      }
    },
    {
      "type": "Feature",
      "geometry": {
        "type": "Point",
        "coordinates": [
          33.86785,
          -13.52536
        ]
      },
      "properties": {
        "name": "Namatowo",
        "country": "Malawi",
        "region": "Central Region",
        "elevation_m": null,
        "population": 0,
        "feature_type": "populated place",
        "geoname_id": 925366
      }
    },
    {
      "type": "Feature",
      "geometry": {
        "type": "Point",
        "coordinates": [
          35.61037,
          -15.69637
        ]
      },
      "properties": {
        "name": "Namasoko",
        "country": "Malawi",
        "region": "Southern Region",
        "elevation_m": null,
        "population": 0,
        "feature_type": "populated place",
        "geoname_id": 925370
      }
    },
    {
      "type": "Feature",
      "geometry": {
        "type": "Point",
        "coordinates": [
          34.98333,
          -14.16667
        ]
      },
      "properties": {
        "name": "Namaso",
        "country": "Malawi",
        "region": "Southern Region",
        "elevation_m": null,
        "population": 0,
        "feature_type": "populated place",
        "geoname_id": 925371
      }
    },
    {
      "type": "Feature",
      "geometry": {
        "type": "Point",
        "coordinates": [
          35.08696,
          -16.33596
        ]
      },
      "properties": {
        "name": "Namanya",
        "country": "Malawi",
        "region": "Southern Region",
        "elevation_m": null,
        "population": 0,
        "feature_type": "populated place",
        "geoname_id": 925378
      }
    },
    {
      "type": "Feature",
      "geometry": {
        "type": "Point",
        "coordinates": [
          34,
          -14.2
        ]
      },
      "properties": {
        "name": "Namano",
        "country": "Malawi",
        "region": "Central Region",
        "elevation_m": null,
        "population": 0,
        "feature_type": "populated place",
        "geoname_id": 925380
      }
    },
    {
      "type": "Feature",
      "geometry": {
        "type": "Point",
        "coordinates": [
          35.63333,
          -14.6
        ]
      },
      "properties": {
        "name": "Namanjonjoli",
        "country": "Malawi",
        "region": "Southern Region",
        "elevation_m": null,
        "population": 0,
        "feature_type": "populated place",
        "geoname_id": 925381
      }
    },
    {
      "type": "Feature",
      "geometry": {
        "type": "Point",
        "coordinates": [
          35.67749,
          -14.9641
        ]
      },
      "properties": {
        "name": "Namanja",
        "country": "Malawi",
        "region": "Southern Region",
        "elevation_m": null,
        "population": 0,
        "feature_type": "populated place",
        "geoname_id": 925382
      }
    },
    {
      "type": "Feature",
      "geometry": {
        "type": "Point",
        "coordinates": [
          35.55,
          -14.53333
        ]
      },
      "properties": {
        "name": "Namaloe",
        "country": "Malawi",
        "region": "Southern Region",
        "elevation_m": null,
        "population": 0,
        "feature_type": "populated place",
        "geoname_id": 925391
      }
    },
    {
      "type": "Feature",
      "geometry": {
        "type": "Point",
        "coordinates": [
          35.5,
          -15.23333
        ]
      },
      "properties": {
        "name": "Namalindi",
        "country": "Malawi",
        "region": "Southern Region",
        "elevation_m": null,
        "population": 0,
        "feature_type": "populated place",
        "geoname_id": 925392
      }
    },
    {
      "type": "Feature",
      "geometry": {
        "type": "Point",
        "coordinates": [
          35.19321,
          -14.1218
        ]
      },
      "properties": {
        "name": "Namalaka",
        "country": "Malawi",
        "region": "Southern Region",
        "elevation_m": null,
        "population": 0,
        "feature_type": "populated place",
        "geoname_id": 925397
      }
    },
    {
      "type": "Feature",
      "geometry": {
        "type": "Point",
        "coordinates": [
          35.48333,
          -15.5
        ]
      },
      "properties": {
        "name": "Namakoka",
        "country": "Malawi",
        "region": "Southern Region",
        "elevation_m": null,
        "population": 0,
        "feature_type": "populated place",
        "geoname_id": 925398
      }
    },
    {
      "type": "Feature",
      "geometry": {
        "type": "Point",
        "coordinates": [
          35.48333,
          -15.48333
        ]
      },
      "properties": {
        "name": "Namakhwa",
        "country": "Malawi",
        "region": "Southern Region",
        "elevation_m": null,
        "population": 0,
        "feature_type": "populated place",
        "geoname_id": 925399
      }
    },
    {
      "type": "Feature",
      "geometry": {
        "type": "Point",
        "coordinates": [
          33.85,
          -14.06667
        ]
      },
      "properties": {
        "name": "Namakho",
        "country": "Malawi",
        "region": "Central Region",
        "elevation_m": null,
        "population": 0,
        "feature_type": "populated place",
        "geoname_id": 925400
      }
    },
    {
      "type": "Feature",
      "geometry": {
        "type": "Point",
        "coordinates": [
          35.80407,
          -15.93005
        ]
      },
      "properties": {
        "name": "Namaja",
        "country": "Malawi",
        "region": "Southern Region",
        "elevation_m": null,
        "population": 0,
        "feature_type": "populated place",
        "geoname_id": 925403
      }
    },
    {
      "type": "Feature",
      "geometry": {
        "type": "Point",
        "coordinates": [
          35.16667,
          -15.63333
        ]
      },
      "properties": {
        "name": "Namadzi",
        "country": "Malawi",
        "region": "Southern Region",
        "elevation_m": null,
        "population": 0,
        "feature_type": "populated place",
        "geoname_id": 925409
      }
    },
    {
      "type": "Feature",
      "geometry": {
        "type": "Point",
        "coordinates": [
          35.5,
          -15.3
        ]
      },
      "properties": {
        "name": "Namadingo",
        "country": "Malawi",
        "region": "Southern Region",
        "elevation_m": null,
        "population": 0,
        "feature_type": "populated place",
        "geoname_id": 925410
      }
    },
    {
      "type": "Feature",
      "geometry": {
        "type": "Point",
        "coordinates": [
          34.4,
          -13.76667
        ]
      },
      "properties": {
        "name": "Namacete",
        "country": "Malawi",
        "region": "Central Region",
        "elevation_m": null,
        "population": 0,
        "feature_type": "populated place",
        "geoname_id": 925412
      }
    },
    {
      "type": "Feature",
      "geometry": {
        "type": "Point",
        "coordinates": [
          35.3,
          -15.58333
        ]
      },
      "properties": {
        "name": "Namabalu",
        "country": "Malawi",
        "region": "Southern Region",
        "elevation_m": null,
        "population": 0,
        "feature_type": "populated place",
        "geoname_id": 925413
      }
    },
    {
      "type": "Feature",
      "geometry": {
        "type": "Point",
        "coordinates": [
          33.92169,
          -13.49399
        ]
      },
      "properties": {
        "name": "Nalimba",
        "country": "Malawi",
        "region": "Central Region",
        "elevation_m": null,
        "population": 0,
        "feature_type": "populated place",
        "geoname_id": 925419
      }
    },
    {
      "type": "Feature",
      "geometry": {
        "type": "Point",
        "coordinates": [
          35.30464,
          -14.56689
        ]
      },
      "properties": {
        "name": "Nalikolo",
        "country": "Malawi",
        "region": "Southern Region",
        "elevation_m": null,
        "population": 0,
        "feature_type": "populated place",
        "geoname_id": 925423
      }
    },
    {
      "type": "Feature",
      "geometry": {
        "type": "Point",
        "coordinates": [
          35.45078,
          -15.86706
        ]
      },
      "properties": {
        "name": "Nalikati",
        "country": "Malawi",
        "region": "Southern Region",
        "elevation_m": null,
        "population": 0,
        "feature_type": "populated place",
        "geoname_id": 925424
      }
    },
    {
      "type": "Feature",
      "geometry": {
        "type": "Point",
        "coordinates": [
          33.86952,
          -13.58589
        ]
      },
      "properties": {
        "name": "Nakutepa",
        "country": "Malawi",
        "region": "Central Region",
        "elevation_m": null,
        "population": 0,
        "feature_type": "populated place",
        "geoname_id": 925426
      }
    },
    {
      "type": "Feature",
      "geometry": {
        "type": "Point",
        "coordinates": [
          33.69262,
          -13.408
        ]
      },
      "properties": {
        "name": "Nakutepa",
        "country": "Malawi",
        "region": "Central Region",
        "elevation_m": null,
        "population": 0,
        "feature_type": "populated place",
        "geoname_id": 925427
      }
    },
    {
      "type": "Feature",
      "geometry": {
        "type": "Point",
        "coordinates": [
          33.85,
          -13.35
        ]
      },
      "properties": {
        "name": "Nakutepa",
        "country": "Malawi",
        "region": "Central Region",
        "elevation_m": null,
        "population": 0,
        "feature_type": "populated place",
        "geoname_id": 925428
      }
    },
    {
      "type": "Feature",
      "geometry": {
        "type": "Point",
        "coordinates": [
          35.36667,
          -15.46667
        ]
      },
      "properties": {
        "name": "Nakhwala",
        "country": "Malawi",
        "region": "Southern Region",
        "elevation_m": null,
        "population": 0,
        "feature_type": "populated place",
        "geoname_id": 925432
      }
    },
    {
      "type": "Feature",
      "geometry": {
        "type": "Point",
        "coordinates": [
          35.33333,
          -15.36667
        ]
      },
      "properties": {
        "name": "Naisi",
        "country": "Malawi",
        "region": "Southern Region",
        "elevation_m": null,
        "population": 0,
        "feature_type": "populated place",
        "geoname_id": 925440
      }
    },
    {
      "type": "Feature",
      "geometry": {
        "type": "Point",
        "coordinates": [
          34.26227,
          -13.15181
        ]
      },
      "properties": {
        "name": "Naferanje",
        "country": "Malawi",
        "region": "Central Region",
        "elevation_m": null,
        "population": 0,
        "feature_type": "populated place",
        "geoname_id": 925448
      }
    },
    {
      "type": "Feature",
      "geometry": {
        "type": "Point",
        "coordinates": [
          33.91667,
          -13.85
        ]
      },
      "properties": {
        "name": "Nacite",
        "country": "Malawi",
        "region": "Central Region",
        "elevation_m": null,
        "population": 0,
        "feature_type": "populated place",
        "geoname_id": 925455
      }
    },
    {
      "type": "Feature",
      "geometry": {
        "type": "Point",
        "coordinates": [
          35.36667,
          -15.48333
        ]
      },
      "properties": {
        "name": "Nachuma",
        "country": "Malawi",
        "region": "Southern Region",
        "elevation_m": null,
        "population": 0,
        "feature_type": "populated place",
        "geoname_id": 925458
      }
    },
    {
      "type": "Feature",
      "geometry": {
        "type": "Point",
        "coordinates": [
          33.51042,
          -11.76312
        ]
      },
      "properties": {
        "name": "Simoni Chikosela Gondwe",
        "country": "Malawi",
        "region": "Northern Region",
        "elevation_m": null,
        "population": 0,
        "feature_type": "populated place",
        "geoname_id": 925463
      }
    },
    {
      "type": "Feature",
      "geometry": {
        "type": "Point",
        "coordinates": [
          34.3,
          -13.65
        ]
      },
      "properties": {
        "name": "Nachidzi",
        "country": "Malawi",
        "region": "Central Region",
        "elevation_m": null,
        "population": 0,
        "feature_type": "populated place",
        "geoname_id": 925464
      }
    },
    {
      "type": "Feature",
      "geometry": {
        "type": "Point",
        "coordinates": [
          33.55,
          -13.68333
        ]
      },
      "properties": {
        "name": "Nabwenje",
        "country": "Malawi",
        "region": "Central Region",
        "elevation_m": null,
        "population": 0,
        "feature_type": "populated place",
        "geoname_id": 925468
      }
    },
    {
      "type": "Feature",
      "geometry": {
        "type": "Point",
        "coordinates": [
          34.45,
          -14.48333
        ]
      },
      "properties": {
        "name": "Naboth",
        "country": "Malawi",
        "region": "Central Region",
        "elevation_m": null,
        "population": 0,
        "feature_type": "populated place",
        "geoname_id": 925473
      }
    },
    {
      "type": "Feature",
      "geometry": {
        "type": "Point",
        "coordinates": [
          33.47184,
          -12.55602
        ]
      },
      "properties": {
        "name": "Mzungunika",
        "country": "Malawi",
        "region": "Central Region",
        "elevation_m": null,
        "population": 0,
        "feature_type": "populated place",
        "geoname_id": 925476
      }
    },
    {
      "type": "Feature",
      "geometry": {
        "type": "Point",
        "coordinates": [
          33.67325,
          -12.81838
        ]
      },
      "properties": {
        "name": "Mzumara",
        "country": "Malawi",
        "region": "Central Region",
        "elevation_m": null,
        "population": 0,
        "feature_type": "populated place",
        "geoname_id": 925477
      }
    },
    {
      "type": "Feature",
      "geometry": {
        "type": "Point",
        "coordinates": [
          33.71001,
          -13.89272
        ]
      },
      "properties": {
        "name": "Mzumanzi",
        "country": "Malawi",
        "region": "Central Region",
        "elevation_m": null,
        "population": 0,
        "feature_type": "populated place",
        "geoname_id": 925478
      }
    },
    {
      "type": "Feature",
      "geometry": {
        "type": "Point",
        "coordinates": [
          33.08333,
          -13.51667
        ]
      },
      "properties": {
        "name": "Mzumacalo",
        "country": "Malawi",
        "region": "Central Region",
        "elevation_m": null,
        "population": 0,
        "feature_type": "populated place",
        "geoname_id": 925479
      }
    },
    {
      "type": "Feature",
      "geometry": {
        "type": "Point",
        "coordinates": [
          33.36667,
          -13.7
        ]
      },
      "properties": {
        "name": "Mzuma",
        "country": "Malawi",
        "region": "Central Region",
        "elevation_m": null,
        "population": 0,
        "feature_type": "populated place",
        "geoname_id": 925480
      }
    },
    {
      "type": "Feature",
      "geometry": {
        "type": "Point",
        "coordinates": [
          34.03512,
          -12.30839
        ]
      },
      "properties": {
        "name": "Mzoza",
        "country": "Malawi",
        "region": "Central Region",
        "elevation_m": null,
        "population": 0,
        "feature_type": "populated place",
        "geoname_id": 925481
      }
    },
    {
      "type": "Feature",
      "geometry": {
        "type": "Point",
        "coordinates": [
          33.56971,
          -13.12475
        ]
      },
      "properties": {
        "name": "Mzoweza",
        "country": "Malawi",
        "region": "Central Region",
        "elevation_m": null,
        "population": 0,
        "feature_type": "populated place",
        "geoname_id": 925482
      }
    },
    {
      "type": "Feature",
      "geometry": {
        "type": "Point",
        "coordinates": [
          33.53333,
          -13.68333
        ]
      },
      "properties": {
        "name": "Mzowa",
        "country": "Malawi",
        "region": "Central Region",
        "elevation_m": null,
        "population": 0,
        "feature_type": "populated place",
        "geoname_id": 925484
      }
    },
    {
      "type": "Feature",
      "geometry": {
        "type": "Point",
        "coordinates": [
          33.60975,
          -12.10994
        ]
      },
      "properties": {
        "name": "Mzoma Mithi",
        "country": "Malawi",
        "region": "Northern Region",
        "elevation_m": null,
        "population": 0,
        "feature_type": "populated place",
        "geoname_id": 925485
      }
    },
    {
      "type": "Feature",
      "geometry": {
        "type": "Point",
        "coordinates": [
          33.34681,
          -12.15352
        ]
      },
      "properties": {
        "name": "Mzoma",
        "country": "Malawi",
        "region": "Northern Region",
        "elevation_m": null,
        "population": 0,
        "feature_type": "populated place",
        "geoname_id": 925486
      }
    },
    {
      "type": "Feature",
      "geometry": {
        "type": "Point",
        "coordinates": [
          33.9,
          -13.33333
        ]
      },
      "properties": {
        "name": "Mzizi",
        "country": "Malawi",
        "region": "Central Region",
        "elevation_m": null,
        "population": 0,
        "feature_type": "populated place",
        "geoname_id": 925487
      }
    },
    {
      "type": "Feature",
      "geometry": {
        "type": "Point",
        "coordinates": [
          33.60308,
          -13.44092
        ]
      },
      "properties": {
        "name": "Mzira",
        "country": "Malawi",
        "region": "Central Region",
        "elevation_m": null,
        "population": 0,
        "feature_type": "populated place",
        "geoname_id": 925488
      }
    },
    {
      "type": "Feature",
      "geometry": {
        "type": "Point",
        "coordinates": [
          33.65,
          -13.78333
        ]
      },
      "properties": {
        "name": "Mzingwa",
        "country": "Malawi",
        "region": "Central Region",
        "elevation_m": null,
        "population": 0,
        "feature_type": "populated place",
        "geoname_id": 925489
      }
    },
    {
      "type": "Feature",
      "geometry": {
        "type": "Point",
        "coordinates": [
          33.19434,
          -13.93679
        ]
      },
      "properties": {
        "name": "Mzinga",
        "country": "Malawi",
        "region": "Central Region",
        "elevation_m": null,
        "population": 0,
        "feature_type": "populated place",
        "geoname_id": 925492
      }
    },
    {
      "type": "Feature",
      "geometry": {
        "type": "Point",
        "coordinates": [
          33.43121,
          -13.9785
        ]
      },
      "properties": {
        "name": "Mzindo",
        "country": "Malawi",
        "region": "Central Region",
        "elevation_m": null,
        "population": 0,
        "feature_type": "populated place",
        "geoname_id": 925493
      }
    },
    {
      "type": "Feature",
      "geometry": {
        "type": "Point",
        "coordinates": [
          33.47408,
          -11.81837
        ]
      },
      "properties": {
        "name": "Mzimbamubi Soko",
        "country": "Malawi",
        "region": "Northern Region",
        "elevation_m": null,
        "population": 0,
        "feature_type": "populated place",
        "geoname_id": 925495
      }
    },
    {
      "type": "Feature",
      "geometry": {
        "type": "Point",
        "coordinates": [
          33.53643,
          -12.08905
        ]
      },
      "properties": {
        "name": "Mzikowoola",
        "country": "Malawi",
        "region": "Northern Region",
        "elevation_m": null,
        "population": 0,
        "feature_type": "populated place",
        "geoname_id": 925499
      }
    },
    {
      "type": "Feature",
      "geometry": {
        "type": "Point",
        "coordinates": [
          32.81667,
          -13.78333
        ]
      },
      "properties": {
        "name": "Mzikaola",
        "country": "Malawi",
        "region": "Central Region",
        "elevation_m": null,
        "population": 0,
        "feature_type": "populated place",
        "geoname_id": 925500
      }
    },
    {
      "type": "Feature",
      "geometry": {
        "type": "Point",
        "coordinates": [
          34.31667,
          -13.88333
        ]
      },
      "properties": {
        "name": "Mzikamla",
        "country": "Malawi",
        "region": "Central Region",
        "elevation_m": null,
        "population": 0,
        "feature_type": "populated place",
        "geoname_id": 925501
      }
    },
    {
      "type": "Feature",
      "geometry": {
        "type": "Point",
        "coordinates": [
          34.35,
          -13.91667
        ]
      },
      "properties": {
        "name": "Mzikamanda",
        "country": "Malawi",
        "region": "Central Region",
        "elevation_m": null,
        "population": 0,
        "feature_type": "populated place",
        "geoname_id": 925502
      }
    },
    {
      "type": "Feature",
      "geometry": {
        "type": "Point",
        "coordinates": [
          33.91667,
          -13.93333
        ]
      },
      "properties": {
        "name": "Mzembera",
        "country": "Malawi",
        "region": "Central Region",
        "elevation_m": null,
        "population": 0,
        "feature_type": "populated place",
        "geoname_id": 925506
      }
    },
    {
      "type": "Feature",
      "geometry": {
        "type": "Point",
        "coordinates": [
          34.47023,
          -13.91314
        ]
      },
      "properties": {
        "name": "Mzembela",
        "country": "Malawi",
        "region": "Central Region",
        "elevation_m": null,
        "population": 0,
        "feature_type": "populated place",
        "geoname_id": 925507
      }
    },
    {
      "type": "Feature",
      "geometry": {
        "type": "Point",
        "coordinates": [
          33.68333,
          -13.65
        ]
      },
      "properties": {
        "name": "Mzati",
        "country": "Malawi",
        "region": "Central Region",
        "elevation_m": null,
        "population": 0,
        "feature_type": "populated place",
        "geoname_id": 925513
      }
    },
    {
      "type": "Feature",
      "geometry": {
        "type": "Point",
        "coordinates": [
          33.66667,
          -13.65
        ]
      },
      "properties": {
        "name": "Mzati",
        "country": "Malawi",
        "region": "Central Region",
        "elevation_m": null,
        "population": 0,
        "feature_type": "populated place",
        "geoname_id": 925514
      }
    },
    {
      "type": "Feature",
      "geometry": {
        "type": "Point",
        "coordinates": [
          34.05,
          -13.51667
        ]
      },
      "properties": {
        "name": "Mzandu",
        "country": "Malawi",
        "region": "Central Region",
        "elevation_m": null,
        "population": 0,
        "feature_type": "populated place",
        "geoname_id": 925515
      }
    },
    {
      "type": "Feature",
      "geometry": {
        "type": "Point",
        "coordinates": [
          34.01667,
          -13.48333
        ]
      },
      "properties": {
        "name": "Mzandu",
        "country": "Malawi",
        "region": "Central Region",
        "elevation_m": null,
        "population": 0,
        "feature_type": "populated place",
        "geoname_id": 925516
      }
    },
    {
      "type": "Feature",
      "geometry": {
        "type": "Point",
        "coordinates": [
          33.33264,
          -12.12794
        ]
      },
      "properties": {
        "name": "Mzamu",
        "country": "Malawi",
        "region": "Northern Region",
        "elevation_m": null,
        "population": 0,
        "feature_type": "populated place",
        "geoname_id": 925518
      }
    },
    {
      "type": "Feature",
      "geometry": {
        "type": "Point",
        "coordinates": [
          33.44866,
          -11.42653
        ]
      },
      "properties": {
        "name": "Mzambazi",
        "country": "Malawi",
        "region": "Northern Region",
        "elevation_m": null,
        "population": 0,
        "feature_type": "populated place",
        "geoname_id": 925520
      }
    },
    {
      "type": "Feature",
      "geometry": {
        "type": "Point",
        "coordinates": [
          33.30123,
          -13.63506
        ]
      },
      "properties": {
        "name": "Mzama",
        "country": "Malawi",
        "region": "Central Region",
        "elevation_m": null,
        "population": 0,
        "feature_type": "populated place",
        "geoname_id": 925521
      }
    },
    {
      "type": "Feature",
      "geometry": {
        "type": "Point",
        "coordinates": [
          33.57073,
          -11.60751
        ]
      },
      "properties": {
        "name": "Mzalangwe",
        "country": "Malawi",
        "region": "Northern Region",
        "elevation_m": null,
        "population": 0,
        "feature_type": "populated place",
        "geoname_id": 925523
      }
    },
    {
      "type": "Feature",
      "geometry": {
        "type": "Point",
        "coordinates": [
          33.4,
          -12.65
        ]
      },
      "properties": {
        "name": "Myombe",
        "country": "Malawi",
        "region": "Central Region",
        "elevation_m": null,
        "population": 0,
        "feature_type": "populated place",
        "geoname_id": 925524
      }
    },
    {
      "type": "Feature",
      "geometry": {
        "type": "Point",
        "coordinates": [
          33.4,
          -12.61667
        ]
      },
      "properties": {
        "name": "Myayi",
        "country": "Malawi",
        "region": "Central Region",
        "elevation_m": null,
        "population": 0,
        "feature_type": "populated place",
        "geoname_id": 925525
      }
    },
    {
      "type": "Feature",
      "geometry": {
        "type": "Point",
        "coordinates": [
          34.93333,
          -16.16667
        ]
      },
      "properties": {
        "name": "Myaya",
        "country": "Malawi",
        "region": "Southern Region",
        "elevation_m": null,
        "population": 0,
        "feature_type": "populated place",
        "geoname_id": 925526
      }
    },
    {
      "type": "Feature",
      "geometry": {
        "type": "Point",
        "coordinates": [
          33.45266,
          -12.68178
        ]
      },
      "properties": {
        "name": "Myanja",
        "country": "Malawi",
        "region": "Central Region",
        "elevation_m": null,
        "population": 0,
        "feature_type": "populated place",
        "geoname_id": 925527
      }
    },
    {
      "type": "Feature",
      "geometry": {
        "type": "Point",
        "coordinates": [
          33.39566,
          -13.65876
        ]
      },
      "properties": {
        "name": "Mayani",
        "country": "Malawi",
        "region": "Central Region",
        "elevation_m": null,
        "population": 0,
        "feature_type": "populated place",
        "geoname_id": 925528
      }
    },
    {
      "type": "Feature",
      "geometry": {
        "type": "Point",
        "coordinates": [
          34.81657,
          -16.04429
        ]
      },
      "properties": {
        "name": "Mwiza",
        "country": "Malawi",
        "region": "Southern Region",
        "elevation_m": null,
        "population": 0,
        "feature_type": "populated place",
        "geoname_id": 925531
      }
    },
    {
      "type": "Feature",
      "geometry": {
        "type": "Point",
        "coordinates": [
          35.73643,
          -14.63186
        ]
      },
      "properties": {
        "name": "Mwitiya",
        "country": "Malawi",
        "region": "Southern Region",
        "elevation_m": null,
        "population": 0,
        "feature_type": "populated place",
        "geoname_id": 925532
      }
    },
    {
      "type": "Feature",
      "geometry": {
        "type": "Point",
        "coordinates": [
          33.7876,
          -13.10882
        ]
      },
      "properties": {
        "name": "Mwinyorwe",
        "country": "Malawi",
        "region": "Central Region",
        "elevation_m": null,
        "population": 0,
        "feature_type": "populated place",
        "geoname_id": 925533
      }
    },
    {
      "type": "Feature",
      "geometry": {
        "type": "Point",
        "coordinates": [
          35.61667,
          -14.6
        ]
      },
      "properties": {
        "name": "Mwinjilani",
        "country": "Malawi",
        "region": "Southern Region",
        "elevation_m": null,
        "population": 0,
        "feature_type": "populated place",
        "geoname_id": 925534
      }
    },
    {
      "type": "Feature",
      "geometry": {
        "type": "Point",
        "coordinates": [
          34.06667,
          -13.46667
        ]
      },
      "properties": {
        "name": "Mwinama",
        "country": "Malawi",
        "region": "Central Region",
        "elevation_m": null,
        "population": 0,
        "feature_type": "populated place",
        "geoname_id": 925535
      }
    },
    {
      "type": "Feature",
      "geometry": {
        "type": "Point",
        "coordinates": [
          33.45,
          -13.08333
        ]
      },
      "properties": {
        "name": "Mwimba I",
        "country": "Malawi",
        "region": "Central Region",
        "elevation_m": null,
        "population": 0,
        "feature_type": "populated place",
        "geoname_id": 925536
      }
    },
    {
      "type": "Feature",
      "geometry": {
        "type": "Point",
        "coordinates": [
          35.33333,
          -14.75
        ]
      },
      "properties": {
        "name": "Mwili",
        "country": "Malawi",
        "region": "Southern Region",
        "elevation_m": null,
        "population": 0,
        "feature_type": "populated place",
        "geoname_id": 925539
      }
    },
    {
      "type": "Feature",
      "geometry": {
        "type": "Point",
        "coordinates": [
          35.75,
          -14.76667
        ]
      },
      "properties": {
        "name": "Mwila",
        "country": "Malawi",
        "region": "Southern Region",
        "elevation_m": null,
        "population": 0,
        "feature_type": "populated place",
        "geoname_id": 925540
      }
    },
    {
      "type": "Feature",
      "geometry": {
        "type": "Point",
        "coordinates": [
          34.15734,
          -11.66338
        ]
      },
      "properties": {
        "name": "Mweza",
        "country": "Malawi",
        "region": "Northern Region",
        "elevation_m": null,
        "population": 0,
        "feature_type": "populated place",
        "geoname_id": 925541
      }
    },
    {
      "type": "Feature",
      "geometry": {
        "type": "Point",
        "coordinates": [
          34.15444,
          -11.63689
        ]
      },
      "properties": {
        "name": "Mkwaya",
        "country": "Malawi",
        "region": "Northern Region",
        "elevation_m": null,
        "population": 0,
        "feature_type": "populated place",
        "geoname_id": 925542
      }
    },
    {
      "type": "Feature",
      "geometry": {
        "type": "Point",
        "coordinates": [
          33.5,
          -12.8
        ]
      },
      "properties": {
        "name": "Mwewe",
        "country": "Malawi",
        "region": "Central Region",
        "elevation_m": null,
        "population": 0,
        "feature_type": "populated place",
        "geoname_id": 925543
      }
    },
    {
      "type": "Feature",
      "geometry": {
        "type": "Point",
        "coordinates": [
          35.73957,
          -14.88196
        ]
      },
      "properties": {
        "name": "Mwenye",
        "country": "Malawi",
        "region": "Southern Region",
        "elevation_m": null,
        "population": 0,
        "feature_type": "populated place",
        "geoname_id": 925547
      }
    },
    {
      "type": "Feature",
      "geometry": {
        "type": "Point",
        "coordinates": [
          35.36667,
          -15.48333
        ]
      },
      "properties": {
        "name": "Mwenyali",
        "country": "Malawi",
        "region": "Southern Region",
        "elevation_m": null,
        "population": 0,
        "feature_type": "populated place",
        "geoname_id": 925548
      }
    },
    {
      "type": "Feature",
      "geometry": {
        "type": "Point",
        "coordinates": [
          35.75,
          -14.88333
        ]
      },
      "properties": {
        "name": "Mweny",
        "country": "Malawi",
        "region": "Southern Region",
        "elevation_m": null,
        "population": 0,
        "feature_type": "populated place",
        "geoname_id": 925549
      }
    },
    {
      "type": "Feature",
      "geometry": {
        "type": "Point",
        "coordinates": [
          34.08333,
          -14.21667
        ]
      },
      "properties": {
        "name": "Mwenje",
        "country": "Malawi",
        "region": "Central Region",
        "elevation_m": null,
        "population": 0,
        "feature_type": "populated place",
        "geoname_id": 925553
      }
    },
    {
      "type": "Feature",
      "geometry": {
        "type": "Point",
        "coordinates": [
          34.38333,
          -13.76667
        ]
      },
      "properties": {
        "name": "Mwengelele",
        "country": "Malawi",
        "region": "Central Region",
        "elevation_m": null,
        "population": 0,
        "feature_type": "populated place",
        "geoname_id": 925554
      }
    },
    {
      "type": "Feature",
      "geometry": {
        "type": "Point",
        "coordinates": [
          33.5813,
          -10.11455
        ]
      },
      "properties": {
        "name": "Mwenewenya",
        "country": "Malawi",
        "region": "Northern Region",
        "elevation_m": null,
        "population": 0,
        "feature_type": "populated place",
        "geoname_id": 925555
      }
    },
    {
      "type": "Feature",
      "geometry": {
        "type": "Point",
        "coordinates": [
          35.26667,
          -16.71667
        ]
      },
      "properties": {
        "name": "Mwendomthengo",
        "country": "Malawi",
        "region": "Southern Region",
        "elevation_m": null,
        "population": 0,
        "feature_type": "populated place",
        "geoname_id": 925558
      }
    },
    {
      "type": "Feature",
      "geometry": {
        "type": "Point",
        "coordinates": [
          33.76667,
          -14.15
        ]
      },
      "properties": {
        "name": "Mwenda",
        "country": "Malawi",
        "region": "Central Region",
        "elevation_m": null,
        "population": 0,
        "feature_type": "populated place",
        "geoname_id": 925564
      }
    },
    {
      "type": "Feature",
      "geometry": {
        "type": "Point",
        "coordinates": [
          33.78333,
          -14
        ]
      },
      "properties": {
        "name": "Mwenda",
        "country": "Malawi",
        "region": "Central Region",
        "elevation_m": null,
        "population": 0,
        "feature_type": "populated place",
        "geoname_id": 925565
      }
    },
    {
      "type": "Feature",
      "geometry": {
        "type": "Point",
        "coordinates": [
          34.09739,
          -10.59863
        ]
      },
      "properties": {
        "name": "Mwembe Msiska",
        "country": "Malawi",
        "region": "Northern Region",
        "elevation_m": null,
        "population": 0,
        "feature_type": "populated place",
        "geoname_id": 925567
      }
    },
    {
      "type": "Feature",
      "geometry": {
        "type": "Point",
        "coordinates": [
          35.74248,
          -14.74319
        ]
      },
      "properties": {
        "name": "Mwegama",
        "country": "Malawi",
        "region": "Southern Region",
        "elevation_m": null,
        "population": 0,
        "feature_type": "populated place",
        "geoname_id": 925569
      }
    },
    {
      "type": "Feature",
      "geometry": {
        "type": "Point",
        "coordinates": [
          34.06667,
          -10.3
        ]
      },
      "properties": {
        "name": "Mwazolokere",
        "country": "Malawi",
        "region": "Northern Region",
        "elevation_m": null,
        "population": 0,
        "feature_type": "populated place",
        "geoname_id": 925570
      }
    },
    {
      "type": "Feature",
      "geometry": {
        "type": "Point",
        "coordinates": [
          34.00036,
          -12.31388
        ]
      },
      "properties": {
        "name": "Mwazanduwa",
        "country": "Malawi",
        "region": "Central Region",
        "elevation_m": null,
        "population": 0,
        "feature_type": "populated place",
        "geoname_id": 925572
      }
    },
    {
      "type": "Feature",
      "geometry": {
        "type": "Point",
        "coordinates": [
          33.69739,
          -12.45828
        ]
      },
      "properties": {
        "name": "Mwaya",
        "country": "Malawi",
        "region": "Northern Region",
        "elevation_m": null,
        "population": 0,
        "feature_type": "populated place",
        "geoname_id": 925574
      }
    },
    {
      "type": "Feature",
      "geometry": {
        "type": "Point",
        "coordinates": [
          33.95,
          -14.21667
        ]
      },
      "properties": {
        "name": "Mwatsindo",
        "country": "Malawi",
        "region": "Central Region",
        "elevation_m": null,
        "population": 0,
        "feature_type": "populated place",
        "geoname_id": 925575
      }
    },
    {
      "type": "Feature",
      "geometry": {
        "type": "Point",
        "coordinates": [
          33.57816,
          -10.9463
        ]
      },
      "properties": {
        "name": "Mwazisi",
        "country": "Malawi",
        "region": "Northern Region",
        "elevation_m": null,
        "population": 0,
        "feature_type": "populated place",
        "geoname_id": 925576
      }
    },
    {
      "type": "Feature",
      "geometry": {
        "type": "Point",
        "coordinates": [
          33.75539,
          -13.42103
        ]
      },
      "properties": {
        "name": "Mwasi",
        "country": "Malawi",
        "region": "Central Region",
        "elevation_m": null,
        "population": 0,
        "feature_type": "populated place",
        "geoname_id": 925578
      }
    },
    {
      "type": "Feature",
      "geometry": {
        "type": "Point",
        "coordinates": [
          33.43333,
          -14.1
        ]
      },
      "properties": {
        "name": "Mwase",
        "country": "Malawi",
        "region": "Central Region",
        "elevation_m": null,
        "population": 0,
        "feature_type": "populated place",
        "geoname_id": 925579
      }
    },
    {
      "type": "Feature",
      "geometry": {
        "type": "Point",
        "coordinates": [
          33.83333,
          -14.08333
        ]
      },
      "properties": {
        "name": "Mwase",
        "country": "Malawi",
        "region": "Central Region",
        "elevation_m": null,
        "population": 0,
        "feature_type": "populated place",
        "geoname_id": 925580
      }
    },
    {
      "type": "Feature",
      "geometry": {
        "type": "Point",
        "coordinates": [
          33.38904,
          -13.60029
        ]
      },
      "properties": {
        "name": "Mwase",
        "country": "Malawi",
        "region": "Central Region",
        "elevation_m": null,
        "population": 0,
        "feature_type": "populated place",
        "geoname_id": 925581
      }
    },
    {
      "type": "Feature",
      "geometry": {
        "type": "Point",
        "coordinates": [
          32.86337,
          -13.47725
        ]
      },
      "properties": {
        "name": "Mwase",
        "country": "Malawi",
        "region": "Central Region",
        "elevation_m": null,
        "population": 0,
        "feature_type": "populated place",
        "geoname_id": 925582
      }
    },
    {
      "type": "Feature",
      "geometry": {
        "type": "Point",
        "coordinates": [
          33.43333,
          -13.06667
        ]
      },
      "properties": {
        "name": "Mwase",
        "country": "Malawi",
        "region": "Central Region",
        "elevation_m": null,
        "population": 0,
        "feature_type": "populated place",
        "geoname_id": 925583
      }
    },
    {
      "type": "Feature",
      "geometry": {
        "type": "Point",
        "coordinates": [
          33.55553,
          -13.6966
        ]
      },
      "properties": {
        "name": "Mwansambo",
        "country": "Malawi",
        "region": "Central Region",
        "elevation_m": null,
        "population": 0,
        "feature_type": "populated place",
        "geoname_id": 925584
      }
    },
    {
      "type": "Feature",
      "geometry": {
        "type": "Point",
        "coordinates": [
          33.46667,
          -13.65
        ]
      },
      "properties": {
        "name": "Mwasala",
        "country": "Malawi",
        "region": "Central Region",
        "elevation_m": null,
        "population": 0,
        "feature_type": "populated place",
        "geoname_id": 925586
      }
    },
    {
      "type": "Feature",
      "geometry": {
        "type": "Point",
        "coordinates": [
          33.65615,
          -13.29786
        ]
      },
      "properties": {
        "name": "Mwarara",
        "country": "Malawi",
        "region": "Central Region",
        "elevation_m": null,
        "population": 0,
        "feature_type": "populated place",
        "geoname_id": 925588
      }
    },
    {
      "type": "Feature",
      "geometry": {
        "type": "Point",
        "coordinates": [
          34.31667,
          -14.1
        ]
      },
      "properties": {
        "name": "Mwape",
        "country": "Malawi",
        "region": "Central Region",
        "elevation_m": null,
        "population": 0,
        "feature_type": "populated place",
        "geoname_id": 925589
      }
    },
    {
      "type": "Feature",
      "geometry": {
        "type": "Point",
        "coordinates": [
          34.41667,
          -13.78333
        ]
      },
      "properties": {
        "name": "Mwanzawala",
        "country": "Malawi",
        "region": "Central Region",
        "elevation_m": null,
        "population": 0,
        "feature_type": "populated place",
        "geoname_id": 925591
      }
    },
    {
      "type": "Feature",
      "geometry": {
        "type": "Point",
        "coordinates": [
          33.47151,
          -13.59779
        ]
      },
      "properties": {
        "name": "Mwanza",
        "country": "Malawi",
        "region": "Central Region",
        "elevation_m": null,
        "population": 0,
        "feature_type": "populated place",
        "geoname_id": 925597
      }
    },
    {
      "type": "Feature",
      "geometry": {
        "type": "Point",
        "coordinates": [
          33.83822,
          -11.42105
        ]
      },
      "properties": {
        "name": "Chikombo Mwanza",
        "country": "Malawi",
        "region": "Northern Region",
        "elevation_m": null,
        "population": 0,
        "feature_type": "populated place",
        "geoname_id": 925598
      }
    },
    {
      "type": "Feature",
      "geometry": {
        "type": "Point",
        "coordinates": [
          33.4158,
          -12.57633
        ]
      },
      "properties": {
        "name": "Mfwanyota",
        "country": "Malawi",
        "region": "Central Region",
        "elevation_m": null,
        "population": 0,
        "feature_type": "populated place",
        "geoname_id": 925599
      }
    },
    {
      "type": "Feature",
      "geometry": {
        "type": "Point",
        "coordinates": [
          34.1789,
          -13.75111
        ]
      },
      "properties": {
        "name": "Mwansango",
        "country": "Malawi",
        "region": "Central Region",
        "elevation_m": null,
        "population": 0,
        "feature_type": "populated place",
        "geoname_id": 925602
      }
    },
    {
      "type": "Feature",
      "geometry": {
        "type": "Point",
        "coordinates": [
          34.11783,
          -13.30926
        ]
      },
      "properties": {
        "name": "Mwansanbo",
        "country": "Malawi",
        "region": "Central Region",
        "elevation_m": null,
        "population": 0,
        "feature_type": "populated place",
        "geoname_id": 925603
      }
    },
    {
      "type": "Feature",
      "geometry": {
        "type": "Point",
        "coordinates": [
          33.57617,
          -13.54098
        ]
      },
      "properties": {
        "name": "Mwanoapale",
        "country": "Malawi",
        "region": "Central Region",
        "elevation_m": null,
        "population": 0,
        "feature_type": "populated place",
        "geoname_id": 925604
      }
    },
    {
      "type": "Feature",
      "geometry": {
        "type": "Point",
        "coordinates": [
          34.36667,
          -13.48333
        ]
      },
      "properties": {
        "name": "Mwanjowa",
        "country": "Malawi",
        "region": "Central Region",
        "elevation_m": null,
        "population": 0,
        "feature_type": "populated place",
        "geoname_id": 925605
      }
    },
    {
      "type": "Feature",
      "geometry": {
        "type": "Point",
        "coordinates": [
          34.58333,
          -15.31667
        ]
      },
      "properties": {
        "name": "Mwanjeti",
        "country": "Malawi",
        "region": "Southern Region",
        "elevation_m": null,
        "population": 0,
        "feature_type": "populated place",
        "geoname_id": 925607
      }
    },
    {
      "type": "Feature",
      "geometry": {
        "type": "Point",
        "coordinates": [
          35.7,
          -14.78333
        ]
      },
      "properties": {
        "name": "Mwanje",
        "country": "Malawi",
        "region": "Southern Region",
        "elevation_m": null,
        "population": 0,
        "feature_type": "populated place",
        "geoname_id": 925613
      }
    },
    {
      "type": "Feature",
      "geometry": {
        "type": "Point",
        "coordinates": [
          35.21667,
          -14.18333
        ]
      },
      "properties": {
        "name": "Mwanjage",
        "country": "Malawi",
        "region": "Southern Region",
        "elevation_m": null,
        "population": 0,
        "feature_type": "populated place",
        "geoname_id": 925614
      }
    },
    {
      "type": "Feature",
      "geometry": {
        "type": "Point",
        "coordinates": [
          33.6637,
          -13.33676
        ]
      },
      "properties": {
        "name": "Mwangara",
        "country": "Malawi",
        "region": "Central Region",
        "elevation_m": null,
        "population": 0,
        "feature_type": "populated place",
        "geoname_id": 925616
      }
    },
    {
      "type": "Feature",
      "geometry": {
        "type": "Point",
        "coordinates": [
          34.08973,
          -12.4088
        ]
      },
      "properties": {
        "name": "Mwandimba",
        "country": "Malawi",
        "region": "Central Region",
        "elevation_m": null,
        "population": 0,
        "feature_type": "populated place",
        "geoname_id": 925617
      }
    },
    {
      "type": "Feature",
      "geometry": {
        "type": "Point",
        "coordinates": [
          33.61532,
          -12.15639
        ]
      },
      "properties": {
        "name": "Mwandira",
        "country": "Malawi",
        "region": "Northern Region",
        "elevation_m": null,
        "population": 0,
        "feature_type": "populated place",
        "geoname_id": 925618
      }
    },
    {
      "type": "Feature",
      "geometry": {
        "type": "Point",
        "coordinates": [
          33.08333,
          -13.9
        ]
      },
      "properties": {
        "name": "Mwandawara",
        "country": "Malawi",
        "region": "Central Region",
        "elevation_m": null,
        "population": 0,
        "feature_type": "populated place",
        "geoname_id": 925619
      }
    },
    {
      "type": "Feature",
      "geometry": {
        "type": "Point",
        "coordinates": [
          33.43003,
          -13.58488
        ]
      },
      "properties": {
        "name": "Mwanda",
        "country": "Malawi",
        "region": "Central Region",
        "elevation_m": null,
        "population": 0,
        "feature_type": "populated place",
        "geoname_id": 925621
      }
    },
    {
      "type": "Feature",
      "geometry": {
        "type": "Point",
        "coordinates": [
          33.55,
          -12.63333
        ]
      },
      "properties": {
        "name": "Mwanda",
        "country": "Malawi",
        "region": "Central Region",
        "elevation_m": null,
        "population": 0,
        "feature_type": "populated place",
        "geoname_id": 925622
      }
    },
    {
      "type": "Feature",
      "geometry": {
        "type": "Point",
        "coordinates": [
          33.38333,
          -12.55
        ]
      },
      "properties": {
        "name": "Mwanda",
        "country": "Malawi",
        "region": "Central Region",
        "elevation_m": null,
        "population": 0,
        "feature_type": "populated place",
        "geoname_id": 925623
      }
    },
    {
      "type": "Feature",
      "geometry": {
        "type": "Point",
        "coordinates": [
          35.05,
          -16.5
        ]
      },
      "properties": {
        "name": "Mwana Na Njovu",
        "country": "Malawi",
        "region": "Southern Region",
        "elevation_m": null,
        "population": 0,
        "feature_type": "populated place",
        "geoname_id": 925631
      }
    },
    {
      "type": "Feature",
      "geometry": {
        "type": "Point",
        "coordinates": [
          35.16667,
          -16.53333
        ]
      },
      "properties": {
        "name": "Mwanabvumbwe",
        "country": "Malawi",
        "region": "Southern Region",
        "elevation_m": null,
        "population": 0,
        "feature_type": "populated place",
        "geoname_id": 925636
      }
    },
    {
      "type": "Feature",
      "geometry": {
        "type": "Point",
        "coordinates": [
          34.93333,
          -16.38333
        ]
      },
      "properties": {
        "name": "Mwanaakakula",
        "country": "Malawi",
        "region": "Southern Region",
        "elevation_m": null,
        "population": 0,
        "feature_type": "populated place",
        "geoname_id": 925637
      }
    },
    {
      "type": "Feature",
      "geometry": {
        "type": "Point",
        "coordinates": [
          35.56667,
          -15.83333
        ]
      },
      "properties": {
        "name": "Mwana",
        "country": "Malawi",
        "region": "Southern Region",
        "elevation_m": null,
        "population": 0,
        "feature_type": "populated place",
        "geoname_id": 925638
      }
    },
    {
      "type": "Feature",
      "geometry": {
        "type": "Point",
        "coordinates": [
          33.85346,
          -13.32479
        ]
      },
      "properties": {
        "name": "Mwamula",
        "country": "Malawi",
        "region": "Central Region",
        "elevation_m": null,
        "population": 0,
        "feature_type": "populated place",
        "geoname_id": 925640
      }
    },
    {
      "type": "Feature",
      "geometry": {
        "type": "Point",
        "coordinates": [
          34.23061,
          -10.45281
        ]
      },
      "properties": {
        "name": "Mwamutabale",
        "country": "Malawi",
        "region": "Northern Region",
        "elevation_m": null,
        "population": 0,
        "feature_type": "populated place",
        "geoname_id": 925641
      }
    },
    {
      "type": "Feature",
      "geometry": {
        "type": "Point",
        "coordinates": [
          33.72286,
          -13.29905
        ]
      },
      "properties": {
        "name": "Mwamsango",
        "country": "Malawi",
        "region": "Central Region",
        "elevation_m": null,
        "population": 0,
        "feature_type": "populated place",
        "geoname_id": 925642
      }
    },
    {
      "type": "Feature",
      "geometry": {
        "type": "Point",
        "coordinates": [
          33.71871,
          -13.46751
        ]
      },
      "properties": {
        "name": "Mwamcheka",
        "country": "Malawi",
        "region": "Central Region",
        "elevation_m": null,
        "population": 0,
        "feature_type": "populated place",
        "geoname_id": 925644
      }
    },
    {
      "type": "Feature",
      "geometry": {
        "type": "Point",
        "coordinates": [
          35.51441,
          -15.4356
        ]
      },
      "properties": {
        "name": "Mwambo",
        "country": "Malawi",
        "region": "Southern Region",
        "elevation_m": null,
        "population": 0,
        "feature_type": "populated place",
        "geoname_id": 925645
      }
    },
    {
      "type": "Feature",
      "geometry": {
        "type": "Point",
        "coordinates": [
          34.5,
          -13.8
        ]
      },
      "properties": {
        "name": "Mwambe",
        "country": "Malawi",
        "region": "Central Region",
        "elevation_m": null,
        "population": 0,
        "feature_type": "populated place",
        "geoname_id": 925647
      }
    },
    {
      "type": "Feature",
      "geometry": {
        "type": "Point",
        "coordinates": [
          33.706,
          -13.65395
        ]
      },
      "properties": {
        "name": "Mwambe",
        "country": "Malawi",
        "region": "Central Region",
        "elevation_m": null,
        "population": 0,
        "feature_type": "populated place",
        "geoname_id": 925648
      }
    },
    {
      "type": "Feature",
      "geometry": {
        "type": "Point",
        "coordinates": [
          35.47176,
          -14.90223
        ]
      },
      "properties": {
        "name": "Mwambala",
        "country": "Malawi",
        "region": "Southern Region",
        "elevation_m": null,
        "population": 0,
        "feature_type": "populated place",
        "geoname_id": 925650
      }
    },
    {
      "type": "Feature",
      "geometry": {
        "type": "Point",
        "coordinates": [
          35.38333,
          -15.45
        ]
      },
      "properties": {
        "name": "Mwamafumu",
        "country": "Malawi",
        "region": "Southern Region",
        "elevation_m": null,
        "population": 0,
        "feature_type": "populated place",
        "geoname_id": 925651
      }
    },
    {
      "type": "Feature",
      "geometry": {
        "type": "Point",
        "coordinates": [
          35.37634,
          -14.56123
        ]
      },
      "properties": {
        "name": "Mwamadi Msosa",
        "country": "Malawi",
        "region": "Southern Region",
        "elevation_m": null,
        "population": 0,
        "feature_type": "populated place",
        "geoname_id": 925652
      }
    },
    {
      "type": "Feature",
      "geometry": {
        "type": "Point",
        "coordinates": [
          33.50968,
          -12.82401
        ]
      },
      "properties": {
        "name": "Mwalimo",
        "country": "Malawi",
        "region": "Central Region",
        "elevation_m": null,
        "population": 0,
        "feature_type": "populated place",
        "geoname_id": 925654
      }
    },
    {
      "type": "Feature",
      "geometry": {
        "type": "Point",
        "coordinates": [
          34.77591,
          -15.97225
        ]
      },
      "properties": {
        "name": "Mwalija",
        "country": "Malawi",
        "region": "Southern Region",
        "elevation_m": null,
        "population": 0,
        "feature_type": "populated place",
        "geoname_id": 925655
      }
    },
    {
      "type": "Feature",
      "geometry": {
        "type": "Point",
        "coordinates": [
          35.56667,
          -14.78333
        ]
      },
      "properties": {
        "name": "Mwalija",
        "country": "Malawi",
        "region": "Southern Region",
        "elevation_m": null,
        "population": 0,
        "feature_type": "populated place",
        "geoname_id": 925656
      }
    },
    {
      "type": "Feature",
      "geometry": {
        "type": "Point",
        "coordinates": [
          34.38333,
          -14.4
        ]
      },
      "properties": {
        "name": "Mwala wa Nkhonda",
        "country": "Malawi",
        "region": "Central Region",
        "elevation_m": null,
        "population": 0,
        "feature_type": "populated place",
        "geoname_id": 925662
      }
    },
    {
      "type": "Feature",
      "geometry": {
        "type": "Point",
        "coordinates": [
          35.76374,
          -15.79527
        ]
      },
      "properties": {
        "name": "Mwalala",
        "country": "Malawi",
        "region": "Southern Region",
        "elevation_m": null,
        "population": 0,
        "feature_type": "populated place",
        "geoname_id": 925668
      }
    },
    {
      "type": "Feature",
      "geometry": {
        "type": "Point",
        "coordinates": [
          34.19543,
          -12.87083
        ]
      },
      "properties": {
        "name": "Mwalala",
        "country": "Malawi",
        "region": "Central Region",
        "elevation_m": null,
        "population": 0,
        "feature_type": "populated place",
        "geoname_id": 925669
      }
    },
    {
      "type": "Feature",
      "geometry": {
        "type": "Point",
        "coordinates": [
          34,
          -12.86667
        ]
      },
      "properties": {
        "name": "Mwalala",
        "country": "Malawi",
        "region": "Central Region",
        "elevation_m": null,
        "population": 0,
        "feature_type": "populated place",
        "geoname_id": 925670
      }
    },
    {
      "type": "Feature",
      "geometry": {
        "type": "Point",
        "coordinates": [
          35.76782,
          -14.73121
        ]
      },
      "properties": {
        "name": "Mwala",
        "country": "Malawi",
        "region": "Southern Region",
        "elevation_m": null,
        "population": 0,
        "feature_type": "populated place",
        "geoname_id": 925672
      }
    },
    {
      "type": "Feature",
      "geometry": {
        "type": "Point",
        "coordinates": [
          35.43731,
          -14.71031
        ]
      },
      "properties": {
        "name": "Mwala",
        "country": "Malawi",
        "region": "Southern Region",
        "elevation_m": null,
        "population": 0,
        "feature_type": "populated place",
        "geoname_id": 925673
      }
    },
    {
      "type": "Feature",
      "geometry": {
        "type": "Point",
        "coordinates": [
          33.45,
          -13.63333
        ]
      },
      "properties": {
        "name": "Mwala",
        "country": "Malawi",
        "region": "Central Region",
        "elevation_m": null,
        "population": 0,
        "feature_type": "populated place",
        "geoname_id": 925674
      }
    },
    {
      "type": "Feature",
      "geometry": {
        "type": "Point",
        "coordinates": [
          34.36572,
          -13.77534
        ]
      },
      "properties": {
        "name": "Mwakundi",
        "country": "Malawi",
        "region": "Central Region",
        "elevation_m": null,
        "population": 0,
        "feature_type": "populated place",
        "geoname_id": 925676
      }
    },
    {
      "type": "Feature",
      "geometry": {
        "type": "Point",
        "coordinates": [
          34.00445,
          -14.16096
        ]
      },
      "properties": {
        "name": "Mwakhundi",
        "country": "Malawi",
        "region": "Central Region",
        "elevation_m": null,
        "population": 0,
        "feature_type": "populated place",
        "geoname_id": 925677
      }
    },
    {
      "type": "Feature",
      "geometry": {
        "type": "Point",
        "coordinates": [
          33.98333,
          -10.91667
        ]
      },
      "properties": {
        "name": "Mwahenga",
        "country": "Malawi",
        "region": "Northern Region",
        "elevation_m": null,
        "population": 0,
        "feature_type": "populated place",
        "geoname_id": 925678
      }
    },
    {
      "type": "Feature",
      "geometry": {
        "type": "Point",
        "coordinates": [
          33.8496,
          -10.91104
        ]
      },
      "properties": {
        "name": "Mwahangula",
        "country": "Malawi",
        "region": "Northern Region",
        "elevation_m": null,
        "population": 0,
        "feature_type": "populated place",
        "geoname_id": 925679
      }
    },
    {
      "type": "Feature",
      "geometry": {
        "type": "Point",
        "coordinates": [
          34.18032,
          -10.43347
        ]
      },
      "properties": {
        "name": "Robert Mwafulirwa",
        "country": "Malawi",
        "region": "Northern Region",
        "elevation_m": null,
        "population": 0,
        "feature_type": "populated place",
        "geoname_id": 925680
      }
    },
    {
      "type": "Feature",
      "geometry": {
        "type": "Point",
        "coordinates": [
          34.71667,
          -16.06667
        ]
      },
      "properties": {
        "name": "Mwaebwa",
        "country": "Malawi",
        "region": "Southern Region",
        "elevation_m": null,
        "population": 0,
        "feature_type": "populated place",
        "geoname_id": 925681
      }
    },
    {
      "type": "Feature",
      "geometry": {
        "type": "Point",
        "coordinates": [
          34.1008,
          -12.45404
        ]
      },
      "properties": {
        "name": "Mwadzanduwa",
        "country": "Malawi",
        "region": "Central Region",
        "elevation_m": null,
        "population": 0,
        "feature_type": "populated place",
        "geoname_id": 925682
      }
    },
    {
      "type": "Feature",
      "geometry": {
        "type": "Point",
        "coordinates": [
          34.28478,
          -13.41157
        ]
      },
      "properties": {
        "name": "Mwadzama",
        "country": "Malawi",
        "region": "Central Region",
        "elevation_m": null,
        "population": 0,
        "feature_type": "populated place",
        "geoname_id": 925683
      }
    },
    {
      "type": "Feature",
      "geometry": {
        "type": "Point",
        "coordinates": [
          33.64602,
          -13.38086
        ]
      },
      "properties": {
        "name": "Mwadyanji",
        "country": "Malawi",
        "region": "Central Region",
        "elevation_m": null,
        "population": 0,
        "feature_type": "populated place",
        "geoname_id": 925684
      }
    },
    {
      "type": "Feature",
      "geometry": {
        "type": "Point",
        "coordinates": [
          33.55,
          -13.7
        ]
      },
      "properties": {
        "name": "Mwacipula",
        "country": "Malawi",
        "region": "Central Region",
        "elevation_m": null,
        "population": 0,
        "feature_type": "populated place",
        "geoname_id": 925685
      }
    },
    {
      "type": "Feature",
      "geometry": {
        "type": "Point",
        "coordinates": [
          33.56667,
          -13.68333
        ]
      },
      "properties": {
        "name": "Mwacipula",
        "country": "Malawi",
        "region": "Central Region",
        "elevation_m": null,
        "population": 0,
        "feature_type": "populated place",
        "geoname_id": 925686
      }
    },
    {
      "type": "Feature",
      "geometry": {
        "type": "Point",
        "coordinates": [
          33.817,
          -11.02013
        ]
      },
      "properties": {
        "name": "Mwachirwa",
        "country": "Malawi",
        "region": "Northern Region",
        "elevation_m": null,
        "population": 0,
        "feature_type": "populated place",
        "geoname_id": 925687
      }
    },
    {
      "type": "Feature",
      "geometry": {
        "type": "Point",
        "coordinates": [
          34.90217,
          -14.03383
        ]
      },
      "properties": {
        "name": "Mvunguti",
        "country": "Malawi",
        "region": "Southern Region",
        "elevation_m": null,
        "population": 0,
        "feature_type": "populated place",
        "geoname_id": 925693
      }
    },
    {
      "type": "Feature",
      "geometry": {
        "type": "Point",
        "coordinates": [
          34.73333,
          -12.08333
        ]
      },
      "properties": {
        "name": "Mvumu",
        "country": "Malawi",
        "region": "Northern Region",
        "elevation_m": null,
        "population": 0,
        "feature_type": "populated place",
        "geoname_id": 925696
      }
    },
    {
      "type": "Feature",
      "geometry": {
        "type": "Point",
        "coordinates": [
          33.88333,
          -13.43333
        ]
      },
      "properties": {
        "name": "Mvula",
        "country": "Malawi",
        "region": "Central Region",
        "elevation_m": null,
        "population": 0,
        "feature_type": "populated place",
        "geoname_id": 925698
      }
    },
    {
      "type": "Feature",
      "geometry": {
        "type": "Point",
        "coordinates": [
          34.1,
          -13.28333
        ]
      },
      "properties": {
        "name": "Mvula",
        "country": "Malawi",
        "region": "Central Region",
        "elevation_m": null,
        "population": 0,
        "feature_type": "populated place",
        "geoname_id": 925699
      }
    },
    {
      "type": "Feature",
      "geometry": {
        "type": "Point",
        "coordinates": [
          33.46631,
          -13.1607
        ]
      },
      "properties": {
        "name": "Mvula",
        "country": "Malawi",
        "region": "Central Region",
        "elevation_m": null,
        "population": 0,
        "feature_type": "populated place",
        "geoname_id": 925700
      }
    },
    {
      "type": "Feature",
      "geometry": {
        "type": "Point",
        "coordinates": [
          34.2,
          -12.71667
        ]
      },
      "properties": {
        "name": "Mvula",
        "country": "Malawi",
        "region": "Central Region",
        "elevation_m": null,
        "population": 0,
        "feature_type": "populated place",
        "geoname_id": 925701
      }
    },
    {
      "type": "Feature",
      "geometry": {
        "type": "Point",
        "coordinates": [
          35.28088,
          -14.78153
        ]
      },
      "properties": {
        "name": "Mvela",
        "country": "Malawi",
        "region": "Southern Region",
        "elevation_m": null,
        "population": 0,
        "feature_type": "populated place",
        "geoname_id": 925704
      }
    },
    {
      "type": "Feature",
      "geometry": {
        "type": "Point",
        "coordinates": [
          33.59282,
          -12.46612
        ]
      },
      "properties": {
        "name": "Peter Muyombe Jere",
        "country": "Malawi",
        "region": "Northern Region",
        "elevation_m": null,
        "population": 0,
        "feature_type": "populated place",
        "geoname_id": 925710
      }
    },
    {
      "type": "Feature",
      "geometry": {
        "type": "Point",
        "coordinates": [
          34.22137,
          -10.93895
        ]
      },
      "properties": {
        "name": "Myeleka Nyirenda",
        "country": "Malawi",
        "region": "Northern Region",
        "elevation_m": null,
        "population": 0,
        "feature_type": "populated place",
        "geoname_id": 925711
      }
    },
    {
      "type": "Feature",
      "geometry": {
        "type": "Point",
        "coordinates": [
          33.44661,
          -13.98415
        ]
      },
      "properties": {
        "name": "Muyala",
        "country": "Malawi",
        "region": "Central Region",
        "elevation_m": null,
        "population": 0,
        "feature_type": "populated place",
        "geoname_id": 925712
      }
    },
    {
      "type": "Feature",
      "geometry": {
        "type": "Point",
        "coordinates": [
          33.64966,
          -12.0021
        ]
      },
      "properties": {
        "name": "Mubelo Bulukuti",
        "country": "Malawi",
        "region": "Northern Region",
        "elevation_m": null,
        "population": 0,
        "feature_type": "populated place",
        "geoname_id": 925714
      }
    },
    {
      "type": "Feature",
      "geometry": {
        "type": "Point",
        "coordinates": [
          33.33118,
          -11.74052
        ]
      },
      "properties": {
        "name": "Muyehele Kumwenda",
        "country": "Malawi",
        "region": "Northern Region",
        "elevation_m": null,
        "population": 0,
        "feature_type": "populated place",
        "geoname_id": 925715
      }
    },
    {
      "type": "Feature",
      "geometry": {
        "type": "Point",
        "coordinates": [
          35.73333,
          -14.66667
        ]
      },
      "properties": {
        "name": "Muwawa",
        "country": "Malawi",
        "region": "Southern Region",
        "elevation_m": null,
        "population": 0,
        "feature_type": "populated place",
        "geoname_id": 925716
      }
    },
    {
      "type": "Feature",
      "geometry": {
        "type": "Point",
        "coordinates": [
          35.8,
          -14.65
        ]
      },
      "properties": {
        "name": "Muwawa",
        "country": "Malawi",
        "region": "Southern Region",
        "elevation_m": null,
        "population": 0,
        "feature_type": "populated place",
        "geoname_id": 925717
      }
    },
    {
      "type": "Feature",
      "geometry": {
        "type": "Point",
        "coordinates": [
          33.41667,
          -11.51667
        ]
      },
      "properties": {
        "name": "Muwango Juma",
        "country": "Malawi",
        "region": "Northern Region",
        "elevation_m": null,
        "population": 0,
        "feature_type": "populated place",
        "geoname_id": 925718
      }
    },
    {
      "type": "Feature",
      "geometry": {
        "type": "Point",
        "coordinates": [
          33.4786,
          -13.74106
        ]
      },
      "properties": {
        "name": "Muwanga",
        "country": "Malawi",
        "region": "Central Region",
        "elevation_m": null,
        "population": 0,
        "feature_type": "populated place",
        "geoname_id": 925719
      }
    },
    {
      "type": "Feature",
      "geometry": {
        "type": "Point",
        "coordinates": [
          34.86667,
          -14.86667
        ]
      },
      "properties": {
        "name": "Muvenda",
        "country": "Malawi",
        "region": "Central Region",
        "elevation_m": null,
        "population": 0,
        "feature_type": "populated place",
        "geoname_id": 925720
      }
    },
    {
      "type": "Feature",
      "geometry": {
        "type": "Point",
        "coordinates": [
          33.03333,
          -13.76667
        ]
      },
      "properties": {
        "name": "Mutonya",
        "country": "Malawi",
        "region": "Central Region",
        "elevation_m": null,
        "population": 0,
        "feature_type": "populated place",
        "geoname_id": 925723
      }
    },
    {
      "type": "Feature",
      "geometry": {
        "type": "Point",
        "coordinates": [
          33.91667,
          -13.4
        ]
      },
      "properties": {
        "name": "Mutawa",
        "country": "Malawi",
        "region": "Central Region",
        "elevation_m": null,
        "population": 0,
        "feature_type": "populated place",
        "geoname_id": 925726
      }
    },
    {
      "type": "Feature",
      "geometry": {
        "type": "Point",
        "coordinates": [
          33.03679,
          -13.79739
        ]
      },
      "properties": {
        "name": "Mtanga",
        "country": "Malawi",
        "region": "Central Region",
        "elevation_m": null,
        "population": 0,
        "feature_type": "populated place",
        "geoname_id": 925727
      }
    },
    {
      "type": "Feature",
      "geometry": {
        "type": "Point",
        "coordinates": [
          32.97428,
          -13.71943
        ]
      },
      "properties": {
        "name": "Musangwa",
        "country": "Malawi",
        "region": "Central Region",
        "elevation_m": null,
        "population": 0,
        "feature_type": "populated place",
        "geoname_id": 925733
      }
    },
    {
      "type": "Feature",
      "geometry": {
        "type": "Point",
        "coordinates": [
          33.86094,
          -11.38038
        ]
      },
      "properties": {
        "name": "Simon Msafile Shonga",
        "country": "Malawi",
        "region": "Northern Region",
        "elevation_m": null,
        "population": 0,
        "feature_type": "populated place",
        "geoname_id": 925734
      }
    },
    {
      "type": "Feature",
      "geometry": {
        "type": "Point",
        "coordinates": [
          34.25,
          -12.86667
        ]
      },
      "properties": {
        "name": "Musa",
        "country": "Malawi",
        "region": "Central Region",
        "elevation_m": null,
        "population": 0,
        "feature_type": "populated place",
        "geoname_id": 925735
      }
    },
    {
      "type": "Feature",
      "geometry": {
        "type": "Point",
        "coordinates": [
          34.25,
          -12.85
        ]
      },
      "properties": {
        "name": "Musa",
        "country": "Malawi",
        "region": "Central Region",
        "elevation_m": null,
        "population": 0,
        "feature_type": "populated place",
        "geoname_id": 925736
      }
    },
    {
      "type": "Feature",
      "geometry": {
        "type": "Point",
        "coordinates": [
          34.21392,
          -11.26408
        ]
      },
      "properties": {
        "name": "Murwa",
        "country": "Malawi",
        "region": "Northern Region",
        "elevation_m": null,
        "population": 0,
        "feature_type": "populated place",
        "geoname_id": 925738
      }
    },
    {
      "type": "Feature",
      "geometry": {
        "type": "Point",
        "coordinates": [
          35.41667,
          -15.58333
        ]
      },
      "properties": {
        "name": "Muruma Settlement",
        "country": "Malawi",
        "region": "Southern Region",
        "elevation_m": null,
        "population": 0,
        "feature_type": "populated place",
        "geoname_id": 925739
      }
    },
    {
      "type": "Feature",
      "geometry": {
        "type": "Point",
        "coordinates": [
          33.95241,
          -13.50755
        ]
      },
      "properties": {
        "name": "Mupine",
        "country": "Malawi",
        "region": "Central Region",
        "elevation_m": null,
        "population": 0,
        "feature_type": "populated place",
        "geoname_id": 925743
      }
    },
    {
      "type": "Feature",
      "geometry": {
        "type": "Point",
        "coordinates": [
          35.18333,
          -15.96667
        ]
      },
      "properties": {
        "name": "Muonekera",
        "country": "Malawi",
        "region": "Southern Region",
        "elevation_m": null,
        "population": 0,
        "feature_type": "populated place",
        "geoname_id": 925745
      }
    },
    {
      "type": "Feature",
      "geometry": {
        "type": "Point",
        "coordinates": [
          34.05732,
          -12.07941
        ]
      },
      "properties": {
        "name": "Muoka",
        "country": "Malawi",
        "region": "Northern Region",
        "elevation_m": null,
        "population": 0,
        "feature_type": "populated place",
        "geoname_id": 925748
      }
    },
    {
      "type": "Feature",
      "geometry": {
        "type": "Point",
        "coordinates": [
          33.98273,
          -10.91064
        ]
      },
      "properties": {
        "name": "Munyongo",
        "country": "Malawi",
        "region": "Northern Region",
        "elevation_m": null,
        "population": 0,
        "feature_type": "populated place",
        "geoname_id": 925749
      }
    },
    {
      "type": "Feature",
      "geometry": {
        "type": "Point",
        "coordinates": [
          34.05426,
          -10.87259
        ]
      },
      "properties": {
        "name": "Munyonga Mhango",
        "country": "Malawi",
        "region": "Northern Region",
        "elevation_m": null,
        "population": 0,
        "feature_type": "populated place",
        "geoname_id": 925750
      }
    },
    {
      "type": "Feature",
      "geometry": {
        "type": "Point",
        "coordinates": [
          33.46506,
          -11.19639
        ]
      },
      "properties": {
        "name": "Munyanja Ghabota",
        "country": "Malawi",
        "region": "Northern Region",
        "elevation_m": null,
        "population": 0,
        "feature_type": "populated place",
        "geoname_id": 925751
      }
    },
    {
      "type": "Feature",
      "geometry": {
        "type": "Point",
        "coordinates": [
          33.42357,
          -11.84881
        ]
      },
      "properties": {
        "name": "Mungoni wa Mavi",
        "country": "Malawi",
        "region": "Northern Region",
        "elevation_m": null,
        "population": 0,
        "feature_type": "populated place",
        "geoname_id": 925758
      }
    },
    {
      "type": "Feature",
      "geometry": {
        "type": "Point",
        "coordinates": [
          34.20335,
          -10.4901
        ]
      },
      "properties": {
        "name": "Mung’ombwa",
        "country": "Malawi",
        "region": "Northern Region",
        "elevation_m": null,
        "population": 0,
        "feature_type": "populated place",
        "geoname_id": 925759
      }
    },
    {
      "type": "Feature",
      "geometry": {
        "type": "Point",
        "coordinates": [
          33.37138,
          -11.40105
        ]
      },
      "properties": {
        "name": "Munduwi Ndhlovu",
        "country": "Malawi",
        "region": "Northern Region",
        "elevation_m": null,
        "population": 0,
        "feature_type": "populated place",
        "geoname_id": 925763
      }
    },
    {
      "type": "Feature",
      "geometry": {
        "type": "Point",
        "coordinates": [
          34.28999,
          -11.6369
        ]
      },
      "properties": {
        "name": "Mundola",
        "country": "Malawi",
        "region": "Northern Region",
        "elevation_m": null,
        "population": 0,
        "feature_type": "populated place",
        "geoname_id": 925764
      }
    },
    {
      "type": "Feature",
      "geometry": {
        "type": "Point",
        "coordinates": [
          34.09614,
          -11.91207
        ]
      },
      "properties": {
        "name": "Mundiyeghe",
        "country": "Malawi",
        "region": "Northern Region",
        "elevation_m": null,
        "population": 0,
        "feature_type": "populated place",
        "geoname_id": 925765
      }
    },
    {
      "type": "Feature",
      "geometry": {
        "type": "Point",
        "coordinates": [
          35.85,
          -14.71667
        ]
      },
      "properties": {
        "name": "Mundi",
        "country": "Malawi",
        "region": "Southern Region",
        "elevation_m": null,
        "population": 0,
        "feature_type": "populated place",
        "geoname_id": 925766
      }
    },
    {
      "type": "Feature",
      "geometry": {
        "type": "Point",
        "coordinates": [
          34.17207,
          -11.856
        ]
      },
      "properties": {
        "name": "Muchindwe",
        "country": "Malawi",
        "region": "Northern Region",
        "elevation_m": null,
        "population": 0,
        "feature_type": "populated place",
        "geoname_id": 925767
      }
    },
    {
      "type": "Feature",
      "geometry": {
        "type": "Point",
        "coordinates": [
          33.05,
          -13.93333
        ]
      },
      "properties": {
        "name": "Mumenia",
        "country": "Malawi",
        "region": "Central Region",
        "elevation_m": null,
        "population": 0,
        "feature_type": "populated place",
        "geoname_id": 925768
      }
    },
    {
      "type": "Feature",
      "geometry": {
        "type": "Point",
        "coordinates": [
          34.13932,
          -11.8489
        ]
      },
      "properties": {
        "name": "Mulonda",
        "country": "Malawi",
        "region": "Northern Region",
        "elevation_m": null,
        "population": 0,
        "feature_type": "populated place",
        "geoname_id": 925774
      }
    },
    {
      "type": "Feature",
      "geometry": {
        "type": "Point",
        "coordinates": [
          34.87332,
          -15.81416
        ]
      },
      "properties": {
        "name": "Mulima",
        "country": "Malawi",
        "region": "Southern Region",
        "elevation_m": null,
        "population": 0,
        "feature_type": "populated place",
        "geoname_id": 925780
      }
    },
    {
      "type": "Feature",
      "geometry": {
        "type": "Point",
        "coordinates": [
          33.00183,
          -13.78006
        ]
      },
      "properties": {
        "name": "Mulima",
        "country": "Malawi",
        "region": "Central Region",
        "elevation_m": null,
        "population": 0,
        "feature_type": "populated place",
        "geoname_id": 925781
      }
    },
    {
      "type": "Feature",
      "geometry": {
        "type": "Point",
        "coordinates": [
          34.81667,
          -16.01667
        ]
      },
      "properties": {
        "name": "Mulilima",
        "country": "Malawi",
        "region": "Southern Region",
        "elevation_m": null,
        "population": 0,
        "feature_type": "populated place",
        "geoname_id": 925782
      }
    },
    {
      "type": "Feature",
      "geometry": {
        "type": "Point",
        "coordinates": [
          33.61969,
          -13.47771
        ]
      },
      "properties": {
        "name": "Muli",
        "country": "Malawi",
        "region": "Central Region",
        "elevation_m": null,
        "population": 0,
        "feature_type": "populated place",
        "geoname_id": 925783
      }
    },
    {
      "type": "Feature",
      "geometry": {
        "type": "Point",
        "coordinates": [
          33.4576,
          -12.12768
        ]
      },
      "properties": {
        "name": "Mulefu Mkweu Mbewe",
        "country": "Malawi",
        "region": "Northern Region",
        "elevation_m": null,
        "population": 0,
        "feature_type": "populated place",
        "geoname_id": 925784
      }
    },
    {
      "type": "Feature",
      "geometry": {
        "type": "Point",
        "coordinates": [
          33.46667,
          -12.21667
        ]
      },
      "properties": {
        "name": "Mulawa",
        "country": "Malawi",
        "region": "Northern Region",
        "elevation_m": null,
        "population": 0,
        "feature_type": "populated place",
        "geoname_id": 925785
      }
    },
    {
      "type": "Feature",
      "geometry": {
        "type": "Point",
        "coordinates": [
          34.26667,
          -14.4
        ]
      },
      "properties": {
        "name": "Mulangari",
        "country": "Malawi",
        "region": "Central Region",
        "elevation_m": null,
        "population": 0,
        "feature_type": "populated place",
        "geoname_id": 925790
      }
    },
    {
      "type": "Feature",
      "geometry": {
        "type": "Point",
        "coordinates": [
          34.1,
          -14.23333
        ]
      },
      "properties": {
        "name": "Mulamba",
        "country": "Malawi",
        "region": "Central Region",
        "elevation_m": null,
        "population": 0,
        "feature_type": "populated place",
        "geoname_id": 925792
      }
    },
    {
      "type": "Feature",
      "geometry": {
        "type": "Point",
        "coordinates": [
          35.76667,
          -14.76667
        ]
      },
      "properties": {
        "name": "Mula",
        "country": "Malawi",
        "region": "Southern Region",
        "elevation_m": null,
        "population": 0,
        "feature_type": "populated place",
        "geoname_id": 925794
      }
    },
    {
      "type": "Feature",
      "geometry": {
        "type": "Point",
        "coordinates": [
          33.51667,
          -12.55
        ]
      },
      "properties": {
        "name": "Mukula",
        "country": "Malawi",
        "region": "Central Region",
        "elevation_m": null,
        "population": 0,
        "feature_type": "populated place",
        "geoname_id": 925795
      }
    },
    {
      "type": "Feature",
      "geometry": {
        "type": "Point",
        "coordinates": [
          33.55,
          -11.9
        ]
      },
      "properties": {
        "name": "Mukubani Mbeye",
        "country": "Malawi",
        "region": "Northern Region",
        "elevation_m": null,
        "population": 0,
        "feature_type": "populated place",
        "geoname_id": 925796
      }
    },
    {
      "type": "Feature",
      "geometry": {
        "type": "Point",
        "coordinates": [
          33.14241,
          -13.9283
        ]
      },
      "properties": {
        "name": "Mukande",
        "country": "Malawi",
        "region": "Central Region",
        "elevation_m": null,
        "population": 0,
        "feature_type": "populated place",
        "geoname_id": 925797
      }
    },
    {
      "type": "Feature",
      "geometry": {
        "type": "Point",
        "coordinates": [
          33.71084,
          -11.14618
        ]
      },
      "properties": {
        "name": "Mujuma Nyasulu",
        "country": "Malawi",
        "region": "Northern Region",
        "elevation_m": null,
        "population": 0,
        "feature_type": "populated place",
        "geoname_id": 925798
      }
    },
    {
      "type": "Feature",
      "geometry": {
        "type": "Point",
        "coordinates": [
          33.35656,
          -11.93735
        ]
      },
      "properties": {
        "name": "Mujinge Ziwa School",
        "country": "Malawi",
        "region": "Northern Region",
        "elevation_m": null,
        "population": 0,
        "feature_type": "populated place",
        "geoname_id": 925799
      }
    },
    {
      "type": "Feature",
      "geometry": {
        "type": "Point",
        "coordinates": [
          34.01667,
          -10.88333
        ]
      },
      "properties": {
        "name": "Muhuju",
        "country": "Malawi",
        "region": "Northern Region",
        "elevation_m": null,
        "population": 0,
        "feature_type": "populated place",
        "geoname_id": 925803
      }
    },
    {
      "type": "Feature",
      "geometry": {
        "type": "Point",
        "coordinates": [
          33.61667,
          -12.76667
        ]
      },
      "properties": {
        "name": "Muhoni",
        "country": "Malawi",
        "region": "Central Region",
        "elevation_m": null,
        "population": 0,
        "feature_type": "populated place",
        "geoname_id": 925804
      }
    },
    {
      "type": "Feature",
      "geometry": {
        "type": "Point",
        "coordinates": [
          33.6705,
          -12.54401
        ]
      },
      "properties": {
        "name": "Muhoni",
        "country": "Malawi",
        "region": "Northern Region",
        "elevation_m": null,
        "population": 0,
        "feature_type": "populated place",
        "geoname_id": 925805
      }
    },
    {
      "type": "Feature",
      "geometry": {
        "type": "Point",
        "coordinates": [
          35.76667,
          -14.75
        ]
      },
      "properties": {
        "name": "Muhatele",
        "country": "Malawi",
        "region": "Southern Region",
        "elevation_m": null,
        "population": 0,
        "feature_type": "populated place",
        "geoname_id": 925806
      }
    },
    {
      "type": "Feature",
      "geometry": {
        "type": "Point",
        "coordinates": [
          35.8,
          -14.8
        ]
      },
      "properties": {
        "name": "Muhara",
        "country": "Malawi",
        "region": "Southern Region",
        "elevation_m": null,
        "population": 0,
        "feature_type": "populated place",
        "geoname_id": 925809
      }
    },
    {
      "type": "Feature",
      "geometry": {
        "type": "Point",
        "coordinates": [
          33.32319,
          -12.66816
        ]
      },
      "properties": {
        "name": "Mhango",
        "country": "Malawi",
        "region": "Central Region",
        "elevation_m": null,
        "population": 0,
        "feature_type": "populated place",
        "geoname_id": 925810
      }
    },
    {
      "type": "Feature",
      "geometry": {
        "type": "Point",
        "coordinates": [
          33.90619,
          -13.35844
        ]
      },
      "properties": {
        "name": "Mgungu",
        "country": "Malawi",
        "region": "Central Region",
        "elevation_m": null,
        "population": 0,
        "feature_type": "populated place",
        "geoname_id": 925811
      }
    },
    {
      "type": "Feature",
      "geometry": {
        "type": "Point",
        "coordinates": [
          33.34097,
          -11.56852
        ]
      },
      "properties": {
        "name": "Mgubani Chipeta",
        "country": "Malawi",
        "region": "Northern Region",
        "elevation_m": null,
        "population": 0,
        "feature_type": "populated place",
        "geoname_id": 925812
      }
    },
    {
      "type": "Feature",
      "geometry": {
        "type": "Point",
        "coordinates": [
          33.79968,
          -13.74924
        ]
      },
      "properties": {
        "name": "Mugubani",
        "country": "Malawi",
        "region": "Central Region",
        "elevation_m": null,
        "population": 0,
        "feature_type": "populated place",
        "geoname_id": 925813
      }
    },
    {
      "type": "Feature",
      "geometry": {
        "type": "Point",
        "coordinates": [
          35.83333,
          -14.65
        ]
      },
      "properties": {
        "name": "Muepetha",
        "country": "Malawi",
        "region": "Southern Region",
        "elevation_m": null,
        "population": 0,
        "feature_type": "populated place",
        "geoname_id": 925814
      }
    },
    {
      "type": "Feature",
      "geometry": {
        "type": "Point",
        "coordinates": [
          33.90448,
          -13.62766
        ]
      },
      "properties": {
        "name": "Mudinda",
        "country": "Malawi",
        "region": "Central Region",
        "elevation_m": null,
        "population": 0,
        "feature_type": "populated place",
        "geoname_id": 925817
      }
    },
    {
      "type": "Feature",
      "geometry": {
        "type": "Point",
        "coordinates": [
          35.07267,
          -15.80122
        ]
      },
      "properties": {
        "name": "Mudi Estate",
        "country": "Malawi",
        "region": "Southern Region",
        "elevation_m": null,
        "population": 0,
        "feature_type": "populated place",
        "geoname_id": 925821
      }
    },
    {
      "type": "Feature",
      "geometry": {
        "type": "Point",
        "coordinates": [
          34.2,
          -11.13333
        ]
      },
      "properties": {
        "name": "Mudando",
        "country": "Malawi",
        "region": "Northern Region",
        "elevation_m": null,
        "population": 0,
        "feature_type": "populated place",
        "geoname_id": 925823
      }
    },
    {
      "type": "Feature",
      "geometry": {
        "type": "Point",
        "coordinates": [
          34.09209,
          -11.67737
        ]
      },
      "properties": {
        "name": "Muchingalombo",
        "country": "Malawi",
        "region": "Northern Region",
        "elevation_m": null,
        "population": 0,
        "feature_type": "populated place",
        "geoname_id": 925824
      }
    },
    {
      "type": "Feature",
      "geometry": {
        "type": "Point",
        "coordinates": [
          34.08503,
          -10.29223
        ]
      },
      "properties": {
        "name": "Muchekacheka Maxwell",
        "country": "Malawi",
        "region": "Northern Region",
        "elevation_m": null,
        "population": 0,
        "feature_type": "populated place",
        "geoname_id": 925826
      }
    },
    {
      "type": "Feature",
      "geometry": {
        "type": "Point",
        "coordinates": [
          33.32787,
          -11.77084
        ]
      },
      "properties": {
        "name": "Mtasuka Mwanza",
        "country": "Malawi",
        "region": "Northern Region",
        "elevation_m": null,
        "population": 0,
        "feature_type": "populated place",
        "geoname_id": 925827
      }
    },
    {
      "type": "Feature",
      "geometry": {
        "type": "Point",
        "coordinates": [
          33.50761,
          -11.89358
        ]
      },
      "properties": {
        "name": "Mubakure Moyo",
        "country": "Malawi",
        "region": "Northern Region",
        "elevation_m": null,
        "population": 0,
        "feature_type": "populated place",
        "geoname_id": 925828
      }
    },
    {
      "type": "Feature",
      "geometry": {
        "type": "Point",
        "coordinates": [
          35.40992,
          -15.2566
        ]
      },
      "properties": {
        "name": "Mtwice",
        "country": "Malawi",
        "region": "Southern Region",
        "elevation_m": null,
        "population": 0,
        "feature_type": "populated place",
        "geoname_id": 925833
      }
    },
    {
      "type": "Feature",
      "geometry": {
        "type": "Point",
        "coordinates": [
          33.75,
          -11.38333
        ]
      },
      "properties": {
        "name": "Mtwalo",
        "country": "Malawi",
        "region": "Northern Region",
        "elevation_m": null,
        "population": 0,
        "feature_type": "populated place",
        "geoname_id": 925834
      }
    },
    {
      "type": "Feature",
      "geometry": {
        "type": "Point",
        "coordinates": [
          33.53333,
          -13.66667
        ]
      },
      "properties": {
        "name": "Mtuzi",
        "country": "Malawi",
        "region": "Central Region",
        "elevation_m": null,
        "population": 0,
        "feature_type": "populated place",
        "geoname_id": 925835
      }
    },
    {
      "type": "Feature",
      "geometry": {
        "type": "Point",
        "coordinates": [
          35.37181,
          -14.53922
        ]
      },
      "properties": {
        "name": "Mtuwa",
        "country": "Malawi",
        "region": "Southern Region",
        "elevation_m": null,
        "population": 0,
        "feature_type": "populated place",
        "geoname_id": 925837
      }
    },
    {
      "type": "Feature",
      "geometry": {
        "type": "Point",
        "coordinates": [
          33.95,
          -13.33333
        ]
      },
      "properties": {
        "name": "Mtuta",
        "country": "Malawi",
        "region": "Central Region",
        "elevation_m": null,
        "population": 0,
        "feature_type": "populated place",
        "geoname_id": 925839
      }
    },
    {
      "type": "Feature",
      "geometry": {
        "type": "Point",
        "coordinates": [
          33.81613,
          -11.45769
        ]
      },
      "properties": {
        "name": "Muthusani Nguluwe",
        "country": "Malawi",
        "region": "Northern Region",
        "elevation_m": null,
        "population": 0,
        "feature_type": "populated place",
        "geoname_id": 925841
      }
    },
    {
      "type": "Feature",
      "geometry": {
        "type": "Point",
        "coordinates": [
          35.57912,
          -14.63599
        ]
      },
      "properties": {
        "name": "Mtupa",
        "country": "Malawi",
        "region": "Southern Region",
        "elevation_m": null,
        "population": 0,
        "feature_type": "populated place",
        "geoname_id": 925842
      }
    },
    {
      "type": "Feature",
      "geometry": {
        "type": "Point",
        "coordinates": [
          34.00397,
          -12.36339
        ]
      },
      "properties": {
        "name": "Mtuntula",
        "country": "Malawi",
        "region": "Central Region",
        "elevation_m": null,
        "population": 0,
        "feature_type": "populated place",
        "geoname_id": 925844
      }
    },
    {
      "type": "Feature",
      "geometry": {
        "type": "Point",
        "coordinates": [
          33.27058,
          -13.70663
        ]
      },
      "properties": {
        "name": "Mtunga",
        "country": "Malawi",
        "region": "Central Region",
        "elevation_m": null,
        "population": 0,
        "feature_type": "populated place",
        "geoname_id": 925845
      }
    },
    {
      "type": "Feature",
      "geometry": {
        "type": "Point",
        "coordinates": [
          35.45662,
          -14.84629
        ]
      },
      "properties": {
        "name": "Mtundu",
        "country": "Malawi",
        "region": "Southern Region",
        "elevation_m": null,
        "population": 0,
        "feature_type": "populated place",
        "geoname_id": 925846
      }
    },
    {
      "type": "Feature",
      "geometry": {
        "type": "Point",
        "coordinates": [
          35.75048,
          -14.54925
        ]
      },
      "properties": {
        "name": "Mtundu",
        "country": "Malawi",
        "region": "Southern Region",
        "elevation_m": null,
        "population": 0,
        "feature_type": "populated place",
        "geoname_id": 925847
      }
    },
    {
      "type": "Feature",
      "geometry": {
        "type": "Point",
        "coordinates": [
          32.91667,
          -13.58333
        ]
      },
      "properties": {
        "name": "Mtunda",
        "country": "Malawi",
        "region": "Central Region",
        "elevation_m": null,
        "population": 0,
        "feature_type": "populated place",
        "geoname_id": 925848
      }
    },
    {
      "type": "Feature",
      "geometry": {
        "type": "Point",
        "coordinates": [
          34.27319,
          -12.88301
        ]
      },
      "properties": {
        "name": "Mtumbula",
        "country": "Malawi",
        "region": "Central Region",
        "elevation_m": null,
        "population": 0,
        "feature_type": "populated place",
        "geoname_id": 925849
      }
    },
    {
      "type": "Feature",
      "geometry": {
        "type": "Point",
        "coordinates": [
          33.39117,
          -13.69495
        ]
      },
      "properties": {
        "name": "Mtsindo",
        "country": "Malawi",
        "region": "Central Region",
        "elevation_m": null,
        "population": 0,
        "feature_type": "populated place",
        "geoname_id": 925852
      }
    },
    {
      "type": "Feature",
      "geometry": {
        "type": "Point",
        "coordinates": [
          33.39608,
          -13.68323
        ]
      },
      "properties": {
        "name": "Mtsindo",
        "country": "Malawi",
        "region": "Central Region",
        "elevation_m": null,
        "population": 0,
        "feature_type": "populated place",
        "geoname_id": 925853
      }
    },
    {
      "type": "Feature",
      "geometry": {
        "type": "Point",
        "coordinates": [
          33.35,
          -13.8
        ]
      },
      "properties": {
        "name": "Mtsilo",
        "country": "Malawi",
        "region": "Central Region",
        "elevation_m": null,
        "population": 0,
        "feature_type": "populated place",
        "geoname_id": 925854
      }
    },
    {
      "type": "Feature",
      "geometry": {
        "type": "Point",
        "coordinates": [
          33.7,
          -13.68333
        ]
      },
      "properties": {
        "name": "Mtsilo",
        "country": "Malawi",
        "region": "Central Region",
        "elevation_m": null,
        "population": 0,
        "feature_type": "populated place",
        "geoname_id": 925855
      }
    },
    {
      "type": "Feature",
      "geometry": {
        "type": "Point",
        "coordinates": [
          33.41667,
          -13.53333
        ]
      },
      "properties": {
        "name": "Mtsekese",
        "country": "Malawi",
        "region": "Central Region",
        "elevation_m": null,
        "population": 0,
        "feature_type": "populated place",
        "geoname_id": 925856
      }
    },
    {
      "type": "Feature",
      "geometry": {
        "type": "Point",
        "coordinates": [
          33.48746,
          -13.99266
        ]
      },
      "properties": {
        "name": "Mtotsa",
        "country": "Malawi",
        "region": "Central Region",
        "elevation_m": null,
        "population": 0,
        "feature_type": "populated place",
        "geoname_id": 925859
      }
    },
    {
      "type": "Feature",
      "geometry": {
        "type": "Point",
        "coordinates": [
          33.35808,
          -13.71996
        ]
      },
      "properties": {
        "name": "Mtoso",
        "country": "Malawi",
        "region": "Central Region",
        "elevation_m": null,
        "population": 0,
        "feature_type": "populated place",
        "geoname_id": 925861
      }
    },
    {
      "type": "Feature",
      "geometry": {
        "type": "Point",
        "coordinates": [
          34.73333,
          -12.03333
        ]
      },
      "properties": {
        "name": "Mtoo",
        "country": "Malawi",
        "region": "Northern Region",
        "elevation_m": null,
        "population": 0,
        "feature_type": "populated place",
        "geoname_id": 925862
      }
    },
    {
      "type": "Feature",
      "geometry": {
        "type": "Point",
        "coordinates": [
          33.46667,
          -14.11667
        ]
      },
      "properties": {
        "name": "Mtonza",
        "country": "Malawi",
        "region": "Central Region",
        "elevation_m": null,
        "population": 0,
        "feature_type": "populated place",
        "geoname_id": 925863
      }
    },
    {
      "type": "Feature",
      "geometry": {
        "type": "Point",
        "coordinates": [
          33.23333,
          -13.96667
        ]
      },
      "properties": {
        "name": "Mtonya",
        "country": "Malawi",
        "region": "Central Region",
        "elevation_m": null,
        "population": 0,
        "feature_type": "populated place",
        "geoname_id": 925864
      }
    },
    {
      "type": "Feature",
      "geometry": {
        "type": "Point",
        "coordinates": [
          33.31126,
          -13.90434
        ]
      },
      "properties": {
        "name": "Mtongola",
        "country": "Malawi",
        "region": "Central Region",
        "elevation_m": null,
        "population": 0,
        "feature_type": "populated place",
        "geoname_id": 925866
      }
    },
    {
      "type": "Feature",
      "geometry": {
        "type": "Point",
        "coordinates": [
          33.96667,
          -13.4
        ]
      },
      "properties": {
        "name": "Mtongo",
        "country": "Malawi",
        "region": "Central Region",
        "elevation_m": null,
        "population": 0,
        "feature_type": "populated place",
        "geoname_id": 925867
      }
    },
    {
      "type": "Feature",
      "geometry": {
        "type": "Point",
        "coordinates": [
          34.3622,
          -13.76868
        ]
      },
      "properties": {
        "name": "Mtonga",
        "country": "Malawi",
        "region": "Central Region",
        "elevation_m": null,
        "population": 0,
        "feature_type": "populated place",
        "geoname_id": 925868
      }
    },
    {
      "type": "Feature",
      "geometry": {
        "type": "Point",
        "coordinates": [
          33.48333,
          -13.06667
        ]
      },
      "properties": {
        "name": "Mtondo",
        "country": "Malawi",
        "region": "Central Region",
        "elevation_m": null,
        "population": 0,
        "feature_type": "populated place",
        "geoname_id": 925869
      }
    },
    {
      "type": "Feature",
      "geometry": {
        "type": "Point",
        "coordinates": [
          34.93333,
          -14.65
        ]
      },
      "properties": {
        "name": "Mtonda",
        "country": "Malawi",
        "region": "Southern Region",
        "elevation_m": null,
        "population": 0,
        "feature_type": "populated place",
        "geoname_id": 925870
      }
    },
    {
      "type": "Feature",
      "geometry": {
        "type": "Point",
        "coordinates": [
          35.75517,
          -14.58123
        ]
      },
      "properties": {
        "name": "Mtonda",
        "country": "Malawi",
        "region": "Southern Region",
        "elevation_m": null,
        "population": 0,
        "feature_type": "populated place",
        "geoname_id": 925871
      }
    },
    {
      "type": "Feature",
      "geometry": {
        "type": "Point",
        "coordinates": [
          35.25,
          -15.38333
        ]
      },
      "properties": {
        "name": "Mtokoma",
        "country": "Malawi",
        "region": "Southern Region",
        "elevation_m": null,
        "population": 0,
        "feature_type": "populated place",
        "geoname_id": 925874
      }
    },
    {
      "type": "Feature",
      "geometry": {
        "type": "Point",
        "coordinates": [
          34.55561,
          -13.6452
        ]
      },
      "properties": {
        "name": "Mtimasonjo",
        "country": "Malawi",
        "region": "Central Region",
        "elevation_m": null,
        "population": 0,
        "feature_type": "populated place",
        "geoname_id": 925879
      }
    },
    {
      "type": "Feature",
      "geometry": {
        "type": "Point",
        "coordinates": [
          35.52497,
          -15.80535
        ]
      },
      "properties": {
        "name": "Mtima",
        "country": "Malawi",
        "region": "Southern Region",
        "elevation_m": null,
        "population": 0,
        "feature_type": "populated place",
        "geoname_id": 925881
      }
    },
    {
      "type": "Feature",
      "geometry": {
        "type": "Point",
        "coordinates": [
          35.4,
          -15.33333
        ]
      },
      "properties": {
        "name": "Mtima",
        "country": "Malawi",
        "region": "Southern Region",
        "elevation_m": null,
        "population": 0,
        "feature_type": "populated place",
        "geoname_id": 925882
      }
    },
    {
      "type": "Feature",
      "geometry": {
        "type": "Point",
        "coordinates": [
          33.40393,
          -14.04337
        ]
      },
      "properties": {
        "name": "Mtika",
        "country": "Malawi",
        "region": "Central Region",
        "elevation_m": null,
        "population": 0,
        "feature_type": "populated place",
        "geoname_id": 925883
      }
    },
    {
      "type": "Feature",
      "geometry": {
        "type": "Point",
        "coordinates": [
          33.35995,
          -13.69741
        ]
      },
      "properties": {
        "name": "Thumba",
        "country": "Malawi",
        "region": "Central Region",
        "elevation_m": null,
        "population": 0,
        "feature_type": "populated place",
        "geoname_id": 925884
      }
    },
    {
      "type": "Feature",
      "geometry": {
        "type": "Point",
        "coordinates": [
          35.73333,
          -14.65
        ]
      },
      "properties": {
        "name": "Mthiniwa",
        "country": "Malawi",
        "region": "Southern Region",
        "elevation_m": null,
        "population": 0,
        "feature_type": "populated place",
        "geoname_id": 925886
      }
    },
    {
      "type": "Feature",
      "geometry": {
        "type": "Point",
        "coordinates": [
          33.63333,
          -13.03333
        ]
      },
      "properties": {
        "name": "Mthiko",
        "country": "Malawi",
        "region": "Central Region",
        "elevation_m": null,
        "population": 0,
        "feature_type": "populated place",
        "geoname_id": 925888
      }
    },
    {
      "type": "Feature",
      "geometry": {
        "type": "Point",
        "coordinates": [
          33.64643,
          -12.97528
        ]
      },
      "properties": {
        "name": "Mthiko",
        "country": "Malawi",
        "region": "Central Region",
        "elevation_m": null,
        "population": 0,
        "feature_type": "populated place",
        "geoname_id": 925889
      }
    },
    {
      "type": "Feature",
      "geometry": {
        "type": "Point",
        "coordinates": [
          34.48333,
          -13.83333
        ]
      },
      "properties": {
        "name": "Mthende",
        "country": "Malawi",
        "region": "Central Region",
        "elevation_m": null,
        "population": 0,
        "feature_type": "populated place",
        "geoname_id": 925890
      }
    },
    {
      "type": "Feature",
      "geometry": {
        "type": "Point",
        "coordinates": [
          33.36811,
          -13.55938
        ]
      },
      "properties": {
        "name": "Mthawira",
        "country": "Malawi",
        "region": "Central Region",
        "elevation_m": null,
        "population": 0,
        "feature_type": "populated place",
        "geoname_id": 925891
      }
    },
    {
      "type": "Feature",
      "geometry": {
        "type": "Point",
        "coordinates": [
          33.71667,
          -12.71667
        ]
      },
      "properties": {
        "name": "Mthambalika",
        "country": "Malawi",
        "region": "Central Region",
        "elevation_m": null,
        "population": 0,
        "feature_type": "populated place",
        "geoname_id": 925894
      }
    },
    {
      "type": "Feature",
      "geometry": {
        "type": "Point",
        "coordinates": [
          33.65,
          -12.51667
        ]
      },
      "properties": {
        "name": "Mthaceni",
        "country": "Malawi",
        "region": "Northern Region",
        "elevation_m": null,
        "population": 0,
        "feature_type": "populated place",
        "geoname_id": 925895
      }
    },
    {
      "type": "Feature",
      "geometry": {
        "type": "Point",
        "coordinates": [
          33.44591,
          -11.94078
        ]
      },
      "properties": {
        "name": "Mateyo Ng’oma",
        "country": "Malawi",
        "region": "Northern Region",
        "elevation_m": null,
        "population": 0,
        "feature_type": "populated place",
        "geoname_id": 925898
      }
    },
    {
      "type": "Feature",
      "geometry": {
        "type": "Point",
        "coordinates": [
          35.83845,
          -14.70094
        ]
      },
      "properties": {
        "name": "Mteuka",
        "country": "Malawi",
        "region": "Southern Region",
        "elevation_m": null,
        "population": 0,
        "feature_type": "populated place",
        "geoname_id": 925899
      }
    },
    {
      "type": "Feature",
      "geometry": {
        "type": "Point",
        "coordinates": [
          35.44714,
          -14.18006
        ]
      },
      "properties": {
        "name": "Mterera",
        "country": "Malawi",
        "region": "Southern Region",
        "elevation_m": null,
        "population": 0,
        "feature_type": "populated place",
        "geoname_id": 925902
      }
    },
    {
      "type": "Feature",
      "geometry": {
        "type": "Point",
        "coordinates": [
          34.1344,
          -11.83254
        ]
      },
      "properties": {
        "name": "Muteperera",
        "country": "Malawi",
        "region": "Northern Region",
        "elevation_m": null,
        "population": 0,
        "feature_type": "populated place",
        "geoname_id": 925904
      }
    },
    {
      "type": "Feature",
      "geometry": {
        "type": "Point",
        "coordinates": [
          34.13476,
          -11.82976
        ]
      },
      "properties": {
        "name": "Mteperera",
        "country": "Malawi",
        "region": "Northern Region",
        "elevation_m": null,
        "population": 0,
        "feature_type": "populated place",
        "geoname_id": 925905
      }
    },
    {
      "type": "Feature",
      "geometry": {
        "type": "Point",
        "coordinates": [
          35.79174,
          -15.75097
        ]
      },
      "properties": {
        "name": "Mtepa",
        "country": "Malawi",
        "region": "Southern Region",
        "elevation_m": null,
        "population": 0,
        "feature_type": "populated place",
        "geoname_id": 925906
      }
    },
    {
      "type": "Feature",
      "geometry": {
        "type": "Point",
        "coordinates": [
          33.05557,
          -13.66741
        ]
      },
      "properties": {
        "name": "Mtenje",
        "country": "Malawi",
        "region": "Central Region",
        "elevation_m": null,
        "population": 0,
        "feature_type": "populated place",
        "geoname_id": 925909
      }
    },
    {
      "type": "Feature",
      "geometry": {
        "type": "Point",
        "coordinates": [
          34.3,
          -12.93333
        ]
      },
      "properties": {
        "name": "Mtenje",
        "country": "Malawi",
        "region": "Central Region",
        "elevation_m": null,
        "population": 0,
        "feature_type": "populated place",
        "geoname_id": 925910
      }
    },
    {
      "type": "Feature",
      "geometry": {
        "type": "Point",
        "coordinates": [
          33.93984,
          -14.47215
        ]
      },
      "properties": {
        "name": "Mtengoagwa",
        "country": "Malawi",
        "region": "Central Region",
        "elevation_m": null,
        "population": 0,
        "feature_type": "populated place",
        "geoname_id": 925911
      }
    },
    {
      "type": "Feature",
      "geometry": {
        "type": "Point",
        "coordinates": [
          35.27921,
          -16.77812
        ]
      },
      "properties": {
        "name": "Mtengampiri",
        "country": "Malawi",
        "region": "Southern Region",
        "elevation_m": null,
        "population": 0,
        "feature_type": "populated place",
        "geoname_id": 925913
      }
    },
    {
      "type": "Feature",
      "geometry": {
        "type": "Point",
        "coordinates": [
          34.26532,
          -14.1446
        ]
      },
      "properties": {
        "name": "Mtemwende",
        "country": "Malawi",
        "region": "Central Region",
        "elevation_m": null,
        "population": 0,
        "feature_type": "populated place",
        "geoname_id": 925914
      }
    },
    {
      "type": "Feature",
      "geometry": {
        "type": "Point",
        "coordinates": [
          33.76992,
          -11.29827
        ]
      },
      "properties": {
        "name": "Mtembalibwe",
        "country": "Malawi",
        "region": "Northern Region",
        "elevation_m": null,
        "population": 0,
        "feature_type": "populated place",
        "geoname_id": 925915
      }
    },
    {
      "type": "Feature",
      "geometry": {
        "type": "Point",
        "coordinates": [
          35.18333,
          -17.06667
        ]
      },
      "properties": {
        "name": "Mtema",
        "country": "Malawi",
        "region": "Southern Region",
        "elevation_m": null,
        "population": 0,
        "feature_type": "populated place",
        "geoname_id": 925917
      }
    },
    {
      "type": "Feature",
      "geometry": {
        "type": "Point",
        "coordinates": [
          33.66667,
          -13.81667
        ]
      },
      "properties": {
        "name": "Mtema",
        "country": "Malawi",
        "region": "Central Region",
        "elevation_m": null,
        "population": 0,
        "feature_type": "populated place",
        "geoname_id": 925918
      }
    },
    {
      "type": "Feature",
      "geometry": {
        "type": "Point",
        "coordinates": [
          33.83333,
          -13.33333
        ]
      },
      "properties": {
        "name": "Mtelemoga",
        "country": "Malawi",
        "region": "Central Region",
        "elevation_m": null,
        "population": 0,
        "feature_type": "populated place",
        "geoname_id": 925919
      }
    },
    {
      "type": "Feature",
      "geometry": {
        "type": "Point",
        "coordinates": [
          35.41667,
          -14.31667
        ]
      },
      "properties": {
        "name": "Mtelelas",
        "country": "Malawi",
        "region": "Southern Region",
        "elevation_m": null,
        "population": 0,
        "feature_type": "populated place",
        "geoname_id": 925920
      }
    },
    {
      "type": "Feature",
      "geometry": {
        "type": "Point",
        "coordinates": [
          35.28333,
          -15.4
        ]
      },
      "properties": {
        "name": "Mte",
        "country": "Malawi",
        "region": "Southern Region",
        "elevation_m": null,
        "population": 0,
        "feature_type": "populated place",
        "geoname_id": 925921
      }
    },
    {
      "type": "Feature",
      "geometry": {
        "type": "Point",
        "coordinates": [
          33.49867,
          -13.6405
        ]
      },
      "properties": {
        "name": "Mtaya",
        "country": "Malawi",
        "region": "Central Region",
        "elevation_m": null,
        "population": 0,
        "feature_type": "populated place",
        "geoname_id": 925923
      }
    },
    {
      "type": "Feature",
      "geometry": {
        "type": "Point",
        "coordinates": [
          34.04679,
          -12.1025
        ]
      },
      "properties": {
        "name": "Mtawali",
        "country": "Malawi",
        "region": "Northern Region",
        "elevation_m": null,
        "population": 0,
        "feature_type": "populated place",
        "geoname_id": 925924
      }
    },
    {
      "type": "Feature",
      "geometry": {
        "type": "Point",
        "coordinates": [
          34.61667,
          -12.03333
        ]
      },
      "properties": {
        "name": "Mtawa",
        "country": "Malawi",
        "region": "Northern Region",
        "elevation_m": null,
        "population": 0,
        "feature_type": "populated place",
        "geoname_id": 925925
      }
    },
    {
      "type": "Feature",
      "geometry": {
        "type": "Point",
        "coordinates": [
          35.76523,
          -14.55482
        ]
      },
      "properties": {
        "name": "Mtapula",
        "country": "Malawi",
        "region": "Southern Region",
        "elevation_m": null,
        "population": 0,
        "feature_type": "populated place",
        "geoname_id": 925926
      }
    },
    {
      "type": "Feature",
      "geometry": {
        "type": "Point",
        "coordinates": [
          33.59094,
          -11.05801
        ]
      },
      "properties": {
        "name": "Mtanira",
        "country": "Malawi",
        "region": "Northern Region",
        "elevation_m": null,
        "population": 0,
        "feature_type": "populated place",
        "geoname_id": 925929
      }
    },
    {
      "type": "Feature",
      "geometry": {
        "type": "Point",
        "coordinates": [
          33.22419,
          -13.61733
        ]
      },
      "properties": {
        "name": "Mtanila",
        "country": "Malawi",
        "region": "Central Region",
        "elevation_m": null,
        "population": 0,
        "feature_type": "populated place",
        "geoname_id": 925930
      }
    },
    {
      "type": "Feature",
      "geometry": {
        "type": "Point",
        "coordinates": [
          33.46358,
          -13.60327
        ]
      },
      "properties": {
        "name": "Mtanila",
        "country": "Malawi",
        "region": "Central Region",
        "elevation_m": null,
        "population": 0,
        "feature_type": "populated place",
        "geoname_id": 925931
      }
    },
    {
      "type": "Feature",
      "geometry": {
        "type": "Point",
        "coordinates": [
          33.60754,
          -13.40152
        ]
      },
      "properties": {
        "name": "Mtanila",
        "country": "Malawi",
        "region": "Central Region",
        "elevation_m": null,
        "population": 0,
        "feature_type": "populated place",
        "geoname_id": 925932
      }
    },
    {
      "type": "Feature",
      "geometry": {
        "type": "Point",
        "coordinates": [
          33.77559,
          -12.47234
        ]
      },
      "properties": {
        "name": "Mtangara Theu",
        "country": "Malawi",
        "region": "Northern Region",
        "elevation_m": null,
        "population": 0,
        "feature_type": "populated place",
        "geoname_id": 925934
      }
    },
    {
      "type": "Feature",
      "geometry": {
        "type": "Point",
        "coordinates": [
          35.41667,
          -15.25
        ]
      },
      "properties": {
        "name": "Mtanga",
        "country": "Malawi",
        "region": "Southern Region",
        "elevation_m": null,
        "population": 0,
        "feature_type": "populated place",
        "geoname_id": 925935
      }
    },
    {
      "type": "Feature",
      "geometry": {
        "type": "Point",
        "coordinates": [
          33.26667,
          -13.91667
        ]
      },
      "properties": {
        "name": "Mtanga",
        "country": "Malawi",
        "region": "Central Region",
        "elevation_m": null,
        "population": 0,
        "feature_type": "populated place",
        "geoname_id": 925936
      }
    },
    {
      "type": "Feature",
      "geometry": {
        "type": "Point",
        "coordinates": [
          33.38333,
          -13.28333
        ]
      },
      "properties": {
        "name": "Mtanga",
        "country": "Malawi",
        "region": "Central Region",
        "elevation_m": null,
        "population": 0,
        "feature_type": "populated place",
        "geoname_id": 925937
      }
    },
    {
      "type": "Feature",
      "geometry": {
        "type": "Point",
        "coordinates": [
          34.32224,
          -13.11201
        ]
      },
      "properties": {
        "name": "Mtanga",
        "country": "Malawi",
        "region": "Central Region",
        "elevation_m": null,
        "population": 0,
        "feature_type": "populated place",
        "geoname_id": 925938
      }
    },
    {
      "type": "Feature",
      "geometry": {
        "type": "Point",
        "coordinates": [
          33.51667,
          -14.03333
        ]
      },
      "properties": {
        "name": "Mtandula",
        "country": "Malawi",
        "region": "Central Region",
        "elevation_m": null,
        "population": 0,
        "feature_type": "populated place",
        "geoname_id": 925939
      }
    },
    {
      "type": "Feature",
      "geometry": {
        "type": "Point",
        "coordinates": [
          34.68333,
          -14.85
        ]
      },
      "properties": {
        "name": "Mtandizi",
        "country": "Malawi",
        "region": "Central Region",
        "elevation_m": null,
        "population": 0,
        "feature_type": "populated place",
        "geoname_id": 925940
      }
    },
    {
      "type": "Feature",
      "geometry": {
        "type": "Point",
        "coordinates": [
          35.46667,
          -15.36667
        ]
      },
      "properties": {
        "name": "Mtandilo",
        "country": "Malawi",
        "region": "Southern Region",
        "elevation_m": null,
        "population": 0,
        "feature_type": "populated place",
        "geoname_id": 925941
      }
    },
    {
      "type": "Feature",
      "geometry": {
        "type": "Point",
        "coordinates": [
          33.76987,
          -13.65386
        ]
      },
      "properties": {
        "name": "Mtande",
        "country": "Malawi",
        "region": "Central Region",
        "elevation_m": null,
        "population": 0,
        "feature_type": "populated place",
        "geoname_id": 925942
      }
    },
    {
      "type": "Feature",
      "geometry": {
        "type": "Point",
        "coordinates": [
          33.4,
          -13.1
        ]
      },
      "properties": {
        "name": "Mtandaza",
        "country": "Malawi",
        "region": "Central Region",
        "elevation_m": null,
        "population": 0,
        "feature_type": "populated place",
        "geoname_id": 925943
      }
    },
    {
      "type": "Feature",
      "geometry": {
        "type": "Point",
        "coordinates": [
          34.2377,
          -11.75507
        ]
      },
      "properties": {
        "name": "Mtambwa",
        "country": "Malawi",
        "region": "Northern Region",
        "elevation_m": null,
        "population": 0,
        "feature_type": "populated place",
        "geoname_id": 925946
      }
    },
    {
      "type": "Feature",
      "geometry": {
        "type": "Point",
        "coordinates": [
          35.48333,
          -15.43333
        ]
      },
      "properties": {
        "name": "Mtambo",
        "country": "Malawi",
        "region": "Southern Region",
        "elevation_m": null,
        "population": 0,
        "feature_type": "populated place",
        "geoname_id": 925948
      }
    },
    {
      "type": "Feature",
      "geometry": {
        "type": "Point",
        "coordinates": [
          35.28333,
          -15.38333
        ]
      },
      "properties": {
        "name": "Mtambo",
        "country": "Malawi",
        "region": "Southern Region",
        "elevation_m": null,
        "population": 0,
        "feature_type": "populated place",
        "geoname_id": 925949
      }
    },
    {
      "type": "Feature",
      "geometry": {
        "type": "Point",
        "coordinates": [
          34.29099,
          -13.47784
        ]
      },
      "properties": {
        "name": "Mtambo",
        "country": "Malawi",
        "region": "Central Region",
        "elevation_m": null,
        "population": 0,
        "feature_type": "populated place",
        "geoname_id": 925950
      }
    },
    {
      "type": "Feature",
      "geometry": {
        "type": "Point",
        "coordinates": [
          34.31667,
          -11.68333
        ]
      },
      "properties": {
        "name": "Mtambo",
        "country": "Malawi",
        "region": "Northern Region",
        "elevation_m": null,
        "population": 0,
        "feature_type": "populated place",
        "geoname_id": 925951
      }
    },
    {
      "type": "Feature",
      "geometry": {
        "type": "Point",
        "coordinates": [
          33.58049,
          -11.90441
        ]
      },
      "properties": {
        "name": "Mtambalika Moyo",
        "country": "Malawi",
        "region": "Northern Region",
        "elevation_m": null,
        "population": 0,
        "feature_type": "populated place",
        "geoname_id": 925952
      }
    },
    {
      "type": "Feature",
      "geometry": {
        "type": "Point",
        "coordinates": [
          34.01905,
          -14.4166
        ]
      },
      "properties": {
        "name": "Mtambalika",
        "country": "Malawi",
        "region": "Central Region",
        "elevation_m": null,
        "population": 0,
        "feature_type": "populated place",
        "geoname_id": 925953
      }
    },
    {
      "type": "Feature",
      "geometry": {
        "type": "Point",
        "coordinates": [
          34.144,
          -11.53277
        ]
      },
      "properties": {
        "name": "Mtambalika",
        "country": "Malawi",
        "region": "Northern Region",
        "elevation_m": null,
        "population": 0,
        "feature_type": "populated place",
        "geoname_id": 925954
      }
    },
    {
      "type": "Feature",
      "geometry": {
        "type": "Point",
        "coordinates": [
          33.49236,
          -13.04617
        ]
      },
      "properties": {
        "name": "Mtambalala",
        "country": "Malawi",
        "region": "Central Region",
        "elevation_m": null,
        "population": 0,
        "feature_type": "populated place",
        "geoname_id": 925956
      }
    },
    {
      "type": "Feature",
      "geometry": {
        "type": "Point",
        "coordinates": [
          34.05,
          -13.75
        ]
      },
      "properties": {
        "name": "Mtalonji",
        "country": "Malawi",
        "region": "Central Region",
        "elevation_m": null,
        "population": 0,
        "feature_type": "populated place",
        "geoname_id": 925957
      }
    },
    {
      "type": "Feature",
      "geometry": {
        "type": "Point",
        "coordinates": [
          34.26667,
          -13.58333
        ]
      },
      "properties": {
        "name": "Mtalimanja",
        "country": "Malawi",
        "region": "Central Region",
        "elevation_m": null,
        "population": 0,
        "feature_type": "populated place",
        "geoname_id": 925958
      }
    },
    {
      "type": "Feature",
      "geometry": {
        "type": "Point",
        "coordinates": [
          33.42202,
          -14.00799
        ]
      },
      "properties": {
        "name": "Mtali",
        "country": "Malawi",
        "region": "Central Region",
        "elevation_m": null,
        "population": 0,
        "feature_type": "populated place",
        "geoname_id": 925959
      }
    },
    {
      "type": "Feature",
      "geometry": {
        "type": "Point",
        "coordinates": [
          34.51896,
          -14.22558
        ]
      },
      "properties": {
        "name": "Mtakataka",
        "country": "Malawi",
        "region": "Central Region",
        "elevation_m": null,
        "population": 0,
        "feature_type": "populated place",
        "geoname_id": 925962
      }
    },
    {
      "type": "Feature",
      "geometry": {
        "type": "Point",
        "coordinates": [
          33.62016,
          -11.88745
        ]
      },
      "properties": {
        "name": "Ntaja Chavura",
        "country": "Malawi",
        "region": "Northern Region",
        "elevation_m": null,
        "population": 0,
        "feature_type": "populated place",
        "geoname_id": 925963
      }
    },
    {
      "type": "Feature",
      "geometry": {
        "type": "Point",
        "coordinates": [
          33.61667,
          -11.88333
        ]
      },
      "properties": {
        "name": "Mtaja",
        "country": "Malawi",
        "region": "Northern Region",
        "elevation_m": null,
        "population": 0,
        "feature_type": "populated place",
        "geoname_id": 925964
      }
    },
    {
      "type": "Feature",
      "geometry": {
        "type": "Point",
        "coordinates": [
          34.46667,
          -14.51667
        ]
      },
      "properties": {
        "name": "M’Taia",
        "country": "Malawi",
        "region": "Central Region",
        "elevation_m": null,
        "population": 0,
        "feature_type": "populated place",
        "geoname_id": 925965
      }
    },
    {
      "type": "Feature",
      "geometry": {
        "type": "Point",
        "coordinates": [
          33.71502,
          -12.97261
        ]
      },
      "properties": {
        "name": "Mtafiya",
        "country": "Malawi",
        "region": "Central Region",
        "elevation_m": null,
        "population": 0,
        "feature_type": "populated place",
        "geoname_id": 925966
      }
    },
    {
      "type": "Feature",
      "geometry": {
        "type": "Point",
        "coordinates": [
          33.54841,
          -12.15982
        ]
      },
      "properties": {
        "name": "Muswamphira Muzi",
        "country": "Malawi",
        "region": "Northern Region",
        "elevation_m": null,
        "population": 0,
        "feature_type": "populated place",
        "geoname_id": 925969
      }
    },
    {
      "type": "Feature",
      "geometry": {
        "type": "Point",
        "coordinates": [
          34.41667,
          -13.76667
        ]
      },
      "properties": {
        "name": "Msuta",
        "country": "Malawi",
        "region": "Central Region",
        "elevation_m": null,
        "population": 0,
        "feature_type": "populated place",
        "geoname_id": 925972
      }
    },
    {
      "type": "Feature",
      "geometry": {
        "type": "Point",
        "coordinates": [
          33.41667,
          -14.11667
        ]
      },
      "properties": {
        "name": "Msunsa",
        "country": "Malawi",
        "region": "Central Region",
        "elevation_m": null,
        "population": 0,
        "feature_type": "populated place",
        "geoname_id": 925975
      }
    },
    {
      "type": "Feature",
      "geometry": {
        "type": "Point",
        "coordinates": [
          33.90443,
          -13.52403
        ]
      },
      "properties": {
        "name": "Msungwi",
        "country": "Malawi",
        "region": "Central Region",
        "elevation_m": null,
        "population": 0,
        "feature_type": "populated place",
        "geoname_id": 925976
      }
    },
    {
      "type": "Feature",
      "geometry": {
        "type": "Point",
        "coordinates": [
          33.45,
          -14.08333
        ]
      },
      "properties": {
        "name": "Msundwe II",
        "country": "Malawi",
        "region": "Central Region",
        "elevation_m": null,
        "population": 0,
        "feature_type": "populated place",
        "geoname_id": 925978
      }
    },
    {
      "type": "Feature",
      "geometry": {
        "type": "Point",
        "coordinates": [
          34.15225,
          -11.84263
        ]
      },
      "properties": {
        "name": "Msundu",
        "country": "Malawi",
        "region": "Northern Region",
        "elevation_m": null,
        "population": 0,
        "feature_type": "populated place",
        "geoname_id": 925980
      }
    },
    {
      "type": "Feature",
      "geometry": {
        "type": "Point",
        "coordinates": [
          33.86667,
          -13.46667
        ]
      },
      "properties": {
        "name": "Msumphi",
        "country": "Malawi",
        "region": "Central Region",
        "elevation_m": null,
        "population": 0,
        "feature_type": "populated place",
        "geoname_id": 925981
      }
    },
    {
      "type": "Feature",
      "geometry": {
        "type": "Point",
        "coordinates": [
          34.93333,
          -14.08333
        ]
      },
      "properties": {
        "name": "Msumbi",
        "country": "Malawi",
        "region": "Southern Region",
        "elevation_m": null,
        "population": 0,
        "feature_type": "populated place",
        "geoname_id": 925982
      }
    },
    {
      "type": "Feature",
      "geometry": {
        "type": "Point",
        "coordinates": [
          33.04799,
          -13.96019
        ]
      },
      "properties": {
        "name": "Msukwala",
        "country": "Malawi",
        "region": "Central Region",
        "elevation_m": null,
        "population": 0,
        "feature_type": "populated place",
        "geoname_id": 925984
      }
    },
    {
      "type": "Feature",
      "geometry": {
        "type": "Point",
        "coordinates": [
          33.3105,
          -12.02248
        ]
      },
      "properties": {
        "name": "Msuku",
        "country": "Malawi",
        "region": "Northern Region",
        "elevation_m": null,
        "population": 0,
        "feature_type": "populated place",
        "geoname_id": 925985
      }
    },
    {
      "type": "Feature",
      "geometry": {
        "type": "Point",
        "coordinates": [
          33.31667,
          -11.65
        ]
      },
      "properties": {
        "name": "Msuka",
        "country": "Malawi",
        "region": "Northern Region",
        "elevation_m": null,
        "population": 0,
        "feature_type": "populated place",
        "geoname_id": 925986
      }
    },
    {
      "type": "Feature",
      "geometry": {
        "type": "Point",
        "coordinates": [
          33.92709,
          -11.0444
        ]
      },
      "properties": {
        "name": "Simon Mziya Msowoya",
        "country": "Malawi",
        "region": "Northern Region",
        "elevation_m": null,
        "population": 0,
        "feature_type": "populated place",
        "geoname_id": 925987
      }
    },
    {
      "type": "Feature",
      "geometry": {
        "type": "Point",
        "coordinates": [
          35.26667,
          -15.46667
        ]
      },
      "properties": {
        "name": "Msosa",
        "country": "Malawi",
        "region": "Southern Region",
        "elevation_m": null,
        "population": 0,
        "feature_type": "populated place",
        "geoname_id": 925988
      }
    },
    {
      "type": "Feature",
      "geometry": {
        "type": "Point",
        "coordinates": [
          35.75206,
          -14.81174
        ]
      },
      "properties": {
        "name": "Msope",
        "country": "Malawi",
        "region": "Southern Region",
        "elevation_m": null,
        "population": 0,
        "feature_type": "populated place",
        "geoname_id": 925989
      }
    },
    {
      "type": "Feature",
      "geometry": {
        "type": "Point",
        "coordinates": [
          33.9563,
          -13.97676
        ]
      },
      "properties": {
        "name": "Mkhontha",
        "country": "Malawi",
        "region": "Central Region",
        "elevation_m": null,
        "population": 0,
        "feature_type": "populated place",
        "geoname_id": 925990
      }
    },
    {
      "type": "Feature",
      "geometry": {
        "type": "Point",
        "coordinates": [
          32.8,
          -13.53333
        ]
      },
      "properties": {
        "name": "Msonga",
        "country": "Malawi",
        "region": "Central Region",
        "elevation_m": null,
        "population": 0,
        "feature_type": "populated place",
        "geoname_id": 925992
      }
    },
    {
      "type": "Feature",
      "geometry": {
        "type": "Point",
        "coordinates": [
          34.05446,
          -12.05999
        ]
      },
      "properties": {
        "name": "Msonga",
        "country": "Malawi",
        "region": "Northern Region",
        "elevation_m": null,
        "population": 0,
        "feature_type": "populated place",
        "geoname_id": 925993
      }
    },
    {
      "type": "Feature",
      "geometry": {
        "type": "Point",
        "coordinates": [
          33.4574,
          -12.99512
        ]
      },
      "properties": {
        "name": "Msolola",
        "country": "Malawi",
        "region": "Central Region",
        "elevation_m": null,
        "population": 0,
        "feature_type": "populated place",
        "geoname_id": 925995
      }
    },
    {
      "type": "Feature",
      "geometry": {
        "type": "Point",
        "coordinates": [
          33.75,
          -14.03333
        ]
      },
      "properties": {
        "name": "Msokoneza",
        "country": "Malawi",
        "region": "Central Region",
        "elevation_m": null,
        "population": 0,
        "feature_type": "populated place",
        "geoname_id": 925996
      }
    },
    {
      "type": "Feature",
      "geometry": {
        "type": "Point",
        "coordinates": [
          33.65,
          -13.68333
        ]
      },
      "properties": {
        "name": "Msokola",
        "country": "Malawi",
        "region": "Central Region",
        "elevation_m": null,
        "population": 0,
        "feature_type": "populated place",
        "geoname_id": 925997
      }
    },
    {
      "type": "Feature",
      "geometry": {
        "type": "Point",
        "coordinates": [
          33.63333,
          -13.66667
        ]
      },
      "properties": {
        "name": "Msokola",
        "country": "Malawi",
        "region": "Central Region",
        "elevation_m": null,
        "population": 0,
        "feature_type": "populated place",
        "geoname_id": 925998
      }
    },
    {
      "type": "Feature",
      "geometry": {
        "type": "Point",
        "coordinates": [
          33.92647,
          -13.62614
        ]
      },
      "properties": {
        "name": "Msoci",
        "country": "Malawi",
        "region": "Central Region",
        "elevation_m": null,
        "population": 0,
        "feature_type": "populated place",
        "geoname_id": 925999
      }
    },
    {
      "type": "Feature",
      "geometry": {
        "type": "Point",
        "coordinates": [
          33.73725,
          -13.0585
        ]
      },
      "properties": {
        "name": "Msiwa",
        "country": "Malawi",
        "region": "Central Region",
        "elevation_m": null,
        "population": 0,
        "feature_type": "populated place",
        "geoname_id": 926002
      }
    },
    {
      "type": "Feature",
      "geometry": {
        "type": "Point",
        "coordinates": [
          33.76244,
          -13.05452
        ]
      },
      "properties": {
        "name": "Msiwa",
        "country": "Malawi",
        "region": "Central Region",
        "elevation_m": null,
        "population": 0,
        "feature_type": "populated place",
        "geoname_id": 926003
      }
    },
    {
      "type": "Feature",
      "geometry": {
        "type": "Point",
        "coordinates": [
          33.35512,
          -11.60859
        ]
      },
      "properties": {
        "name": "Msitu Madhlopa",
        "country": "Malawi",
        "region": "Northern Region",
        "elevation_m": null,
        "population": 0,
        "feature_type": "populated place",
        "geoname_id": 926005
      }
    },
    {
      "type": "Feature",
      "geometry": {
        "type": "Point",
        "coordinates": [
          33.57686,
          -12.46962
        ]
      },
      "properties": {
        "name": "Msitimale Nhlema",
        "country": "Malawi",
        "region": "Northern Region",
        "elevation_m": null,
        "population": 0,
        "feature_type": "populated place",
        "geoname_id": 926006
      }
    },
    {
      "type": "Feature",
      "geometry": {
        "type": "Point",
        "coordinates": [
          34.86667,
          -13.51667
        ]
      },
      "properties": {
        "name": "Msinje",
        "country": "Malawi",
        "region": "Southern Region",
        "elevation_m": null,
        "population": 0,
        "feature_type": "populated place",
        "geoname_id": 926007
      }
    },
    {
      "type": "Feature",
      "geometry": {
        "type": "Point",
        "coordinates": [
          34.16667,
          -12.61667
        ]
      },
      "properties": {
        "name": "Msindwa",
        "country": "Malawi",
        "region": "Central Region",
        "elevation_m": null,
        "population": 0,
        "feature_type": "populated place",
        "geoname_id": 926008
      }
    },
    {
      "type": "Feature",
      "geometry": {
        "type": "Point",
        "coordinates": [
          33.87565,
          -12.86788
        ]
      },
      "properties": {
        "name": "Msimpha",
        "country": "Malawi",
        "region": "Central Region",
        "elevation_m": null,
        "population": 0,
        "feature_type": "populated place",
        "geoname_id": 926010
      }
    },
    {
      "type": "Feature",
      "geometry": {
        "type": "Point",
        "coordinates": [
          33.79385,
          -13.70607
        ]
      },
      "properties": {
        "name": "Msilisa",
        "country": "Malawi",
        "region": "Central Region",
        "elevation_m": null,
        "population": 0,
        "feature_type": "populated place",
        "geoname_id": 926012
      }
    },
    {
      "type": "Feature",
      "geometry": {
        "type": "Point",
        "coordinates": [
          35.1,
          -16.98333
        ]
      },
      "properties": {
        "name": "Msilanga",
        "country": "Malawi",
        "region": "Southern Region",
        "elevation_m": null,
        "population": 0,
        "feature_type": "populated place",
        "geoname_id": 926013
      }
    },
    {
      "type": "Feature",
      "geometry": {
        "type": "Point",
        "coordinates": [
          35.4,
          -15.31667
        ]
      },
      "properties": {
        "name": "Mseula",
        "country": "Malawi",
        "region": "Southern Region",
        "elevation_m": null,
        "population": 0,
        "feature_type": "populated place",
        "geoname_id": 926014
      }
    },
    {
      "type": "Feature",
      "geometry": {
        "type": "Point",
        "coordinates": [
          33.35782,
          -14.06476
        ]
      },
      "properties": {
        "name": "Mseru",
        "country": "Malawi",
        "region": "Central Region",
        "elevation_m": null,
        "population": 0,
        "feature_type": "populated place",
        "geoname_id": 926018
      }
    },
    {
      "type": "Feature",
      "geometry": {
        "type": "Point",
        "coordinates": [
          33.42464,
          -13.16685
        ]
      },
      "properties": {
        "name": "Msenga",
        "country": "Malawi",
        "region": "Central Region",
        "elevation_m": null,
        "population": 0,
        "feature_type": "populated place",
        "geoname_id": 926022
      }
    },
    {
      "type": "Feature",
      "geometry": {
        "type": "Point",
        "coordinates": [
          33.76667,
          -14.21667
        ]
      },
      "properties": {
        "name": "Msendere",
        "country": "Malawi",
        "region": "Central Region",
        "elevation_m": null,
        "population": 0,
        "feature_type": "populated place",
        "geoname_id": 926023
      }
    },
    {
      "type": "Feature",
      "geometry": {
        "type": "Point",
        "coordinates": [
          34.01667,
          -14.13333
        ]
      },
      "properties": {
        "name": "Msendere",
        "country": "Malawi",
        "region": "Central Region",
        "elevation_m": null,
        "population": 0,
        "feature_type": "populated place",
        "geoname_id": 926024
      }
    },
    {
      "type": "Feature",
      "geometry": {
        "type": "Point",
        "coordinates": [
          33.13333,
          -13.93333
        ]
      },
      "properties": {
        "name": "Mselere",
        "country": "Malawi",
        "region": "Central Region",
        "elevation_m": null,
        "population": 0,
        "feature_type": "populated place",
        "geoname_id": 926025
      }
    },
    {
      "type": "Feature",
      "geometry": {
        "type": "Point",
        "coordinates": [
          34.71667,
          -12.08333
        ]
      },
      "properties": {
        "name": "Msekwa",
        "country": "Malawi",
        "region": "Northern Region",
        "elevation_m": null,
        "population": 0,
        "feature_type": "populated place",
        "geoname_id": 926026
      }
    },
    {
      "type": "Feature",
      "geometry": {
        "type": "Point",
        "coordinates": [
          33.62451,
          -12.70972
        ]
      },
      "properties": {
        "name": "Msekawanthu",
        "country": "Malawi",
        "region": "Central Region",
        "elevation_m": null,
        "population": 0,
        "feature_type": "populated place",
        "geoname_id": 926027
      }
    },
    {
      "type": "Feature",
      "geometry": {
        "type": "Point",
        "coordinates": [
          34.08333,
          -13.41667
        ]
      },
      "properties": {
        "name": "Msekampata",
        "country": "Malawi",
        "region": "Central Region",
        "elevation_m": null,
        "population": 0,
        "feature_type": "populated place",
        "geoname_id": 926028
      }
    },
    {
      "type": "Feature",
      "geometry": {
        "type": "Point",
        "coordinates": [
          33.38934,
          -12.67298
        ]
      },
      "properties": {
        "name": "Mseka",
        "country": "Malawi",
        "region": "Central Region",
        "elevation_m": null,
        "population": 0,
        "feature_type": "populated place",
        "geoname_id": 926029
      }
    },
    {
      "type": "Feature",
      "geometry": {
        "type": "Point",
        "coordinates": [
          33.34665,
          -13.97262
        ]
      },
      "properties": {
        "name": "Nsangwa",
        "country": "Malawi",
        "region": "Central Region",
        "elevation_m": null,
        "population": 0,
        "feature_type": "populated place",
        "geoname_id": 926033
      }
    },
    {
      "type": "Feature",
      "geometry": {
        "type": "Point",
        "coordinates": [
          35.41667,
          -15.26667
        ]
      },
      "properties": {
        "name": "Msangeni",
        "country": "Malawi",
        "region": "Southern Region",
        "elevation_m": null,
        "population": 0,
        "feature_type": "populated place",
        "geoname_id": 926034
      }
    },
    {
      "type": "Feature",
      "geometry": {
        "type": "Point",
        "coordinates": [
          34.31667,
          -15.81667
        ]
      },
      "properties": {
        "name": "Msamvi",
        "country": "Malawi",
        "region": "Southern Region",
        "elevation_m": null,
        "population": 0,
        "feature_type": "populated place",
        "geoname_id": 926036
      }
    },
    {
      "type": "Feature",
      "geometry": {
        "type": "Point",
        "coordinates": [
          33.58254,
          -13.66809
        ]
      },
      "properties": {
        "name": "Msampha",
        "country": "Malawi",
        "region": "Central Region",
        "elevation_m": null,
        "population": 0,
        "feature_type": "populated place",
        "geoname_id": 926037
      }
    },
    {
      "type": "Feature",
      "geometry": {
        "type": "Point",
        "coordinates": [
          33.58044,
          -13.49174
        ]
      },
      "properties": {
        "name": "Msampha",
        "country": "Malawi",
        "region": "Central Region",
        "elevation_m": null,
        "population": 0,
        "feature_type": "populated place",
        "geoname_id": 926038
      }
    },
    {
      "type": "Feature",
      "geometry": {
        "type": "Point",
        "coordinates": [
          33.59883,
          -13.5061
        ]
      },
      "properties": {
        "name": "Msampa",
        "country": "Malawi",
        "region": "Central Region",
        "elevation_m": null,
        "population": 0,
        "feature_type": "populated place",
        "geoname_id": 926039
      }
    },
    {
      "type": "Feature",
      "geometry": {
        "type": "Point",
        "coordinates": [
          34.63333,
          -12.03333
        ]
      },
      "properties": {
        "name": "Msambafumu",
        "country": "Malawi",
        "region": "Northern Region",
        "elevation_m": null,
        "population": 0,
        "feature_type": "populated place",
        "geoname_id": 926040
      }
    },
    {
      "type": "Feature",
      "geometry": {
        "type": "Point",
        "coordinates": [
          35.18333,
          -17.03333
        ]
      },
      "properties": {
        "name": "Msamba",
        "country": "Malawi",
        "region": "Southern Region",
        "elevation_m": null,
        "population": 0,
        "feature_type": "populated place",
        "geoname_id": 926042
      }
    },
    {
      "type": "Feature",
      "geometry": {
        "type": "Point",
        "coordinates": [
          33.93333,
          -14.23333
        ]
      },
      "properties": {
        "name": "Msamba",
        "country": "Malawi",
        "region": "Central Region",
        "elevation_m": null,
        "population": 0,
        "feature_type": "populated place",
        "geoname_id": 926043
      }
    },
    {
      "type": "Feature",
      "geometry": {
        "type": "Point",
        "coordinates": [
          34.33966,
          -13.24099
        ]
      },
      "properties": {
        "name": "Msamala",
        "country": "Malawi",
        "region": "Central Region",
        "elevation_m": null,
        "population": 0,
        "feature_type": "populated place",
        "geoname_id": 926044
      }
    },
    {
      "type": "Feature",
      "geometry": {
        "type": "Point",
        "coordinates": [
          35.4,
          -14.2
        ]
      },
      "properties": {
        "name": "Msalula",
        "country": "Malawi",
        "region": "Southern Region",
        "elevation_m": null,
        "population": 0,
        "feature_type": "populated place",
        "geoname_id": 926045
      }
    },
    {
      "type": "Feature",
      "geometry": {
        "type": "Point",
        "coordinates": [
          33.4508,
          -13.67185
        ]
      },
      "properties": {
        "name": "Nsakali",
        "country": "Malawi",
        "region": "Central Region",
        "elevation_m": null,
        "population": 0,
        "feature_type": "populated place",
        "geoname_id": 926047
      }
    },
    {
      "type": "Feature",
      "geometry": {
        "type": "Point",
        "coordinates": [
          33.89683,
          -13.54332
        ]
      },
      "properties": {
        "name": "Msakambewa",
        "country": "Malawi",
        "region": "Central Region",
        "elevation_m": null,
        "population": 0,
        "feature_type": "populated place",
        "geoname_id": 926049
      }
    },
    {
      "type": "Feature",
      "geometry": {
        "type": "Point",
        "coordinates": [
          33.29271,
          -13.9179
        ]
      },
      "properties": {
        "name": "Mroro",
        "country": "Malawi",
        "region": "Central Region",
        "elevation_m": null,
        "population": 0,
        "feature_type": "populated place",
        "geoname_id": 926052
      }
    },
    {
      "type": "Feature",
      "geometry": {
        "type": "Point",
        "coordinates": [
          34.38333,
          -13.53333
        ]
      },
      "properties": {
        "name": "Mpuwa",
        "country": "Malawi",
        "region": "Central Region",
        "elevation_m": null,
        "population": 0,
        "feature_type": "populated place",
        "geoname_id": 926058
      }
    },
    {
      "type": "Feature",
      "geometry": {
        "type": "Point",
        "coordinates": [
          34.19082,
          -14.38154
        ]
      },
      "properties": {
        "name": "Mpunzi",
        "country": "Malawi",
        "region": "Central Region",
        "elevation_m": null,
        "population": 0,
        "feature_type": "populated place",
        "geoname_id": 926060
      }
    },
    {
      "type": "Feature",
      "geometry": {
        "type": "Point",
        "coordinates": [
          35.58333,
          -14.8
        ]
      },
      "properties": {
        "name": "Mpunga",
        "country": "Malawi",
        "region": "Southern Region",
        "elevation_m": null,
        "population": 0,
        "feature_type": "populated place",
        "geoname_id": 926061
      }
    },
    {
      "type": "Feature",
      "geometry": {
        "type": "Point",
        "coordinates": [
          33.95,
          -13.41667
        ]
      },
      "properties": {
        "name": "Mpundu",
        "country": "Malawi",
        "region": "Central Region",
        "elevation_m": null,
        "population": 0,
        "feature_type": "populated place",
        "geoname_id": 926062
      }
    },
    {
      "type": "Feature",
      "geometry": {
        "type": "Point",
        "coordinates": [
          35.28333,
          -14.83333
        ]
      },
      "properties": {
        "name": "Mpunde",
        "country": "Malawi",
        "region": "Southern Region",
        "elevation_m": null,
        "population": 0,
        "feature_type": "populated place",
        "geoname_id": 926063
      }
    },
    {
      "type": "Feature",
      "geometry": {
        "type": "Point",
        "coordinates": [
          33.01227,
          -13.61908
        ]
      },
      "properties": {
        "name": "Mphunda",
        "country": "Malawi",
        "region": "Central Region",
        "elevation_m": null,
        "population": 0,
        "feature_type": "populated place",
        "geoname_id": 926064
      }
    },
    {
      "type": "Feature",
      "geometry": {
        "type": "Point",
        "coordinates": [
          33.84396,
          -13.18574
        ]
      },
      "properties": {
        "name": "Mpunda",
        "country": "Malawi",
        "region": "Central Region",
        "elevation_m": null,
        "population": 0,
        "feature_type": "populated place",
        "geoname_id": 926065
      }
    },
    {
      "type": "Feature",
      "geometry": {
        "type": "Point",
        "coordinates": [
          35.58333,
          -14.9
        ]
      },
      "properties": {
        "name": "Mpumbe",
        "country": "Malawi",
        "region": "Southern Region",
        "elevation_m": null,
        "population": 0,
        "feature_type": "populated place",
        "geoname_id": 926066
      }
    }
  ]
}