{
  "type": "FeatureCollection",
  "features": [
    {
      "type": "Feature",
      "geometry": {
        "type": "Point",
        "coordinates": [
          31.38004,
          -26.49884
        ]
      },
      "properties": {
        "name": "Manzini",
        "country": "Eswatini",
        "region": "Manzini Region",
        "elevation_m": null,
        "population": 110537,
        "feature_type": "seat of a first-order administrative division",
        "geoname_id": 934995
      }
    },
    {
      "type": "Feature",
      "geometry": {
        "type": "Point",
        "coordinates": [
          31.13333,
          -26.31667
        ]
      },
      "properties": {
        "name": "Mbabane",
        "country": "Eswatini",
        "region": "Hhohho Region",
        "elevation_m": null,
        "population": 76218,
        "feature_type": "capital of a political entity",
        "geoname_id": 934985
      }
    },
    {
      "type": "Feature",
      "geometry": {
        "type": "Point",
        "coordinates": [
          31.19193,
          -26.52872
        ]
      },
      "properties": {
        "name": "Malkerns",
        "country": "Eswatini",
        "region": "Manzini Region",
        "elevation_m": null,
        "population": 9724,
        "feature_type": "populated place",
        "geoname_id": 935005
      }
    },
    {
      "type": "Feature",
      "geometry": {
        "type": "Point",
        "coordinates": [
          31.19833,
          -27.11222
        ]
      },
      "properties": {
        "name": "Nhlangano",
        "country": "Eswatini",
        "region": "Shiselweni",
        "elevation_m": null,
        "population": 9016,
        "feature_type": "seat of a first-order administrative division",
        "geoname_id": 934913
      }
    },
    {
      "type": "Feature",
      "geometry": {
        "type": "Point",
        "coordinates": [
          31.81423,
          -26.02607
        ]
      },
      "properties": {
        "name": "Mhlume",
        "country": "Eswatini",
        "region": "Lubombo Region",
        "elevation_m": null,
        "population": 8652,
        "feature_type": "populated place",
        "geoname_id": 934966
      }
    },
    {
      "type": "Feature",
      "geometry": {
        "type": "Point",
        "coordinates": [
          31.58685,
          -27.221
        ]
      },
      "properties": {
        "name": "Hluti",
        "country": "Eswatini",
        "region": "Shiselweni",
        "elevation_m": null,
        "population": 6763,
        "feature_type": "populated place",
        "geoname_id": 935076
      }
    },
    {
      "type": "Feature",
      "geometry": {
        "type": "Point",
        "coordinates": [
          31.93736,
          -26.7905
        ]
      },
      "properties": {
        "name": "Big Bend",
        "country": "Eswatini",
        "region": "Lubombo Region",
        "elevation_m": null,
        "population": 6433,
        "feature_type": "populated place",
        "geoname_id": 13645255
      }
    },
    {
      "type": "Feature",
      "geometry": {
        "type": "Point",
        "coordinates": [
          31.94722,
          -26.4525
        ]
      },
      "properties": {
        "name": "Siteki",
        "country": "Eswatini",
        "region": "Lubombo Region",
        "elevation_m": null,
        "population": 6152,
        "feature_type": "seat of a first-order administrative division",
        "geoname_id": 934851
      }
    },
    {
      "type": "Feature",
      "geometry": {
        "type": "Point",
        "coordinates": [
          31.24666,
          -25.96082
        ]
      },
      "properties": {
        "name": "Piggs Peak",
        "country": "Eswatini",
        "region": "Hhohho Region",
        "elevation_m": null,
        "population": 5750,
        "feature_type": "seat of a first-order administrative division",
        "geoname_id": 934881
      }
    },
    {
      "type": "Feature",
      "geometry": {
        "type": "Point",
        "coordinates": [
          31.2,
          -26.46667
        ]
      },
      "properties": {
        "name": "Lobamba",
        "country": "Eswatini",
        "region": "Hhohho Region",
        "elevation_m": null,
        "population": 4557,
        "feature_type": "seat of government of a political entity",
        "geoname_id": 935048
      }
    },
    {
      "type": "Feature",
      "geometry": {
        "type": "Point",
        "coordinates": [
          31.87672,
          -26.07427
        ]
      },
      "properties": {
        "name": "Vuvulane",
        "country": "Eswatini",
        "region": "Lubombo Region",
        "elevation_m": null,
        "population": 4155,
        "feature_type": "populated place",
        "geoname_id": 7910862
      }
    },
    {
      "type": "Feature",
      "geometry": {
        "type": "Point",
        "coordinates": [
          31.33274,
          -26.47675
        ]
      },
      "properties": {
        "name": "Kwaluseni",
        "country": "Eswatini",
        "region": "Manzini Region",
        "elevation_m": null,
        "population": 3395,
        "feature_type": "populated place",
        "geoname_id": 935054
      }
    },
    {
      "type": "Feature",
      "geometry": {
        "type": "Point",
        "coordinates": [
          31.01176,
          -26.53847
        ]
      },
      "properties": {
        "name": "Bhunya",
        "country": "Eswatini",
        "region": "Manzini Region",
        "elevation_m": null,
        "population": 3046,
        "feature_type": "populated place",
        "geoname_id": 935114
      }
    },
    {
      "type": "Feature",
      "geometry": {
        "type": "Point",
        "coordinates": [
          31.05248,
          -26.45174
        ]
      },
      "properties": {
        "name": "Mhlambanyatsi",
        "country": "Eswatini",
        "region": "Manzini Region",
        "elevation_m": null,
        "population": 2886,
        "feature_type": "populated place",
        "geoname_id": 934971
      }
    },
    {
      "type": "Feature",
      "geometry": {
        "type": "Point",
        "coordinates": [
          31.32569,
          -26.97991
        ]
      },
      "properties": {
        "name": "Hlatikulu",
        "country": "Eswatini",
        "region": "Shiselweni",
        "elevation_m": null,
        "population": 2748,
        "feature_type": "populated place",
        "geoname_id": 935081
      }
    },
    {
      "type": "Feature",
      "geometry": {
        "type": "Point",
        "coordinates": [
          31.16667,
          -26.4
        ]
      },
      "properties": {
        "name": "Ezulwini",
        "country": "Eswatini",
        "region": "Lubombo Region",
        "elevation_m": null,
        "population": 2661,
        "feature_type": "populated place",
        "geoname_id": 935096
      }
    },
    {
      "type": "Feature",
      "geometry": {
        "type": "Point",
        "coordinates": [
          31.12715,
          -25.95386
        ]
      },
      "properties": {
        "name": "Bulembu",
        "country": "Eswatini",
        "region": "Hhohho Region",
        "elevation_m": null,
        "population": 2260,
        "feature_type": "populated place",
        "geoname_id": 935111
      }
    },
    {
      "type": "Feature",
      "geometry": {
        "type": "Point",
        "coordinates": [
          31.48097,
          -26.88026
        ]
      },
      "properties": {
        "name": "Kubuta",
        "country": "Eswatini",
        "region": "Shiselweni",
        "elevation_m": null,
        "population": 2038,
        "feature_type": "populated place",
        "geoname_id": 935055
      }
    },
    {
      "type": "Feature",
      "geometry": {
        "type": "Point",
        "coordinates": [
          31.89198,
          -27.31005
        ]
      },
      "properties": {
        "name": "Lavumisa",
        "country": "Eswatini",
        "region": "Shiselweni",
        "elevation_m": null,
        "population": 2000,
        "feature_type": "populated place",
        "geoname_id": 935051
      }
    },
    {
      "type": "Feature",
      "geometry": {
        "type": "Point",
        "coordinates": [
          31.7274,
          -25.95764
        ]
      },
      "properties": {
        "name": "Tshaneni",
        "country": "Eswatini",
        "region": "Lubombo Region",
        "elevation_m": null,
        "population": 1899,
        "feature_type": "populated place",
        "geoname_id": 934840
      }
    },
    {
      "type": "Feature",
      "geometry": {
        "type": "Point",
        "coordinates": [
          31.42021,
          -26.6282
        ]
      },
      "properties": {
        "name": "Sidvokodvo",
        "country": "Eswatini",
        "region": "Manzini Region",
        "elevation_m": null,
        "population": 1746,
        "feature_type": "populated place",
        "geoname_id": 934862
      }
    },
    {
      "type": "Feature",
      "geometry": {
        "type": "Point",
        "coordinates": [
          31.03333,
          -26.23333
        ]
      },
      "properties": {
        "name": "Darkton",
        "country": "Eswatini",
        "region": "Hhohho Region",
        "elevation_m": null,
        "population": 1281,
        "feature_type": "populated place",
        "geoname_id": 935106
      }
    },
    {
      "type": "Feature",
      "geometry": {
        "type": "Point",
        "coordinates": [
          31.94195,
          -27.02921
        ]
      },
      "properties": {
        "name": "Nsoko",
        "country": "Eswatini",
        "region": "Lubombo Region",
        "elevation_m": null,
        "population": 1175,
        "feature_type": "populated place",
        "geoname_id": 934900
      }
    },
    {
      "type": "Feature",
      "geometry": {
        "type": "Point",
        "coordinates": [
          31.03926,
          -26.2279
        ]
      },
      "properties": {
        "name": "Ngwenya",
        "country": "Eswatini",
        "region": "Lubombo Region",
        "elevation_m": null,
        "population": 842,
        "feature_type": "populated place",
        "geoname_id": 7932093
      }
    },
    {
      "type": "Feature",
      "geometry": {
        "type": "Point",
        "coordinates": [
          31.93333,
          -26.86667
        ]
      },
      "properties": {
        "name": "Von Wissel",
        "country": "Eswatini",
        "region": "",
        "elevation_m": null,
        "population": 0,
        "feature_type": "populated place",
        "geoname_id": 934822
      }
    },
    {
      "type": "Feature",
      "geometry": {
        "type": "Point",
        "coordinates": [
          31.4,
          -26.85
        ]
      },
      "properties": {
        "name": "Verdun",
        "country": "Eswatini",
        "region": "",
        "elevation_m": null,
        "population": 0,
        "feature_type": "populated place",
        "geoname_id": 934826
      }
    },
    {
      "type": "Feature",
      "geometry": {
        "type": "Point",
        "coordinates": [
          31.18333,
          -26.58333
        ]
      },
      "properties": {
        "name": "Usutu",
        "country": "Eswatini",
        "region": "",
        "elevation_m": null,
        "population": 0,
        "feature_type": "populated place",
        "geoname_id": 934827
      }
    },
    {
      "type": "Feature",
      "geometry": {
        "type": "Point",
        "coordinates": [
          31.13333,
          -26.78333
        ]
      },
      "properties": {
        "name": "Stylkloof",
        "country": "Eswatini",
        "region": "",
        "elevation_m": null,
        "population": 0,
        "feature_type": "populated place",
        "geoname_id": 934842
      }
    },
    {
      "type": "Feature",
      "geometry": {
        "type": "Point",
        "coordinates": [
          31.33781,
          -26.38596
        ]
      },
      "properties": {
        "name": "Sigombeni",
        "country": "Eswatini",
        "region": "Manzini Region",
        "elevation_m": null,
        "population": 0,
        "feature_type": "populated place",
        "geoname_id": 934848
      }
    },
    {
      "type": "Feature",
      "geometry": {
        "type": "Point",
        "coordinates": [
          31.5932,
          -26.87963
        ]
      },
      "properties": {
        "name": "Sithobela",
        "country": "Eswatini",
        "region": "Lubombo Region",
        "elevation_m": null,
        "population": 0,
        "feature_type": "populated place",
        "geoname_id": 934850
      }
    },
    {
      "type": "Feature",
      "geometry": {
        "type": "Point",
        "coordinates": [
          31.68735,
          -26.67779
        ]
      },
      "properties": {
        "name": "Siphofaneni",
        "country": "Eswatini",
        "region": "Lubombo Region",
        "elevation_m": null,
        "population": 0,
        "feature_type": "populated place",
        "geoname_id": 934852
      }
    },
    {
      "type": "Feature",
      "geometry": {
        "type": "Point",
        "coordinates": [
          31.56567,
          -26.78
        ]
      },
      "properties": {
        "name": "Sinceni",
        "country": "Eswatini",
        "region": "Lubombo Region",
        "elevation_m": null,
        "population": 0,
        "feature_type": "populated place",
        "geoname_id": 934855
      }
    },
    {
      "type": "Feature",
      "geometry": {
        "type": "Point",
        "coordinates": [
          30.93769,
          -26.84518
        ]
      },
      "properties": {
        "name": "Sicunusa",
        "country": "Eswatini",
        "region": "Shiselweni",
        "elevation_m": null,
        "population": 0,
        "feature_type": "populated place",
        "geoname_id": 934864
      }
    },
    {
      "type": "Feature",
      "geometry": {
        "type": "Point",
        "coordinates": [
          30.78333,
          -26.56667
        ]
      },
      "properties": {
        "name": "Sandlane",
        "country": "Eswatini",
        "region": "Manzini Region",
        "elevation_m": null,
        "population": 0,
        "feature_type": "populated place",
        "geoname_id": 934870
      }
    },
    {
      "type": "Feature",
      "geometry": {
        "type": "Point",
        "coordinates": [
          31.69711,
          -26.88439
        ]
      },
      "properties": {
        "name": "Rondspring",
        "country": "Eswatini",
        "region": "Lubombo Region",
        "elevation_m": null,
        "population": 0,
        "feature_type": "populated place",
        "geoname_id": 934877
      }
    },
    {
      "type": "Feature",
      "geometry": {
        "type": "Point",
        "coordinates": [
          31.28366,
          -25.94607
        ]
      },
      "properties": {
        "name": "Rocklands",
        "country": "Eswatini",
        "region": "Hhohho Region",
        "elevation_m": null,
        "population": 0,
        "feature_type": "populated place",
        "geoname_id": 934878
      }
    },
    {
      "type": "Feature",
      "geometry": {
        "type": "Point",
        "coordinates": [
          31.08333,
          -26.75
        ]
      },
      "properties": {
        "name": "Nyabe",
        "country": "Eswatini",
        "region": "",
        "elevation_m": null,
        "population": 0,
        "feature_type": "populated place",
        "geoname_id": 934888
      }
    },
    {
      "type": "Feature",
      "geometry": {
        "type": "Point",
        "coordinates": [
          31.91667,
          -26.13333
        ]
      },
      "properties": {
        "name": "Nokwane",
        "country": "Eswatini",
        "region": "",
        "elevation_m": null,
        "population": 0,
        "feature_type": "populated place",
        "geoname_id": 934904
      }
    },
    {
      "type": "Feature",
      "geometry": {
        "type": "Point",
        "coordinates": [
          32.04765,
          -26.75643
        ]
      },
      "properties": {
        "name": "Nkonjane",
        "country": "Eswatini",
        "region": "Lubombo Region",
        "elevation_m": null,
        "population": 0,
        "feature_type": "populated place",
        "geoname_id": 934906
      }
    },
    {
      "type": "Feature",
      "geometry": {
        "type": "Point",
        "coordinates": [
          31.21756,
          -26.45394
        ]
      },
      "properties": {
        "name": "Nkanini",
        "country": "Eswatini",
        "region": "Hhohho Region",
        "elevation_m": null,
        "population": 0,
        "feature_type": "populated place",
        "geoname_id": 934909
      }
    },
    {
      "type": "Feature",
      "geometry": {
        "type": "Point",
        "coordinates": [
          31.38333,
          -25.76667
        ]
      },
      "properties": {
        "name": "Ngonini",
        "country": "Eswatini",
        "region": "",
        "elevation_m": null,
        "population": 0,
        "feature_type": "populated place",
        "geoname_id": 934921
      }
    },
    {
      "type": "Feature",
      "geometry": {
        "type": "Point",
        "coordinates": [
          31.57935,
          -26.7386
        ]
      },
      "properties": {
        "name": "Mvangatini",
        "country": "Eswatini",
        "region": "Lubombo Region",
        "elevation_m": null,
        "population": 0,
        "feature_type": "populated place",
        "geoname_id": 934931
      }
    },
    {
      "type": "Feature",
      "geometry": {
        "type": "Point",
        "coordinates": [
          31.4741,
          -26.96532
        ]
      },
      "properties": {
        "name": "Mooihoek",
        "country": "Eswatini",
        "region": "Shiselweni",
        "elevation_m": null,
        "population": 0,
        "feature_type": "populated place",
        "geoname_id": 934953
      }
    },
    {
      "type": "Feature",
      "geometry": {
        "type": "Point",
        "coordinates": [
          31.58364,
          -26.23974
        ]
      },
      "properties": {
        "name": "Mliba",
        "country": "Eswatini",
        "region": "Manzini Region",
        "elevation_m": null,
        "population": 0,
        "feature_type": "populated place",
        "geoname_id": 934959
      }
    },
    {
      "type": "Feature",
      "geometry": {
        "type": "Point",
        "coordinates": [
          31.98333,
          -26.18333
        ]
      },
      "properties": {
        "name": "Mlawula",
        "country": "Eswatini",
        "region": "",
        "elevation_m": null,
        "population": 0,
        "feature_type": "populated place",
        "geoname_id": 934960
      }
    },
    {
      "type": "Feature",
      "geometry": {
        "type": "Point",
        "coordinates": [
          32.08228,
          -26.25745
        ]
      },
      "properties": {
        "name": "Mhlumeni",
        "country": "Eswatini",
        "region": "",
        "elevation_m": null,
        "population": 0,
        "feature_type": "populated place",
        "geoname_id": 934965
      }
    },
    {
      "type": "Feature",
      "geometry": {
        "type": "Point",
        "coordinates": [
          31.39571,
          -27.18929
        ]
      },
      "properties": {
        "name": "Mhlosheni",
        "country": "Eswatini",
        "region": "Shiselweni",
        "elevation_m": null,
        "population": 0,
        "feature_type": "populated place",
        "geoname_id": 934967
      }
    },
    {
      "type": "Feature",
      "geometry": {
        "type": "Point",
        "coordinates": [
          31.1122,
          -26.825
        ]
      },
      "properties": {
        "name": "Mgamane",
        "country": "Eswatini",
        "region": "Manzini Region",
        "elevation_m": null,
        "population": 0,
        "feature_type": "populated place",
        "geoname_id": 934975
      }
    },
    {
      "type": "Feature",
      "geometry": {
        "type": "Point",
        "coordinates": [
          31.51667,
          -26.35
        ]
      },
      "properties": {
        "name": "Mbuluzana",
        "country": "Eswatini",
        "region": "",
        "elevation_m": null,
        "population": 0,
        "feature_type": "populated place",
        "geoname_id": 934980
      }
    },
    {
      "type": "Feature",
      "geometry": {
        "type": "Point",
        "coordinates": [
          31.30795,
          -26.50253
        ]
      },
      "properties": {
        "name": "Matsapha",
        "country": "Eswatini",
        "region": "Manzini Region",
        "elevation_m": null,
        "population": 0,
        "feature_type": "populated place",
        "geoname_id": 934989
      }
    },
    {
      "type": "Feature",
      "geometry": {
        "type": "Point",
        "coordinates": [
          31.06487,
          -26.6684
        ]
      },
      "properties": {
        "name": "Mankayane",
        "country": "Eswatini",
        "region": "",
        "elevation_m": null,
        "population": 0,
        "feature_type": "populated place",
        "geoname_id": 934998
      }
    },
    {
      "type": "Feature",
      "geometry": {
        "type": "Point",
        "coordinates": [
          31.65357,
          -27.00328
        ]
      },
      "properties": {
        "name": "Maloma",
        "country": "Eswatini",
        "region": "Lubombo Region",
        "elevation_m": null,
        "population": 0,
        "feature_type": "populated place",
        "geoname_id": 935002
      }
    },
    {
      "type": "Feature",
      "geometry": {
        "type": "Point",
        "coordinates": [
          31.28333,
          -26.5
        ]
      },
      "properties": {
        "name": "Mahlanya",
        "country": "Eswatini",
        "region": "",
        "elevation_m": null,
        "population": 0,
        "feature_type": "populated place",
        "geoname_id": 935014
      }
    },
    {
      "type": "Feature",
      "geometry": {
        "type": "Point",
        "coordinates": [
          31.07916,
          -27.09668
        ]
      },
      "properties": {
        "name": "Mahamba",
        "country": "Eswatini",
        "region": "Shiselweni",
        "elevation_m": null,
        "population": 0,
        "feature_type": "populated place",
        "geoname_id": 935017
      }
    },
    {
      "type": "Feature",
      "geometry": {
        "type": "Point",
        "coordinates": [
          31.83927,
          -26.56586
        ]
      },
      "properties": {
        "name": "Magomba",
        "country": "Eswatini",
        "region": "Lubombo Region",
        "elevation_m": null,
        "population": 0,
        "feature_type": "populated place",
        "geoname_id": 935018
      }
    },
    {
      "type": "Feature",
      "geometry": {
        "type": "Point",
        "coordinates": [
          31.54917,
          -26.08766
        ]
      },
      "properties": {
        "name": "Madlangempisi",
        "country": "Eswatini",
        "region": "Hhohho Region",
        "elevation_m": null,
        "population": 0,
        "feature_type": "populated place",
        "geoname_id": 935021
      }
    },
    {
      "type": "Feature",
      "geometry": {
        "type": "Point",
        "coordinates": [
          31.58847,
          -26.36508
        ]
      },
      "properties": {
        "name": "Macnab",
        "country": "Eswatini",
        "region": "Manzini Region",
        "elevation_m": null,
        "population": 0,
        "feature_type": "populated place",
        "geoname_id": 935023
      }
    },
    {
      "type": "Feature",
      "geometry": {
        "type": "Point",
        "coordinates": [
          31.23333,
          -26.53333
        ]
      },
      "properties": {
        "name": "Luyengo",
        "country": "Eswatini",
        "region": "",
        "elevation_m": null,
        "population": 0,
        "feature_type": "populated place",
        "geoname_id": 935031
      }
    },
    {
      "type": "Feature",
      "geometry": {
        "type": "Point",
        "coordinates": [
          31.90502,
          -27.01691
        ]
      },
      "properties": {
        "name": "Lubuli",
        "country": "Eswatini",
        "region": "Lubombo Region",
        "elevation_m": null,
        "population": 0,
        "feature_type": "populated place",
        "geoname_id": 935040
      }
    },
    {
      "type": "Feature",
      "geometry": {
        "type": "Point",
        "coordinates": [
          31.35,
          -25.81667
        ]
      },
      "properties": {
        "name": "Lomati",
        "country": "Eswatini",
        "region": "",
        "elevation_m": null,
        "population": 0,
        "feature_type": "populated place",
        "geoname_id": 935044
      }
    },
    {
      "type": "Feature",
      "geometry": {
        "type": "Point",
        "coordinates": [
          31.994,
          -26.001
        ]
      },
      "properties": {
        "name": "Lomahasha",
        "country": "Eswatini",
        "region": "Lubombo Region",
        "elevation_m": null,
        "population": 0,
        "feature_type": "populated place",
        "geoname_id": 935045
      }
    },
    {
      "type": "Feature",
      "geometry": {
        "type": "Point",
        "coordinates": [
          31.92771,
          -27.12771
        ]
      },
      "properties": {
        "name": "Lismore",
        "country": "Eswatini",
        "region": "Lubombo Region",
        "elevation_m": null,
        "population": 0,
        "feature_type": "populated place",
        "geoname_id": 935049
      }
    },
    {
      "type": "Feature",
      "geometry": {
        "type": "Point",
        "coordinates": [
          31.21667,
          -25.9
        ]
      },
      "properties": {
        "name": "Kobolondo Heights",
        "country": "Eswatini",
        "region": "",
        "elevation_m": null,
        "population": 0,
        "feature_type": "populated place",
        "geoname_id": 935060
      }
    },
    {
      "type": "Feature",
      "geometry": {
        "type": "Point",
        "coordinates": [
          31.95292,
          -26.52914
        ]
      },
      "properties": {
        "name": "Inyetane",
        "country": "Eswatini",
        "region": "Lubombo Region",
        "elevation_m": null,
        "population": 0,
        "feature_type": "populated place",
        "geoname_id": 935067
      }
    },
    {
      "type": "Feature",
      "geometry": {
        "type": "Point",
        "coordinates": [
          32.00813,
          -26.53312
        ]
      },
      "properties": {
        "name": "Inyetane",
        "country": "Eswatini",
        "region": "Lubombo Region",
        "elevation_m": null,
        "population": 0,
        "feature_type": "populated place",
        "geoname_id": 935068
      }
    },
    {
      "type": "Feature",
      "geometry": {
        "type": "Point",
        "coordinates": [
          31.41667,
          -25.75
        ]
      },
      "properties": {
        "name": "Horo",
        "country": "Eswatini",
        "region": "",
        "elevation_m": null,
        "population": 0,
        "feature_type": "populated place",
        "geoname_id": 935074
      }
    },
    {
      "type": "Feature",
      "geometry": {
        "type": "Point",
        "coordinates": [
          31.85222,
          -26.69734
        ]
      },
      "properties": {
        "name": "Holobela",
        "country": "Eswatini",
        "region": "Lubombo Region",
        "elevation_m": null,
        "population": 0,
        "feature_type": "populated place",
        "geoname_id": 935075
      }
    },
    {
      "type": "Feature",
      "geometry": {
        "type": "Point",
        "coordinates": [
          31.49511,
          -25.84509
        ]
      },
      "properties": {
        "name": "Herefords",
        "country": "Eswatini",
        "region": "",
        "elevation_m": null,
        "population": 0,
        "feature_type": "populated place",
        "geoname_id": 935086
      }
    },
    {
      "type": "Feature",
      "geometry": {
        "type": "Point",
        "coordinates": [
          31.13333,
          -25.95
        ]
      },
      "properties": {
        "name": "Havelock",
        "country": "Eswatini",
        "region": "",
        "elevation_m": null,
        "population": 0,
        "feature_type": "populated place",
        "geoname_id": 935089
      }
    },
    {
      "type": "Feature",
      "geometry": {
        "type": "Point",
        "coordinates": [
          31.29331,
          -26.93356
        ]
      },
      "properties": {
        "name": "Grand Valley",
        "country": "Eswatini",
        "region": "Shiselweni",
        "elevation_m": null,
        "population": 0,
        "feature_type": "populated place",
        "geoname_id": 935090
      }
    },
    {
      "type": "Feature",
      "geometry": {
        "type": "Point",
        "coordinates": [
          31.00919,
          -26.96637
        ]
      },
      "properties": {
        "name": "Gege",
        "country": "Eswatini",
        "region": "Shiselweni",
        "elevation_m": null,
        "population": 0,
        "feature_type": "populated place",
        "geoname_id": 935091
      }
    },
    {
      "type": "Feature",
      "geometry": {
        "type": "Point",
        "coordinates": [
          31.10097,
          -26.17233
        ]
      },
      "properties": {
        "name": "Forbes Reef",
        "country": "Eswatini",
        "region": "",
        "elevation_m": null,
        "population": 0,
        "feature_type": "populated place",
        "geoname_id": 935093
      }
    },
    {
      "type": "Feature",
      "geometry": {
        "type": "Point",
        "coordinates": [
          30.9,
          -26.38333
        ]
      },
      "properties": {
        "name": "Etjanine",
        "country": "Eswatini",
        "region": "",
        "elevation_m": null,
        "population": 0,
        "feature_type": "populated place",
        "geoname_id": 935097
      }
    },
    {
      "type": "Feature",
      "geometry": {
        "type": "Point",
        "coordinates": [
          31.26667,
          -27.16667
        ]
      },
      "properties": {
        "name": "Dwaleni",
        "country": "Eswatini",
        "region": "",
        "elevation_m": null,
        "population": 0,
        "feature_type": "populated place",
        "geoname_id": 935103
      }
    },
    {
      "type": "Feature",
      "geometry": {
        "type": "Point",
        "coordinates": [
          31.5749,
          -26.19713
        ]
      },
      "properties": {
        "name": "Croydon",
        "country": "Eswatini",
        "region": "Manzini Region",
        "elevation_m": null,
        "population": 0,
        "feature_type": "populated place",
        "geoname_id": 935107
      }
    },
    {
      "type": "Feature",
      "geometry": {
        "type": "Point",
        "coordinates": [
          31.23773,
          -26.33679
        ]
      },
      "properties": {
        "name": "Commissie Nek",
        "country": "Eswatini",
        "region": "Hhohho Region",
        "elevation_m": null,
        "population": 0,
        "feature_type": "populated place",
        "geoname_id": 935108
      }
    },
    {
      "type": "Feature",
      "geometry": {
        "type": "Point",
        "coordinates": [
          31.52056,
          -25.95343
        ]
      },
      "properties": {
        "name": "Bennetts Store",
        "country": "Eswatini",
        "region": "",
        "elevation_m": null,
        "population": 0,
        "feature_type": "populated place",
        "geoname_id": 935116
      }
    },
    {
      "type": "Feature",
      "geometry": {
        "type": "Point",
        "coordinates": [
          31.56667,
          -26.1
        ]
      },
      "properties": {
        "name": "Balegane",
        "country": "Eswatini",
        "region": "",
        "elevation_m": null,
        "population": 0,
        "feature_type": "populated place",
        "geoname_id": 935118
      }
    },
    {
      "type": "Feature",
      "geometry": {
        "type": "Point",
        "coordinates": [
          32.13333,
          -26.83333
        ]
      },
      "properties": {
        "name": "Abercorn",
        "country": "Eswatini",
        "region": "",
        "elevation_m": null,
        "population": 0,
        "feature_type": "populated place",
        "geoname_id": 935120
      }
    },
    {
      "type": "Feature",
      "geometry": {
        "type": "Point",
        "coordinates": [
          31.98841,
          -26.14126
        ]
      },
      "properties": {
        "name": "Maphiveni",
        "country": "Eswatini",
        "region": "Lubombo Region",
        "elevation_m": null,
        "population": 0,
        "feature_type": "populated locality",
        "geoname_id": 9193136
      }
    },
    {
      "type": "Feature",
      "geometry": {
        "type": "Point",
        "coordinates": [
          31.3273,
          -25.82659
        ]
      },
      "properties": {
        "name": "Ntfonjeni",
        "country": "Eswatini",
        "region": "Hhohho Region",
        "elevation_m": null,
        "population": 0,
        "feature_type": "seat of a second-order administrative division",
        "geoname_id": 9180486
      }
    },
    {
      "type": "Feature",
      "geometry": {
        "type": "Point",
        "coordinates": [
          31.456,
          -26.488
        ]
      },
      "properties": {
        "name": "Hhelehhele",
        "country": "Eswatini",
        "region": "Manzini Region",
        "elevation_m": null,
        "population": 0,
        "feature_type": "populated place",
        "geoname_id": 11237894
      }
    },
    {
      "type": "Feature",
      "geometry": {
        "type": "Point",
        "coordinates": [
          31.39092,
          -25.8284
        ]
      },
      "properties": {
        "name": "Mbasheni",
        "country": "Eswatini",
        "region": "Hhohho Region",
        "elevation_m": null,
        "population": 0,
        "feature_type": "populated place",
        "geoname_id": 11239145
      }
    },
    {
      "type": "Feature",
      "geometry": {
        "type": "Point",
        "coordinates": [
          31.86901,
          -26.55497
        ]
      },
      "properties": {
        "name": "Mpolonjeni",
        "country": "Eswatini",
        "region": "Lubombo Region",
        "elevation_m": null,
        "population": 0,
        "feature_type": "populated place",
        "geoname_id": 11127718
      }
    },
    {
      "type": "Feature",
      "geometry": {
        "type": "Point",
        "coordinates": [
          31.52806,
          -26.3875
        ]
      },
      "properties": {
        "name": "Ekukhanyeni",
        "country": "Eswatini",
        "region": "Manzini Region",
        "elevation_m": null,
        "population": 0,
        "feature_type": "populated place",
        "geoname_id": 11127726
      }
    },
    {
      "type": "Feature",
      "geometry": {
        "type": "Point",
        "coordinates": [
          31.11164,
          -26.29321
        ]
      },
      "properties": {
        "name": "Mbangweni",
        "country": "Eswatini",
        "region": "Hhohho Region",
        "elevation_m": null,
        "population": 0,
        "feature_type": "populated place",
        "geoname_id": 11127737
      }
    },
    {
      "type": "Feature",
      "geometry": {
        "type": "Point",
        "coordinates": [
          31.91889,
          -26.20889
        ]
      },
      "properties": {
        "name": "Simunye",
        "country": "Eswatini",
        "region": "Lubombo Region",
        "elevation_m": null,
        "population": 0,
        "feature_type": "populated place",
        "geoname_id": 11127738
      }
    },
    {
      "type": "Feature",
      "geometry": {
        "type": "Point",
        "coordinates": [
          31.57,
          -27.21
        ]
      },
      "properties": {
        "name": "Hluthi",
        "country": "Eswatini",
        "region": "Shiselweni",
        "elevation_m": null,
        "population": 0,
        "feature_type": "populated place",
        "geoname_id": 11127813
      }
    },
    {
      "type": "Feature",
      "geometry": {
        "type": "Point",
        "coordinates": [
          30.949,
          -26.796
        ]
      },
      "properties": {
        "name": "Mgazini",
        "country": "Eswatini",
        "region": "Shiselweni",
        "elevation_m": null,
        "population": 0,
        "feature_type": "populated place",
        "geoname_id": 11127815
      }
    },
    {
      "type": "Feature",
      "geometry": {
        "type": "Point",
        "coordinates": [
          31.52,
          -26.44
        ]
      },
      "properties": {
        "name": "Mafutseni",
        "country": "Eswatini",
        "region": "Manzini Region",
        "elevation_m": null,
        "population": 0,
        "feature_type": "populated place",
        "geoname_id": 11127816
      }
    },
    {
      "type": "Feature",
      "geometry": {
        "type": "Point",
        "coordinates": [
          31.66667,
          -26.05
        ]
      },
      "properties": {
        "name": "Nkambeni",
        "country": "Eswatini",
        "region": "Hhohho Region",
        "elevation_m": null,
        "population": 0,
        "feature_type": "populated place",
        "geoname_id": 11127817
      }
    },
    {
      "type": "Feature",
      "geometry": {
        "type": "Point",
        "coordinates": [
          31.29344,
          -25.97518
        ]
      },
      "properties": {
        "name": "Ndzingeni",
        "country": "Eswatini",
        "region": "Hhohho Region",
        "elevation_m": null,
        "population": 0,
        "feature_type": "populated place",
        "geoname_id": 11128087
      }
    },
    {
      "type": "Feature",
      "geometry": {
        "type": "Point",
        "coordinates": [
          31.24806,
          -26.78139
        ]
      },
      "properties": {
        "name": "Mahlangatja",
        "country": "Eswatini",
        "region": "Manzini Region",
        "elevation_m": null,
        "population": 0,
        "feature_type": "populated place",
        "geoname_id": 11128092
      }
    },
    {
      "type": "Feature",
      "geometry": {
        "type": "Point",
        "coordinates": [
          31.11472,
          -26.305
        ]
      },
      "properties": {
        "name": "Mhlangatane",
        "country": "Eswatini",
        "region": "Hhohho Region",
        "elevation_m": null,
        "population": 0,
        "feature_type": "populated place",
        "geoname_id": 11128093
      }
    },
    {
      "type": "Feature",
      "geometry": {
        "type": "Point",
        "coordinates": [
          31.36121,
          -26.48661
        ]
      },
      "properties": {
        "name": "Fairview North",
        "country": "Eswatini",
        "region": "Manzini Region",
        "elevation_m": null,
        "population": 0,
        "feature_type": "populated locality",
        "geoname_id": 11126273
      }
    },
    {
      "type": "Feature",
      "geometry": {
        "type": "Point",
        "coordinates": [
          31.63333,
          -25.93333
        ]
      },
      "properties": {
        "name": "Mhlangatane",
        "country": "Eswatini",
        "region": "Hhohho Region",
        "elevation_m": null,
        "population": 0,
        "feature_type": "populated place",
        "geoname_id": 11126275
      }
    },
    {
      "type": "Feature",
      "geometry": {
        "type": "Point",
        "coordinates": [
          31.75317,
          -26.40294
        ]
      },
      "properties": {
        "name": "Malindza",
        "country": "Eswatini",
        "region": "Lubombo Region",
        "elevation_m": null,
        "population": 0,
        "feature_type": "populated place",
        "geoname_id": 11204813
      }
    },
    {
      "type": "Feature",
      "geometry": {
        "type": "Point",
        "coordinates": [
          31.44916,
          -26.11405
        ]
      },
      "properties": {
        "name": "Nyonyane",
        "country": "Eswatini",
        "region": "Hhohho Region",
        "elevation_m": null,
        "population": 0,
        "feature_type": "populated place",
        "geoname_id": 11205004
      }
    },
    {
      "type": "Feature",
      "geometry": {
        "type": "Point",
        "coordinates": [
          31.37564,
          -25.86711
        ]
      },
      "properties": {
        "name": "Vusweni",
        "country": "Eswatini",
        "region": "Hhohho Region",
        "elevation_m": null,
        "population": 0,
        "feature_type": "populated place",
        "geoname_id": 11205222
      }
    },
    {
      "type": "Feature",
      "geometry": {
        "type": "Point",
        "coordinates": [
          31.78,
          -26.412
        ]
      },
      "properties": {
        "name": "Mpaka",
        "country": "Eswatini",
        "region": "Lubombo Region",
        "elevation_m": null,
        "population": 0,
        "feature_type": "populated place",
        "geoname_id": 11205291
      }
    },
    {
      "type": "Feature",
      "geometry": {
        "type": "Point",
        "coordinates": [
          31.58878,
          -26.16037
        ]
      },
      "properties": {
        "name": "Dvokolwako",
        "country": "Eswatini",
        "region": "Hhohho Region",
        "elevation_m": null,
        "population": 0,
        "feature_type": "populated place",
        "geoname_id": 11205450
      }
    },
    {
      "type": "Feature",
      "geometry": {
        "type": "Point",
        "coordinates": [
          31.38627,
          -26.42765
        ]
      },
      "properties": {
        "name": "Mkhulamini",
        "country": "Eswatini",
        "region": "Manzini Region",
        "elevation_m": null,
        "population": 0,
        "feature_type": "populated place",
        "geoname_id": 11205510
      }
    },
    {
      "type": "Feature",
      "geometry": {
        "type": "Point",
        "coordinates": [
          31.19652,
          -27.09539
        ]
      },
      "properties": {
        "name": "Mathendele",
        "country": "Eswatini",
        "region": "Shiselweni",
        "elevation_m": null,
        "population": 0,
        "feature_type": "populated place",
        "geoname_id": 11523346
      }
    },
    {
      "type": "Feature",
      "geometry": {
        "type": "Point",
        "coordinates": [
          31.31136,
          -27.07567
        ]
      },
      "properties": {
        "name": "Mahlalini",
        "country": "Eswatini",
        "region": "Shiselweni",
        "elevation_m": null,
        "population": 0,
        "feature_type": "populated place",
        "geoname_id": 11523348
      }
    },
    {
      "type": "Feature",
      "geometry": {
        "type": "Point",
        "coordinates": [
          31.50967,
          -25.92138
        ]
      },
      "properties": {
        "name": "Buhleni",
        "country": "Eswatini",
        "region": "Hhohho Region",
        "elevation_m": null,
        "population": 0,
        "feature_type": "populated place",
        "geoname_id": 11523365
      }
    },
    {
      "type": "Feature",
      "geometry": {
        "type": "Point",
        "coordinates": [
          31.15066,
          -26.33113
        ]
      },
      "properties": {
        "name": "Msunduza",
        "country": "Eswatini",
        "region": "Hhohho Region",
        "elevation_m": null,
        "population": 0,
        "feature_type": "section of populated place",
        "geoname_id": 11523366
      }
    },
    {
      "type": "Feature",
      "geometry": {
        "type": "Point",
        "coordinates": [
          31.95394,
          -26.94646
        ]
      },
      "properties": {
        "name": "Ndzevane",
        "country": "Eswatini",
        "region": "Lubombo Region",
        "elevation_m": null,
        "population": 0,
        "feature_type": "populated place",
        "geoname_id": 11256884
      }
    },
    {
      "type": "Feature",
      "geometry": {
        "type": "Point",
        "coordinates": [
          32.034,
          -26.768
        ]
      },
      "properties": {
        "name": "Mambane",
        "country": "Eswatini",
        "region": "Lubombo Region",
        "elevation_m": null,
        "population": 0,
        "feature_type": "populated place",
        "geoname_id": 11256967
      }
    },
    {
      "type": "Feature",
      "geometry": {
        "type": "Point",
        "coordinates": [
          31.3252,
          -26.97479
        ]
      },
      "properties": {
        "name": "Hlatsi",
        "country": "Eswatini",
        "region": "Shiselweni",
        "elevation_m": null,
        "population": 0,
        "feature_type": "populated place",
        "geoname_id": 11257278
      }
    },
    {
      "type": "Feature",
      "geometry": {
        "type": "Point",
        "coordinates": [
          31.19324,
          -27.08748
        ]
      },
      "properties": {
        "name": "Nsongweni",
        "country": "Eswatini",
        "region": "Shiselweni",
        "elevation_m": null,
        "population": 0,
        "feature_type": "populated place",
        "geoname_id": 11257303
      }
    },
    {
      "type": "Feature",
      "geometry": {
        "type": "Point",
        "coordinates": [
          31.48251,
          -26.54698
        ]
      },
      "properties": {
        "name": "Ngculwini",
        "country": "Eswatini",
        "region": "Manzini Region",
        "elevation_m": null,
        "population": 0,
        "feature_type": "populated place",
        "geoname_id": 11257314
      }
    },
    {
      "type": "Feature",
      "geometry": {
        "type": "Point",
        "coordinates": [
          30.85798,
          -26.4548
        ]
      },
      "properties": {
        "name": "Lundzi",
        "country": "Eswatini",
        "region": "Manzini Region",
        "elevation_m": null,
        "population": 0,
        "feature_type": "populated place",
        "geoname_id": 11257943
      }
    },
    {
      "type": "Feature",
      "geometry": {
        "type": "Point",
        "coordinates": [
          31.47173,
          -26.49785
        ]
      },
      "properties": {
        "name": "Mthongwaneni",
        "country": "Eswatini",
        "region": "Manzini Region",
        "elevation_m": null,
        "population": 0,
        "feature_type": "populated place",
        "geoname_id": 11258149
      }
    },
    {
      "type": "Feature",
      "geometry": {
        "type": "Point",
        "coordinates": [
          31.14403,
          -26.33858
        ]
      },
      "properties": {
        "name": "Mangwaneni",
        "country": "Eswatini",
        "region": "Hhohho Region",
        "elevation_m": null,
        "population": 0,
        "feature_type": "populated place",
        "geoname_id": 11247706
      }
    },
    {
      "type": "Feature",
      "geometry": {
        "type": "Point",
        "coordinates": [
          32.07595,
          -26.1476
        ]
      },
      "properties": {
        "name": "Makwenya",
        "country": "Eswatini",
        "region": "Lubombo Region",
        "elevation_m": null,
        "population": 0,
        "feature_type": "populated place",
        "geoname_id": 13103647
      }
    },
    {
      "type": "Feature",
      "geometry": {
        "type": "Point",
        "coordinates": [
          32.08178,
          -26.1451
        ]
      },
      "properties": {
        "name": "Ngwenya Kop",
        "country": "Eswatini",
        "region": "Lubombo Region",
        "elevation_m": null,
        "population": 0,
        "feature_type": "populated place",
        "geoname_id": 13103650
      }
    },
    {
      "type": "Feature",
      "geometry": {
        "type": "Point",
        "coordinates": [
          32.04461,
          -26.07363
        ]
      },
      "properties": {
        "name": "Ekuthuleni",
        "country": "Eswatini",
        "region": "Lubombo Region",
        "elevation_m": null,
        "population": 0,
        "feature_type": "populated place",
        "geoname_id": 13103660
      }
    },
    {
      "type": "Feature",
      "geometry": {
        "type": "Point",
        "coordinates": [
          32.0553,
          -26.13336
        ]
      },
      "properties": {
        "name": "Shewula",
        "country": "Eswatini",
        "region": "Lubombo Region",
        "elevation_m": null,
        "population": 0,
        "feature_type": "populated place",
        "geoname_id": 13103662
      }
    },
    {
      "type": "Feature",
      "geometry": {
        "type": "Point",
        "coordinates": [
          32.05364,
          -26.11213
        ]
      },
      "properties": {
        "name": "Majembeni",
        "country": "Eswatini",
        "region": "Lubombo Region",
        "elevation_m": null,
        "population": 0,
        "feature_type": "populated place",
        "geoname_id": 13103663
      }
    },
    {
      "type": "Feature",
      "geometry": {
        "type": "Point",
        "coordinates": [
          31.92371,
          -26.14204
        ]
      },
      "properties": {
        "name": "Khayeni",
        "country": "Eswatini",
        "region": "Lubombo Region",
        "elevation_m": null,
        "population": 0,
        "feature_type": "populated place",
        "geoname_id": 13104156
      }
    },
    {
      "type": "Feature",
      "geometry": {
        "type": "Point",
        "coordinates": [
          31.91058,
          -26.07271
        ]
      },
      "properties": {
        "name": "Phahleni",
        "country": "Eswatini",
        "region": "Lubombo Region",
        "elevation_m": null,
        "population": 0,
        "feature_type": "populated place",
        "geoname_id": 13104158
      }
    },
    {
      "type": "Feature",
      "geometry": {
        "type": "Point",
        "coordinates": [
          31.92173,
          -26.104
        ]
      },
      "properties": {
        "name": "Thabankulu Estate",
        "country": "Eswatini",
        "region": "Lubombo Region",
        "elevation_m": null,
        "population": 0,
        "feature_type": "populated place",
        "geoname_id": 13104159
      }
    },
    {
      "type": "Feature",
      "geometry": {
        "type": "Point",
        "coordinates": [
          31.93982,
          -26.05464
        ]
      },
      "properties": {
        "name": "Mafucula",
        "country": "Eswatini",
        "region": "Lubombo Region",
        "elevation_m": null,
        "population": 0,
        "feature_type": "populated place",
        "geoname_id": 13104160
      }
    },
    {
      "type": "Feature",
      "geometry": {
        "type": "Point",
        "coordinates": [
          31.8159,
          -26.1988
        ]
      },
      "properties": {
        "name": "Ngomane",
        "country": "Eswatini",
        "region": "Lubombo Region",
        "elevation_m": null,
        "population": 0,
        "feature_type": "populated place",
        "geoname_id": 13104164
      }
    },
    {
      "type": "Feature",
      "geometry": {
        "type": "Point",
        "coordinates": [
          31.90224,
          -26.16049
        ]
      },
      "properties": {
        "name": "Stinini",
        "country": "Eswatini",
        "region": "Lubombo Region",
        "elevation_m": null,
        "population": 0,
        "feature_type": "populated place",
        "geoname_id": 13104167
      }
    },
    {
      "type": "Feature",
      "geometry": {
        "type": "Point",
        "coordinates": [
          31.75522,
          -26.00435
        ]
      },
      "properties": {
        "name": "Thandanani",
        "country": "Eswatini",
        "region": "Lubombo Region",
        "elevation_m": null,
        "population": 0,
        "feature_type": "populated place",
        "geoname_id": 13104172
      }
    },
    {
      "type": "Feature",
      "geometry": {
        "type": "Point",
        "coordinates": [
          31.9389,
          -26.10301
        ]
      },
      "properties": {
        "name": "Enyokeni",
        "country": "Eswatini",
        "region": "Lubombo Region",
        "elevation_m": null,
        "population": 0,
        "feature_type": "populated place",
        "geoname_id": 13104184
      }
    },
    {
      "type": "Feature",
      "geometry": {
        "type": "Point",
        "coordinates": [
          31.87677,
          -26.07265
        ]
      },
      "properties": {
        "name": "Mhlume Nkhundla",
        "country": "Eswatini",
        "region": "Lubombo Region",
        "elevation_m": null,
        "population": 0,
        "feature_type": "populated place",
        "geoname_id": 13104186
      }
    },
    {
      "type": "Feature",
      "geometry": {
        "type": "Point",
        "coordinates": [
          31.94134,
          -26.1249
        ]
      },
      "properties": {
        "name": "Mahlelesakeni",
        "country": "Eswatini",
        "region": "Lubombo Region",
        "elevation_m": null,
        "population": 0,
        "feature_type": "populated place",
        "geoname_id": 13104189
      }
    },
    {
      "type": "Feature",
      "geometry": {
        "type": "Point",
        "coordinates": [
          31.94958,
          -26.01882
        ]
      },
      "properties": {
        "name": "Nkalashane",
        "country": "Eswatini",
        "region": "Lubombo Region",
        "elevation_m": null,
        "population": 0,
        "feature_type": "populated place",
        "geoname_id": 13104190
      }
    },
    {
      "type": "Feature",
      "geometry": {
        "type": "Point",
        "coordinates": [
          31.87994,
          -26.09671
        ]
      },
      "properties": {
        "name": "Lomkehle",
        "country": "Eswatini",
        "region": "Lubombo Region",
        "elevation_m": null,
        "population": 0,
        "feature_type": "populated place",
        "geoname_id": 13104191
      }
    },
    {
      "type": "Feature",
      "geometry": {
        "type": "Point",
        "coordinates": [
          31.91723,
          -26.11605
        ]
      },
      "properties": {
        "name": "Ngwenya",
        "country": "Eswatini",
        "region": "Lubombo Region",
        "elevation_m": null,
        "population": 0,
        "feature_type": "populated place",
        "geoname_id": 13104192
      }
    },
    {
      "type": "Feature",
      "geometry": {
        "type": "Point",
        "coordinates": [
          31.9521,
          -26.14271
        ]
      },
      "properties": {
        "name": "Ngwenyameni",
        "country": "Eswatini",
        "region": "Lubombo Region",
        "elevation_m": null,
        "population": 0,
        "feature_type": "populated place",
        "geoname_id": 13104195
      }
    },
    {
      "type": "Feature",
      "geometry": {
        "type": "Point",
        "coordinates": [
          31.93297,
          -26.13623
        ]
      },
      "properties": {
        "name": "Mbuluzi Estates",
        "country": "Eswatini",
        "region": "Lubombo Region",
        "elevation_m": null,
        "population": 0,
        "feature_type": "populated place",
        "geoname_id": 13104198
      }
    },
    {
      "type": "Feature",
      "geometry": {
        "type": "Point",
        "coordinates": [
          31.90972,
          -26.10289
        ]
      },
      "properties": {
        "name": "Shonalanga",
        "country": "Eswatini",
        "region": "Lubombo Region",
        "elevation_m": null,
        "population": 0,
        "feature_type": "populated place",
        "geoname_id": 13104202
      }
    },
    {
      "type": "Feature",
      "geometry": {
        "type": "Point",
        "coordinates": [
          30.91432,
          -26.46832
        ]
      },
      "properties": {
        "name": "Velabatfu",
        "country": "Eswatini",
        "region": "Lubombo Region",
        "elevation_m": null,
        "population": 0,
        "feature_type": "populated place",
        "geoname_id": 13106093
      }
    },
    {
      "type": "Feature",
      "geometry": {
        "type": "Point",
        "coordinates": [
          30.98145,
          -26.35026
        ]
      },
      "properties": {
        "name": "Sigangeni",
        "country": "Eswatini",
        "region": "Lubombo Region",
        "elevation_m": null,
        "population": 0,
        "feature_type": "populated place",
        "geoname_id": 13106098
      }
    },
    {
      "type": "Feature",
      "geometry": {
        "type": "Point",
        "coordinates": [
          30.89068,
          -26.32895
        ]
      },
      "properties": {
        "name": "Lundzi",
        "country": "Eswatini",
        "region": "Lubombo Region",
        "elevation_m": null,
        "population": 0,
        "feature_type": "populated place",
        "geoname_id": 13106100
      }
    },
    {
      "type": "Feature",
      "geometry": {
        "type": "Point",
        "coordinates": [
          30.90745,
          -26.49614
        ]
      },
      "properties": {
        "name": "Ngotjane",
        "country": "Eswatini",
        "region": "Lubombo Region",
        "elevation_m": null,
        "population": 0,
        "feature_type": "populated place",
        "geoname_id": 13106111
      }
    },
    {
      "type": "Feature",
      "geometry": {
        "type": "Point",
        "coordinates": [
          30.98647,
          -26.4692
        ]
      },
      "properties": {
        "name": "Thembisa",
        "country": "Eswatini",
        "region": "Lubombo Region",
        "elevation_m": null,
        "population": 0,
        "feature_type": "populated place",
        "geoname_id": 13106112
      }
    },
    {
      "type": "Feature",
      "geometry": {
        "type": "Point",
        "coordinates": [
          30.98495,
          -26.28598
        ]
      },
      "properties": {
        "name": "Langeni",
        "country": "Eswatini",
        "region": "Lubombo Region",
        "elevation_m": null,
        "population": 0,
        "feature_type": "populated place",
        "geoname_id": 13106120
      }
    },
    {
      "type": "Feature",
      "geometry": {
        "type": "Point",
        "coordinates": [
          30.92502,
          -26.32297
        ]
      },
      "properties": {
        "name": "Luhlendlweni",
        "country": "Eswatini",
        "region": "Lubombo Region",
        "elevation_m": null,
        "population": 0,
        "feature_type": "populated place",
        "geoname_id": 13106121
      }
    },
    {
      "type": "Feature",
      "geometry": {
        "type": "Point",
        "coordinates": [
          30.896,
          -26.37127
        ]
      },
      "properties": {
        "name": "Lundzi",
        "country": "Eswatini",
        "region": "Lubombo Region",
        "elevation_m": null,
        "population": 0,
        "feature_type": "populated place",
        "geoname_id": 13106122
      }
    },
    {
      "type": "Feature",
      "geometry": {
        "type": "Point",
        "coordinates": [
          30.8972,
          -26.33219
        ]
      },
      "properties": {
        "name": "Fyfes",
        "country": "Eswatini",
        "region": "Lubombo Region",
        "elevation_m": null,
        "population": 0,
        "feature_type": "populated place",
        "geoname_id": 13106125
      }
    },
    {
      "type": "Feature",
      "geometry": {
        "type": "Point",
        "coordinates": [
          30.91251,
          -26.38845
        ]
      },
      "properties": {
        "name": "Tjaneni",
        "country": "Eswatini",
        "region": "Lubombo Region",
        "elevation_m": null,
        "population": 0,
        "feature_type": "populated place",
        "geoname_id": 13106127
      }
    },
    {
      "type": "Feature",
      "geometry": {
        "type": "Point",
        "coordinates": [
          31.93217,
          -26.76918
        ]
      },
      "properties": {
        "name": "Mayaluka",
        "country": "Eswatini",
        "region": "Lubombo Region",
        "elevation_m": null,
        "population": 0,
        "feature_type": "populated place",
        "geoname_id": 13113302
      }
    },
    {
      "type": "Feature",
      "geometry": {
        "type": "Point",
        "coordinates": [
          31.76278,
          -26.73781
        ]
      },
      "properties": {
        "name": "Tambuti",
        "country": "Eswatini",
        "region": "Lubombo Region",
        "elevation_m": null,
        "population": 0,
        "feature_type": "populated place",
        "geoname_id": 13113304
      }
    },
    {
      "type": "Feature",
      "geometry": {
        "type": "Point",
        "coordinates": [
          32.03191,
          -26.64939
        ]
      },
      "properties": {
        "name": "Mnga Fula",
        "country": "Eswatini",
        "region": "Lubombo Region",
        "elevation_m": null,
        "population": 0,
        "feature_type": "populated place",
        "geoname_id": 13113306
      }
    },
    {
      "type": "Feature",
      "geometry": {
        "type": "Point",
        "coordinates": [
          31.95941,
          -26.66003
        ]
      },
      "properties": {
        "name": "Sivunga",
        "country": "Eswatini",
        "region": "Lubombo Region",
        "elevation_m": null,
        "population": 0,
        "feature_type": "populated place",
        "geoname_id": 13113307
      }
    },
    {
      "type": "Feature",
      "geometry": {
        "type": "Point",
        "coordinates": [
          31.84566,
          -26.51681
        ]
      },
      "properties": {
        "name": "Mtindzekwa",
        "country": "Eswatini",
        "region": "Lubombo Region",
        "elevation_m": null,
        "population": 0,
        "feature_type": "populated place",
        "geoname_id": 13113311
      }
    },
    {
      "type": "Feature",
      "geometry": {
        "type": "Point",
        "coordinates": [
          31.77176,
          -26.7441
        ]
      },
      "properties": {
        "name": "Steenkamp",
        "country": "Eswatini",
        "region": "Lubombo Region",
        "elevation_m": null,
        "population": 0,
        "feature_type": "populated place",
        "geoname_id": 13113312
      }
    },
    {
      "type": "Feature",
      "geometry": {
        "type": "Point",
        "coordinates": [
          31.93733,
          -26.77493
        ]
      },
      "properties": {
        "name": "Mabhulohwani",
        "country": "Eswatini",
        "region": "Lubombo Region",
        "elevation_m": null,
        "population": 0,
        "feature_type": "populated place",
        "geoname_id": 13113313
      }
    },
    {
      "type": "Feature",
      "geometry": {
        "type": "Point",
        "coordinates": [
          31.93159,
          -26.72196
        ]
      },
      "properties": {
        "name": "Emaphaylphini",
        "country": "Eswatini",
        "region": "Lubombo Region",
        "elevation_m": null,
        "population": 0,
        "feature_type": "populated place",
        "geoname_id": 13113314
      }
    },
    {
      "type": "Feature",
      "geometry": {
        "type": "Point",
        "coordinates": [
          32.02408,
          -26.54532
        ]
      },
      "properties": {
        "name": "Zondwako",
        "country": "Eswatini",
        "region": "Lubombo Region",
        "elevation_m": null,
        "population": 0,
        "feature_type": "populated place",
        "geoname_id": 13113315
      }
    },
    {
      "type": "Feature",
      "geometry": {
        "type": "Point",
        "coordinates": [
          31.98948,
          -26.64383
        ]
      },
      "properties": {
        "name": "Sivunga",
        "country": "Eswatini",
        "region": "Lubombo Region",
        "elevation_m": null,
        "population": 0,
        "feature_type": "populated place",
        "geoname_id": 13113319
      }
    },
    {
      "type": "Feature",
      "geometry": {
        "type": "Point",
        "coordinates": [
          31.7776,
          -26.7388
        ]
      },
      "properties": {
        "name": "Mgababa",
        "country": "Eswatini",
        "region": "Lubombo Region",
        "elevation_m": null,
        "population": 0,
        "feature_type": "populated place",
        "geoname_id": 13113321
      }
    },
    {
      "type": "Feature",
      "geometry": {
        "type": "Point",
        "coordinates": [
          31.79457,
          -26.75489
        ]
      },
      "properties": {
        "name": "Mapobeni",
        "country": "Eswatini",
        "region": "Lubombo Region",
        "elevation_m": null,
        "population": 0,
        "feature_type": "populated place",
        "geoname_id": 13113325
      }
    },
    {
      "type": "Feature",
      "geometry": {
        "type": "Point",
        "coordinates": [
          31.95226,
          -26.74537
        ]
      },
      "properties": {
        "name": "Sangwaluma",
        "country": "Eswatini",
        "region": "Lubombo Region",
        "elevation_m": null,
        "population": 0,
        "feature_type": "populated place",
        "geoname_id": 13113326
      }
    },
    {
      "type": "Feature",
      "geometry": {
        "type": "Point",
        "coordinates": [
          31.77115,
          -26.7412
        ]
      },
      "properties": {
        "name": "Buhlenl",
        "country": "Eswatini",
        "region": "Lubombo Region",
        "elevation_m": null,
        "population": 0,
        "feature_type": "populated place",
        "geoname_id": 13113328
      }
    },
    {
      "type": "Feature",
      "geometry": {
        "type": "Point",
        "coordinates": [
          31.89405,
          -26.57921
        ]
      },
      "properties": {
        "name": "Mbabayi",
        "country": "Eswatini",
        "region": "Lubombo Region",
        "elevation_m": null,
        "population": 0,
        "feature_type": "populated place",
        "geoname_id": 13113331
      }
    },
    {
      "type": "Feature",
      "geometry": {
        "type": "Point",
        "coordinates": [
          31.89334,
          -26.51844
        ]
      },
      "properties": {
        "name": "Jabhane Dube",
        "country": "Eswatini",
        "region": "Lubombo Region",
        "elevation_m": null,
        "population": 0,
        "feature_type": "populated place",
        "geoname_id": 13113335
      }
    },
    {
      "type": "Feature",
      "geometry": {
        "type": "Point",
        "coordinates": [
          31.88562,
          -26.67661
        ]
      },
      "properties": {
        "name": "Bar Circle",
        "country": "Eswatini",
        "region": "Lubombo Region",
        "elevation_m": null,
        "population": 0,
        "feature_type": "populated place",
        "geoname_id": 13113336
      }
    },
    {
      "type": "Feature",
      "geometry": {
        "type": "Point",
        "coordinates": [
          31.9903,
          -26.7541
        ]
      },
      "properties": {
        "name": "Sihosha",
        "country": "Eswatini",
        "region": "Lubombo Region",
        "elevation_m": null,
        "population": 0,
        "feature_type": "populated place",
        "geoname_id": 13113339
      }
    },
    {
      "type": "Feature",
      "geometry": {
        "type": "Point",
        "coordinates": [
          31.86478,
          -26.6166
        ]
      },
      "properties": {
        "name": "Sibengwane",
        "country": "Eswatini",
        "region": "Lubombo Region",
        "elevation_m": null,
        "population": 0,
        "feature_type": "populated place",
        "geoname_id": 13113340
      }
    },
    {
      "type": "Feature",
      "geometry": {
        "type": "Point",
        "coordinates": [
          31.98348,
          -26.59345
        ]
      },
      "properties": {
        "name": "Mphundle",
        "country": "Eswatini",
        "region": "Lubombo Region",
        "elevation_m": null,
        "population": 0,
        "feature_type": "populated place",
        "geoname_id": 13113341
      }
    },
    {
      "type": "Feature",
      "geometry": {
        "type": "Point",
        "coordinates": [
          31.94637,
          -26.70269
        ]
      },
      "properties": {
        "name": "Khayelihke",
        "country": "Eswatini",
        "region": "Lubombo Region",
        "elevation_m": null,
        "population": 0,
        "feature_type": "populated place",
        "geoname_id": 13113343
      }
    },
    {
      "type": "Feature",
      "geometry": {
        "type": "Point",
        "coordinates": [
          31.96102,
          -26.72303
        ]
      },
      "properties": {
        "name": "Majomba",
        "country": "Eswatini",
        "region": "Lubombo Region",
        "elevation_m": null,
        "population": 0,
        "feature_type": "populated place",
        "geoname_id": 13113345
      }
    },
    {
      "type": "Feature",
      "geometry": {
        "type": "Point",
        "coordinates": [
          31.91742,
          -26.623
        ]
      },
      "properties": {
        "name": "Vundla",
        "country": "Eswatini",
        "region": "Lubombo Region",
        "elevation_m": null,
        "population": 0,
        "feature_type": "populated place",
        "geoname_id": 13113346
      }
    },
    {
      "type": "Feature",
      "geometry": {
        "type": "Point",
        "coordinates": [
          31.53191,
          -26.52378
        ]
      },
      "properties": {
        "name": "Umgebisa",
        "country": "Eswatini",
        "region": "Manzini Region",
        "elevation_m": null,
        "population": 0,
        "feature_type": "populated place",
        "geoname_id": 13113944
      }
    },
    {
      "type": "Feature",
      "geometry": {
        "type": "Point",
        "coordinates": [
          31.55421,
          -26.51627
        ]
      },
      "properties": {
        "name": "Endlandlameni",
        "country": "Eswatini",
        "region": "Manzini Region",
        "elevation_m": null,
        "population": 0,
        "feature_type": "populated place",
        "geoname_id": 13113946
      }
    },
    {
      "type": "Feature",
      "geometry": {
        "type": "Point",
        "coordinates": [
          31.64363,
          -26.72771
        ]
      },
      "properties": {
        "name": "Maphilingo",
        "country": "Eswatini",
        "region": "Lubombo Region",
        "elevation_m": null,
        "population": 0,
        "feature_type": "populated place",
        "geoname_id": 13113949
      }
    },
    {
      "type": "Feature",
      "geometry": {
        "type": "Point",
        "coordinates": [
          31.586,
          -26.71474
        ]
      },
      "properties": {
        "name": "Syringa",
        "country": "Eswatini",
        "region": "Lubombo Region",
        "elevation_m": null,
        "population": 0,
        "feature_type": "populated place",
        "geoname_id": 13113950
      }
    },
    {
      "type": "Feature",
      "geometry": {
        "type": "Point",
        "coordinates": [
          31.59453,
          -26.6922
        ]
      },
      "properties": {
        "name": "Madvuma",
        "country": "Eswatini",
        "region": "Lubombo Region",
        "elevation_m": null,
        "population": 0,
        "feature_type": "populated place",
        "geoname_id": 13113953
      }
    },
    {
      "type": "Feature",
      "geometry": {
        "type": "Point",
        "coordinates": [
          31.58085,
          -26.66801
        ]
      },
      "properties": {
        "name": "Holomi",
        "country": "Eswatini",
        "region": "Lubombo Region",
        "elevation_m": null,
        "population": 0,
        "feature_type": "populated place",
        "geoname_id": 13113955
      }
    },
    {
      "type": "Feature",
      "geometry": {
        "type": "Point",
        "coordinates": [
          31.58053,
          -26.65378
        ]
      },
      "properties": {
        "name": "Hlawulen",
        "country": "Eswatini",
        "region": "Lubombo Region",
        "elevation_m": null,
        "population": 0,
        "feature_type": "populated place",
        "geoname_id": 13113956
      }
    },
    {
      "type": "Feature",
      "geometry": {
        "type": "Point",
        "coordinates": [
          31.64075,
          -26.59776
        ]
      },
      "properties": {
        "name": "Vikizijula",
        "country": "Eswatini",
        "region": "Lubombo Region",
        "elevation_m": null,
        "population": 0,
        "feature_type": "populated place",
        "geoname_id": 13113958
      }
    },
    {
      "type": "Feature",
      "geometry": {
        "type": "Point",
        "coordinates": [
          31.63813,
          -26.62275
        ]
      },
      "properties": {
        "name": "Phonjwane",
        "country": "Eswatini",
        "region": "Lubombo Region",
        "elevation_m": null,
        "population": 0,
        "feature_type": "populated place",
        "geoname_id": 13113959
      }
    },
    {
      "type": "Feature",
      "geometry": {
        "type": "Point",
        "coordinates": [
          31.70066,
          -26.52328
        ]
      },
      "properties": {
        "name": "Masinane",
        "country": "Eswatini",
        "region": "Lubombo Region",
        "elevation_m": null,
        "population": 0,
        "feature_type": "populated place",
        "geoname_id": 13113961
      }
    },
    {
      "type": "Feature",
      "geometry": {
        "type": "Point",
        "coordinates": [
          31.7322,
          -26.51455
        ]
      },
      "properties": {
        "name": "Bangindaba",
        "country": "Eswatini",
        "region": "Lubombo Region",
        "elevation_m": null,
        "population": 0,
        "feature_type": "populated place",
        "geoname_id": 13113962
      }
    },
    {
      "type": "Feature",
      "geometry": {
        "type": "Point",
        "coordinates": [
          31.72571,
          -26.54179
        ]
      },
      "properties": {
        "name": "Esigcaweni",
        "country": "Eswatini",
        "region": "Lubombo Region",
        "elevation_m": null,
        "population": 0,
        "feature_type": "populated place",
        "geoname_id": 13113963
      }
    },
    {
      "type": "Feature",
      "geometry": {
        "type": "Point",
        "coordinates": [
          31.67881,
          -26.62763
        ]
      },
      "properties": {
        "name": "Duze",
        "country": "Eswatini",
        "region": "Lubombo Region",
        "elevation_m": null,
        "population": 0,
        "feature_type": "populated place",
        "geoname_id": 13113965
      }
    },
    {
      "type": "Feature",
      "geometry": {
        "type": "Point",
        "coordinates": [
          31.6679,
          -26.69422
        ]
      },
      "properties": {
        "name": "Sikhotseni",
        "country": "Eswatini",
        "region": "Lubombo Region",
        "elevation_m": null,
        "population": 0,
        "feature_type": "populated place",
        "geoname_id": 13113969
      }
    },
    {
      "type": "Feature",
      "geometry": {
        "type": "Point",
        "coordinates": [
          31.73556,
          -26.72565
        ]
      },
      "properties": {
        "name": "Babile",
        "country": "Eswatini",
        "region": "Lubombo Region",
        "elevation_m": null,
        "population": 0,
        "feature_type": "populated place",
        "geoname_id": 13113971
      }
    },
    {
      "type": "Feature",
      "geometry": {
        "type": "Point",
        "coordinates": [
          31.59428,
          -26.77662
        ]
      },
      "properties": {
        "name": "Sikhunyane",
        "country": "Eswatini",
        "region": "Lubombo Region",
        "elevation_m": null,
        "population": 0,
        "feature_type": "populated place",
        "geoname_id": 13113972
      }
    },
    {
      "type": "Feature",
      "geometry": {
        "type": "Point",
        "coordinates": [
          31.74952,
          -26.76614
        ]
      },
      "properties": {
        "name": "Indanya",
        "country": "Eswatini",
        "region": "Lubombo Region",
        "elevation_m": null,
        "population": 0,
        "feature_type": "populated place",
        "geoname_id": 13113973
      }
    },
    {
      "type": "Feature",
      "geometry": {
        "type": "Point",
        "coordinates": [
          31.52173,
          -26.66109
        ]
      },
      "properties": {
        "name": "Lesibovu",
        "country": "Eswatini",
        "region": "Manzini Region",
        "elevation_m": null,
        "population": 0,
        "feature_type": "populated place",
        "geoname_id": 13113974
      }
    },
    {
      "type": "Feature",
      "geometry": {
        "type": "Point",
        "coordinates": [
          31.56903,
          -26.62913
        ]
      },
      "properties": {
        "name": "Hlano",
        "country": "Eswatini",
        "region": "Manzini Region",
        "elevation_m": null,
        "population": 0,
        "feature_type": "populated place",
        "geoname_id": 13113975
      }
    },
    {
      "type": "Feature",
      "geometry": {
        "type": "Point",
        "coordinates": [
          31.55285,
          -26.61487
        ]
      },
      "properties": {
        "name": "Kamkhweli",
        "country": "Eswatini",
        "region": "Manzini Region",
        "elevation_m": null,
        "population": 0,
        "feature_type": "populated place",
        "geoname_id": 13113976
      }
    },
    {
      "type": "Feature",
      "geometry": {
        "type": "Point",
        "coordinates": [
          31.53615,
          -26.61357
        ]
      },
      "properties": {
        "name": "Nyumbane",
        "country": "Eswatini",
        "region": "Manzini Region",
        "elevation_m": null,
        "population": 0,
        "feature_type": "populated place",
        "geoname_id": 13113977
      }
    },
    {
      "type": "Feature",
      "geometry": {
        "type": "Point",
        "coordinates": [
          31.57411,
          -26.56262
        ]
      },
      "properties": {
        "name": "Sikhunyane",
        "country": "Eswatini",
        "region": "Manzini Region",
        "elevation_m": null,
        "population": 0,
        "feature_type": "populated place",
        "geoname_id": 13113979
      }
    },
    {
      "type": "Feature",
      "geometry": {
        "type": "Point",
        "coordinates": [
          31.53224,
          -26.53992
        ]
      },
      "properties": {
        "name": "Kuphileni",
        "country": "Eswatini",
        "region": "Manzini Region",
        "elevation_m": null,
        "population": 0,
        "feature_type": "populated place",
        "geoname_id": 13113980
      }
    },
    {
      "type": "Feature",
      "geometry": {
        "type": "Point",
        "coordinates": [
          31.57432,
          -26.50575
        ]
      },
      "properties": {
        "name": "Thulwane",
        "country": "Eswatini",
        "region": "Manzini Region",
        "elevation_m": null,
        "population": 0,
        "feature_type": "populated place",
        "geoname_id": 13113981
      }
    },
    {
      "type": "Feature",
      "geometry": {
        "type": "Point",
        "coordinates": [
          32.03326,
          -26.57508
        ]
      },
      "properties": {
        "name": "Maphungwane",
        "country": "Eswatini",
        "region": "Lubombo Region",
        "elevation_m": null,
        "population": 0,
        "feature_type": "populated place",
        "geoname_id": 13113994
      }
    },
    {
      "type": "Feature",
      "geometry": {
        "type": "Point",
        "coordinates": [
          32.0373,
          -26.58433
        ]
      },
      "properties": {
        "name": "Mubalati",
        "country": "Eswatini",
        "region": "Lubombo Region",
        "elevation_m": null,
        "population": 0,
        "feature_type": "populated place",
        "geoname_id": 13113995
      }
    },
    {
      "type": "Feature",
      "geometry": {
        "type": "Point",
        "coordinates": [
          32.062,
          -26.62521
        ]
      },
      "properties": {
        "name": "Tikhuba",
        "country": "Eswatini",
        "region": "Lubombo Region",
        "elevation_m": null,
        "population": 0,
        "feature_type": "populated place",
        "geoname_id": 13113996
      }
    },
    {
      "type": "Feature",
      "geometry": {
        "type": "Point",
        "coordinates": [
          32.06159,
          -26.66629
        ]
      },
      "properties": {
        "name": "Lukhetseni",
        "country": "Eswatini",
        "region": "Lubombo Region",
        "elevation_m": null,
        "population": 0,
        "feature_type": "populated place",
        "geoname_id": 13113998
      }
    },
    {
      "type": "Feature",
      "geometry": {
        "type": "Point",
        "coordinates": [
          32.04476,
          -26.75171
        ]
      },
      "properties": {
        "name": "Mvimbi",
        "country": "Eswatini",
        "region": "Lubombo Region",
        "elevation_m": null,
        "population": 0,
        "feature_type": "populated place",
        "geoname_id": 13114001
      }
    },
    {
      "type": "Feature",
      "geometry": {
        "type": "Point",
        "coordinates": [
          32.02955,
          -26.72854
        ]
      },
      "properties": {
        "name": "Eluchachweni",
        "country": "Eswatini",
        "region": "Lubombo Region",
        "elevation_m": null,
        "population": 0,
        "feature_type": "populated place",
        "geoname_id": 13114005
      }
    },
    {
      "type": "Feature",
      "geometry": {
        "type": "Point",
        "coordinates": [
          32.04487,
          -26.77104
        ]
      },
      "properties": {
        "name": "Mambana",
        "country": "Eswatini",
        "region": "Lubombo Region",
        "elevation_m": null,
        "population": 0,
        "feature_type": "populated place",
        "geoname_id": 13114007
      }
    },
    {
      "type": "Feature",
      "geometry": {
        "type": "Point",
        "coordinates": [
          30.87972,
          -26.78932
        ]
      },
      "properties": {
        "name": "Lushikishini",
        "country": "Eswatini",
        "region": "Manzini Region",
        "elevation_m": null,
        "population": 0,
        "feature_type": "populated place",
        "geoname_id": 13114276
      }
    },
    {
      "type": "Feature",
      "geometry": {
        "type": "Point",
        "coordinates": [
          30.96235,
          -26.77757
        ]
      },
      "properties": {
        "name": "Tsawela",
        "country": "Eswatini",
        "region": "Manzini Region",
        "elevation_m": null,
        "population": 0,
        "feature_type": "populated place",
        "geoname_id": 13114277
      }
    },
    {
      "type": "Feature",
      "geometry": {
        "type": "Point",
        "coordinates": [
          30.8974,
          -26.75586
        ]
      },
      "properties": {
        "name": "Nkanyezini",
        "country": "Eswatini",
        "region": "Manzini Region",
        "elevation_m": null,
        "population": 0,
        "feature_type": "populated place",
        "geoname_id": 13114278
      }
    },
    {
      "type": "Feature",
      "geometry": {
        "type": "Point",
        "coordinates": [
          30.98821,
          -26.95152
        ]
      },
      "properties": {
        "name": "Holfontein",
        "country": "Eswatini",
        "region": "Shiselweni",
        "elevation_m": null,
        "population": 0,
        "feature_type": "populated place",
        "geoname_id": 13114281
      }
    },
    {
      "type": "Feature",
      "geometry": {
        "type": "Point",
        "coordinates": [
          31.20151,
          -26.46089
        ]
      },
      "properties": {
        "name": "Ludzidzini",
        "country": "Eswatini",
        "region": "Hhohho Region",
        "elevation_m": null,
        "population": 0,
        "feature_type": "populated place",
        "geoname_id": 13116369
      }
    },
    {
      "type": "Feature",
      "geometry": {
        "type": "Point",
        "coordinates": [
          31.06599,
          -26.33117
        ]
      },
      "properties": {
        "name": "Mpolonjeni",
        "country": "Eswatini",
        "region": "Hhohho Region",
        "elevation_m": null,
        "population": 0,
        "feature_type": "populated place",
        "geoname_id": 13116378
      }
    },
    {
      "type": "Feature",
      "geometry": {
        "type": "Point",
        "coordinates": [
          31.13667,
          -26.32891
        ]
      },
      "properties": {
        "name": "Nkhundla",
        "country": "Eswatini",
        "region": "Hhohho Region",
        "elevation_m": null,
        "population": 0,
        "feature_type": "populated place",
        "geoname_id": 13116379
      }
    },
    {
      "type": "Feature",
      "geometry": {
        "type": "Point",
        "coordinates": [
          31.06252,
          -26.29719
        ]
      },
      "properties": {
        "name": "Mpolonjeni",
        "country": "Eswatini",
        "region": "Hhohho Region",
        "elevation_m": null,
        "population": 0,
        "feature_type": "populated place",
        "geoname_id": 13116381
      }
    },
    {
      "type": "Feature",
      "geometry": {
        "type": "Point",
        "coordinates": [
          31.07988,
          -26.3886
        ]
      },
      "properties": {
        "name": "Mazandini",
        "country": "Eswatini",
        "region": "Hhohho Region",
        "elevation_m": null,
        "population": 0,
        "feature_type": "populated place",
        "geoname_id": 13116383
      }
    },
    {
      "type": "Feature",
      "geometry": {
        "type": "Point",
        "coordinates": [
          31.009,
          -26.35692
        ]
      },
      "properties": {
        "name": "Sigangeni",
        "country": "Eswatini",
        "region": "Hhohho Region",
        "elevation_m": null,
        "population": 0,
        "feature_type": "populated place",
        "geoname_id": 13116384
      }
    },
    {
      "type": "Feature",
      "geometry": {
        "type": "Point",
        "coordinates": [
          31.05123,
          -26.25764
        ]
      },
      "properties": {
        "name": "Nduma",
        "country": "Eswatini",
        "region": "Hhohho Region",
        "elevation_m": null,
        "population": 0,
        "feature_type": "populated place",
        "geoname_id": 13116386
      }
    },
    {
      "type": "Feature",
      "geometry": {
        "type": "Point",
        "coordinates": [
          31.08942,
          -26.39379
        ]
      },
      "properties": {
        "name": "Nkhundla",
        "country": "Eswatini",
        "region": "Hhohho Region",
        "elevation_m": null,
        "population": 0,
        "feature_type": "populated place",
        "geoname_id": 13116388
      }
    },
    {
      "type": "Feature",
      "geometry": {
        "type": "Point",
        "coordinates": [
          31.08132,
          -26.27453
        ]
      },
      "properties": {
        "name": "Lilomuli",
        "country": "Eswatini",
        "region": "Hhohho Region",
        "elevation_m": null,
        "population": 0,
        "feature_type": "populated place",
        "geoname_id": 13116394
      }
    },
    {
      "type": "Feature",
      "geometry": {
        "type": "Point",
        "coordinates": [
          31.01791,
          -26.27552
        ]
      },
      "properties": {
        "name": "Ndlovula",
        "country": "Eswatini",
        "region": "Hhohho Region",
        "elevation_m": null,
        "population": 0,
        "feature_type": "populated place",
        "geoname_id": 13116411
      }
    },
    {
      "type": "Feature",
      "geometry": {
        "type": "Point",
        "coordinates": [
          31.06281,
          -26.28997
        ]
      },
      "properties": {
        "name": "Jabhane's Kraal",
        "country": "Eswatini",
        "region": "Hhohho Region",
        "elevation_m": null,
        "population": 0,
        "feature_type": "populated place",
        "geoname_id": 13116434
      }
    },
    {
      "type": "Feature",
      "geometry": {
        "type": "Point",
        "coordinates": [
          31.01116,
          -26.33978
        ]
      },
      "properties": {
        "name": "Maloya",
        "country": "Eswatini",
        "region": "Hhohho Region",
        "elevation_m": null,
        "population": 0,
        "feature_type": "populated place",
        "geoname_id": 13116435
      }
    },
    {
      "type": "Feature",
      "geometry": {
        "type": "Point",
        "coordinates": [
          31.18309,
          -26.47135
        ]
      },
      "properties": {
        "name": "Sitsheni",
        "country": "Eswatini",
        "region": "Manzini Region",
        "elevation_m": null,
        "population": 0,
        "feature_type": "populated place",
        "geoname_id": 13116437
      }
    },
    {
      "type": "Feature",
      "geometry": {
        "type": "Point",
        "coordinates": [
          31.07877,
          -26.31977
        ]
      },
      "properties": {
        "name": "Jabhane Duba",
        "country": "Eswatini",
        "region": "Hhohho Region",
        "elevation_m": null,
        "population": 0,
        "feature_type": "populated place",
        "geoname_id": 13116441
      }
    },
    {
      "type": "Feature",
      "geometry": {
        "type": "Point",
        "coordinates": [
          31.21831,
          -26.27707
        ]
      },
      "properties": {
        "name": "Zulangangani",
        "country": "Eswatini",
        "region": "Hhohho Region",
        "elevation_m": null,
        "population": 0,
        "feature_type": "populated place",
        "geoname_id": 13116449
      }
    },
    {
      "type": "Feature",
      "geometry": {
        "type": "Point",
        "coordinates": [
          31.23212,
          -26.44043
        ]
      },
      "properties": {
        "name": "Langeni",
        "country": "Eswatini",
        "region": "Hhohho Region",
        "elevation_m": null,
        "population": 0,
        "feature_type": "populated place",
        "geoname_id": 13116452
      }
    },
    {
      "type": "Feature",
      "geometry": {
        "type": "Point",
        "coordinates": [
          31.12929,
          -26.2976
        ]
      },
      "properties": {
        "name": "Dalriach",
        "country": "Eswatini",
        "region": "Hhohho Region",
        "elevation_m": null,
        "population": 0,
        "feature_type": "populated place",
        "geoname_id": 13116454
      }
    },
    {
      "type": "Feature",
      "geometry": {
        "type": "Point",
        "coordinates": [
          31.22568,
          -26.28686
        ]
      },
      "properties": {
        "name": "Dinabantu",
        "country": "Eswatini",
        "region": "Hhohho Region",
        "elevation_m": null,
        "population": 0,
        "feature_type": "populated place",
        "geoname_id": 13116462
      }
    },
    {
      "type": "Feature",
      "geometry": {
        "type": "Point",
        "coordinates": [
          31.41031,
          -26.54624
        ]
      },
      "properties": {
        "name": "Lwandle",
        "country": "Eswatini",
        "region": "Manzini Region",
        "elevation_m": null,
        "population": 0,
        "feature_type": "populated place",
        "geoname_id": 13109525
      }
    },
    {
      "type": "Feature",
      "geometry": {
        "type": "Point",
        "coordinates": [
          31.29606,
          -26.73361
        ]
      },
      "properties": {
        "name": "Sigcineni",
        "country": "Eswatini",
        "region": "Manzini Region",
        "elevation_m": null,
        "population": 0,
        "feature_type": "populated place",
        "geoname_id": 13109534
      }
    },
    {
      "type": "Feature",
      "geometry": {
        "type": "Point",
        "coordinates": [
          31.38449,
          -26.58897
        ]
      },
      "properties": {
        "name": "Malunge",
        "country": "Eswatini",
        "region": "Manzini Region",
        "elevation_m": null,
        "population": 0,
        "feature_type": "populated place",
        "geoname_id": 13109537
      }
    },
    {
      "type": "Feature",
      "geometry": {
        "type": "Point",
        "coordinates": [
          31.51702,
          -26.76597
        ]
      },
      "properties": {
        "name": "Phunga",
        "country": "Eswatini",
        "region": "Lubombo Region",
        "elevation_m": null,
        "population": 0,
        "feature_type": "populated place",
        "geoname_id": 13109538
      }
    },
    {
      "type": "Feature",
      "geometry": {
        "type": "Point",
        "coordinates": [
          31.43442,
          -26.71751
        ]
      },
      "properties": {
        "name": "Mashila",
        "country": "Eswatini",
        "region": "Manzini Region",
        "elevation_m": null,
        "population": 0,
        "feature_type": "populated place",
        "geoname_id": 13109540
      }
    },
    {
      "type": "Feature",
      "geometry": {
        "type": "Point",
        "coordinates": [
          31.3364,
          -26.54156
        ]
      },
      "properties": {
        "name": "Tubungu",
        "country": "Eswatini",
        "region": "Manzini Region",
        "elevation_m": null,
        "population": 0,
        "feature_type": "populated place",
        "geoname_id": 13109542
      }
    },
    {
      "type": "Feature",
      "geometry": {
        "type": "Point",
        "coordinates": [
          31.45549,
          -26.77291
        ]
      },
      "properties": {
        "name": "Goedetrou",
        "country": "Eswatini",
        "region": "Shiselweni",
        "elevation_m": null,
        "population": 0,
        "feature_type": "populated place",
        "geoname_id": 13109545
      }
    },
    {
      "type": "Feature",
      "geometry": {
        "type": "Point",
        "coordinates": [
          31.43058,
          -26.57103
        ]
      },
      "properties": {
        "name": "Gundvwini",
        "country": "Eswatini",
        "region": "Manzini Region",
        "elevation_m": null,
        "population": 0,
        "feature_type": "populated place",
        "geoname_id": 13109548
      }
    },
    {
      "type": "Feature",
      "geometry": {
        "type": "Point",
        "coordinates": [
          31.47572,
          -26.68184
        ]
      },
      "properties": {
        "name": "Kagwebu",
        "country": "Eswatini",
        "region": "Manzini Region",
        "elevation_m": null,
        "population": 0,
        "feature_type": "populated place",
        "geoname_id": 13109554
      }
    },
    {
      "type": "Feature",
      "geometry": {
        "type": "Point",
        "coordinates": [
          31.44856,
          -26.63215
        ]
      },
      "properties": {
        "name": "Peebles South",
        "country": "Eswatini",
        "region": "Manzini Region",
        "elevation_m": null,
        "population": 0,
        "feature_type": "populated place",
        "geoname_id": 13109555
      }
    },
    {
      "type": "Feature",
      "geometry": {
        "type": "Point",
        "coordinates": [
          31.29075,
          -26.6047
        ]
      },
      "properties": {
        "name": "Gidiyeni",
        "country": "Eswatini",
        "region": "Manzini Region",
        "elevation_m": null,
        "population": 0,
        "feature_type": "populated place",
        "geoname_id": 13109556
      }
    },
    {
      "type": "Feature",
      "geometry": {
        "type": "Point",
        "coordinates": [
          31.30291,
          -26.60547
        ]
      },
      "properties": {
        "name": "Emphini",
        "country": "Eswatini",
        "region": "Manzini Region",
        "elevation_m": null,
        "population": 0,
        "feature_type": "populated place",
        "geoname_id": 13109562
      }
    },
    {
      "type": "Feature",
      "geometry": {
        "type": "Point",
        "coordinates": [
          31.26985,
          -26.51955
        ]
      },
      "properties": {
        "name": "Nokwane Township",
        "country": "Eswatini",
        "region": "Manzini Region",
        "elevation_m": null,
        "population": 0,
        "feature_type": "populated place",
        "geoname_id": 13109563
      }
    },
    {
      "type": "Feature",
      "geometry": {
        "type": "Point",
        "coordinates": [
          31.34805,
          -26.55175
        ]
      },
      "properties": {
        "name": "Masundvwini",
        "country": "Eswatini",
        "region": "Manzini Region",
        "elevation_m": null,
        "population": 0,
        "feature_type": "populated place",
        "geoname_id": 13109566
      }
    },
    {
      "type": "Feature",
      "geometry": {
        "type": "Point",
        "coordinates": [
          31.48655,
          -26.57786
        ]
      },
      "properties": {
        "name": "Gundvwini",
        "country": "Eswatini",
        "region": "Manzini Region",
        "elevation_m": null,
        "population": 0,
        "feature_type": "populated place",
        "geoname_id": 13109570
      }
    },
    {
      "type": "Feature",
      "geometry": {
        "type": "Point",
        "coordinates": [
          31.34444,
          -26.63446
        ]
      },
      "properties": {
        "name": "Mfelafutsi",
        "country": "Eswatini",
        "region": "Manzini Region",
        "elevation_m": null,
        "population": 0,
        "feature_type": "populated place",
        "geoname_id": 13109573
      }
    },
    {
      "type": "Feature",
      "geometry": {
        "type": "Point",
        "coordinates": [
          31.38056,
          -26.57982
        ]
      },
      "properties": {
        "name": "Nhlambeni",
        "country": "Eswatini",
        "region": "Manzini Region",
        "elevation_m": null,
        "population": 0,
        "feature_type": "populated place",
        "geoname_id": 13109575
      }
    },
    {
      "type": "Feature",
      "geometry": {
        "type": "Point",
        "coordinates": [
          31.31659,
          -26.58393
        ]
      },
      "properties": {
        "name": "Dwaleni",
        "country": "Eswatini",
        "region": "Manzini Region",
        "elevation_m": null,
        "population": 0,
        "feature_type": "populated place",
        "geoname_id": 13109577
      }
    },
    {
      "type": "Feature",
      "geometry": {
        "type": "Point",
        "coordinates": [
          31.35069,
          -26.54136
        ]
      },
      "properties": {
        "name": "Belloch",
        "country": "Eswatini",
        "region": "Manzini Region",
        "elevation_m": null,
        "population": 0,
        "feature_type": "populated place",
        "geoname_id": 13109579
      }
    },
    {
      "type": "Feature",
      "geometry": {
        "type": "Point",
        "coordinates": [
          31.04257,
          -26.94013
        ]
      },
      "properties": {
        "name": "Mahlabatsini",
        "country": "Eswatini",
        "region": "Shiselweni",
        "elevation_m": null,
        "population": 0,
        "feature_type": "populated place",
        "geoname_id": 13121035
      }
    },
    {
      "type": "Feature",
      "geometry": {
        "type": "Point",
        "coordinates": [
          31.14038,
          -26.89564
        ]
      },
      "properties": {
        "name": "Ngcakane",
        "country": "Eswatini",
        "region": "Shiselweni",
        "elevation_m": null,
        "population": 0,
        "feature_type": "populated place",
        "geoname_id": 13121037
      }
    },
    {
      "type": "Feature",
      "geometry": {
        "type": "Point",
        "coordinates": [
          31.27782,
          -26.9726
        ]
      },
      "properties": {
        "name": "Emkhltini",
        "country": "Eswatini",
        "region": "Hhohho Region",
        "elevation_m": null,
        "population": 0,
        "feature_type": "populated place",
        "geoname_id": 13121038
      }
    },
    {
      "type": "Feature",
      "geometry": {
        "type": "Point",
        "coordinates": [
          31.2068,
          -26.92628
        ]
      },
      "properties": {
        "name": "Mkhitsini",
        "country": "Eswatini",
        "region": "Shiselweni",
        "elevation_m": null,
        "population": 0,
        "feature_type": "populated place",
        "geoname_id": 13121043
      }
    },
    {
      "type": "Feature",
      "geometry": {
        "type": "Point",
        "coordinates": [
          31.0736,
          -26.81898
        ]
      },
      "properties": {
        "name": "Sibovu",
        "country": "Eswatini",
        "region": "Manzini Region",
        "elevation_m": null,
        "population": 0,
        "feature_type": "populated place",
        "geoname_id": 13121048
      }
    },
    {
      "type": "Feature",
      "geometry": {
        "type": "Point",
        "coordinates": [
          31.07468,
          -26.79384
        ]
      },
      "properties": {
        "name": "Ngcoseni",
        "country": "Eswatini",
        "region": "Manzini Region",
        "elevation_m": null,
        "population": 0,
        "feature_type": "populated place",
        "geoname_id": 13121049
      }
    },
    {
      "type": "Feature",
      "geometry": {
        "type": "Point",
        "coordinates": [
          31.09979,
          -26.99802
        ]
      },
      "properties": {
        "name": "Mshengu",
        "country": "Eswatini",
        "region": "Shiselweni",
        "elevation_m": null,
        "population": 0,
        "feature_type": "populated place",
        "geoname_id": 13121050
      }
    },
    {
      "type": "Feature",
      "geometry": {
        "type": "Point",
        "coordinates": [
          31.17907,
          -26.85162
        ]
      },
      "properties": {
        "name": "Mgomfelweni",
        "country": "Eswatini",
        "region": "Shiselweni",
        "elevation_m": null,
        "population": 0,
        "feature_type": "populated place",
        "geoname_id": 13121052
      }
    },
    {
      "type": "Feature",
      "geometry": {
        "type": "Point",
        "coordinates": [
          31.2785,
          -26.88514
        ]
      },
      "properties": {
        "name": "Riceland",
        "country": "Eswatini",
        "region": "Hhohho Region",
        "elevation_m": null,
        "population": 0,
        "feature_type": "populated place",
        "geoname_id": 13121058
      }
    },
    {
      "type": "Feature",
      "geometry": {
        "type": "Point",
        "coordinates": [
          31.14259,
          -26.95992
        ]
      },
      "properties": {
        "name": "Lagubhu",
        "country": "Eswatini",
        "region": "Shiselweni",
        "elevation_m": null,
        "population": 0,
        "feature_type": "populated place",
        "geoname_id": 13121059
      }
    },
    {
      "type": "Feature",
      "geometry": {
        "type": "Point",
        "coordinates": [
          31.27864,
          -26.98928
        ]
      },
      "properties": {
        "name": "Foxhill",
        "country": "Eswatini",
        "region": "Hhohho Region",
        "elevation_m": null,
        "population": 0,
        "feature_type": "populated place",
        "geoname_id": 13121066
      }
    },
    {
      "type": "Feature",
      "geometry": {
        "type": "Point",
        "coordinates": [
          31.05952,
          -26.81845
        ]
      },
      "properties": {
        "name": "Mtungulube",
        "country": "Eswatini",
        "region": "Manzini Region",
        "elevation_m": null,
        "population": 0,
        "feature_type": "populated place",
        "geoname_id": 13121068
      }
    },
    {
      "type": "Feature",
      "geometry": {
        "type": "Point",
        "coordinates": [
          31.04733,
          -26.96808
        ]
      },
      "properties": {
        "name": "Makholwa",
        "country": "Eswatini",
        "region": "Shiselweni",
        "elevation_m": null,
        "population": 0,
        "feature_type": "populated place",
        "geoname_id": 13121071
      }
    },
    {
      "type": "Feature",
      "geometry": {
        "type": "Point",
        "coordinates": [
          31.07405,
          -26.84321
        ]
      },
      "properties": {
        "name": "Ngodvwane",
        "country": "Eswatini",
        "region": "Manzini Region",
        "elevation_m": null,
        "population": 0,
        "feature_type": "populated place",
        "geoname_id": 13121074
      }
    },
    {
      "type": "Feature",
      "geometry": {
        "type": "Point",
        "coordinates": [
          31.1123,
          -26.8119
        ]
      },
      "properties": {
        "name": "Makubulando",
        "country": "Eswatini",
        "region": "Manzini Region",
        "elevation_m": null,
        "population": 0,
        "feature_type": "populated place",
        "geoname_id": 13121077
      }
    },
    {
      "type": "Feature",
      "geometry": {
        "type": "Point",
        "coordinates": [
          31.00495,
          -26.83747
        ]
      },
      "properties": {
        "name": "Sidwala",
        "country": "Eswatini",
        "region": "Shiselweni",
        "elevation_m": null,
        "population": 0,
        "feature_type": "populated place",
        "geoname_id": 13121079
      }
    },
    {
      "type": "Feature",
      "geometry": {
        "type": "Point",
        "coordinates": [
          31.13489,
          -26.81084
        ]
      },
      "properties": {
        "name": "Umkobo",
        "country": "Eswatini",
        "region": "Manzini Region",
        "elevation_m": null,
        "population": 0,
        "feature_type": "populated place",
        "geoname_id": 13121082
      }
    },
    {
      "type": "Feature",
      "geometry": {
        "type": "Point",
        "coordinates": [
          31.41658,
          -26.88009
        ]
      },
      "properties": {
        "name": "Pbelindaba",
        "country": "Eswatini",
        "region": "Shiselweni",
        "elevation_m": null,
        "population": 0,
        "feature_type": "populated place",
        "geoname_id": 13121788
      }
    },
    {
      "type": "Feature",
      "geometry": {
        "type": "Point",
        "coordinates": [
          31.40772,
          -26.99975
        ]
      },
      "properties": {
        "name": "Kontshingila",
        "country": "Eswatini",
        "region": "Shiselweni",
        "elevation_m": null,
        "population": 0,
        "feature_type": "populated place",
        "geoname_id": 13121789
      }
    },
    {
      "type": "Feature",
      "geometry": {
        "type": "Point",
        "coordinates": [
          31.3672,
          -27.02518
        ]
      },
      "properties": {
        "name": "Kontshingila",
        "country": "Eswatini",
        "region": "Shiselweni",
        "elevation_m": null,
        "population": 0,
        "feature_type": "populated place",
        "geoname_id": 13121790
      }
    },
    {
      "type": "Feature",
      "geometry": {
        "type": "Point",
        "coordinates": [
          31.28666,
          -27.0138
        ]
      },
      "properties": {
        "name": "Madulini",
        "country": "Eswatini",
        "region": "Shiselweni",
        "elevation_m": null,
        "population": 0,
        "feature_type": "populated place",
        "geoname_id": 13121791
      }
    },
    {
      "type": "Feature",
      "geometry": {
        "type": "Point",
        "coordinates": [
          31.47032,
          -26.83185
        ]
      },
      "properties": {
        "name": "Zishinani",
        "country": "Eswatini",
        "region": "Shiselweni",
        "elevation_m": null,
        "population": 0,
        "feature_type": "populated place",
        "geoname_id": 13121793
      }
    },
    {
      "type": "Feature",
      "geometry": {
        "type": "Point",
        "coordinates": [
          31.41274,
          -26.87332
        ]
      },
      "properties": {
        "name": "Pypklin",
        "country": "Eswatini",
        "region": "Shiselweni",
        "elevation_m": null,
        "population": 0,
        "feature_type": "populated place",
        "geoname_id": 13121794
      }
    },
    {
      "type": "Feature",
      "geometry": {
        "type": "Point",
        "coordinates": [
          31.31114,
          -26.8828
        ]
      },
      "properties": {
        "name": "Nkwene",
        "country": "Eswatini",
        "region": "Shiselweni",
        "elevation_m": null,
        "population": 0,
        "feature_type": "populated place",
        "geoname_id": 13121795
      }
    },
    {
      "type": "Feature",
      "geometry": {
        "type": "Point",
        "coordinates": [
          31.37624,
          -26.94156
        ]
      },
      "properties": {
        "name": "Mtsambame Nkhundla",
        "country": "Eswatini",
        "region": "Shiselweni",
        "elevation_m": null,
        "population": 0,
        "feature_type": "populated place",
        "geoname_id": 13121797
      }
    },
    {
      "type": "Feature",
      "geometry": {
        "type": "Point",
        "coordinates": [
          31.48952,
          -26.82658
        ]
      },
      "properties": {
        "name": "Toakoms",
        "country": "Eswatini",
        "region": "Shiselweni",
        "elevation_m": null,
        "population": 0,
        "feature_type": "populated place",
        "geoname_id": 13121799
      }
    },
    {
      "type": "Feature",
      "geometry": {
        "type": "Point",
        "coordinates": [
          31.47508,
          -26.86853
        ]
      },
      "properties": {
        "name": "Terrasse",
        "country": "Eswatini",
        "region": "Shiselweni",
        "elevation_m": null,
        "population": 0,
        "feature_type": "populated place",
        "geoname_id": 13121801
      }
    },
    {
      "type": "Feature",
      "geometry": {
        "type": "Point",
        "coordinates": [
          31.32654,
          -26.83557
        ]
      },
      "properties": {
        "name": "Nkwene Nkhundla",
        "country": "Eswatini",
        "region": "Shiselweni",
        "elevation_m": null,
        "population": 0,
        "feature_type": "populated place",
        "geoname_id": 13121802
      }
    },
    {
      "type": "Feature",
      "geometry": {
        "type": "Point",
        "coordinates": [
          31.29798,
          -26.94642
        ]
      },
      "properties": {
        "name": "Singwane",
        "country": "Eswatini",
        "region": "Shiselweni",
        "elevation_m": null,
        "population": 0,
        "feature_type": "populated place",
        "geoname_id": 13121803
      }
    },
    {
      "type": "Feature",
      "geometry": {
        "type": "Point",
        "coordinates": [
          31.28529,
          -26.95929
        ]
      },
      "properties": {
        "name": "Crystal Fountain",
        "country": "Eswatini",
        "region": "Shiselweni",
        "elevation_m": null,
        "population": 0,
        "feature_type": "populated place",
        "geoname_id": 13121804
      }
    },
    {
      "type": "Feature",
      "geometry": {
        "type": "Point",
        "coordinates": [
          31.44733,
          -26.83114
        ]
      },
      "properties": {
        "name": "Kandlovu",
        "country": "Eswatini",
        "region": "Shiselweni",
        "elevation_m": null,
        "population": 0,
        "feature_type": "populated place",
        "geoname_id": 13121805
      }
    },
    {
      "type": "Feature",
      "geometry": {
        "type": "Point",
        "coordinates": [
          31.45853,
          -27.0237
        ]
      },
      "properties": {
        "name": "Ekuvukeni",
        "country": "Eswatini",
        "region": "Shiselweni",
        "elevation_m": null,
        "population": 0,
        "feature_type": "populated place",
        "geoname_id": 13121806
      }
    },
    {
      "type": "Feature",
      "geometry": {
        "type": "Point",
        "coordinates": [
          31.33482,
          -26.96839
        ]
      },
      "properties": {
        "name": "Kahlatsi",
        "country": "Eswatini",
        "region": "Shiselweni",
        "elevation_m": null,
        "population": 0,
        "feature_type": "populated place",
        "geoname_id": 13121807
      }
    },
    {
      "type": "Feature",
      "geometry": {
        "type": "Point",
        "coordinates": [
          31.36061,
          -26.80388
        ]
      },
      "properties": {
        "name": "Nyanyali",
        "country": "Eswatini",
        "region": "Shiselweni",
        "elevation_m": null,
        "population": 0,
        "feature_type": "populated place",
        "geoname_id": 13121810
      }
    },
    {
      "type": "Feature",
      "geometry": {
        "type": "Point",
        "coordinates": [
          31.49772,
          -26.80168
        ]
      },
      "properties": {
        "name": "Kuphumleni",
        "country": "Eswatini",
        "region": "Shiselweni",
        "elevation_m": null,
        "population": 0,
        "feature_type": "populated place",
        "geoname_id": 13121812
      }
    },
    {
      "type": "Feature",
      "geometry": {
        "type": "Point",
        "coordinates": [
          31.35438,
          -26.94354
        ]
      },
      "properties": {
        "name": "Kwendzeni",
        "country": "Eswatini",
        "region": "Shiselweni",
        "elevation_m": null,
        "population": 0,
        "feature_type": "populated place",
        "geoname_id": 13121815
      }
    },
    {
      "type": "Feature",
      "geometry": {
        "type": "Point",
        "coordinates": [
          31.41982,
          -26.89401
        ]
      },
      "properties": {
        "name": "Rosendal",
        "country": "Eswatini",
        "region": "Shiselweni",
        "elevation_m": null,
        "population": 0,
        "feature_type": "populated place",
        "geoname_id": 13121817
      }
    },
    {
      "type": "Feature",
      "geometry": {
        "type": "Point",
        "coordinates": [
          31.37344,
          -26.9412
        ]
      },
      "properties": {
        "name": "Lugaje",
        "country": "Eswatini",
        "region": "Shiselweni",
        "elevation_m": null,
        "population": 0,
        "feature_type": "populated place",
        "geoname_id": 13121819
      }
    },
    {
      "type": "Feature",
      "geometry": {
        "type": "Point",
        "coordinates": [
          31.40512,
          -26.85166
        ]
      },
      "properties": {
        "name": "Simamuva",
        "country": "Eswatini",
        "region": "Shiselweni",
        "elevation_m": null,
        "population": 0,
        "feature_type": "populated place",
        "geoname_id": 13121822
      }
    },
    {
      "type": "Feature",
      "geometry": {
        "type": "Point",
        "coordinates": [
          31.46185,
          -26.93905
        ]
      },
      "properties": {
        "name": "Kambhokwe",
        "country": "Eswatini",
        "region": "Shiselweni",
        "elevation_m": null,
        "population": 0,
        "feature_type": "populated place",
        "geoname_id": 13121826
      }
    },
    {
      "type": "Feature",
      "geometry": {
        "type": "Point",
        "coordinates": [
          31.48004,
          -26.91227
        ]
      },
      "properties": {
        "name": "Angloswazi",
        "country": "Eswatini",
        "region": "Lubombo Region",
        "elevation_m": null,
        "population": 0,
        "feature_type": "populated place",
        "geoname_id": 13121827
      }
    },
    {
      "type": "Feature",
      "geometry": {
        "type": "Point",
        "coordinates": [
          31.3838,
          -26.86925
        ]
      },
      "properties": {
        "name": "Glenavis",
        "country": "Eswatini",
        "region": "Shiselweni",
        "elevation_m": null,
        "population": 0,
        "feature_type": "populated place",
        "geoname_id": 13121829
      }
    },
    {
      "type": "Feature",
      "geometry": {
        "type": "Point",
        "coordinates": [
          31.30673,
          -26.80088
        ]
      },
      "properties": {
        "name": "Brahwini",
        "country": "Eswatini",
        "region": "Manzini Region",
        "elevation_m": null,
        "population": 0,
        "feature_type": "populated place",
        "geoname_id": 13121830
      }
    },
    {
      "type": "Feature",
      "geometry": {
        "type": "Point",
        "coordinates": [
          31.44759,
          -26.84333
        ]
      },
      "properties": {
        "name": "Dukumbane",
        "country": "Eswatini",
        "region": "Shiselweni",
        "elevation_m": null,
        "population": 0,
        "feature_type": "populated place",
        "geoname_id": 13121831
      }
    },
    {
      "type": "Feature",
      "geometry": {
        "type": "Point",
        "coordinates": [
          31.33385,
          -26.92467
        ]
      },
      "properties": {
        "name": "Magele",
        "country": "Eswatini",
        "region": "Shiselweni",
        "elevation_m": null,
        "population": 0,
        "feature_type": "populated place",
        "geoname_id": 13121832
      }
    },
    {
      "type": "Feature",
      "geometry": {
        "type": "Point",
        "coordinates": [
          31.39432,
          -26.92675
        ]
      },
      "properties": {
        "name": "Lobuya",
        "country": "Eswatini",
        "region": "Shiselweni",
        "elevation_m": null,
        "population": 0,
        "feature_type": "populated place",
        "geoname_id": 13121834
      }
    },
    {
      "type": "Feature",
      "geometry": {
        "type": "Point",
        "coordinates": [
          31.44963,
          -26.95815
        ]
      },
      "properties": {
        "name": "Teylsa",
        "country": "Eswatini",
        "region": "Shiselweni",
        "elevation_m": null,
        "population": 0,
        "feature_type": "populated place",
        "geoname_id": 13121836
      }
    },
    {
      "type": "Feature",
      "geometry": {
        "type": "Point",
        "coordinates": [
          31.33459,
          -26.91283
        ]
      },
      "properties": {
        "name": "Madarp",
        "country": "Eswatini",
        "region": "Shiselweni",
        "elevation_m": null,
        "population": 0,
        "feature_type": "populated place",
        "geoname_id": 13121839
      }
    },
    {
      "type": "Feature",
      "geometry": {
        "type": "Point",
        "coordinates": [
          31.40802,
          -26.84313
        ]
      },
      "properties": {
        "name": "Ekuphakamen",
        "country": "Eswatini",
        "region": "Shiselweni",
        "elevation_m": null,
        "population": 0,
        "feature_type": "populated place",
        "geoname_id": 13121843
      }
    },
    {
      "type": "Feature",
      "geometry": {
        "type": "Point",
        "coordinates": [
          31.31408,
          -26.89464
        ]
      },
      "properties": {
        "name": "Jabulani",
        "country": "Eswatini",
        "region": "Shiselweni",
        "elevation_m": null,
        "population": 0,
        "feature_type": "populated place",
        "geoname_id": 13121844
      }
    },
    {
      "type": "Feature",
      "geometry": {
        "type": "Point",
        "coordinates": [
          31.48986,
          -26.94169
        ]
      },
      "properties": {
        "name": "Satugahe",
        "country": "Eswatini",
        "region": "Shiselweni",
        "elevation_m": null,
        "population": 0,
        "feature_type": "populated place",
        "geoname_id": 13121845
      }
    },
    {
      "type": "Feature",
      "geometry": {
        "type": "Point",
        "coordinates": [
          31.39249,
          -26.8984
        ]
      },
      "properties": {
        "name": "Endleni",
        "country": "Eswatini",
        "region": "Shiselweni",
        "elevation_m": null,
        "population": 0,
        "feature_type": "populated place",
        "geoname_id": 13121846
      }
    },
    {
      "type": "Feature",
      "geometry": {
        "type": "Point",
        "coordinates": [
          31.38415,
          -26.87793
        ]
      },
      "properties": {
        "name": "Bananadraal",
        "country": "Eswatini",
        "region": "Shiselweni",
        "elevation_m": null,
        "population": 0,
        "feature_type": "populated place",
        "geoname_id": 13121847
      }
    },
    {
      "type": "Feature",
      "geometry": {
        "type": "Point",
        "coordinates": [
          31.39421,
          -26.78253
        ]
      },
      "properties": {
        "name": "Cibo",
        "country": "Eswatini",
        "region": "Shiselweni",
        "elevation_m": null,
        "population": 0,
        "feature_type": "populated place",
        "geoname_id": 13121848
      }
    },
    {
      "type": "Feature",
      "geometry": {
        "type": "Point",
        "coordinates": [
          31.2964,
          -26.97022
        ]
      },
      "properties": {
        "name": "Helena",
        "country": "Eswatini",
        "region": "Shiselweni",
        "elevation_m": null,
        "population": 0,
        "feature_type": "populated place",
        "geoname_id": 13121851
      }
    },
    {
      "type": "Feature",
      "geometry": {
        "type": "Point",
        "coordinates": [
          31.40983,
          -26.83542
        ]
      },
      "properties": {
        "name": "Nkhundla",
        "country": "Eswatini",
        "region": "Shiselweni",
        "elevation_m": null,
        "population": 0,
        "feature_type": "populated place",
        "geoname_id": 13121852
      }
    },
    {
      "type": "Feature",
      "geometry": {
        "type": "Point",
        "coordinates": [
          31.37582,
          -26.90972
        ]
      },
      "properties": {
        "name": "Sismane",
        "country": "Eswatini",
        "region": "Shiselweni",
        "elevation_m": null,
        "population": 0,
        "feature_type": "populated place",
        "geoname_id": 13121855
      }
    },
    {
      "type": "Feature",
      "geometry": {
        "type": "Point",
        "coordinates": [
          31.42094,
          -26.86751
        ]
      },
      "properties": {
        "name": "Zaaihoek",
        "country": "Eswatini",
        "region": "Shiselweni",
        "elevation_m": null,
        "population": 0,
        "feature_type": "populated place",
        "geoname_id": 13121856
      }
    },
    {
      "type": "Feature",
      "geometry": {
        "type": "Point",
        "coordinates": [
          31.2911,
          -26.9211
        ]
      },
      "properties": {
        "name": "Abundance",
        "country": "Eswatini",
        "region": "Shiselweni",
        "elevation_m": null,
        "population": 0,
        "feature_type": "populated place",
        "geoname_id": 13121857
      }
    },
    {
      "type": "Feature",
      "geometry": {
        "type": "Point",
        "coordinates": [
          31.44446,
          -26.89505
        ]
      },
      "properties": {
        "name": "Menziwa",
        "country": "Eswatini",
        "region": "Shiselweni",
        "elevation_m": null,
        "population": 0,
        "feature_type": "populated place",
        "geoname_id": 13121858
      }
    },
    {
      "type": "Feature",
      "geometry": {
        "type": "Point",
        "coordinates": [
          31.42475,
          -26.78625
        ]
      },
      "properties": {
        "name": "Sikhunyane",
        "country": "Eswatini",
        "region": "Shiselweni",
        "elevation_m": null,
        "population": 0,
        "feature_type": "populated place",
        "geoname_id": 13121860
      }
    },
    {
      "type": "Feature",
      "geometry": {
        "type": "Point",
        "coordinates": [
          31.48127,
          -26.79052
        ]
      },
      "properties": {
        "name": "Kaphunga",
        "country": "Eswatini",
        "region": "Shiselweni",
        "elevation_m": null,
        "population": 0,
        "feature_type": "populated place",
        "geoname_id": 13121861
      }
    },
    {
      "type": "Feature",
      "geometry": {
        "type": "Point",
        "coordinates": [
          31.38749,
          -26.86994
        ]
      },
      "properties": {
        "name": "Siguqa",
        "country": "Eswatini",
        "region": "Shiselweni",
        "elevation_m": null,
        "population": 0,
        "feature_type": "populated place",
        "geoname_id": 13121862
      }
    },
    {
      "type": "Feature",
      "geometry": {
        "type": "Point",
        "coordinates": [
          31.48456,
          -26.99059
        ]
      },
      "properties": {
        "name": "Kanyew",
        "country": "Eswatini",
        "region": "Shiselweni",
        "elevation_m": null,
        "population": 0,
        "feature_type": "populated place",
        "geoname_id": 13121863
      }
    },
    {
      "type": "Feature",
      "geometry": {
        "type": "Point",
        "coordinates": [
          31.33923,
          -26.95018
        ]
      },
      "properties": {
        "name": "Mbotsheni",
        "country": "Eswatini",
        "region": "Shiselweni",
        "elevation_m": null,
        "population": 0,
        "feature_type": "populated place",
        "geoname_id": 13121864
      }
    },
    {
      "type": "Feature",
      "geometry": {
        "type": "Point",
        "coordinates": [
          31.31348,
          -26.84346
        ]
      },
      "properties": {
        "name": "Buseleni",
        "country": "Eswatini",
        "region": "Shiselweni",
        "elevation_m": null,
        "population": 0,
        "feature_type": "populated place",
        "geoname_id": 13121867
      }
    },
    {
      "type": "Feature",
      "geometry": {
        "type": "Point",
        "coordinates": [
          31.39378,
          -26.96972
        ]
      },
      "properties": {
        "name": "Mthonjeni Wengwavuma",
        "country": "Eswatini",
        "region": "Shiselweni",
        "elevation_m": null,
        "population": 0,
        "feature_type": "populated place",
        "geoname_id": 13121869
      }
    },
    {
      "type": "Feature",
      "geometry": {
        "type": "Point",
        "coordinates": [
          31.47426,
          -26.98151
        ]
      },
      "properties": {
        "name": "Rastfontein",
        "country": "Eswatini",
        "region": "Shiselweni",
        "elevation_m": null,
        "population": 0,
        "feature_type": "populated place",
        "geoname_id": 13121870
      }
    },
    {
      "type": "Feature",
      "geometry": {
        "type": "Point",
        "coordinates": [
          31.71713,
          -27.06665
        ]
      },
      "properties": {
        "name": "Nkalondze",
        "country": "Eswatini",
        "region": "Shiselweni",
        "elevation_m": null,
        "population": 0,
        "feature_type": "populated place",
        "geoname_id": 13130807
      }
    },
    {
      "type": "Feature",
      "geometry": {
        "type": "Point",
        "coordinates": [
          31.66429,
          -27.16964
        ]
      },
      "properties": {
        "name": "Makhava",
        "country": "Eswatini",
        "region": "Shiselweni",
        "elevation_m": null,
        "population": 0,
        "feature_type": "populated place",
        "geoname_id": 13130809
      }
    },
    {
      "type": "Feature",
      "geometry": {
        "type": "Point",
        "coordinates": [
          31.5581,
          -27.2289
        ]
      },
      "properties": {
        "name": "Gundvwini",
        "country": "Eswatini",
        "region": "Shiselweni",
        "elevation_m": null,
        "population": 0,
        "feature_type": "populated place",
        "geoname_id": 13130810
      }
    },
    {
      "type": "Feature",
      "geometry": {
        "type": "Point",
        "coordinates": [
          31.77496,
          -27.16505
        ]
      },
      "properties": {
        "name": "Mdlebeni",
        "country": "Eswatini",
        "region": "Shiselweni",
        "elevation_m": null,
        "population": 0,
        "feature_type": "populated place",
        "geoname_id": 13130811
      }
    },
    {
      "type": "Feature",
      "geometry": {
        "type": "Point",
        "coordinates": [
          31.57265,
          -27.07991
        ]
      },
      "properties": {
        "name": "Ntjanini",
        "country": "Eswatini",
        "region": "Shiselweni",
        "elevation_m": null,
        "population": 0,
        "feature_type": "populated place",
        "geoname_id": 13130813
      }
    },
    {
      "type": "Feature",
      "geometry": {
        "type": "Point",
        "coordinates": [
          31.73267,
          -27.10824
        ]
      },
      "properties": {
        "name": "Qomintaba",
        "country": "Eswatini",
        "region": "Shiselweni",
        "elevation_m": null,
        "population": 0,
        "feature_type": "populated place",
        "geoname_id": 13130814
      }
    },
    {
      "type": "Feature",
      "geometry": {
        "type": "Point",
        "coordinates": [
          31.57496,
          -27.21397
        ]
      },
      "properties": {
        "name": "Weltevrede",
        "country": "Eswatini",
        "region": "Shiselweni",
        "elevation_m": null,
        "population": 0,
        "feature_type": "populated place",
        "geoname_id": 13130815
      }
    },
    {
      "type": "Feature",
      "geometry": {
        "type": "Point",
        "coordinates": [
          31.54431,
          -27.2046
        ]
      },
      "properties": {
        "name": "Thrings Post",
        "country": "Eswatini",
        "region": "Shiselweni",
        "elevation_m": null,
        "population": 0,
        "feature_type": "populated place",
        "geoname_id": 13130816
      }
    },
    {
      "type": "Feature",
      "geometry": {
        "type": "Point",
        "coordinates": [
          31.54886,
          -27.30233
        ]
      },
      "properties": {
        "name": "Mkhwahkweni",
        "country": "Eswatini",
        "region": "Shiselweni",
        "elevation_m": null,
        "population": 0,
        "feature_type": "populated place",
        "geoname_id": 13130817
      }
    },
    {
      "type": "Feature",
      "geometry": {
        "type": "Point",
        "coordinates": [
          31.58344,
          -27.1916
        ]
      },
      "properties": {
        "name": "Lushop",
        "country": "Eswatini",
        "region": "Shiselweni",
        "elevation_m": null,
        "population": 0,
        "feature_type": "populated place",
        "geoname_id": 13130822
      }
    },
    {
      "type": "Feature",
      "geometry": {
        "type": "Point",
        "coordinates": [
          31.5824,
          -27.17862
        ]
      },
      "properties": {
        "name": "Ensingizini",
        "country": "Eswatini",
        "region": "Shiselweni",
        "elevation_m": null,
        "population": 0,
        "feature_type": "populated place",
        "geoname_id": 13130825
      }
    },
    {
      "type": "Feature",
      "geometry": {
        "type": "Point",
        "coordinates": [
          31.76724,
          -27.29198
        ]
      },
      "properties": {
        "name": "Mgampondo",
        "country": "Eswatini",
        "region": "Shiselweni",
        "elevation_m": null,
        "population": 0,
        "feature_type": "populated place",
        "geoname_id": 13130830
      }
    },
    {
      "type": "Feature",
      "geometry": {
        "type": "Point",
        "coordinates": [
          31.7335,
          -27.23724
        ]
      },
      "properties": {
        "name": "Matsanjeni",
        "country": "Eswatini",
        "region": "Shiselweni",
        "elevation_m": null,
        "population": 0,
        "feature_type": "populated place",
        "geoname_id": 13130831
      }
    },
    {
      "type": "Feature",
      "geometry": {
        "type": "Point",
        "coordinates": [
          31.72547,
          -27.1369
        ]
      },
      "properties": {
        "name": "Ekukhanyeni",
        "country": "Eswatini",
        "region": "Shiselweni",
        "elevation_m": null,
        "population": 0,
        "feature_type": "populated place",
        "geoname_id": 13130832
      }
    },
    {
      "type": "Feature",
      "geometry": {
        "type": "Point",
        "coordinates": [
          31.68403,
          -27.11388
        ]
      },
      "properties": {
        "name": "Sigwe",
        "country": "Eswatini",
        "region": "Shiselweni",
        "elevation_m": null,
        "population": 0,
        "feature_type": "populated place",
        "geoname_id": 13130833
      }
    },
    {
      "type": "Feature",
      "geometry": {
        "type": "Point",
        "coordinates": [
          31.747,
          -27.25519
        ]
      },
      "properties": {
        "name": "Nkhundla",
        "country": "Eswatini",
        "region": "Shiselweni",
        "elevation_m": null,
        "population": 0,
        "feature_type": "populated place",
        "geoname_id": 13130836
      }
    },
    {
      "type": "Feature",
      "geometry": {
        "type": "Point",
        "coordinates": [
          31.64507,
          -27.23889
        ]
      },
      "properties": {
        "name": "Oslo",
        "country": "Eswatini",
        "region": "Shiselweni",
        "elevation_m": null,
        "population": 0,
        "feature_type": "populated place",
        "geoname_id": 13130837
      }
    },
    {
      "type": "Feature",
      "geometry": {
        "type": "Point",
        "coordinates": [
          31.64609,
          -27.11466
        ]
      },
      "properties": {
        "name": "Sigwe Nkhundla",
        "country": "Eswatini",
        "region": "Shiselweni",
        "elevation_m": null,
        "population": 0,
        "feature_type": "populated place",
        "geoname_id": 13130838
      }
    },
    {
      "type": "Feature",
      "geometry": {
        "type": "Point",
        "coordinates": [
          31.56432,
          -27.17099
        ]
      },
      "properties": {
        "name": "Sigumbili",
        "country": "Eswatini",
        "region": "Shiselweni",
        "elevation_m": null,
        "population": 0,
        "feature_type": "populated place",
        "geoname_id": 13130840
      }
    },
    {
      "type": "Feature",
      "geometry": {
        "type": "Point",
        "coordinates": [
          31.63884,
          -27.20209
        ]
      },
      "properties": {
        "name": "Hlushwana",
        "country": "Eswatini",
        "region": "Shiselweni",
        "elevation_m": null,
        "population": 0,
        "feature_type": "populated place",
        "geoname_id": 13130842
      }
    },
    {
      "type": "Feature",
      "geometry": {
        "type": "Point",
        "coordinates": [
          31.54977,
          -27.06449
        ]
      },
      "properties": {
        "name": "Lusitini",
        "country": "Eswatini",
        "region": "Shiselweni",
        "elevation_m": null,
        "population": 0,
        "feature_type": "populated place",
        "geoname_id": 13130844
      }
    },
    {
      "type": "Feature",
      "geometry": {
        "type": "Point",
        "coordinates": [
          31.46449,
          -25.751
        ]
      },
      "properties": {
        "name": "Matsamo Border Post",
        "country": "Eswatini",
        "region": "Hhohho Region",
        "elevation_m": null,
        "population": 0,
        "feature_type": "populated place",
        "geoname_id": 13094856
      }
    },
    {
      "type": "Feature",
      "geometry": {
        "type": "Point",
        "coordinates": [
          31.2708,
          -25.93301
        ]
      },
      "properties": {
        "name": "Emoyeni",
        "country": "Eswatini",
        "region": "Hhohho Region",
        "elevation_m": null,
        "population": 0,
        "feature_type": "populated place",
        "geoname_id": 13094858
      }
    },
    {
      "type": "Feature",
      "geometry": {
        "type": "Point",
        "coordinates": [
          31.49612,
          -25.85575
        ]
      },
      "properties": {
        "name": "Nkhundia",
        "country": "Eswatini",
        "region": "Hhohho Region",
        "elevation_m": null,
        "population": 0,
        "feature_type": "populated place",
        "geoname_id": 13094860
      }
    },
    {
      "type": "Feature",
      "geometry": {
        "type": "Point",
        "coordinates": [
          31.35461,
          -25.88396
        ]
      },
      "properties": {
        "name": "Mnigeleli",
        "country": "Eswatini",
        "region": "Hhohho Region",
        "elevation_m": null,
        "population": 0,
        "feature_type": "populated place",
        "geoname_id": 13094867
      }
    },
    {
      "type": "Feature",
      "geometry": {
        "type": "Point",
        "coordinates": [
          31.34342,
          -25.86996
        ]
      },
      "properties": {
        "name": "Mshinande",
        "country": "Eswatini",
        "region": "Hhohho Region",
        "elevation_m": null,
        "population": 0,
        "feature_type": "populated place",
        "geoname_id": 13094868
      }
    },
    {
      "type": "Feature",
      "geometry": {
        "type": "Point",
        "coordinates": [
          31.36822,
          -25.93862
        ]
      },
      "properties": {
        "name": "Mzimnene",
        "country": "Eswatini",
        "region": "Hhohho Region",
        "elevation_m": null,
        "population": 0,
        "feature_type": "populated place",
        "geoname_id": 13094871
      }
    },
    {
      "type": "Feature",
      "geometry": {
        "type": "Point",
        "coordinates": [
          31.46135,
          -25.92303
        ]
      },
      "properties": {
        "name": "Jeke",
        "country": "Eswatini",
        "region": "Hhohho Region",
        "elevation_m": null,
        "population": 0,
        "feature_type": "populated place",
        "geoname_id": 13094872
      }
    },
    {
      "type": "Feature",
      "geometry": {
        "type": "Point",
        "coordinates": [
          31.34641,
          -25.87891
        ]
      },
      "properties": {
        "name": "Mshingishingini",
        "country": "Eswatini",
        "region": "Hhohho Region",
        "elevation_m": null,
        "population": 0,
        "feature_type": "populated place",
        "geoname_id": 13094874
      }
    },
    {
      "type": "Feature",
      "geometry": {
        "type": "Point",
        "coordinates": [
          31.3154,
          -25.85514
        ]
      },
      "properties": {
        "name": "Mhlekwa",
        "country": "Eswatini",
        "region": "Hhohho Region",
        "elevation_m": null,
        "population": 0,
        "feature_type": "populated place",
        "geoname_id": 13094875
      }
    },
    {
      "type": "Feature",
      "geometry": {
        "type": "Point",
        "coordinates": [
          31.37309,
          -25.81068
        ]
      },
      "properties": {
        "name": "Siblela",
        "country": "Eswatini",
        "region": "Hhohho Region",
        "elevation_m": null,
        "population": 0,
        "feature_type": "populated place",
        "geoname_id": 13094876
      }
    },
    {
      "type": "Feature",
      "geometry": {
        "type": "Point",
        "coordinates": [
          31.41204,
          -25.97568
        ]
      },
      "properties": {
        "name": "Mnikwa",
        "country": "Eswatini",
        "region": "Hhohho Region",
        "elevation_m": null,
        "population": 0,
        "feature_type": "populated place",
        "geoname_id": 13094878
      }
    },
    {
      "type": "Feature",
      "geometry": {
        "type": "Point",
        "coordinates": [
          31.35448,
          -25.78395
        ]
      },
      "properties": {
        "name": "Sidwashini",
        "country": "Eswatini",
        "region": "Hhohho Region",
        "elevation_m": null,
        "population": 0,
        "feature_type": "populated place",
        "geoname_id": 13094880
      }
    },
    {
      "type": "Feature",
      "geometry": {
        "type": "Point",
        "coordinates": [
          31.31653,
          -25.82208
        ]
      },
      "properties": {
        "name": "Lomshiyo",
        "country": "Eswatini",
        "region": "Hhohho Region",
        "elevation_m": null,
        "population": 0,
        "feature_type": "populated place",
        "geoname_id": 13094884
      }
    },
    {
      "type": "Feature",
      "geometry": {
        "type": "Point",
        "coordinates": [
          31.45928,
          -25.79394
        ]
      },
      "properties": {
        "name": "Ndlalambi",
        "country": "Eswatini",
        "region": "Hhohho Region",
        "elevation_m": null,
        "population": 0,
        "feature_type": "populated place",
        "geoname_id": 13094887
      }
    },
    {
      "type": "Feature",
      "geometry": {
        "type": "Point",
        "coordinates": [
          31.46009,
          -25.91262
        ]
      },
      "properties": {
        "name": "Jacks",
        "country": "Eswatini",
        "region": "Hhohho Region",
        "elevation_m": null,
        "population": 0,
        "feature_type": "populated place",
        "geoname_id": 13094888
      }
    },
    {
      "type": "Feature",
      "geometry": {
        "type": "Point",
        "coordinates": [
          31.40734,
          -25.76255
        ]
      },
      "properties": {
        "name": "Emvembili",
        "country": "Eswatini",
        "region": "Hhohho Region",
        "elevation_m": null,
        "population": 0,
        "feature_type": "populated place",
        "geoname_id": 13094896
      }
    },
    {
      "type": "Feature",
      "geometry": {
        "type": "Point",
        "coordinates": [
          31.43792,
          -25.77486
        ]
      },
      "properties": {
        "name": "Wosheni",
        "country": "Eswatini",
        "region": "Hhohho Region",
        "elevation_m": null,
        "population": 0,
        "feature_type": "populated place",
        "geoname_id": 13094897
      }
    },
    {
      "type": "Feature",
      "geometry": {
        "type": "Point",
        "coordinates": [
          31.44874,
          -25.9951
        ]
      },
      "properties": {
        "name": "Heleba",
        "country": "Eswatini",
        "region": "Hhohho Region",
        "elevation_m": null,
        "population": 0,
        "feature_type": "populated place",
        "geoname_id": 13094899
      }
    },
    {
      "type": "Feature",
      "geometry": {
        "type": "Point",
        "coordinates": [
          31.39744,
          -25.8722
        ]
      },
      "properties": {
        "name": "Mgobodzi",
        "country": "Eswatini",
        "region": "Hhohho Region",
        "elevation_m": null,
        "population": 0,
        "feature_type": "populated place",
        "geoname_id": 13094902
      }
    },
    {
      "type": "Feature",
      "geometry": {
        "type": "Point",
        "coordinates": [
          31.30477,
          -25.91504
        ]
      },
      "properties": {
        "name": "Boshimela",
        "country": "Eswatini",
        "region": "Hhohho Region",
        "elevation_m": null,
        "population": 0,
        "feature_type": "populated place",
        "geoname_id": 13094903
      }
    },
    {
      "type": "Feature",
      "geometry": {
        "type": "Point",
        "coordinates": [
          31.35129,
          -25.8171
        ]
      },
      "properties": {
        "name": "Mgecelwe",
        "country": "Eswatini",
        "region": "Hhohho Region",
        "elevation_m": null,
        "population": 0,
        "feature_type": "populated place",
        "geoname_id": 13094904
      }
    },
    {
      "type": "Feature",
      "geometry": {
        "type": "Point",
        "coordinates": [
          31.37917,
          -25.85008
        ]
      },
      "properties": {
        "name": "Magutulela",
        "country": "Eswatini",
        "region": "Hhohho Region",
        "elevation_m": null,
        "population": 0,
        "feature_type": "populated place",
        "geoname_id": 13094910
      }
    },
    {
      "type": "Feature",
      "geometry": {
        "type": "Point",
        "coordinates": [
          31.42717,
          -25.79488
        ]
      },
      "properties": {
        "name": "Msahweni",
        "country": "Eswatini",
        "region": "Hhohho Region",
        "elevation_m": null,
        "population": 0,
        "feature_type": "populated place",
        "geoname_id": 13094912
      }
    },
    {
      "type": "Feature",
      "geometry": {
        "type": "Point",
        "coordinates": [
          31.33021,
          -25.84905
        ]
      },
      "properties": {
        "name": "Cumasana",
        "country": "Eswatini",
        "region": "Hhohho Region",
        "elevation_m": null,
        "population": 0,
        "feature_type": "populated place",
        "geoname_id": 13094915
      }
    },
    {
      "type": "Feature",
      "geometry": {
        "type": "Point",
        "coordinates": [
          31.39712,
          -25.9793
        ]
      },
      "properties": {
        "name": "Kekela",
        "country": "Eswatini",
        "region": "Hhohho Region",
        "elevation_m": null,
        "population": 0,
        "feature_type": "populated place",
        "geoname_id": 13094918
      }
    },
    {
      "type": "Feature",
      "geometry": {
        "type": "Point",
        "coordinates": [
          31.31515,
          -25.87503
        ]
      },
      "properties": {
        "name": "Mkhiweni",
        "country": "Eswatini",
        "region": "Hhohho Region",
        "elevation_m": null,
        "population": 0,
        "feature_type": "populated place",
        "geoname_id": 13094919
      }
    },
    {
      "type": "Feature",
      "geometry": {
        "type": "Point",
        "coordinates": [
          31.3747,
          -25.83909
        ]
      },
      "properties": {
        "name": "Yihomu",
        "country": "Eswatini",
        "region": "Hhohho Region",
        "elevation_m": null,
        "population": 0,
        "feature_type": "populated place",
        "geoname_id": 13094922
      }
    },
    {
      "type": "Feature",
      "geometry": {
        "type": "Point",
        "coordinates": [
          31.38425,
          -25.79622
        ]
      },
      "properties": {
        "name": "Msuduga",
        "country": "Eswatini",
        "region": "Hhohho Region",
        "elevation_m": null,
        "population": 0,
        "feature_type": "populated place",
        "geoname_id": 13094923
      }
    },
    {
      "type": "Feature",
      "geometry": {
        "type": "Point",
        "coordinates": [
          31.29201,
          -25.97786
        ]
      },
      "properties": {
        "name": "Ekuthuleni",
        "country": "Eswatini",
        "region": "Hhohho Region",
        "elevation_m": null,
        "population": 0,
        "feature_type": "populated place",
        "geoname_id": 13094924
      }
    },
    {
      "type": "Feature",
      "geometry": {
        "type": "Point",
        "coordinates": [
          31.3657,
          -25.949
        ]
      },
      "properties": {
        "name": "Unlo",
        "country": "Eswatini",
        "region": "Hhohho Region",
        "elevation_m": null,
        "population": 0,
        "feature_type": "populated place",
        "geoname_id": 13094931
      }
    },
    {
      "type": "Feature",
      "geometry": {
        "type": "Point",
        "coordinates": [
          31.29215,
          -25.82571
        ]
      },
      "properties": {
        "name": "Gomba",
        "country": "Eswatini",
        "region": "Hhohho Region",
        "elevation_m": null,
        "population": 0,
        "feature_type": "populated place",
        "geoname_id": 13094935
      }
    },
    {
      "type": "Feature",
      "geometry": {
        "type": "Point",
        "coordinates": [
          31.42445,
          -25.74453
        ]
      },
      "properties": {
        "name": "Daisy Mine",
        "country": "Eswatini",
        "region": "Hhohho Region",
        "elevation_m": null,
        "population": 0,
        "feature_type": "populated place",
        "geoname_id": 13094937
      }
    },
    {
      "type": "Feature",
      "geometry": {
        "type": "Point",
        "coordinates": [
          31.47828,
          -25.82166
        ]
      },
      "properties": {
        "name": "Mayiwane",
        "country": "Eswatini",
        "region": "Hhohho Region",
        "elevation_m": null,
        "population": 0,
        "feature_type": "populated place",
        "geoname_id": 13094938
      }
    },
    {
      "type": "Feature",
      "geometry": {
        "type": "Point",
        "coordinates": [
          31.34134,
          -25.79454
        ]
      },
      "properties": {
        "name": "Ntintinyane",
        "country": "Eswatini",
        "region": "Hhohho Region",
        "elevation_m": null,
        "population": 0,
        "feature_type": "populated place",
        "geoname_id": 13094944
      }
    },
    {
      "type": "Feature",
      "geometry": {
        "type": "Point",
        "coordinates": [
          31.7619,
          -25.9334
        ]
      },
      "properties": {
        "name": "Bordergate",
        "country": "Eswatini",
        "region": "Lubombo Region",
        "elevation_m": null,
        "population": 0,
        "feature_type": "populated place",
        "geoname_id": 13095000
      }
    },
    {
      "type": "Feature",
      "geometry": {
        "type": "Point",
        "coordinates": [
          31.78506,
          -25.9875
        ]
      },
      "properties": {
        "name": "Sukasambe",
        "country": "Eswatini",
        "region": "Lubombo Region",
        "elevation_m": null,
        "population": 0,
        "feature_type": "populated place",
        "geoname_id": 13095006
      }
    },
    {
      "type": "Feature",
      "geometry": {
        "type": "Point",
        "coordinates": [
          31.98838,
          -25.98689
        ]
      },
      "properties": {
        "name": "Nkhundla",
        "country": "Eswatini",
        "region": "Lubombo Region",
        "elevation_m": null,
        "population": 0,
        "feature_type": "populated place",
        "geoname_id": 13095007
      }
    },
    {
      "type": "Feature",
      "geometry": {
        "type": "Point",
        "coordinates": [
          31.24723,
          -25.95804
        ]
      },
      "properties": {
        "name": "Nkhundla",
        "country": "Eswatini",
        "region": "Hhohho Region",
        "elevation_m": null,
        "population": 0,
        "feature_type": "populated place",
        "geoname_id": 13096365
      }
    },
    {
      "type": "Feature",
      "geometry": {
        "type": "Point",
        "coordinates": [
          31.59577,
          -25.84628
        ]
      },
      "properties": {
        "name": "Sihehle",
        "country": "Eswatini",
        "region": "Hhohho Region",
        "elevation_m": null,
        "population": 0,
        "feature_type": "populated place",
        "geoname_id": 13096588
      }
    },
    {
      "type": "Feature",
      "geometry": {
        "type": "Point",
        "coordinates": [
          31.65265,
          -25.8969
        ]
      },
      "properties": {
        "name": "Zanyane",
        "country": "Eswatini",
        "region": "Hhohho Region",
        "elevation_m": null,
        "population": 0,
        "feature_type": "populated place",
        "geoname_id": 13096589
      }
    },
    {
      "type": "Feature",
      "geometry": {
        "type": "Point",
        "coordinates": [
          31.52756,
          -25.83211
        ]
      },
      "properties": {
        "name": "Mquaba",
        "country": "Eswatini",
        "region": "Hhohho Region",
        "elevation_m": null,
        "population": 0,
        "feature_type": "populated place",
        "geoname_id": 13096591
      }
    },
    {
      "type": "Feature",
      "geometry": {
        "type": "Point",
        "coordinates": [
          31.50393,
          -25.85859
        ]
      },
      "properties": {
        "name": "Mgunungu",
        "country": "Eswatini",
        "region": "Hhohho Region",
        "elevation_m": null,
        "population": 0,
        "feature_type": "populated place",
        "geoname_id": 13096592
      }
    },
    {
      "type": "Feature",
      "geometry": {
        "type": "Point",
        "coordinates": [
          31.51015,
          -25.89297
        ]
      },
      "properties": {
        "name": "Nkundla",
        "country": "Eswatini",
        "region": "Hhohho Region",
        "elevation_m": null,
        "population": 0,
        "feature_type": "populated place",
        "geoname_id": 13096593
      }
    },
    {
      "type": "Feature",
      "geometry": {
        "type": "Point",
        "coordinates": [
          31.51738,
          -25.8411
        ]
      },
      "properties": {
        "name": "Mavula",
        "country": "Eswatini",
        "region": "Hhohho Region",
        "elevation_m": null,
        "population": 0,
        "feature_type": "populated place",
        "geoname_id": 13096594
      }
    },
    {
      "type": "Feature",
      "geometry": {
        "type": "Point",
        "coordinates": [
          31.62171,
          -25.97349
        ]
      },
      "properties": {
        "name": "Sihhoye",
        "country": "Eswatini",
        "region": "Hhohho Region",
        "elevation_m": null,
        "population": 0,
        "feature_type": "populated place",
        "geoname_id": 13096595
      }
    },
    {
      "type": "Feature",
      "geometry": {
        "type": "Point",
        "coordinates": [
          31.71883,
          -25.91692
        ]
      },
      "properties": {
        "name": "Shumi",
        "country": "Eswatini",
        "region": "Hhohho Region",
        "elevation_m": null,
        "population": 0,
        "feature_type": "populated place",
        "geoname_id": 13096596
      }
    },
    {
      "type": "Feature",
      "geometry": {
        "type": "Point",
        "coordinates": [
          31.63308,
          -25.99618
        ]
      },
      "properties": {
        "name": "Katshasa",
        "country": "Eswatini",
        "region": "Hhohho Region",
        "elevation_m": null,
        "population": 0,
        "feature_type": "populated place",
        "geoname_id": 13096600
      }
    },
    {
      "type": "Feature",
      "geometry": {
        "type": "Point",
        "coordinates": [
          31.66107,
          -25.92218
        ]
      },
      "properties": {
        "name": "Mangwen",
        "country": "Eswatini",
        "region": "Hhohho Region",
        "elevation_m": null,
        "population": 0,
        "feature_type": "populated place",
        "geoname_id": 13096603
      }
    },
    {
      "type": "Feature",
      "geometry": {
        "type": "Point",
        "coordinates": [
          31.70015,
          -25.90962
        ]
      },
      "properties": {
        "name": "Nhlanguyavuka",
        "country": "Eswatini",
        "region": "Hhohho Region",
        "elevation_m": null,
        "population": 0,
        "feature_type": "populated place",
        "geoname_id": 13096608
      }
    },
    {
      "type": "Feature",
      "geometry": {
        "type": "Point",
        "coordinates": [
          31.72612,
          -25.92229
        ]
      },
      "properties": {
        "name": "Tubha",
        "country": "Eswatini",
        "region": "Hhohho Region",
        "elevation_m": null,
        "population": 0,
        "feature_type": "populated place",
        "geoname_id": 13096610
      }
    },
    {
      "type": "Feature",
      "geometry": {
        "type": "Point",
        "coordinates": [
          31.5233,
          -25.894
        ]
      },
      "properties": {
        "name": "Mkhuzweni",
        "country": "Eswatini",
        "region": "Hhohho Region",
        "elevation_m": null,
        "population": 0,
        "feature_type": "populated place",
        "geoname_id": 13096614
      }
    },
    {
      "type": "Feature",
      "geometry": {
        "type": "Point",
        "coordinates": [
          30.9947,
          -26.22991
        ]
      },
      "properties": {
        "name": "Droxford",
        "country": "Eswatini",
        "region": "Hhohho Region",
        "elevation_m": null,
        "population": 0,
        "feature_type": "populated place",
        "geoname_id": 13096720
      }
    },
    {
      "type": "Feature",
      "geometry": {
        "type": "Point",
        "coordinates": [
          30.98823,
          -26.21446
        ]
      },
      "properties": {
        "name": "Oshoek Border Post",
        "country": "Eswatini",
        "region": "Hhohho Region",
        "elevation_m": null,
        "population": 0,
        "feature_type": "populated place",
        "geoname_id": 13096721
      }
    },
    {
      "type": "Feature",
      "geometry": {
        "type": "Point",
        "coordinates": [
          30.99251,
          -26.21153
        ]
      },
      "properties": {
        "name": "Ngwenya Border Post",
        "country": "Eswatini",
        "region": "Hhohho Region",
        "elevation_m": null,
        "population": 0,
        "feature_type": "populated place",
        "geoname_id": 13096723
      }
    },
    {
      "type": "Feature",
      "geometry": {
        "type": "Point",
        "coordinates": [
          31.05489,
          -26.2494
        ]
      },
      "properties": {
        "name": "Motjane",
        "country": "Eswatini",
        "region": "Hhohho Region",
        "elevation_m": null,
        "population": 0,
        "feature_type": "populated place",
        "geoname_id": 13096729
      }
    },
    {
      "type": "Feature",
      "geometry": {
        "type": "Point",
        "coordinates": [
          31.09527,
          -26.22691
        ]
      },
      "properties": {
        "name": "Hawane",
        "country": "Eswatini",
        "region": "Hhohho Region",
        "elevation_m": null,
        "population": 0,
        "feature_type": "populated place",
        "geoname_id": 13096732
      }
    },
    {
      "type": "Feature",
      "geometry": {
        "type": "Point",
        "coordinates": [
          31.18557,
          -26.23036
        ]
      },
      "properties": {
        "name": "Mbuluzi",
        "country": "Eswatini",
        "region": "Hhohho Region",
        "elevation_m": null,
        "population": 0,
        "feature_type": "populated place",
        "geoname_id": 13096737
      }
    },
    {
      "type": "Feature",
      "geometry": {
        "type": "Point",
        "coordinates": [
          31.20401,
          -26.23388
        ]
      },
      "properties": {
        "name": "Museni",
        "country": "Eswatini",
        "region": "Hhohho Region",
        "elevation_m": null,
        "population": 0,
        "feature_type": "populated place",
        "geoname_id": 13096738
      }
    },
    {
      "type": "Feature",
      "geometry": {
        "type": "Point",
        "coordinates": [
          31.20686,
          -26.22745
        ]
      },
      "properties": {
        "name": "Thembelihle",
        "country": "Eswatini",
        "region": "Hhohho Region",
        "elevation_m": null,
        "population": 0,
        "feature_type": "populated place",
        "geoname_id": 13096739
      }
    },
    {
      "type": "Feature",
      "geometry": {
        "type": "Point",
        "coordinates": [
          31.21638,
          -26.21868
        ]
      },
      "properties": {
        "name": "Mbuluzi",
        "country": "Eswatini",
        "region": "Hhohho Region",
        "elevation_m": null,
        "population": 0,
        "feature_type": "populated place",
        "geoname_id": 13096740
      }
    },
    {
      "type": "Feature",
      "geometry": {
        "type": "Point",
        "coordinates": [
          31.24169,
          -26.19022
        ]
      },
      "properties": {
        "name": "Masilela",
        "country": "Eswatini",
        "region": "Hhohho Region",
        "elevation_m": null,
        "population": 0,
        "feature_type": "populated place",
        "geoname_id": 13096742
      }
    },
    {
      "type": "Feature",
      "geometry": {
        "type": "Point",
        "coordinates": [
          31.1885,
          -26.1905
        ]
      },
      "properties": {
        "name": "Jubukweni",
        "country": "Eswatini",
        "region": "Hhohho Region",
        "elevation_m": null,
        "population": 0,
        "feature_type": "populated place",
        "geoname_id": 13096744
      }
    },
    {
      "type": "Feature",
      "geometry": {
        "type": "Point",
        "coordinates": [
          31.13168,
          -26.2001
        ]
      },
      "properties": {
        "name": "Mhlosheni",
        "country": "Eswatini",
        "region": "Hhohho Region",
        "elevation_m": null,
        "population": 0,
        "feature_type": "populated place",
        "geoname_id": 13096745
      }
    },
    {
      "type": "Feature",
      "geometry": {
        "type": "Point",
        "coordinates": [
          31.19776,
          -26.14487
        ]
      },
      "properties": {
        "name": "Mnyokane",
        "country": "Eswatini",
        "region": "Hhohho Region",
        "elevation_m": null,
        "population": 0,
        "feature_type": "populated place",
        "geoname_id": 13096747
      }
    },
    {
      "type": "Feature",
      "geometry": {
        "type": "Point",
        "coordinates": [
          31.22227,
          -26.08742
        ]
      },
      "properties": {
        "name": "Nkomanzi",
        "country": "Eswatini",
        "region": "Hhohho Region",
        "elevation_m": null,
        "population": 0,
        "feature_type": "populated place",
        "geoname_id": 13096750
      }
    },
    {
      "type": "Feature",
      "geometry": {
        "type": "Point",
        "coordinates": [
          31.22169,
          -26.07577
        ]
      },
      "properties": {
        "name": "Nkomazi",
        "country": "Eswatini",
        "region": "Hhohho Region",
        "elevation_m": null,
        "population": 0,
        "feature_type": "populated place",
        "geoname_id": 13096751
      }
    },
    {
      "type": "Feature",
      "geometry": {
        "type": "Point",
        "coordinates": [
          31.22776,
          -26.01903
        ]
      },
      "properties": {
        "name": "Mpalatane",
        "country": "Eswatini",
        "region": "Hhohho Region",
        "elevation_m": null,
        "population": 0,
        "feature_type": "populated place",
        "geoname_id": 13096754
      }
    },
    {
      "type": "Feature",
      "geometry": {
        "type": "Point",
        "coordinates": [
          31.21726,
          -26.02866
        ]
      },
      "properties": {
        "name": "Mphalatane",
        "country": "Eswatini",
        "region": "Hhohho Region",
        "elevation_m": null,
        "population": 0,
        "feature_type": "populated place",
        "geoname_id": 13096756
      }
    },
    {
      "type": "Feature",
      "geometry": {
        "type": "Point",
        "coordinates": [
          31.20136,
          -26.0369
        ]
      },
      "properties": {
        "name": "Hlangotsini",
        "country": "Eswatini",
        "region": "Hhohho Region",
        "elevation_m": null,
        "population": 0,
        "feature_type": "populated place",
        "geoname_id": 13096757
      }
    },
    {
      "type": "Feature",
      "geometry": {
        "type": "Point",
        "coordinates": [
          31.19001,
          -26.01506
        ]
      },
      "properties": {
        "name": "Mkhumbane",
        "country": "Eswatini",
        "region": "Hhohho Region",
        "elevation_m": null,
        "population": 0,
        "feature_type": "populated place",
        "geoname_id": 13096758
      }
    },
    {
      "type": "Feature",
      "geometry": {
        "type": "Point",
        "coordinates": [
          31.15513,
          -26.06
        ]
      },
      "properties": {
        "name": "Kufika",
        "country": "Eswatini",
        "region": "Hhohho Region",
        "elevation_m": null,
        "population": 0,
        "feature_type": "populated place",
        "geoname_id": 13096763
      }
    },
    {
      "type": "Feature",
      "geometry": {
        "type": "Point",
        "coordinates": [
          31.14431,
          -26.14817
        ]
      },
      "properties": {
        "name": "Nkhaba",
        "country": "Eswatini",
        "region": "Hhohho Region",
        "elevation_m": null,
        "population": 0,
        "feature_type": "populated place",
        "geoname_id": 13096767
      }
    },
    {
      "type": "Feature",
      "geometry": {
        "type": "Point",
        "coordinates": [
          31.15906,
          -26.1427
        ]
      },
      "properties": {
        "name": "Nkhundla",
        "country": "Eswatini",
        "region": "Hhohho Region",
        "elevation_m": null,
        "population": 0,
        "feature_type": "populated place",
        "geoname_id": 13096768
      }
    },
    {
      "type": "Feature",
      "geometry": {
        "type": "Point",
        "coordinates": [
          31.1336,
          -26.16424
        ]
      },
      "properties": {
        "name": "Nkhaba",
        "country": "Eswatini",
        "region": "Hhohho Region",
        "elevation_m": null,
        "population": 0,
        "feature_type": "populated place",
        "geoname_id": 13096770
      }
    },
    {
      "type": "Feature",
      "geometry": {
        "type": "Point",
        "coordinates": [
          31.29124,
          -26.23745
        ]
      },
      "properties": {
        "name": "Nasilela",
        "country": "Eswatini",
        "region": "Hhohho Region",
        "elevation_m": null,
        "population": 0,
        "feature_type": "populated place",
        "geoname_id": 13098268
      }
    },
    {
      "type": "Feature",
      "geometry": {
        "type": "Point",
        "coordinates": [
          31.35195,
          -26.23334
        ]
      },
      "properties": {
        "name": "Nsingweni",
        "country": "Eswatini",
        "region": "Hhohho Region",
        "elevation_m": null,
        "population": 0,
        "feature_type": "populated place",
        "geoname_id": 13098273
      }
    },
    {
      "type": "Feature",
      "geometry": {
        "type": "Point",
        "coordinates": [
          31.37446,
          -26.23886
        ]
      },
      "properties": {
        "name": "Nsingwenl Nkhundla",
        "country": "Eswatini",
        "region": "Hhohho Region",
        "elevation_m": null,
        "population": 0,
        "feature_type": "populated place",
        "geoname_id": 13098274
      }
    },
    {
      "type": "Feature",
      "geometry": {
        "type": "Point",
        "coordinates": [
          31.3818,
          -26.22946
        ]
      },
      "properties": {
        "name": "Lomagewaba",
        "country": "Eswatini",
        "region": "Hhohho Region",
        "elevation_m": null,
        "population": 0,
        "feature_type": "populated place",
        "geoname_id": 13098276
      }
    },
    {
      "type": "Feature",
      "geometry": {
        "type": "Point",
        "coordinates": [
          31.40011,
          -26.19962
        ]
      },
      "properties": {
        "name": "Ngudlula",
        "country": "Eswatini",
        "region": "Hhohho Region",
        "elevation_m": null,
        "population": 0,
        "feature_type": "populated place",
        "geoname_id": 13098287
      }
    },
    {
      "type": "Feature",
      "geometry": {
        "type": "Point",
        "coordinates": [
          31.29473,
          -26.19371
        ]
      },
      "properties": {
        "name": "Giba",
        "country": "Eswatini",
        "region": "Hhohho Region",
        "elevation_m": null,
        "population": 0,
        "feature_type": "populated place",
        "geoname_id": 13098297
      }
    },
    {
      "type": "Feature",
      "geometry": {
        "type": "Point",
        "coordinates": [
          31.29039,
          -26.16072
        ]
      },
      "properties": {
        "name": "Maphalaleni",
        "country": "Eswatini",
        "region": "Hhohho Region",
        "elevation_m": null,
        "population": 0,
        "feature_type": "populated place",
        "geoname_id": 13098298
      }
    },
    {
      "type": "Feature",
      "geometry": {
        "type": "Point",
        "coordinates": [
          31.2784,
          -26.12064
        ]
      },
      "properties": {
        "name": "Malandezela",
        "country": "Eswatini",
        "region": "Hhohho Region",
        "elevation_m": null,
        "population": 0,
        "feature_type": "populated place",
        "geoname_id": 13098301
      }
    },
    {
      "type": "Feature",
      "geometry": {
        "type": "Point",
        "coordinates": [
          31.26675,
          -26.01972
        ]
      },
      "properties": {
        "name": "Nginamadolo",
        "country": "Eswatini",
        "region": "Hhohho Region",
        "elevation_m": null,
        "population": 0,
        "feature_type": "populated place",
        "geoname_id": 13098305
      }
    },
    {
      "type": "Feature",
      "geometry": {
        "type": "Point",
        "coordinates": [
          31.29779,
          -26.01647
        ]
      },
      "properties": {
        "name": "Mbeni",
        "country": "Eswatini",
        "region": "Hhohho Region",
        "elevation_m": null,
        "population": 0,
        "feature_type": "populated place",
        "geoname_id": 13098306
      }
    },
    {
      "type": "Feature",
      "geometry": {
        "type": "Point",
        "coordinates": [
          31.30307,
          -26.05791
        ]
      },
      "properties": {
        "name": "Mbuyaze",
        "country": "Eswatini",
        "region": "Hhohho Region",
        "elevation_m": null,
        "population": 0,
        "feature_type": "populated place",
        "geoname_id": 13098308
      }
    },
    {
      "type": "Feature",
      "geometry": {
        "type": "Point",
        "coordinates": [
          31.34252,
          -26.10715
        ]
      },
      "properties": {
        "name": "Melete",
        "country": "Eswatini",
        "region": "Hhohho Region",
        "elevation_m": null,
        "population": 0,
        "feature_type": "populated place",
        "geoname_id": 13098310
      }
    },
    {
      "type": "Feature",
      "geometry": {
        "type": "Point",
        "coordinates": [
          31.30974,
          -26.04593
        ]
      },
      "properties": {
        "name": "Nsangwini",
        "country": "Eswatini",
        "region": "Hhohho Region",
        "elevation_m": null,
        "population": 0,
        "feature_type": "populated place",
        "geoname_id": 13098311
      }
    },
    {
      "type": "Feature",
      "geometry": {
        "type": "Point",
        "coordinates": [
          31.36998,
          -26.0168
        ]
      },
      "properties": {
        "name": "Nkhundla",
        "country": "Eswatini",
        "region": "Hhohho Region",
        "elevation_m": null,
        "population": 0,
        "feature_type": "populated place",
        "geoname_id": 13098314
      }
    },
    {
      "type": "Feature",
      "geometry": {
        "type": "Point",
        "coordinates": [
          31.37317,
          -26.03486
        ]
      },
      "properties": {
        "name": "Somtsewu",
        "country": "Eswatini",
        "region": "Hhohho Region",
        "elevation_m": null,
        "population": 0,
        "feature_type": "populated place",
        "geoname_id": 13098316
      }
    },
    {
      "type": "Feature",
      "geometry": {
        "type": "Point",
        "coordinates": [
          31.34845,
          -26.0675
        ]
      },
      "properties": {
        "name": "Ngowane",
        "country": "Eswatini",
        "region": "Hhohho Region",
        "elevation_m": null,
        "population": 0,
        "feature_type": "populated place",
        "geoname_id": 13098319
      }
    },
    {
      "type": "Feature",
      "geometry": {
        "type": "Point",
        "coordinates": [
          31.34911,
          -26.0454
        ]
      },
      "properties": {
        "name": "Nduna",
        "country": "Eswatini",
        "region": "Hhohho Region",
        "elevation_m": null,
        "population": 0,
        "feature_type": "populated place",
        "geoname_id": 13098323
      }
    },
    {
      "type": "Feature",
      "geometry": {
        "type": "Point",
        "coordinates": [
          31.43381,
          -26.01103
        ]
      },
      "properties": {
        "name": "Sokhonzaphi",
        "country": "Eswatini",
        "region": "Hhohho Region",
        "elevation_m": null,
        "population": 0,
        "feature_type": "populated place",
        "geoname_id": 13098326
      }
    },
    {
      "type": "Feature",
      "geometry": {
        "type": "Point",
        "coordinates": [
          31.43463,
          -26.03525
        ]
      },
      "properties": {
        "name": "Sidzindzini",
        "country": "Eswatini",
        "region": "Hhohho Region",
        "elevation_m": null,
        "population": 0,
        "feature_type": "populated place",
        "geoname_id": 13098328
      }
    },
    {
      "type": "Feature",
      "geometry": {
        "type": "Point",
        "coordinates": [
          31.47895,
          -26.00854
        ]
      },
      "properties": {
        "name": "Nkamanzi",
        "country": "Eswatini",
        "region": "Hhohho Region",
        "elevation_m": null,
        "population": 0,
        "feature_type": "populated place",
        "geoname_id": 13098329
      }
    },
    {
      "type": "Feature",
      "geometry": {
        "type": "Point",
        "coordinates": [
          31.46049,
          -26.05482
        ]
      },
      "properties": {
        "name": "Dinane",
        "country": "Eswatini",
        "region": "Hhohho Region",
        "elevation_m": null,
        "population": 0,
        "feature_type": "populated place",
        "geoname_id": 13098331
      }
    },
    {
      "type": "Feature",
      "geometry": {
        "type": "Point",
        "coordinates": [
          31.54848,
          -26.02492
        ]
      },
      "properties": {
        "name": "Mansengu",
        "country": "Eswatini",
        "region": "Hhohho Region",
        "elevation_m": null,
        "population": 0,
        "feature_type": "populated place",
        "geoname_id": 13098479
      }
    },
    {
      "type": "Feature",
      "geometry": {
        "type": "Point",
        "coordinates": [
          31.55975,
          -26.03784
        ]
      },
      "properties": {
        "name": "Deliwe",
        "country": "Eswatini",
        "region": "Hhohho Region",
        "elevation_m": null,
        "population": 0,
        "feature_type": "populated place",
        "geoname_id": 13098481
      }
    },
    {
      "type": "Feature",
      "geometry": {
        "type": "Point",
        "coordinates": [
          31.55095,
          -26.08971
        ]
      },
      "properties": {
        "name": "Nkhundla",
        "country": "Eswatini",
        "region": "Hhohho Region",
        "elevation_m": null,
        "population": 0,
        "feature_type": "populated place",
        "geoname_id": 13098485
      }
    },
    {
      "type": "Feature",
      "geometry": {
        "type": "Point",
        "coordinates": [
          31.63699,
          -26.05168
        ]
      },
      "properties": {
        "name": "Shumehill",
        "country": "Eswatini",
        "region": "Hhohho Region",
        "elevation_m": null,
        "population": 0,
        "feature_type": "populated place",
        "geoname_id": 13098488
      }
    },
    {
      "type": "Feature",
      "geometry": {
        "type": "Point",
        "coordinates": [
          31.64515,
          -26.04998
        ]
      },
      "properties": {
        "name": "Nomgayi",
        "country": "Eswatini",
        "region": "Hhohho Region",
        "elevation_m": null,
        "population": 0,
        "feature_type": "populated place",
        "geoname_id": 13098489
      }
    },
    {
      "type": "Feature",
      "geometry": {
        "type": "Point",
        "coordinates": [
          31.66009,
          -26.04638
        ]
      },
      "properties": {
        "name": "Njakeni",
        "country": "Eswatini",
        "region": "Hhohho Region",
        "elevation_m": null,
        "population": 0,
        "feature_type": "populated place",
        "geoname_id": 13098490
      }
    },
    {
      "type": "Feature",
      "geometry": {
        "type": "Point",
        "coordinates": [
          31.55652,
          -26.09928
        ]
      },
      "properties": {
        "name": "Mbhamuza",
        "country": "Eswatini",
        "region": "Hhohho Region",
        "elevation_m": null,
        "population": 0,
        "feature_type": "populated place",
        "geoname_id": 13098494
      }
    },
    {
      "type": "Feature",
      "geometry": {
        "type": "Point",
        "coordinates": [
          31.52091,
          -26.14888
        ]
      },
      "properties": {
        "name": "Zandondo",
        "country": "Eswatini",
        "region": "Hhohho Region",
        "elevation_m": null,
        "population": 0,
        "feature_type": "populated place",
        "geoname_id": 13098496
      }
    },
    {
      "type": "Feature",
      "geometry": {
        "type": "Point",
        "coordinates": [
          31.57051,
          -26.13602
        ]
      },
      "properties": {
        "name": "Masinda",
        "country": "Eswatini",
        "region": "Hhohho Region",
        "elevation_m": null,
        "population": 0,
        "feature_type": "populated place",
        "geoname_id": 13098501
      }
    },
    {
      "type": "Feature",
      "geometry": {
        "type": "Point",
        "coordinates": [
          31.58777,
          -26.16157
        ]
      },
      "properties": {
        "name": "Black Mbuluzi",
        "country": "Eswatini",
        "region": "Hhohho Region",
        "elevation_m": null,
        "population": 0,
        "feature_type": "populated place",
        "geoname_id": 13098502
      }
    },
    {
      "type": "Feature",
      "geometry": {
        "type": "Point",
        "coordinates": [
          31.67652,
          -26.19765
        ]
      },
      "properties": {
        "name": "Warren Wood",
        "country": "Eswatini",
        "region": "Manzini Region",
        "elevation_m": null,
        "population": 0,
        "feature_type": "populated place",
        "geoname_id": 13098517
      }
    },
    {
      "type": "Feature",
      "geometry": {
        "type": "Point",
        "coordinates": [
          31.67973,
          -26.22649
        ]
      },
      "properties": {
        "name": "Isilele",
        "country": "Eswatini",
        "region": "Manzini Region",
        "elevation_m": null,
        "population": 0,
        "feature_type": "populated place",
        "geoname_id": 13098519
      }
    },
    {
      "type": "Feature",
      "geometry": {
        "type": "Point",
        "coordinates": [
          31.63035,
          -26.17425
        ]
      },
      "properties": {
        "name": "Sherwood Ranch",
        "country": "Eswatini",
        "region": "Manzini Region",
        "elevation_m": null,
        "population": 0,
        "feature_type": "populated place",
        "geoname_id": 13098520
      }
    },
    {
      "type": "Feature",
      "geometry": {
        "type": "Point",
        "coordinates": [
          31.55039,
          -26.21811
        ]
      },
      "properties": {
        "name": "Mthonga",
        "country": "Eswatini",
        "region": "Manzini Region",
        "elevation_m": null,
        "population": 0,
        "feature_type": "populated place",
        "geoname_id": 13098522
      }
    },
    {
      "type": "Feature",
      "geometry": {
        "type": "Point",
        "coordinates": [
          31.58353,
          -26.17417
        ]
      },
      "properties": {
        "name": "Buckham",
        "country": "Eswatini",
        "region": "Manzini Region",
        "elevation_m": null,
        "population": 0,
        "feature_type": "populated place",
        "geoname_id": 13098524
      }
    },
    {
      "type": "Feature",
      "geometry": {
        "type": "Point",
        "coordinates": [
          31.59783,
          -26.1778
        ]
      },
      "properties": {
        "name": "Sukumbili",
        "country": "Eswatini",
        "region": "Manzini Region",
        "elevation_m": null,
        "population": 0,
        "feature_type": "populated place",
        "geoname_id": 13098525
      }
    },
    {
      "type": "Feature",
      "geometry": {
        "type": "Point",
        "coordinates": [
          31.61934,
          -26.22586
        ]
      },
      "properties": {
        "name": "Mliba Ranch",
        "country": "Eswatini",
        "region": "Manzini Region",
        "elevation_m": null,
        "population": 0,
        "feature_type": "populated place",
        "geoname_id": 13098527
      }
    },
    {
      "type": "Feature",
      "geometry": {
        "type": "Point",
        "coordinates": [
          31.63501,
          -26.24896
        ]
      },
      "properties": {
        "name": "Khuphuka",
        "country": "Eswatini",
        "region": "Manzini Region",
        "elevation_m": null,
        "population": 0,
        "feature_type": "populated place",
        "geoname_id": 13098528
      }
    },
    {
      "type": "Feature",
      "geometry": {
        "type": "Point",
        "coordinates": [
          31.25507,
          -26.39879
        ]
      },
      "properties": {
        "name": "Mafanyana",
        "country": "Eswatini",
        "region": "Hhohho Region",
        "elevation_m": null,
        "population": 0,
        "feature_type": "populated place",
        "geoname_id": 13108325
      }
    },
    {
      "type": "Feature",
      "geometry": {
        "type": "Point",
        "coordinates": [
          31.38812,
          -26.26177
        ]
      },
      "properties": {
        "name": "Makalane",
        "country": "Eswatini",
        "region": "Hhohho Region",
        "elevation_m": null,
        "population": 0,
        "feature_type": "populated place",
        "geoname_id": 13108329
      }
    },
    {
      "type": "Feature",
      "geometry": {
        "type": "Point",
        "coordinates": [
          31.42856,
          -26.48095
        ]
      },
      "properties": {
        "name": "Lugaganeni",
        "country": "Eswatini",
        "region": "Manzini Region",
        "elevation_m": null,
        "population": 0,
        "feature_type": "populated place",
        "geoname_id": 13108333
      }
    },
    {
      "type": "Feature",
      "geometry": {
        "type": "Point",
        "coordinates": [
          31.40288,
          -26.30387
        ]
      },
      "properties": {
        "name": "Nkiliji",
        "country": "Eswatini",
        "region": "Manzini Region",
        "elevation_m": null,
        "population": 0,
        "feature_type": "populated place",
        "geoname_id": 13108334
      }
    },
    {
      "type": "Feature",
      "geometry": {
        "type": "Point",
        "coordinates": [
          31.42232,
          -26.38167
        ]
      },
      "properties": {
        "name": "Nyakeni",
        "country": "Eswatini",
        "region": "Manzini Region",
        "elevation_m": null,
        "population": 0,
        "feature_type": "populated place",
        "geoname_id": 13108335
      }
    },
    {
      "type": "Feature",
      "geometry": {
        "type": "Point",
        "coordinates": [
          31.37149,
          -26.47441
        ]
      },
      "properties": {
        "name": "Dlamini",
        "country": "Eswatini",
        "region": "Manzini Region",
        "elevation_m": null,
        "population": 0,
        "feature_type": "populated place",
        "geoname_id": 13108336
      }
    },
    {
      "type": "Feature",
      "geometry": {
        "type": "Point",
        "coordinates": [
          31.40246,
          -26.31692
        ]
      },
      "properties": {
        "name": "Mgudlula",
        "country": "Eswatini",
        "region": "Manzini Region",
        "elevation_m": null,
        "population": 0,
        "feature_type": "populated place",
        "geoname_id": 13108338
      }
    },
    {
      "type": "Feature",
      "geometry": {
        "type": "Point",
        "coordinates": [
          31.26039,
          -26.47013
        ]
      },
      "properties": {
        "name": "Lozitha",
        "country": "Eswatini",
        "region": "Manzini Region",
        "elevation_m": null,
        "population": 0,
        "feature_type": "populated place",
        "geoname_id": 13108341
      }
    },
    {
      "type": "Feature",
      "geometry": {
        "type": "Point",
        "coordinates": [
          31.42538,
          -26.32874
        ]
      },
      "properties": {
        "name": "Bhekinkosi",
        "country": "Eswatini",
        "region": "Manzini Region",
        "elevation_m": null,
        "population": 0,
        "feature_type": "populated place",
        "geoname_id": 13108344
      }
    },
    {
      "type": "Feature",
      "geometry": {
        "type": "Point",
        "coordinates": [
          31.36637,
          -26.3204
        ]
      },
      "properties": {
        "name": "Sankolweni",
        "country": "Eswatini",
        "region": "Manzini Region",
        "elevation_m": null,
        "population": 0,
        "feature_type": "populated place",
        "geoname_id": 13108346
      }
    },
    {
      "type": "Feature",
      "geometry": {
        "type": "Point",
        "coordinates": [
          31.47236,
          -26.29325
        ]
      },
      "properties": {
        "name": "Kutsimuleni",
        "country": "Eswatini",
        "region": "Manzini Region",
        "elevation_m": null,
        "population": 0,
        "feature_type": "populated place",
        "geoname_id": 13108351
      }
    },
    {
      "type": "Feature",
      "geometry": {
        "type": "Point",
        "coordinates": [
          31.40325,
          -26.3458
        ]
      },
      "properties": {
        "name": "Kukhanyeni",
        "country": "Eswatini",
        "region": "Manzini Region",
        "elevation_m": null,
        "population": 0,
        "feature_type": "populated place",
        "geoname_id": 13108352
      }
    },
    {
      "type": "Feature",
      "geometry": {
        "type": "Point",
        "coordinates": [
          31.42253,
          -26.26631
        ]
      },
      "properties": {
        "name": "Dikude",
        "country": "Eswatini",
        "region": "Hhohho Region",
        "elevation_m": null,
        "population": 0,
        "feature_type": "populated place",
        "geoname_id": 13108356
      }
    },
    {
      "type": "Feature",
      "geometry": {
        "type": "Point",
        "coordinates": [
          31.44042,
          -26.32301
        ]
      },
      "properties": {
        "name": "Mlomo",
        "country": "Eswatini",
        "region": "Manzini Region",
        "elevation_m": null,
        "population": 0,
        "feature_type": "populated place",
        "geoname_id": 13108361
      }
    },
    {
      "type": "Feature",
      "geometry": {
        "type": "Point",
        "coordinates": [
          31.26487,
          -26.33498
        ]
      },
      "properties": {
        "name": "Dlangeni",
        "country": "Eswatini",
        "region": "Hhohho Region",
        "elevation_m": null,
        "population": 0,
        "feature_type": "populated place",
        "geoname_id": 13108365
      }
    },
    {
      "type": "Feature",
      "geometry": {
        "type": "Point",
        "coordinates": [
          31.41779,
          -26.39702
        ]
      },
      "properties": {
        "name": "Nyakeni",
        "country": "Eswatini",
        "region": "Manzini Region",
        "elevation_m": null,
        "population": 0,
        "feature_type": "populated place",
        "geoname_id": 13108371
      }
    },
    {
      "type": "Feature",
      "geometry": {
        "type": "Point",
        "coordinates": [
          31.40066,
          -26.35644
        ]
      },
      "properties": {
        "name": "Ekukhanyeni",
        "country": "Eswatini",
        "region": "Manzini Region",
        "elevation_m": null,
        "population": 0,
        "feature_type": "populated place",
        "geoname_id": 13108374
      }
    },
    {
      "type": "Feature",
      "geometry": {
        "type": "Point",
        "coordinates": [
          31.44453,
          -26.2903
        ]
      },
      "properties": {
        "name": "Kutsimuleni",
        "country": "Eswatini",
        "region": "Manzini Region",
        "elevation_m": null,
        "population": 0,
        "feature_type": "populated place",
        "geoname_id": 13108376
      }
    },
    {
      "type": "Feature",
      "geometry": {
        "type": "Point",
        "coordinates": [
          31.47143,
          -26.30503
        ]
      },
      "properties": {
        "name": "Mkhiweni Nkhundla",
        "country": "Eswatini",
        "region": "Manzini Region",
        "elevation_m": null,
        "population": 0,
        "feature_type": "populated place",
        "geoname_id": 13108380
      }
    },
    {
      "type": "Feature",
      "geometry": {
        "type": "Point",
        "coordinates": [
          31.28635,
          -26.40671
        ]
      },
      "properties": {
        "name": "Gija",
        "country": "Eswatini",
        "region": "Manzini Region",
        "elevation_m": null,
        "population": 0,
        "feature_type": "populated place",
        "geoname_id": 13108382
      }
    },
    {
      "type": "Feature",
      "geometry": {
        "type": "Point",
        "coordinates": [
          31.45988,
          -26.48521
        ]
      },
      "properties": {
        "name": "Helehele",
        "country": "Eswatini",
        "region": "Manzini Region",
        "elevation_m": null,
        "population": 0,
        "feature_type": "populated place",
        "geoname_id": 13108383
      }
    },
    {
      "type": "Feature",
      "geometry": {
        "type": "Point",
        "coordinates": [
          31.28146,
          -26.44239
        ]
      },
      "properties": {
        "name": "Zombodze",
        "country": "Eswatini",
        "region": "Manzini Region",
        "elevation_m": null,
        "population": 0,
        "feature_type": "populated place",
        "geoname_id": 13108387
      }
    },
    {
      "type": "Feature",
      "geometry": {
        "type": "Point",
        "coordinates": [
          31.45949,
          -26.36352
        ]
      },
      "properties": {
        "name": "Mahlabatsini",
        "country": "Eswatini",
        "region": "Manzini Region",
        "elevation_m": null,
        "population": 0,
        "feature_type": "populated place",
        "geoname_id": 13108388
      }
    },
    {
      "type": "Feature",
      "geometry": {
        "type": "Point",
        "coordinates": [
          31.4045,
          -26.39269
        ]
      },
      "properties": {
        "name": "Jokovu",
        "country": "Eswatini",
        "region": "Manzini Region",
        "elevation_m": null,
        "population": 0,
        "feature_type": "populated place",
        "geoname_id": 13108393
      }
    },
    {
      "type": "Feature",
      "geometry": {
        "type": "Point",
        "coordinates": [
          31.32393,
          -26.30003
        ]
      },
      "properties": {
        "name": "Vusweni",
        "country": "Eswatini",
        "region": "Hhohho Region",
        "elevation_m": null,
        "population": 0,
        "feature_type": "populated place",
        "geoname_id": 13108395
      }
    },
    {
      "type": "Feature",
      "geometry": {
        "type": "Point",
        "coordinates": [
          31.40585,
          -26.45441
        ]
      },
      "properties": {
        "name": "Maliyaduma",
        "country": "Eswatini",
        "region": "Manzini Region",
        "elevation_m": null,
        "population": 0,
        "feature_type": "populated place",
        "geoname_id": 13108398
      }
    },
    {
      "type": "Feature",
      "geometry": {
        "type": "Point",
        "coordinates": [
          31.31876,
          -26.42772
        ]
      },
      "properties": {
        "name": "Mbekelweni",
        "country": "Eswatini",
        "region": "Manzini Region",
        "elevation_m": null,
        "population": 0,
        "feature_type": "populated place",
        "geoname_id": 13108399
      }
    },
    {
      "type": "Feature",
      "geometry": {
        "type": "Point",
        "coordinates": [
          31.36596,
          -26.48641
        ]
      },
      "properties": {
        "name": "Gaberones",
        "country": "Eswatini",
        "region": "Manzini Region",
        "elevation_m": null,
        "population": 0,
        "feature_type": "populated place",
        "geoname_id": 13108405
      }
    },
    {
      "type": "Feature",
      "geometry": {
        "type": "Point",
        "coordinates": [
          31.2815,
          -26.45486
        ]
      },
      "properties": {
        "name": "Lobombi",
        "country": "Eswatini",
        "region": "Manzini Region",
        "elevation_m": null,
        "population": 0,
        "feature_type": "populated place",
        "geoname_id": 13108406
      }
    },
    {
      "type": "Feature",
      "geometry": {
        "type": "Point",
        "coordinates": [
          31.48291,
          -26.322
        ]
      },
      "properties": {
        "name": "Luve",
        "country": "Eswatini",
        "region": "Manzini Region",
        "elevation_m": null,
        "population": 0,
        "feature_type": "populated place",
        "geoname_id": 13108407
      }
    },
    {
      "type": "Feature",
      "geometry": {
        "type": "Point",
        "coordinates": [
          31.39218,
          -26.27687
        ]
      },
      "properties": {
        "name": "Nhlosana",
        "country": "Eswatini",
        "region": "Hhohho Region",
        "elevation_m": null,
        "population": 0,
        "feature_type": "populated place",
        "geoname_id": 13108409
      }
    },
    {
      "type": "Feature",
      "geometry": {
        "type": "Point",
        "coordinates": [
          31.27202,
          -26.45082
        ]
      },
      "properties": {
        "name": "Didini",
        "country": "Eswatini",
        "region": "Manzini Region",
        "elevation_m": null,
        "population": 0,
        "feature_type": "populated place",
        "geoname_id": 13108411
      }
    },
    {
      "type": "Feature",
      "geometry": {
        "type": "Point",
        "coordinates": [
          31.37345,
          -26.33374
        ]
      },
      "properties": {
        "name": "Zanzana",
        "country": "Eswatini",
        "region": "Manzini Region",
        "elevation_m": null,
        "population": 0,
        "feature_type": "populated place",
        "geoname_id": 13108415
      }
    },
    {
      "type": "Feature",
      "geometry": {
        "type": "Point",
        "coordinates": [
          31.28239,
          -26.42029
        ]
      },
      "properties": {
        "name": "Zombodze",
        "country": "Eswatini",
        "region": "Manzini Region",
        "elevation_m": null,
        "population": 0,
        "feature_type": "populated place",
        "geoname_id": 13108416
      }
    },
    {
      "type": "Feature",
      "geometry": {
        "type": "Point",
        "coordinates": [
          31.27552,
          -26.46098
        ]
      },
      "properties": {
        "name": "Zabeni",
        "country": "Eswatini",
        "region": "Manzini Region",
        "elevation_m": null,
        "population": 0,
        "feature_type": "populated place",
        "geoname_id": 13108419
      }
    },
    {
      "type": "Feature",
      "geometry": {
        "type": "Point",
        "coordinates": [
          31.28542,
          -26.39494
        ]
      },
      "properties": {
        "name": "Mfukuka",
        "country": "Eswatini",
        "region": "Manzini Region",
        "elevation_m": null,
        "population": 0,
        "feature_type": "populated place",
        "geoname_id": 13108420
      }
    },
    {
      "type": "Feature",
      "geometry": {
        "type": "Point",
        "coordinates": [
          31.51463,
          -26.34736
        ]
      },
      "properties": {
        "name": "Scotts Ranch",
        "country": "Eswatini",
        "region": "Manzini Region",
        "elevation_m": null,
        "population": 0,
        "feature_type": "populated place",
        "geoname_id": 13108423
      }
    },
    {
      "type": "Feature",
      "geometry": {
        "type": "Point",
        "coordinates": [
          31.70806,
          -26.31845
        ]
      },
      "properties": {
        "name": "Sikhuphe",
        "country": "Eswatini",
        "region": "Lubombo Region",
        "elevation_m": null,
        "population": 0,
        "feature_type": "populated place",
        "geoname_id": 13108425
      }
    },
    {
      "type": "Feature",
      "geometry": {
        "type": "Point",
        "coordinates": [
          31.70198,
          -26.41007
        ]
      },
      "properties": {
        "name": "Sicusha",
        "country": "Eswatini",
        "region": "Lubombo Region",
        "elevation_m": null,
        "population": 0,
        "feature_type": "populated place",
        "geoname_id": 13108426
      }
    },
    {
      "type": "Feature",
      "geometry": {
        "type": "Point",
        "coordinates": [
          31.67612,
          -26.25848
        ]
      },
      "properties": {
        "name": "Glenanil",
        "country": "Eswatini",
        "region": "Manzini Region",
        "elevation_m": null,
        "population": 0,
        "feature_type": "populated place",
        "geoname_id": 13108429
      }
    },
    {
      "type": "Feature",
      "geometry": {
        "type": "Point",
        "coordinates": [
          31.59824,
          -26.31153
        ]
      },
      "properties": {
        "name": "Mpangela Ranch",
        "country": "Eswatini",
        "region": "Manzini Region",
        "elevation_m": null,
        "population": 0,
        "feature_type": "populated place",
        "geoname_id": 13108436
      }
    },
    {
      "type": "Feature",
      "geometry": {
        "type": "Point",
        "coordinates": [
          31.55034,
          -26.43667
        ]
      },
      "properties": {
        "name": "Mogobi",
        "country": "Eswatini",
        "region": "Manzini Region",
        "elevation_m": null,
        "population": 0,
        "feature_type": "populated place",
        "geoname_id": 13108441
      }
    },
    {
      "type": "Feature",
      "geometry": {
        "type": "Point",
        "coordinates": [
          31.62032,
          -26.45357
        ]
      },
      "properties": {
        "name": "Kabhudla",
        "country": "Eswatini",
        "region": "Manzini Region",
        "elevation_m": null,
        "population": 0,
        "feature_type": "populated place",
        "geoname_id": 13108444
      }
    },
    {
      "type": "Feature",
      "geometry": {
        "type": "Point",
        "coordinates": [
          31.55185,
          -26.3679
        ]
      },
      "properties": {
        "name": "Dinedor",
        "country": "Eswatini",
        "region": "Manzini Region",
        "elevation_m": null,
        "population": 0,
        "feature_type": "populated place",
        "geoname_id": 13108445
      }
    },
    {
      "type": "Feature",
      "geometry": {
        "type": "Point",
        "coordinates": [
          31.52232,
          -26.37685
        ]
      },
      "properties": {
        "name": "Killarney",
        "country": "Eswatini",
        "region": "Manzini Region",
        "elevation_m": null,
        "population": 0,
        "feature_type": "populated place",
        "geoname_id": 13108449
      }
    },
    {
      "type": "Feature",
      "geometry": {
        "type": "Point",
        "coordinates": [
          31.66472,
          -26.47295
        ]
      },
      "properties": {
        "name": "Mdumezulu",
        "country": "Eswatini",
        "region": "Lubombo Region",
        "elevation_m": null,
        "population": 0,
        "feature_type": "populated place",
        "geoname_id": 13108450
      }
    },
    {
      "type": "Feature",
      "geometry": {
        "type": "Point",
        "coordinates": [
          31.52138,
          -26.48687
        ]
      },
      "properties": {
        "name": "Thulwane",
        "country": "Eswatini",
        "region": "Manzini Region",
        "elevation_m": null,
        "population": 0,
        "feature_type": "populated place",
        "geoname_id": 13108457
      }
    },
    {
      "type": "Feature",
      "geometry": {
        "type": "Point",
        "coordinates": [
          31.63725,
          -26.41833
        ]
      },
      "properties": {
        "name": "Bhadlana",
        "country": "Eswatini",
        "region": "Lubombo Region",
        "elevation_m": null,
        "population": 0,
        "feature_type": "populated place",
        "geoname_id": 13108458
      }
    },
    {
      "type": "Feature",
      "geometry": {
        "type": "Point",
        "coordinates": [
          31.53436,
          -26.29105
        ]
      },
      "properties": {
        "name": "Mbanjwa",
        "country": "Eswatini",
        "region": "Manzini Region",
        "elevation_m": null,
        "population": 0,
        "feature_type": "populated place",
        "geoname_id": 13108462
      }
    },
    {
      "type": "Feature",
      "geometry": {
        "type": "Point",
        "coordinates": [
          31.59773,
          -26.41418
        ]
      },
      "properties": {
        "name": "Engogola",
        "country": "Eswatini",
        "region": "Manzini Region",
        "elevation_m": null,
        "population": 0,
        "feature_type": "populated place",
        "geoname_id": 13108463
      }
    },
    {
      "type": "Feature",
      "geometry": {
        "type": "Point",
        "coordinates": [
          31.51519,
          -26.31802
        ]
      },
      "properties": {
        "name": "Sijula",
        "country": "Eswatini",
        "region": "Manzini Region",
        "elevation_m": null,
        "population": 0,
        "feature_type": "populated place",
        "geoname_id": 13108464
      }
    },
    {
      "type": "Feature",
      "geometry": {
        "type": "Point",
        "coordinates": [
          30.7952,
          -26.56652
        ]
      },
      "properties": {
        "name": "Malutha",
        "country": "Eswatini",
        "region": "Manzini Region",
        "elevation_m": null,
        "population": 0,
        "feature_type": "populated place",
        "geoname_id": 13108769
      }
    },
    {
      "type": "Feature",
      "geometry": {
        "type": "Point",
        "coordinates": [
          30.82866,
          -26.54793
        ]
      },
      "properties": {
        "name": "Mangcongco",
        "country": "Eswatini",
        "region": "Manzini Region",
        "elevation_m": null,
        "population": 0,
        "feature_type": "populated place",
        "geoname_id": 13108770
      }
    },
    {
      "type": "Feature",
      "geometry": {
        "type": "Point",
        "coordinates": [
          30.88757,
          -26.5086
        ]
      },
      "properties": {
        "name": "Mpuluzi",
        "country": "Eswatini",
        "region": "Manzini Region",
        "elevation_m": null,
        "population": 0,
        "feature_type": "populated place",
        "geoname_id": 13108771
      }
    },
    {
      "type": "Feature",
      "geometry": {
        "type": "Point",
        "coordinates": [
          30.97629,
          -26.5373
        ]
      },
      "properties": {
        "name": "Zondwako",
        "country": "Eswatini",
        "region": "Manzini Region",
        "elevation_m": null,
        "population": 0,
        "feature_type": "populated place",
        "geoname_id": 13108775
      }
    },
    {
      "type": "Feature",
      "geometry": {
        "type": "Point",
        "coordinates": [
          30.95188,
          -26.53336
        ]
      },
      "properties": {
        "name": "Ngcamane",
        "country": "Eswatini",
        "region": "Manzini Region",
        "elevation_m": null,
        "population": 0,
        "feature_type": "populated place",
        "geoname_id": 13108776
      }
    },
    {
      "type": "Feature",
      "geometry": {
        "type": "Point",
        "coordinates": [
          30.97226,
          -26.59546
        ]
      },
      "properties": {
        "name": "Thandanani",
        "country": "Eswatini",
        "region": "Manzini Region",
        "elevation_m": null,
        "population": 0,
        "feature_type": "populated place",
        "geoname_id": 13108779
      }
    },
    {
      "type": "Feature",
      "geometry": {
        "type": "Point",
        "coordinates": [
          30.81985,
          -26.67204
        ]
      },
      "properties": {
        "name": "Dosi",
        "country": "Eswatini",
        "region": "Manzini Region",
        "elevation_m": null,
        "population": 0,
        "feature_type": "populated place",
        "geoname_id": 13108788
      }
    },
    {
      "type": "Feature",
      "geometry": {
        "type": "Point",
        "coordinates": [
          30.9943,
          -26.7194
        ]
      },
      "properties": {
        "name": "Bhadzeni",
        "country": "Eswatini",
        "region": "Manzini Region",
        "elevation_m": null,
        "population": 0,
        "feature_type": "populated place",
        "geoname_id": 13108796
      }
    },
    {
      "type": "Feature",
      "geometry": {
        "type": "Point",
        "coordinates": [
          30.90407,
          -26.71132
        ]
      },
      "properties": {
        "name": "Mponono",
        "country": "Eswatini",
        "region": "Manzini Region",
        "elevation_m": null,
        "population": 0,
        "feature_type": "populated place",
        "geoname_id": 13108797
      }
    },
    {
      "type": "Feature",
      "geometry": {
        "type": "Point",
        "coordinates": [
          30.95266,
          -26.67878
        ]
      },
      "properties": {
        "name": "Mbeka",
        "country": "Eswatini",
        "region": "Manzini Region",
        "elevation_m": null,
        "population": 0,
        "feature_type": "populated place",
        "geoname_id": 13108801
      }
    },
    {
      "type": "Feature",
      "geometry": {
        "type": "Point",
        "coordinates": [
          31.01051,
          -26.73736
        ]
      },
      "properties": {
        "name": "Nkundla",
        "country": "Eswatini",
        "region": "Manzini Region",
        "elevation_m": null,
        "population": 0,
        "feature_type": "populated place",
        "geoname_id": 13108803
      }
    },
    {
      "type": "Feature",
      "geometry": {
        "type": "Point",
        "coordinates": [
          31.03544,
          -26.53199
        ]
      },
      "properties": {
        "name": "Luhleko",
        "country": "Eswatini",
        "region": "Manzini Region",
        "elevation_m": null,
        "population": 0,
        "feature_type": "populated place",
        "geoname_id": 13108805
      }
    },
    {
      "type": "Feature",
      "geometry": {
        "type": "Point",
        "coordinates": [
          31.07024,
          -26.57747
        ]
      },
      "properties": {
        "name": "Mbovana",
        "country": "Eswatini",
        "region": "Manzini Region",
        "elevation_m": null,
        "population": 0,
        "feature_type": "populated place",
        "geoname_id": 13108815
      }
    },
    {
      "type": "Feature",
      "geometry": {
        "type": "Point",
        "coordinates": [
          31.03748,
          -26.61427
        ]
      },
      "properties": {
        "name": "Mfukama",
        "country": "Eswatini",
        "region": "Manzini Region",
        "elevation_m": null,
        "population": 0,
        "feature_type": "populated place",
        "geoname_id": 13108817
      }
    },
    {
      "type": "Feature",
      "geometry": {
        "type": "Point",
        "coordinates": [
          31.06952,
          -26.61715
        ]
      },
      "properties": {
        "name": "Dudusini",
        "country": "Eswatini",
        "region": "Manzini Region",
        "elevation_m": null,
        "population": 0,
        "feature_type": "populated place",
        "geoname_id": 13108818
      }
    },
    {
      "type": "Feature",
      "geometry": {
        "type": "Point",
        "coordinates": [
          31.08407,
          -26.61544
        ]
      },
      "properties": {
        "name": "Mapanga",
        "country": "Eswatini",
        "region": "Manzini Region",
        "elevation_m": null,
        "population": 0,
        "feature_type": "populated place",
        "geoname_id": 13108819
      }
    },
    {
      "type": "Feature",
      "geometry": {
        "type": "Point",
        "coordinates": [
          31.1269,
          -26.61138
        ]
      },
      "properties": {
        "name": "Noabaneni",
        "country": "Eswatini",
        "region": "Manzini Region",
        "elevation_m": null,
        "population": 0,
        "feature_type": "populated place",
        "geoname_id": 13108821
      }
    },
    {
      "type": "Feature",
      "geometry": {
        "type": "Point",
        "coordinates": [
          31.09995,
          -26.69769
        ]
      },
      "properties": {
        "name": "Mboziawa",
        "country": "Eswatini",
        "region": "Manzini Region",
        "elevation_m": null,
        "population": 0,
        "feature_type": "populated place",
        "geoname_id": 13108824
      }
    },
    {
      "type": "Feature",
      "geometry": {
        "type": "Point",
        "coordinates": [
          31.07271,
          -26.72012
        ]
      },
      "properties": {
        "name": "Mancubeni",
        "country": "Eswatini",
        "region": "Manzini Region",
        "elevation_m": null,
        "population": 0,
        "feature_type": "populated place",
        "geoname_id": 13108825
      }
    },
    {
      "type": "Feature",
      "geometry": {
        "type": "Point",
        "coordinates": [
          31.15072,
          -26.74477
        ]
      },
      "properties": {
        "name": "Umsaman",
        "country": "Eswatini",
        "region": "Manzini Region",
        "elevation_m": null,
        "population": 0,
        "feature_type": "populated place",
        "geoname_id": 13108831
      }
    },
    {
      "type": "Feature",
      "geometry": {
        "type": "Point",
        "coordinates": [
          31.18012,
          -26.76894
        ]
      },
      "properties": {
        "name": "Ngumane",
        "country": "Eswatini",
        "region": "Manzini Region",
        "elevation_m": null,
        "population": 0,
        "feature_type": "populated place",
        "geoname_id": 13108832
      }
    },
    {
      "type": "Feature",
      "geometry": {
        "type": "Point",
        "coordinates": [
          31.17347,
          -26.73162
        ]
      },
      "properties": {
        "name": "Umtshezwa",
        "country": "Eswatini",
        "region": "Manzini Region",
        "elevation_m": null,
        "population": 0,
        "feature_type": "populated place",
        "geoname_id": 13108834
      }
    },
    {
      "type": "Feature",
      "geometry": {
        "type": "Point",
        "coordinates": [
          31.25676,
          -26.75524
        ]
      },
      "properties": {
        "name": "Nyatsini",
        "country": "Eswatini",
        "region": "Manzini Region",
        "elevation_m": null,
        "population": 0,
        "feature_type": "populated place",
        "geoname_id": 13108835
      }
    },
    {
      "type": "Feature",
      "geometry": {
        "type": "Point",
        "coordinates": [
          31.21801,
          -26.67279
        ]
      },
      "properties": {
        "name": "Etjebovu",
        "country": "Eswatini",
        "region": "Manzini Region",
        "elevation_m": null,
        "population": 0,
        "feature_type": "populated place",
        "geoname_id": 13108836
      }
    },
    {
      "type": "Feature",
      "geometry": {
        "type": "Point",
        "coordinates": [
          31.18648,
          -26.68074
        ]
      },
      "properties": {
        "name": "Mgwadla",
        "country": "Eswatini",
        "region": "Manzini Region",
        "elevation_m": null,
        "population": 0,
        "feature_type": "populated place",
        "geoname_id": 13108840
      }
    },
    {
      "type": "Feature",
      "geometry": {
        "type": "Point",
        "coordinates": [
          31.13655,
          -26.66274
        ]
      },
      "properties": {
        "name": "Mtimane",
        "country": "Eswatini",
        "region": "Manzini Region",
        "elevation_m": null,
        "population": 0,
        "feature_type": "populated place",
        "geoname_id": 13108841
      }
    },
    {
      "type": "Feature",
      "geometry": {
        "type": "Point",
        "coordinates": [
          31.18157,
          -26.57456
        ]
      },
      "properties": {
        "name": "Uniswa",
        "country": "Eswatini",
        "region": "Manzini Region",
        "elevation_m": null,
        "population": 0,
        "feature_type": "populated place",
        "geoname_id": 13108843
      }
    },
    {
      "type": "Feature",
      "geometry": {
        "type": "Point",
        "coordinates": [
          31.20747,
          -26.6121
        ]
      },
      "properties": {
        "name": "Masuku",
        "country": "Eswatini",
        "region": "Manzini Region",
        "elevation_m": null,
        "population": 0,
        "feature_type": "populated place",
        "geoname_id": 13108844
      }
    },
    {
      "type": "Feature",
      "geometry": {
        "type": "Point",
        "coordinates": [
          31.20047,
          -26.61181
        ]
      },
      "properties": {
        "name": "Nkhundla",
        "country": "Eswatini",
        "region": "Manzini Region",
        "elevation_m": null,
        "population": 0,
        "feature_type": "populated place",
        "geoname_id": 13108845
      }
    },
    {
      "type": "Feature",
      "geometry": {
        "type": "Point",
        "coordinates": [
          31.25883,
          -26.59766
        ]
      },
      "properties": {
        "name": "Kandinda",
        "country": "Eswatini",
        "region": "Manzini Region",
        "elevation_m": null,
        "population": 0,
        "feature_type": "populated place",
        "geoname_id": 13108848
      }
    },
    {
      "type": "Feature",
      "geometry": {
        "type": "Point",
        "coordinates": [
          31.2675,
          -26.52008
        ]
      },
      "properties": {
        "name": "Nokwane",
        "country": "Eswatini",
        "region": "Manzini Region",
        "elevation_m": null,
        "population": 0,
        "feature_type": "populated place",
        "geoname_id": 13108850
      }
    },
    {
      "type": "Feature",
      "geometry": {
        "type": "Point",
        "coordinates": [
          31.19246,
          -26.5183
        ]
      },
      "properties": {
        "name": "Libby",
        "country": "Eswatini",
        "region": "Manzini Region",
        "elevation_m": null,
        "population": 0,
        "feature_type": "populated place",
        "geoname_id": 13108854
      }
    },
    {
      "type": "Feature",
      "geometry": {
        "type": "Point",
        "coordinates": [
          31.01149,
          -26.66801
        ]
      },
      "properties": {
        "name": "Macudvulwini",
        "country": "Eswatini",
        "region": "Manzini Region",
        "elevation_m": null,
        "population": 0,
        "feature_type": "populated place",
        "geoname_id": 13108856
      }
    },
    {
      "type": "Feature",
      "geometry": {
        "type": "Point",
        "coordinates": [
          31.24031,
          -26.6371
        ]
      },
      "properties": {
        "name": "Sibanyoni",
        "country": "Eswatini",
        "region": "Manzini Region",
        "elevation_m": null,
        "population": 0,
        "feature_type": "populated place",
        "geoname_id": 13108865
      }
    },
    {
      "type": "Feature",
      "geometry": {
        "type": "Point",
        "coordinates": [
          31.84922,
          -26.46981
        ]
      },
      "properties": {
        "name": "Lubilweni",
        "country": "Eswatini",
        "region": "Lubombo Region",
        "elevation_m": null,
        "population": 0,
        "feature_type": "populated place",
        "geoname_id": 13227030
      }
    },
    {
      "type": "Feature",
      "geometry": {
        "type": "Point",
        "coordinates": [
          31.7849,
          -26.46368
        ]
      },
      "properties": {
        "name": "Makhandza",
        "country": "Eswatini",
        "region": "Lubombo Region",
        "elevation_m": null,
        "population": 0,
        "feature_type": "populated place",
        "geoname_id": 13227035
      }
    },
    {
      "type": "Feature",
      "geometry": {
        "type": "Point",
        "coordinates": [
          31.89507,
          -26.43993
        ]
      },
      "properties": {
        "name": "Mantanta",
        "country": "Eswatini",
        "region": "Lubombo Region",
        "elevation_m": null,
        "population": 0,
        "feature_type": "populated place",
        "geoname_id": 13227036
      }
    },
    {
      "type": "Feature",
      "geometry": {
        "type": "Point",
        "coordinates": [
          31.78198,
          -26.25203
        ]
      },
      "properties": {
        "name": "Hlane Nkhundla",
        "country": "Eswatini",
        "region": "Lubombo Region",
        "elevation_m": null,
        "population": 0,
        "feature_type": "populated place",
        "geoname_id": 13227038
      }
    },
    {
      "type": "Feature",
      "geometry": {
        "type": "Point",
        "coordinates": [
          31.94316,
          -26.43282
        ]
      },
      "properties": {
        "name": "Flame",
        "country": "Eswatini",
        "region": "Lubombo Region",
        "elevation_m": null,
        "population": 0,
        "feature_type": "populated place",
        "geoname_id": 13227039
      }
    },
    {
      "type": "Feature",
      "geometry": {
        "type": "Point",
        "coordinates": [
          31.94285,
          -26.42399
        ]
      },
      "properties": {
        "name": "Notcliffe",
        "country": "Eswatini",
        "region": "Lubombo Region",
        "elevation_m": null,
        "population": 0,
        "feature_type": "populated place",
        "geoname_id": 13227041
      }
    },
    {
      "type": "Feature",
      "geometry": {
        "type": "Point",
        "coordinates": [
          31.97127,
          -26.34328
        ]
      },
      "properties": {
        "name": "Groenpan",
        "country": "Eswatini",
        "region": "Lubombo Region",
        "elevation_m": null,
        "population": 0,
        "feature_type": "populated place",
        "geoname_id": 13227044
      }
    },
    {
      "type": "Feature",
      "geometry": {
        "type": "Point",
        "coordinates": [
          31.84811,
          -26.45055
        ]
      },
      "properties": {
        "name": "Kalanga",
        "country": "Eswatini",
        "region": "Lubombo Region",
        "elevation_m": null,
        "population": 0,
        "feature_type": "populated place",
        "geoname_id": 13227045
      }
    },
    {
      "type": "Feature",
      "geometry": {
        "type": "Point",
        "coordinates": [
          31.91555,
          -26.40277
        ]
      },
      "properties": {
        "name": "Mahuku",
        "country": "Eswatini",
        "region": "Lubombo Region",
        "elevation_m": null,
        "population": 0,
        "feature_type": "populated place",
        "geoname_id": 13227049
      }
    },
    {
      "type": "Feature",
      "geometry": {
        "type": "Point",
        "coordinates": [
          31.97039,
          -26.43075
        ]
      },
      "properties": {
        "name": "Moveni",
        "country": "Eswatini",
        "region": "Lubombo Region",
        "elevation_m": null,
        "population": 0,
        "feature_type": "populated place",
        "geoname_id": 13227051
      }
    },
    {
      "type": "Feature",
      "geometry": {
        "type": "Point",
        "coordinates": [
          31.92061,
          -26.44007
        ]
      },
      "properties": {
        "name": "Siboteleni",
        "country": "Eswatini",
        "region": "Lubombo Region",
        "elevation_m": null,
        "population": 0,
        "feature_type": "populated place",
        "geoname_id": 13227052
      }
    },
    {
      "type": "Feature",
      "geometry": {
        "type": "Point",
        "coordinates": [
          31.91313,
          -26.4126
        ]
      },
      "properties": {
        "name": "Lukhula",
        "country": "Eswatini",
        "region": "Lubombo Region",
        "elevation_m": null,
        "population": 0,
        "feature_type": "populated place",
        "geoname_id": 13227053
      }
    },
    {
      "type": "Feature",
      "geometry": {
        "type": "Point",
        "coordinates": [
          31.99216,
          -26.31742
        ]
      },
      "properties": {
        "name": "Cyrildene",
        "country": "Eswatini",
        "region": "Lubombo Region",
        "elevation_m": null,
        "population": 0,
        "feature_type": "populated place",
        "geoname_id": 13227054
      }
    },
    {
      "type": "Feature",
      "geometry": {
        "type": "Point",
        "coordinates": [
          31.8916,
          -26.48267
        ]
      },
      "properties": {
        "name": "Lokayisa",
        "country": "Eswatini",
        "region": "Lubombo Region",
        "elevation_m": null,
        "population": 0,
        "feature_type": "populated place",
        "geoname_id": 13227056
      }
    },
    {
      "type": "Feature",
      "geometry": {
        "type": "Point",
        "coordinates": [
          31.94627,
          -26.39334
        ]
      },
      "properties": {
        "name": "Lugongolweni Nkhundla",
        "country": "Eswatini",
        "region": "Lubombo Region",
        "elevation_m": null,
        "population": 0,
        "feature_type": "populated place",
        "geoname_id": 13227057
      }
    },
    {
      "type": "Feature",
      "geometry": {
        "type": "Point",
        "coordinates": [
          31.85664,
          -26.40077
        ]
      },
      "properties": {
        "name": "Lonhlupheko",
        "country": "Eswatini",
        "region": "Lubombo Region",
        "elevation_m": null,
        "population": 0,
        "feature_type": "populated place",
        "geoname_id": 13227058
      }
    },
    {
      "type": "Feature",
      "geometry": {
        "type": "Point",
        "coordinates": [
          31.77597,
          -26.25235
        ]
      },
      "properties": {
        "name": "Hlane",
        "country": "Eswatini",
        "region": "Lubombo Region",
        "elevation_m": null,
        "population": 0,
        "feature_type": "populated place",
        "geoname_id": 13227063
      }
    },
    {
      "type": "Feature",
      "geometry": {
        "type": "Point",
        "coordinates": [
          31.91985,
          -26.45063
        ]
      },
      "properties": {
        "name": "Ngwane",
        "country": "Eswatini",
        "region": "Lubombo Region",
        "elevation_m": null,
        "population": 0,
        "feature_type": "populated place",
        "geoname_id": 13227064
      }
    },
    {
      "type": "Feature",
      "geometry": {
        "type": "Point",
        "coordinates": [
          31.78671,
          -26.49252
        ]
      },
      "properties": {
        "name": "Lubhuku",
        "country": "Eswatini",
        "region": "Lubombo Region",
        "elevation_m": null,
        "population": 0,
        "feature_type": "populated place",
        "geoname_id": 13227069
      }
    },
    {
      "type": "Feature",
      "geometry": {
        "type": "Point",
        "coordinates": [
          31.90258,
          -26.46042
        ]
      },
      "properties": {
        "name": "Khalakahle",
        "country": "Eswatini",
        "region": "Lubombo Region",
        "elevation_m": null,
        "population": 0,
        "feature_type": "populated place",
        "geoname_id": 13227070
      }
    },
    {
      "type": "Feature",
      "geometry": {
        "type": "Point",
        "coordinates": [
          31.9695,
          -26.39317
        ]
      },
      "properties": {
        "name": "Tengwasi",
        "country": "Eswatini",
        "region": "Lubombo Region",
        "elevation_m": null,
        "population": 0,
        "feature_type": "populated place",
        "geoname_id": 13227075
      }
    },
    {
      "type": "Feature",
      "geometry": {
        "type": "Point",
        "coordinates": [
          31.84708,
          -26.46537
        ]
      },
      "properties": {
        "name": "Hamula",
        "country": "Eswatini",
        "region": "Lubombo Region",
        "elevation_m": null,
        "population": 0,
        "feature_type": "populated place",
        "geoname_id": 13227078
      }
    },
    {
      "type": "Feature",
      "geometry": {
        "type": "Point",
        "coordinates": [
          31.88718,
          -26.49425
        ]
      },
      "properties": {
        "name": "Mkutshane",
        "country": "Eswatini",
        "region": "Lubombo Region",
        "elevation_m": null,
        "population": 0,
        "feature_type": "populated place",
        "geoname_id": 13227086
      }
    },
    {
      "type": "Feature",
      "geometry": {
        "type": "Point",
        "coordinates": [
          31.89198,
          -26.42237
        ]
      },
      "properties": {
        "name": "Lukhula",
        "country": "Eswatini",
        "region": "Lubombo Region",
        "elevation_m": null,
        "population": 0,
        "feature_type": "populated place",
        "geoname_id": 13227087
      }
    },
    {
      "type": "Feature",
      "geometry": {
        "type": "Point",
        "coordinates": [
          31.30815,
          -27.20264
        ]
      },
      "properties": {
        "name": "Makhonza",
        "country": "Eswatini",
        "region": "Shiselweni",
        "elevation_m": null,
        "population": 0,
        "feature_type": "populated place",
        "geoname_id": 13131039
      }
    },
    {
      "type": "Feature",
      "geometry": {
        "type": "Point",
        "coordinates": [
          31.21127,
          -27.14195
        ]
      },
      "properties": {
        "name": "Upper Nyamane",
        "country": "Eswatini",
        "region": "Shiselweni",
        "elevation_m": null,
        "population": 0,
        "feature_type": "populated place",
        "geoname_id": 13131041
      }
    },
    {
      "type": "Feature",
      "geometry": {
        "type": "Point",
        "coordinates": [
          31.14594,
          -27.16047
        ]
      },
      "properties": {
        "name": "Matimatima",
        "country": "Eswatini",
        "region": "Shiselweni",
        "elevation_m": null,
        "population": 0,
        "feature_type": "populated place",
        "geoname_id": 13131042
      }
    },
    {
      "type": "Feature",
      "geometry": {
        "type": "Point",
        "coordinates": [
          31.22512,
          -27.06789
        ]
      },
      "properties": {
        "name": "Nyakenye",
        "country": "Eswatini",
        "region": "Shiselweni",
        "elevation_m": null,
        "population": 0,
        "feature_type": "populated place",
        "geoname_id": 13131044
      }
    },
    {
      "type": "Feature",
      "geometry": {
        "type": "Point",
        "coordinates": [
          31.12953,
          -27.15156
        ]
      },
      "properties": {
        "name": "Mahlandle",
        "country": "Eswatini",
        "region": "Shiselweni",
        "elevation_m": null,
        "population": 0,
        "feature_type": "populated place",
        "geoname_id": 13131045
      }
    },
    {
      "type": "Feature",
      "geometry": {
        "type": "Point",
        "coordinates": [
          31.10216,
          -27.10046
        ]
      },
      "properties": {
        "name": "Tfokotani",
        "country": "Eswatini",
        "region": "Shiselweni",
        "elevation_m": null,
        "population": 0,
        "feature_type": "populated place",
        "geoname_id": 13131048
      }
    },
    {
      "type": "Feature",
      "geometry": {
        "type": "Point",
        "coordinates": [
          31.2998,
          -27.22148
        ]
      },
      "properties": {
        "name": "Chibide",
        "country": "Eswatini",
        "region": "Shiselweni",
        "elevation_m": null,
        "population": 0,
        "feature_type": "populated place",
        "geoname_id": 13131049
      }
    },
    {
      "type": "Feature",
      "geometry": {
        "type": "Point",
        "coordinates": [
          31.11447,
          -27.10717
        ]
      },
      "properties": {
        "name": "Vusweni",
        "country": "Eswatini",
        "region": "Shiselweni",
        "elevation_m": null,
        "population": 0,
        "feature_type": "populated place",
        "geoname_id": 13131051
      }
    },
    {
      "type": "Feature",
      "geometry": {
        "type": "Point",
        "coordinates": [
          31.2087,
          -27.17308
        ]
      },
      "properties": {
        "name": "Mashobeni",
        "country": "Eswatini",
        "region": "Shiselweni",
        "elevation_m": null,
        "population": 0,
        "feature_type": "populated place",
        "geoname_id": 13131052
      }
    },
    {
      "type": "Feature",
      "geometry": {
        "type": "Point",
        "coordinates": [
          31.30504,
          -27.04519
        ]
      },
      "properties": {
        "name": "Ntabantu",
        "country": "Eswatini",
        "region": "Shiselweni",
        "elevation_m": null,
        "population": 0,
        "feature_type": "populated place",
        "geoname_id": 13131055
      }
    },
    {
      "type": "Feature",
      "geometry": {
        "type": "Point",
        "coordinates": [
          31.13279,
          -27.08514
        ]
      },
      "properties": {
        "name": "Mabhudlweni",
        "country": "Eswatini",
        "region": "Shiselweni",
        "elevation_m": null,
        "population": 0,
        "feature_type": "populated place",
        "geoname_id": 13131056
      }
    },
    {
      "type": "Feature",
      "geometry": {
        "type": "Point",
        "coordinates": [
          31.18508,
          -27.10388
        ]
      },
      "properties": {
        "name": "Priberi",
        "country": "Eswatini",
        "region": "Shiselweni",
        "elevation_m": null,
        "population": 0,
        "feature_type": "populated place",
        "geoname_id": 13131058
      }
    },
    {
      "type": "Feature",
      "geometry": {
        "type": "Point",
        "coordinates": [
          31.12061,
          -27.05961
        ]
      },
      "properties": {
        "name": "Ndukuzibovu",
        "country": "Eswatini",
        "region": "Shiselweni",
        "elevation_m": null,
        "population": 0,
        "feature_type": "populated place",
        "geoname_id": 13131059
      }
    },
    {
      "type": "Feature",
      "geometry": {
        "type": "Point",
        "coordinates": [
          31.20054,
          -27.0703
        ]
      },
      "properties": {
        "name": "Makhatsatweni",
        "country": "Eswatini",
        "region": "Shiselweni",
        "elevation_m": null,
        "population": 0,
        "feature_type": "populated place",
        "geoname_id": 13131061
      }
    },
    {
      "type": "Feature",
      "geometry": {
        "type": "Point",
        "coordinates": [
          31.30246,
          -27.24184
        ]
      },
      "properties": {
        "name": "Zombodze",
        "country": "Eswatini",
        "region": "Shiselweni",
        "elevation_m": null,
        "population": 0,
        "feature_type": "populated place",
        "geoname_id": 13131062
      }
    },
    {
      "type": "Feature",
      "geometry": {
        "type": "Point",
        "coordinates": [
          31.12366,
          -27.09506
        ]
      },
      "properties": {
        "name": "Mlambo",
        "country": "Eswatini",
        "region": "Shiselweni",
        "elevation_m": null,
        "population": 0,
        "feature_type": "populated place",
        "geoname_id": 13131063
      }
    },
    {
      "type": "Feature",
      "geometry": {
        "type": "Point",
        "coordinates": [
          31.13485,
          -27.1418
        ]
      },
      "properties": {
        "name": "Ndlela",
        "country": "Eswatini",
        "region": "Shiselweni",
        "elevation_m": null,
        "population": 0,
        "feature_type": "populated place",
        "geoname_id": 13131064
      }
    },
    {
      "type": "Feature",
      "geometry": {
        "type": "Point",
        "coordinates": [
          31.22247,
          -27.19234
        ]
      },
      "properties": {
        "name": "Lower Nyamane",
        "country": "Eswatini",
        "region": "Shiselweni",
        "elevation_m": null,
        "population": 0,
        "feature_type": "populated place",
        "geoname_id": 13131065
      }
    },
    {
      "type": "Feature",
      "geometry": {
        "type": "Point",
        "coordinates": [
          31.1865,
          -27.19355
        ]
      },
      "properties": {
        "name": "Makhosini",
        "country": "Eswatini",
        "region": "Shiselweni",
        "elevation_m": null,
        "population": 0,
        "feature_type": "populated place",
        "geoname_id": 13131066
      }
    },
    {
      "type": "Feature",
      "geometry": {
        "type": "Point",
        "coordinates": [
          31.19853,
          -27.18839
        ]
      },
      "properties": {
        "name": "Nzama",
        "country": "Eswatini",
        "region": "Shiselweni",
        "elevation_m": null,
        "population": 0,
        "feature_type": "populated place",
        "geoname_id": 13131067
      }
    },
    {
      "type": "Feature",
      "geometry": {
        "type": "Point",
        "coordinates": [
          31.14399,
          -27.11223
        ]
      },
      "properties": {
        "name": "Maseyisini",
        "country": "Eswatini",
        "region": "Shiselweni",
        "elevation_m": null,
        "population": 0,
        "feature_type": "populated place",
        "geoname_id": 13131068
      }
    },
    {
      "type": "Feature",
      "geometry": {
        "type": "Point",
        "coordinates": [
          31.46453,
          -27.05957
        ]
      },
      "properties": {
        "name": "Luqolweni",
        "country": "Eswatini",
        "region": "Shiselweni",
        "elevation_m": null,
        "population": 0,
        "feature_type": "populated place",
        "geoname_id": 13131246
      }
    },
    {
      "type": "Feature",
      "geometry": {
        "type": "Point",
        "coordinates": [
          31.32153,
          -27.05334
        ]
      },
      "properties": {
        "name": "Memeza",
        "country": "Eswatini",
        "region": "Shiselweni",
        "elevation_m": null,
        "population": 0,
        "feature_type": "populated place",
        "geoname_id": 13131248
      }
    },
    {
      "type": "Feature",
      "geometry": {
        "type": "Point",
        "coordinates": [
          31.32516,
          -27.12619
        ]
      },
      "properties": {
        "name": "Sibovu",
        "country": "Eswatini",
        "region": "Shiselweni",
        "elevation_m": null,
        "population": 0,
        "feature_type": "populated place",
        "geoname_id": 13131250
      }
    },
    {
      "type": "Feature",
      "geometry": {
        "type": "Point",
        "coordinates": [
          31.48984,
          -27.19921
        ]
      },
      "properties": {
        "name": "Msila",
        "country": "Eswatini",
        "region": "Shiselweni",
        "elevation_m": null,
        "population": 0,
        "feature_type": "populated place",
        "geoname_id": 13131256
      }
    },
    {
      "type": "Feature",
      "geometry": {
        "type": "Point",
        "coordinates": [
          31.43266,
          -27.22367
        ]
      },
      "properties": {
        "name": "Kamsizi",
        "country": "Eswatini",
        "region": "Shiselweni",
        "elevation_m": null,
        "population": 0,
        "feature_type": "populated place",
        "geoname_id": 13131257
      }
    },
    {
      "type": "Feature",
      "geometry": {
        "type": "Point",
        "coordinates": [
          31.48987,
          -27.05009
        ]
      },
      "properties": {
        "name": "Velebantfu",
        "country": "Eswatini",
        "region": "Shiselweni",
        "elevation_m": null,
        "population": 0,
        "feature_type": "populated place",
        "geoname_id": 13131258
      }
    },
    {
      "type": "Feature",
      "geometry": {
        "type": "Point",
        "coordinates": [
          31.46022,
          -27.10553
        ]
      },
      "properties": {
        "name": "Kalomshiyo",
        "country": "Eswatini",
        "region": "Shiselweni",
        "elevation_m": null,
        "population": 0,
        "feature_type": "populated place",
        "geoname_id": 13131259
      }
    },
    {
      "type": "Feature",
      "geometry": {
        "type": "Point",
        "coordinates": [
          31.3934,
          -27.14874
        ]
      },
      "properties": {
        "name": "Nhlanhle",
        "country": "Eswatini",
        "region": "Shiselweni",
        "elevation_m": null,
        "population": 0,
        "feature_type": "populated place",
        "geoname_id": 13131261
      }
    },
    {
      "type": "Feature",
      "geometry": {
        "type": "Point",
        "coordinates": [
          31.41388,
          -27.27661
        ]
      },
      "properties": {
        "name": "Sivule",
        "country": "Eswatini",
        "region": "Shiselweni",
        "elevation_m": null,
        "population": 0,
        "feature_type": "populated place",
        "geoname_id": 13131263
      }
    },
    {
      "type": "Feature",
      "geometry": {
        "type": "Point",
        "coordinates": [
          31.4927,
          -27.25576
        ]
      },
      "properties": {
        "name": "Masiphula",
        "country": "Eswatini",
        "region": "Shiselweni",
        "elevation_m": null,
        "population": 0,
        "feature_type": "populated place",
        "geoname_id": 13131265
      }
    },
    {
      "type": "Feature",
      "geometry": {
        "type": "Point",
        "coordinates": [
          31.44797,
          -27.27617
        ]
      },
      "properties": {
        "name": "Manyandzeni",
        "country": "Eswatini",
        "region": "Shiselweni",
        "elevation_m": null,
        "population": 0,
        "feature_type": "populated place",
        "geoname_id": 13131267
      }
    },
    {
      "type": "Feature",
      "geometry": {
        "type": "Point",
        "coordinates": [
          31.42946,
          -27.0566
        ]
      },
      "properties": {
        "name": "Mbulungwane",
        "country": "Eswatini",
        "region": "Shiselweni",
        "elevation_m": null,
        "population": 0,
        "feature_type": "populated place",
        "geoname_id": 13131268
      }
    },
    {
      "type": "Feature",
      "geometry": {
        "type": "Point",
        "coordinates": [
          31.40825,
          -27.21412
        ]
      },
      "properties": {
        "name": "Gubuda",
        "country": "Eswatini",
        "region": "Shiselweni",
        "elevation_m": null,
        "population": 0,
        "feature_type": "populated place",
        "geoname_id": 13131270
      }
    },
    {
      "type": "Feature",
      "geometry": {
        "type": "Point",
        "coordinates": [
          31.44807,
          -27.17699
        ]
      },
      "properties": {
        "name": "Mahanga",
        "country": "Eswatini",
        "region": "Shiselweni",
        "elevation_m": null,
        "population": 0,
        "feature_type": "populated place",
        "geoname_id": 13131273
      }
    },
    {
      "type": "Feature",
      "geometry": {
        "type": "Point",
        "coordinates": [
          31.40444,
          -27.13049
        ]
      },
      "properties": {
        "name": "Nhkungwini",
        "country": "Eswatini",
        "region": "Shiselweni",
        "elevation_m": null,
        "population": 0,
        "feature_type": "populated place",
        "geoname_id": 13131276
      }
    },
    {
      "type": "Feature",
      "geometry": {
        "type": "Point",
        "coordinates": [
          31.42102,
          -27.15796
        ]
      },
      "properties": {
        "name": "Zibondeni",
        "country": "Eswatini",
        "region": "Shiselweni",
        "elevation_m": null,
        "population": 0,
        "feature_type": "populated place",
        "geoname_id": 13131277
      }
    },
    {
      "type": "Feature",
      "geometry": {
        "type": "Point",
        "coordinates": [
          31.36024,
          -27.24687
        ]
      },
      "properties": {
        "name": "Mzinsangu",
        "country": "Eswatini",
        "region": "Shiselweni",
        "elevation_m": null,
        "population": 0,
        "feature_type": "populated place",
        "geoname_id": 13131282
      }
    },
    {
      "type": "Feature",
      "geometry": {
        "type": "Point",
        "coordinates": [
          31.31374,
          -27.14449
        ]
      },
      "properties": {
        "name": "Mthombe",
        "country": "Eswatini",
        "region": "Shiselweni",
        "elevation_m": null,
        "population": 0,
        "feature_type": "populated place",
        "geoname_id": 13131287
      }
    },
    {
      "type": "Feature",
      "geometry": {
        "type": "Point",
        "coordinates": [
          31.48021,
          -27.08096
        ]
      },
      "properties": {
        "name": "Mlotshwa",
        "country": "Eswatini",
        "region": "Shiselweni",
        "elevation_m": null,
        "population": 0,
        "feature_type": "populated place",
        "geoname_id": 13131289
      }
    },
    {
      "type": "Feature",
      "geometry": {
        "type": "Point",
        "coordinates": [
          31.45052,
          -27.20068
        ]
      },
      "properties": {
        "name": "Paradys",
        "country": "Eswatini",
        "region": "Shiselweni",
        "elevation_m": null,
        "population": 0,
        "feature_type": "populated place",
        "geoname_id": 13131290
      }
    },
    {
      "type": "Feature",
      "geometry": {
        "type": "Point",
        "coordinates": [
          31.43021,
          -27.25075
        ]
      },
      "properties": {
        "name": "Mantambe",
        "country": "Eswatini",
        "region": "Shiselweni",
        "elevation_m": null,
        "population": 0,
        "feature_type": "populated place",
        "geoname_id": 13131293
      }
    },
    {
      "type": "Feature",
      "geometry": {
        "type": "Point",
        "coordinates": [
          31.76429,
          -26.95592
        ]
      },
      "properties": {
        "name": "Terblanche",
        "country": "Eswatini",
        "region": "Lubombo Region",
        "elevation_m": null,
        "population": 0,
        "feature_type": "populated place",
        "geoname_id": 13131590
      }
    },
    {
      "type": "Feature",
      "geometry": {
        "type": "Point",
        "coordinates": [
          31.53199,
          -26.94601
        ]
      },
      "properties": {
        "name": "Mbhoke",
        "country": "Eswatini",
        "region": "Lubombo Region",
        "elevation_m": null,
        "population": 0,
        "feature_type": "populated place",
        "geoname_id": 13131591
      }
    },
    {
      "type": "Feature",
      "geometry": {
        "type": "Point",
        "coordinates": [
          31.7493,
          -26.8542
        ]
      },
      "properties": {
        "name": "Charmay",
        "country": "Eswatini",
        "region": "Lubombo Region",
        "elevation_m": null,
        "population": 0,
        "feature_type": "populated place",
        "geoname_id": 13131592
      }
    },
    {
      "type": "Feature",
      "geometry": {
        "type": "Point",
        "coordinates": [
          31.7563,
          -26.97121
        ]
      },
      "properties": {
        "name": "Mcathuzane",
        "country": "Eswatini",
        "region": "Lubombo Region",
        "elevation_m": null,
        "population": 0,
        "feature_type": "populated place",
        "geoname_id": 13131593
      }
    },
    {
      "type": "Feature",
      "geometry": {
        "type": "Point",
        "coordinates": [
          31.74325,
          -26.87115
        ]
      },
      "properties": {
        "name": "Shanse",
        "country": "Eswatini",
        "region": "Lubombo Region",
        "elevation_m": null,
        "population": 0,
        "feature_type": "populated place",
        "geoname_id": 13131594
      }
    },
    {
      "type": "Feature",
      "geometry": {
        "type": "Point",
        "coordinates": [
          31.62025,
          -26.85841
        ]
      },
      "properties": {
        "name": "Mhambi",
        "country": "Eswatini",
        "region": "Lubombo Region",
        "elevation_m": null,
        "population": 0,
        "feature_type": "populated place",
        "geoname_id": 13131596
      }
    },
    {
      "type": "Feature",
      "geometry": {
        "type": "Point",
        "coordinates": [
          31.66548,
          -26.88863
        ]
      },
      "properties": {
        "name": "Madubeni",
        "country": "Eswatini",
        "region": "Lubombo Region",
        "elevation_m": null,
        "population": 0,
        "feature_type": "populated place",
        "geoname_id": 13131599
      }
    },
    {
      "type": "Feature",
      "geometry": {
        "type": "Point",
        "coordinates": [
          31.56407,
          -26.93688
        ]
      },
      "properties": {
        "name": "Makhwekhweti",
        "country": "Eswatini",
        "region": "Lubombo Region",
        "elevation_m": null,
        "population": 0,
        "feature_type": "populated place",
        "geoname_id": 13131600
      }
    },
    {
      "type": "Feature",
      "geometry": {
        "type": "Point",
        "coordinates": [
          31.77445,
          -26.90737
        ]
      },
      "properties": {
        "name": "Baxter",
        "country": "Eswatini",
        "region": "Lubombo Region",
        "elevation_m": null,
        "population": 0,
        "feature_type": "populated place",
        "geoname_id": 13131601
      }
    },
    {
      "type": "Feature",
      "geometry": {
        "type": "Point",
        "coordinates": [
          31.54435,
          -27.03162
        ]
      },
      "properties": {
        "name": "Elubaneni",
        "country": "Eswatini",
        "region": "Shiselweni",
        "elevation_m": null,
        "population": 0,
        "feature_type": "populated place",
        "geoname_id": 13131603
      }
    },
    {
      "type": "Feature",
      "geometry": {
        "type": "Point",
        "coordinates": [
          31.54066,
          -26.89582
        ]
      },
      "properties": {
        "name": "Mpompotha",
        "country": "Eswatini",
        "region": "Lubombo Region",
        "elevation_m": null,
        "population": 0,
        "feature_type": "populated place",
        "geoname_id": 13131604
      }
    },
    {
      "type": "Feature",
      "geometry": {
        "type": "Point",
        "coordinates": [
          31.55954,
          -26.95609
        ]
      },
      "properties": {
        "name": "Makhwekhweti Hills",
        "country": "Eswatini",
        "region": "Lubombo Region",
        "elevation_m": null,
        "population": 0,
        "feature_type": "populated place",
        "geoname_id": 13131605
      }
    },
    {
      "type": "Feature",
      "geometry": {
        "type": "Point",
        "coordinates": [
          31.59384,
          -26.98052
        ]
      },
      "properties": {
        "name": "Nhlupheko",
        "country": "Eswatini",
        "region": "Shiselweni",
        "elevation_m": null,
        "population": 0,
        "feature_type": "populated place",
        "geoname_id": 13131606
      }
    },
    {
      "type": "Feature",
      "geometry": {
        "type": "Point",
        "coordinates": [
          31.75998,
          -26.78332
        ]
      },
      "properties": {
        "name": "Umshikashika",
        "country": "Eswatini",
        "region": "Lubombo Region",
        "elevation_m": null,
        "population": 0,
        "feature_type": "populated place",
        "geoname_id": 13131608
      }
    },
    {
      "type": "Feature",
      "geometry": {
        "type": "Point",
        "coordinates": [
          31.55406,
          -26.83158
        ]
      },
      "properties": {
        "name": "Simoyi",
        "country": "Eswatini",
        "region": "Lubombo Region",
        "elevation_m": null,
        "population": 0,
        "feature_type": "populated place",
        "geoname_id": 13131609
      }
    },
    {
      "type": "Feature",
      "geometry": {
        "type": "Point",
        "coordinates": [
          31.735,
          -26.90163
        ]
      },
      "properties": {
        "name": "Lochner",
        "country": "Eswatini",
        "region": "Lubombo Region",
        "elevation_m": null,
        "population": 0,
        "feature_type": "populated place",
        "geoname_id": 13131610
      }
    },
    {
      "type": "Feature",
      "geometry": {
        "type": "Point",
        "coordinates": [
          31.67586,
          -27.0426
        ]
      },
      "properties": {
        "name": "Nhloya",
        "country": "Eswatini",
        "region": "Shiselweni",
        "elevation_m": null,
        "population": 0,
        "feature_type": "populated place",
        "geoname_id": 13131611
      }
    },
    {
      "type": "Feature",
      "geometry": {
        "type": "Point",
        "coordinates": [
          31.596,
          -26.80503
        ]
      },
      "properties": {
        "name": "Nkonjane",
        "country": "Eswatini",
        "region": "Hhohho Region",
        "elevation_m": null,
        "population": 0,
        "feature_type": "populated place",
        "geoname_id": 13131612
      }
    },
    {
      "type": "Feature",
      "geometry": {
        "type": "Point",
        "coordinates": [
          31.67427,
          -27.05519
        ]
      },
      "properties": {
        "name": "Ndabazezwe",
        "country": "Eswatini",
        "region": "Shiselweni",
        "elevation_m": null,
        "population": 0,
        "feature_type": "populated place",
        "geoname_id": 13131613
      }
    },
    {
      "type": "Feature",
      "geometry": {
        "type": "Point",
        "coordinates": [
          31.70274,
          -26.78936
        ]
      },
      "properties": {
        "name": "Magongolweni",
        "country": "Eswatini",
        "region": "Lubombo Region",
        "elevation_m": null,
        "population": 0,
        "feature_type": "populated place",
        "geoname_id": 13131614
      }
    },
    {
      "type": "Feature",
      "geometry": {
        "type": "Point",
        "coordinates": [
          31.75011,
          -26.93359
        ]
      },
      "properties": {
        "name": "Mtsambotsi",
        "country": "Eswatini",
        "region": "Lubombo Region",
        "elevation_m": null,
        "population": 0,
        "feature_type": "populated place",
        "geoname_id": 13131615
      }
    },
    {
      "type": "Feature",
      "geometry": {
        "type": "Point",
        "coordinates": [
          31.63344,
          -26.90367
        ]
      },
      "properties": {
        "name": "Makhobeni",
        "country": "Eswatini",
        "region": "Lubombo Region",
        "elevation_m": null,
        "population": 0,
        "feature_type": "populated place",
        "geoname_id": 13131618
      }
    },
    {
      "type": "Feature",
      "geometry": {
        "type": "Point",
        "coordinates": [
          31.68609,
          -27.03353
        ]
      },
      "properties": {
        "name": "Keswick",
        "country": "Eswatini",
        "region": "Lubombo Region",
        "elevation_m": null,
        "population": 0,
        "feature_type": "populated place",
        "geoname_id": 13131619
      }
    },
    {
      "type": "Feature",
      "geometry": {
        "type": "Point",
        "coordinates": [
          31.76922,
          -26.80679
        ]
      },
      "properties": {
        "name": "Logoba",
        "country": "Eswatini",
        "region": "Lubombo Region",
        "elevation_m": null,
        "population": 0,
        "feature_type": "populated place",
        "geoname_id": 13131620
      }
    },
    {
      "type": "Feature",
      "geometry": {
        "type": "Point",
        "coordinates": [
          31.59553,
          -26.99974
        ]
      },
      "properties": {
        "name": "Ngudzeni",
        "country": "Eswatini",
        "region": "Shiselweni",
        "elevation_m": null,
        "population": 0,
        "feature_type": "populated place",
        "geoname_id": 13131621
      }
    },
    {
      "type": "Feature",
      "geometry": {
        "type": "Point",
        "coordinates": [
          31.5974,
          -26.87681
        ]
      },
      "properties": {
        "name": "Nkundla",
        "country": "Eswatini",
        "region": "Lubombo Region",
        "elevation_m": null,
        "population": 0,
        "feature_type": "populated place",
        "geoname_id": 13131623
      }
    },
    {
      "type": "Feature",
      "geometry": {
        "type": "Point",
        "coordinates": [
          31.66871,
          -26.79796
        ]
      },
      "properties": {
        "name": "Guquka",
        "country": "Eswatini",
        "region": "Lubombo Region",
        "elevation_m": null,
        "population": 0,
        "feature_type": "populated place",
        "geoname_id": 13131624
      }
    },
    {
      "type": "Feature",
      "geometry": {
        "type": "Point",
        "coordinates": [
          31.77905,
          -26.78678
        ]
      },
      "properties": {
        "name": "Ngujane",
        "country": "Eswatini",
        "region": "Lubombo Region",
        "elevation_m": null,
        "population": 0,
        "feature_type": "populated place",
        "geoname_id": 13131627
      }
    },
    {
      "type": "Feature",
      "geometry": {
        "type": "Point",
        "coordinates": [
          31.63087,
          -26.92828
        ]
      },
      "properties": {
        "name": "Nkonjwa",
        "country": "Eswatini",
        "region": "Lubombo Region",
        "elevation_m": null,
        "population": 0,
        "feature_type": "populated place",
        "geoname_id": 13131628
      }
    },
    {
      "type": "Feature",
      "geometry": {
        "type": "Point",
        "coordinates": [
          31.77773,
          -26.93312
        ]
      },
      "properties": {
        "name": "Mdumezulu",
        "country": "Eswatini",
        "region": "Lubombo Region",
        "elevation_m": null,
        "population": 0,
        "feature_type": "populated place",
        "geoname_id": 13131629
      }
    },
    {
      "type": "Feature",
      "geometry": {
        "type": "Point",
        "coordinates": [
          31.77796,
          -26.78029
        ]
      },
      "properties": {
        "name": "Mhawu",
        "country": "Eswatini",
        "region": "Lubombo Region",
        "elevation_m": null,
        "population": 0,
        "feature_type": "populated place",
        "geoname_id": 13131630
      }
    },
    {
      "type": "Feature",
      "geometry": {
        "type": "Point",
        "coordinates": [
          31.75508,
          -26.98655
        ]
      },
      "properties": {
        "name": "Mbungeni",
        "country": "Eswatini",
        "region": "Lubombo Region",
        "elevation_m": null,
        "population": 0,
        "feature_type": "populated place",
        "geoname_id": 13131631
      }
    },
    {
      "type": "Feature",
      "geometry": {
        "type": "Point",
        "coordinates": [
          31.7669,
          -26.83091
        ]
      },
      "properties": {
        "name": "Locela",
        "country": "Eswatini",
        "region": "Lubombo Region",
        "elevation_m": null,
        "population": 0,
        "feature_type": "populated place",
        "geoname_id": 13131633
      }
    },
    {
      "type": "Feature",
      "geometry": {
        "type": "Point",
        "coordinates": [
          31.88165,
          -26.82734
        ]
      },
      "properties": {
        "name": "Ekukhanyeni",
        "country": "Eswatini",
        "region": "Lubombo Region",
        "elevation_m": null,
        "population": 0,
        "feature_type": "populated place",
        "geoname_id": 13131857
      }
    },
    {
      "type": "Feature",
      "geometry": {
        "type": "Point",
        "coordinates": [
          31.8367,
          -26.91372
        ]
      },
      "properties": {
        "name": "Mekanduva",
        "country": "Eswatini",
        "region": "Lubombo Region",
        "elevation_m": null,
        "population": 0,
        "feature_type": "populated place",
        "geoname_id": 13131858
      }
    },
    {
      "type": "Feature",
      "geometry": {
        "type": "Point",
        "coordinates": [
          31.92973,
          -26.81574
        ]
      },
      "properties": {
        "name": "Ebholi",
        "country": "Eswatini",
        "region": "Lubombo Region",
        "elevation_m": null,
        "population": 0,
        "feature_type": "populated place",
        "geoname_id": 13131859
      }
    },
    {
      "type": "Feature",
      "geometry": {
        "type": "Point",
        "coordinates": [
          31.97227,
          -26.84915
        ]
      },
      "properties": {
        "name": "Picardy",
        "country": "Eswatini",
        "region": "Lubombo Region",
        "elevation_m": null,
        "population": 0,
        "feature_type": "populated place",
        "geoname_id": 13131861
      }
    },
    {
      "type": "Feature",
      "geometry": {
        "type": "Point",
        "coordinates": [
          31.80021,
          -26.83493
        ]
      },
      "properties": {
        "name": "Kugwane",
        "country": "Eswatini",
        "region": "Lubombo Region",
        "elevation_m": null,
        "population": 0,
        "feature_type": "populated place",
        "geoname_id": 13131862
      }
    },
    {
      "type": "Feature",
      "geometry": {
        "type": "Point",
        "coordinates": [
          31.84799,
          -26.99673
        ]
      },
      "properties": {
        "name": "Ntambo",
        "country": "Eswatini",
        "region": "Lubombo Region",
        "elevation_m": null,
        "population": 0,
        "feature_type": "populated place",
        "geoname_id": 13131863
      }
    },
    {
      "type": "Feature",
      "geometry": {
        "type": "Point",
        "coordinates": [
          31.8327,
          -26.90254
        ]
      },
      "properties": {
        "name": "Nkhanini",
        "country": "Eswatini",
        "region": "Lubombo Region",
        "elevation_m": null,
        "population": 0,
        "feature_type": "populated place",
        "geoname_id": 13131866
      }
    },
    {
      "type": "Feature",
      "geometry": {
        "type": "Point",
        "coordinates": [
          31.81763,
          -26.8657
        ]
      },
      "properties": {
        "name": "Malibe",
        "country": "Eswatini",
        "region": "Lubombo Region",
        "elevation_m": null,
        "population": 0,
        "feature_type": "populated place",
        "geoname_id": 13131869
      }
    },
    {
      "type": "Feature",
      "geometry": {
        "type": "Point",
        "coordinates": [
          31.8431,
          -26.98171
        ]
      },
      "properties": {
        "name": "Nkunge",
        "country": "Eswatini",
        "region": "Lubombo Region",
        "elevation_m": null,
        "population": 0,
        "feature_type": "populated place",
        "geoname_id": 13131870
      }
    },
    {
      "type": "Feature",
      "geometry": {
        "type": "Point",
        "coordinates": [
          31.80922,
          -26.78711
        ]
      },
      "properties": {
        "name": "Ngcamphalala",
        "country": "Eswatini",
        "region": "Lubombo Region",
        "elevation_m": null,
        "population": 0,
        "feature_type": "populated place",
        "geoname_id": 13131871
      }
    },
    {
      "type": "Feature",
      "geometry": {
        "type": "Point",
        "coordinates": [
          31.98216,
          -26.90154
        ]
      },
      "properties": {
        "name": "Matsenjwa",
        "country": "Eswatini",
        "region": "Lubombo Region",
        "elevation_m": null,
        "population": 0,
        "feature_type": "populated place",
        "geoname_id": 13131874
      }
    },
    {
      "type": "Feature",
      "geometry": {
        "type": "Point",
        "coordinates": [
          31.88437,
          -26.97945
        ]
      },
      "properties": {
        "name": "Zombizwe",
        "country": "Eswatini",
        "region": "Lubombo Region",
        "elevation_m": null,
        "population": 0,
        "feature_type": "populated place",
        "geoname_id": 13131876
      }
    },
    {
      "type": "Feature",
      "geometry": {
        "type": "Point",
        "coordinates": [
          31.87585,
          -26.92494
        ]
      },
      "properties": {
        "name": "Ematsinyo",
        "country": "Eswatini",
        "region": "Lubombo Region",
        "elevation_m": null,
        "population": 0,
        "feature_type": "populated place",
        "geoname_id": 13131877
      }
    },
    {
      "type": "Feature",
      "geometry": {
        "type": "Point",
        "coordinates": [
          31.9806,
          -26.80847
        ]
      },
      "properties": {
        "name": "Lushikishini",
        "country": "Eswatini",
        "region": "Lubombo Region",
        "elevation_m": null,
        "population": 0,
        "feature_type": "populated place",
        "geoname_id": 13131878
      }
    },
    {
      "type": "Feature",
      "geometry": {
        "type": "Point",
        "coordinates": [
          31.87251,
          -26.83623
        ]
      },
      "properties": {
        "name": "Ematsheni",
        "country": "Eswatini",
        "region": "Lubombo Region",
        "elevation_m": null,
        "population": 0,
        "feature_type": "populated place",
        "geoname_id": 13131879
      }
    },
    {
      "type": "Feature",
      "geometry": {
        "type": "Point",
        "coordinates": [
          31.98444,
          -26.78951
        ]
      },
      "properties": {
        "name": "Poortzicht",
        "country": "Eswatini",
        "region": "Lubombo Region",
        "elevation_m": null,
        "population": 0,
        "feature_type": "populated place",
        "geoname_id": 13131881
      }
    },
    {
      "type": "Feature",
      "geometry": {
        "type": "Point",
        "coordinates": [
          31.81488,
          -27.03556
        ]
      },
      "properties": {
        "name": "Ntuthwakazi",
        "country": "Eswatini",
        "region": "Lubombo Region",
        "elevation_m": null,
        "population": 0,
        "feature_type": "populated place",
        "geoname_id": 13131882
      }
    },
    {
      "type": "Feature",
      "geometry": {
        "type": "Point",
        "coordinates": [
          31.82899,
          -26.95574
        ]
      },
      "properties": {
        "name": "Malwelwe",
        "country": "Eswatini",
        "region": "Lubombo Region",
        "elevation_m": null,
        "population": 0,
        "feature_type": "populated place",
        "geoname_id": 13131883
      }
    },
    {
      "type": "Feature",
      "geometry": {
        "type": "Point",
        "coordinates": [
          31.88706,
          -26.86915
        ]
      },
      "properties": {
        "name": "Mndobandoba",
        "country": "Eswatini",
        "region": "Lubombo Region",
        "elevation_m": null,
        "population": 0,
        "feature_type": "populated place",
        "geoname_id": 13131886
      }
    },
    {
      "type": "Feature",
      "geometry": {
        "type": "Point",
        "coordinates": [
          31.81053,
          -26.84466
        ]
      },
      "properties": {
        "name": "Hlunyane",
        "country": "Eswatini",
        "region": "Lubombo Region",
        "elevation_m": null,
        "population": 0,
        "feature_type": "populated place",
        "geoname_id": 13131887
      }
    },
    {
      "type": "Feature",
      "geometry": {
        "type": "Point",
        "coordinates": [
          31.98841,
          -26.83302
        ]
      },
      "properties": {
        "name": "Sauolla",
        "country": "Eswatini",
        "region": "Lubombo Region",
        "elevation_m": null,
        "population": 0,
        "feature_type": "populated place",
        "geoname_id": 13131889
      }
    },
    {
      "type": "Feature",
      "geometry": {
        "type": "Point",
        "coordinates": [
          31.9403,
          -26.79376
        ]
      },
      "properties": {
        "name": "Ookwane",
        "country": "Eswatini",
        "region": "Lubombo Region",
        "elevation_m": null,
        "population": 0,
        "feature_type": "populated place",
        "geoname_id": 13131892
      }
    },
    {
      "type": "Feature",
      "geometry": {
        "type": "Point",
        "coordinates": [
          31.91998,
          -26.88269
        ]
      },
      "properties": {
        "name": "Makosane",
        "country": "Eswatini",
        "region": "Lubombo Region",
        "elevation_m": null,
        "population": 0,
        "feature_type": "populated place",
        "geoname_id": 13131894
      }
    },
    {
      "type": "Feature",
      "geometry": {
        "type": "Point",
        "coordinates": [
          31.8987,
          -26.86371
        ]
      },
      "properties": {
        "name": "Rasheni",
        "country": "Eswatini",
        "region": "Lubombo Region",
        "elevation_m": null,
        "population": 0,
        "feature_type": "populated place",
        "geoname_id": 13131895
      }
    },
    {
      "type": "Feature",
      "geometry": {
        "type": "Point",
        "coordinates": [
          31.80842,
          -26.92325
        ]
      },
      "properties": {
        "name": "Emadlozini",
        "country": "Eswatini",
        "region": "Lubombo Region",
        "elevation_m": null,
        "population": 0,
        "feature_type": "populated place",
        "geoname_id": 13131896
      }
    },
    {
      "type": "Feature",
      "geometry": {
        "type": "Point",
        "coordinates": [
          31.97546,
          -26.82581
        ]
      },
      "properties": {
        "name": "Twinridge",
        "country": "Eswatini",
        "region": "Lubombo Region",
        "elevation_m": null,
        "population": 0,
        "feature_type": "populated place",
        "geoname_id": 13131897
      }
    },
    {
      "type": "Feature",
      "geometry": {
        "type": "Point",
        "coordinates": [
          31.88116,
          -26.95297
        ]
      },
      "properties": {
        "name": "Eludlodlweni",
        "country": "Eswatini",
        "region": "Lubombo Region",
        "elevation_m": null,
        "population": 0,
        "feature_type": "populated place",
        "geoname_id": 13131898
      }
    },
    {
      "type": "Feature",
      "geometry": {
        "type": "Point",
        "coordinates": [
          31.96276,
          -26.88453
        ]
      },
      "properties": {
        "name": "Kamchoza",
        "country": "Eswatini",
        "region": "Lubombo Region",
        "elevation_m": null,
        "population": 0,
        "feature_type": "populated place",
        "geoname_id": 13131899
      }
    },
    {
      "type": "Feature",
      "geometry": {
        "type": "Point",
        "coordinates": [
          31.8317,
          -26.94532
        ]
      },
      "properties": {
        "name": "Mavimbeni",
        "country": "Eswatini",
        "region": "Lubombo Region",
        "elevation_m": null,
        "population": 0,
        "feature_type": "populated place",
        "geoname_id": 13131902
      }
    },
    {
      "type": "Feature",
      "geometry": {
        "type": "Point",
        "coordinates": [
          31.8798,
          -26.85043
        ]
      },
      "properties": {
        "name": "Vimvane",
        "country": "Eswatini",
        "region": "Lubombo Region",
        "elevation_m": null,
        "population": 0,
        "feature_type": "populated place",
        "geoname_id": 13131905
      }
    },
    {
      "type": "Feature",
      "geometry": {
        "type": "Point",
        "coordinates": [
          31.905,
          -26.98112
        ]
      },
      "properties": {
        "name": "Ingcotu",
        "country": "Eswatini",
        "region": "Lubombo Region",
        "elevation_m": null,
        "population": 0,
        "feature_type": "populated place",
        "geoname_id": 13131906
      }
    },
    {
      "type": "Feature",
      "geometry": {
        "type": "Point",
        "coordinates": [
          31.8443,
          -26.97573
        ]
      },
      "properties": {
        "name": "Kotten",
        "country": "Eswatini",
        "region": "Lubombo Region",
        "elevation_m": null,
        "population": 0,
        "feature_type": "populated place",
        "geoname_id": 13131909
      }
    },
    {
      "type": "Feature",
      "geometry": {
        "type": "Point",
        "coordinates": [
          31.97685,
          -26.85717
        ]
      },
      "properties": {
        "name": "Gamula",
        "country": "Eswatini",
        "region": "Lubombo Region",
        "elevation_m": null,
        "population": 0,
        "feature_type": "populated place",
        "geoname_id": 13131910
      }
    },
    {
      "type": "Feature",
      "geometry": {
        "type": "Point",
        "coordinates": [
          31.92243,
          -26.86686
        ]
      },
      "properties": {
        "name": "Mateta",
        "country": "Eswatini",
        "region": "Lubombo Region",
        "elevation_m": null,
        "population": 0,
        "feature_type": "populated place",
        "geoname_id": 13131911
      }
    },
    {
      "type": "Feature",
      "geometry": {
        "type": "Point",
        "coordinates": [
          31.95251,
          -26.86881
        ]
      },
      "properties": {
        "name": "Mablobane",
        "country": "Eswatini",
        "region": "Lubombo Region",
        "elevation_m": null,
        "population": 0,
        "feature_type": "populated place",
        "geoname_id": 13131912
      }
    },
    {
      "type": "Feature",
      "geometry": {
        "type": "Point",
        "coordinates": [
          31.89934,
          -26.8684
        ]
      },
      "properties": {
        "name": "Dumisa",
        "country": "Eswatini",
        "region": "Lubombo Region",
        "elevation_m": null,
        "population": 0,
        "feature_type": "populated place",
        "geoname_id": 13131913
      }
    },
    {
      "type": "Feature",
      "geometry": {
        "type": "Point",
        "coordinates": [
          31.88446,
          -26.98784
        ]
      },
      "properties": {
        "name": "Wltboomlaagte",
        "country": "Eswatini",
        "region": "Lubombo Region",
        "elevation_m": null,
        "population": 0,
        "feature_type": "populated place",
        "geoname_id": 13131915
      }
    },
    {
      "type": "Feature",
      "geometry": {
        "type": "Point",
        "coordinates": [
          31.93152,
          -26.79205
        ]
      },
      "properties": {
        "name": "Nkhundla",
        "country": "Eswatini",
        "region": "Lubombo Region",
        "elevation_m": null,
        "population": 0,
        "feature_type": "populated place",
        "geoname_id": 13131917
      }
    },
    {
      "type": "Feature",
      "geometry": {
        "type": "Point",
        "coordinates": [
          31.92872,
          -26.85212
        ]
      },
      "properties": {
        "name": "Mkhiweni",
        "country": "Eswatini",
        "region": "Lubombo Region",
        "elevation_m": null,
        "population": 0,
        "feature_type": "populated place",
        "geoname_id": 13131918
      }
    },
    {
      "type": "Feature",
      "geometry": {
        "type": "Point",
        "coordinates": [
          31.86445,
          -26.84751
        ]
      },
      "properties": {
        "name": "Geja",
        "country": "Eswatini",
        "region": "Lubombo Region",
        "elevation_m": null,
        "population": 0,
        "feature_type": "populated place",
        "geoname_id": 13131922
      }
    },
    {
      "type": "Feature",
      "geometry": {
        "type": "Point",
        "coordinates": [
          31.87592,
          -26.97249
        ]
      },
      "properties": {
        "name": "Fotogaku",
        "country": "Eswatini",
        "region": "Lubombo Region",
        "elevation_m": null,
        "population": 0,
        "feature_type": "populated place",
        "geoname_id": 13131923
      }
    },
    {
      "type": "Feature",
      "geometry": {
        "type": "Point",
        "coordinates": [
          31.83006,
          -26.93761
        ]
      },
      "properties": {
        "name": "Mhadlo",
        "country": "Eswatini",
        "region": "Lubombo Region",
        "elevation_m": null,
        "population": 0,
        "feature_type": "populated place",
        "geoname_id": 13131925
      }
    },
    {
      "type": "Feature",
      "geometry": {
        "type": "Point",
        "coordinates": [
          31.81005,
          -26.90849
        ]
      },
      "properties": {
        "name": "Katwyk",
        "country": "Eswatini",
        "region": "Lubombo Region",
        "elevation_m": null,
        "population": 0,
        "feature_type": "populated place",
        "geoname_id": 13131926
      }
    },
    {
      "type": "Feature",
      "geometry": {
        "type": "Point",
        "coordinates": [
          31.80729,
          -27.21948
        ]
      },
      "properties": {
        "name": "Mlindazwe",
        "country": "Eswatini",
        "region": "Shiselweni",
        "elevation_m": null,
        "population": 0,
        "feature_type": "populated place",
        "geoname_id": 13133959
      }
    },
    {
      "type": "Feature",
      "geometry": {
        "type": "Point",
        "coordinates": [
          31.92619,
          -27.07808
        ]
      },
      "properties": {
        "name": "Mbutu",
        "country": "Eswatini",
        "region": "Lubombo Region",
        "elevation_m": null,
        "population": 0,
        "feature_type": "populated place",
        "geoname_id": 13133961
      }
    },
    {
      "type": "Feature",
      "geometry": {
        "type": "Point",
        "coordinates": [
          31.86614,
          -27.07956
        ]
      },
      "properties": {
        "name": "Mhlabeni",
        "country": "Eswatini",
        "region": "Lubombo Region",
        "elevation_m": null,
        "population": 0,
        "feature_type": "populated place",
        "geoname_id": 13133963
      }
    },
    {
      "type": "Feature",
      "geometry": {
        "type": "Point",
        "coordinates": [
          31.92371,
          -27.1063
        ]
      },
      "properties": {
        "name": "Mbutfu",
        "country": "Eswatini",
        "region": "Lubombo Region",
        "elevation_m": null,
        "population": 0,
        "feature_type": "populated place",
        "geoname_id": 13133964
      }
    },
    {
      "type": "Feature",
      "geometry": {
        "type": "Point",
        "coordinates": [
          31.95647,
          -27.15149
        ]
      },
      "properties": {
        "name": "Nsubane",
        "country": "Eswatini",
        "region": "Lubombo Region",
        "elevation_m": null,
        "population": 0,
        "feature_type": "populated place",
        "geoname_id": 13133968
      }
    },
    {
      "type": "Feature",
      "geometry": {
        "type": "Point",
        "coordinates": [
          31.87838,
          -27.11541
        ]
      },
      "properties": {
        "name": "Mkhayeni",
        "country": "Eswatini",
        "region": "Lubombo Region",
        "elevation_m": null,
        "population": 0,
        "feature_type": "populated place",
        "geoname_id": 13133969
      }
    },
    {
      "type": "Feature",
      "geometry": {
        "type": "Point",
        "coordinates": [
          31.79795,
          -27.11292
        ]
      },
      "properties": {
        "name": "Ezindwendweni",
        "country": "Eswatini",
        "region": "Shiselweni",
        "elevation_m": null,
        "population": 0,
        "feature_type": "populated place",
        "geoname_id": 13133970
      }
    },
    {
      "type": "Feature",
      "geometry": {
        "type": "Point",
        "coordinates": [
          31.82881,
          -27.27583
        ]
      },
      "properties": {
        "name": "Somntongo Nkundla",
        "country": "Eswatini",
        "region": "Shiselweni",
        "elevation_m": null,
        "population": 0,
        "feature_type": "populated place",
        "geoname_id": 13133978
      }
    },
    {
      "type": "Feature",
      "geometry": {
        "type": "Point",
        "coordinates": [
          32.04565,
          -26.4016
        ]
      },
      "properties": {
        "name": "Mbobo",
        "country": "Eswatini",
        "region": "Lubombo Region",
        "elevation_m": null,
        "population": 0,
        "feature_type": "populated place",
        "geoname_id": 13134068
      }
    },
    {
      "type": "Feature",
      "geometry": {
        "type": "Point",
        "coordinates": [
          32.04317,
          -26.41711
        ]
      },
      "properties": {
        "name": "Mbehla",
        "country": "Eswatini",
        "region": "Lubombo Region",
        "elevation_m": null,
        "population": 0,
        "feature_type": "populated place",
        "geoname_id": 13134071
      }
    },
    {
      "type": "Feature",
      "geometry": {
        "type": "Point",
        "coordinates": [
          32.04174,
          -26.39988
        ]
      },
      "properties": {
        "name": "Mhobeni",
        "country": "Eswatini",
        "region": "Lubombo Region",
        "elevation_m": null,
        "population": 0,
        "feature_type": "populated place",
        "geoname_id": 13134073
      }
    },
    {
      "type": "Feature",
      "geometry": {
        "type": "Point",
        "coordinates": [
          32.06309,
          -26.41649
        ]
      },
      "properties": {
        "name": "Mhosi",
        "country": "Eswatini",
        "region": "Lubombo Region",
        "elevation_m": null,
        "population": 0,
        "feature_type": "populated place",
        "geoname_id": 13134075
      }
    },
    {
      "type": "Feature",
      "geometry": {
        "type": "Point",
        "coordinates": [
          32.02878,
          -26.38622
        ]
      },
      "properties": {
        "name": "Mashicaka",
        "country": "Eswatini",
        "region": "Lubombo Region",
        "elevation_m": null,
        "population": 0,
        "feature_type": "populated place",
        "geoname_id": 13134082
      }
    },
    {
      "type": "Feature",
      "geometry": {
        "type": "Point",
        "coordinates": [
          31.46628,
          -25.89478
        ]
      },
      "properties": {
        "name": "Herefords",
        "country": "Eswatini",
        "region": "Hhohho Region",
        "elevation_m": null,
        "population": 0,
        "feature_type": "populated place",
        "geoname_id": 13456115
      }
    },
    {
      "type": "Feature",
      "geometry": {
        "type": "Point",
        "coordinates": [
          31.41874,
          -25.86722
        ]
      },
      "properties": {
        "name": "Vusweni",
        "country": "Eswatini",
        "region": "Hhohho Region",
        "elevation_m": null,
        "population": 0,
        "feature_type": "populated place",
        "geoname_id": 13456116
      }
    },
    {
      "type": "Feature",
      "geometry": {
        "type": "Point",
        "coordinates": [
          31.37197,
          -25.78843
        ]
      },
      "properties": {
        "name": "Hhohho",
        "country": "Eswatini",
        "region": "Hhohho Region",
        "elevation_m": null,
        "population": 0,
        "feature_type": "populated place",
        "geoname_id": 13456117
      }
    },
    {
      "type": "Feature",
      "geometry": {
        "type": "Point",
        "coordinates": [
          31.4396,
          -25.8506
        ]
      },
      "properties": {
        "name": "Vusweni",
        "country": "Eswatini",
        "region": "Hhohho Region",
        "elevation_m": null,
        "population": 0,
        "feature_type": "populated place",
        "geoname_id": 13456118
      }
    },
    {
      "type": "Feature",
      "geometry": {
        "type": "Point",
        "coordinates": [
          31.76088,
          -25.99767
        ]
      },
      "properties": {
        "name": "Tshaneni",
        "country": "Eswatini",
        "region": "Lubombo Region",
        "elevation_m": null,
        "population": 0,
        "feature_type": "populated place",
        "geoname_id": 13456119
      }
    },
    {
      "type": "Feature",
      "geometry": {
        "type": "Point",
        "coordinates": [
          31.36647,
          -26.01915
        ]
      },
      "properties": {
        "name": "Ndzingeni",
        "country": "Eswatini",
        "region": "Hhohho Region",
        "elevation_m": null,
        "population": 0,
        "feature_type": "populated place",
        "geoname_id": 13456143
      }
    },
    {
      "type": "Feature",
      "geometry": {
        "type": "Point",
        "coordinates": [
          31.59719,
          -26.07854
        ]
      },
      "properties": {
        "name": "Madlangempisi",
        "country": "Eswatini",
        "region": "Hhohho Region",
        "elevation_m": null,
        "population": 0,
        "feature_type": "populated place",
        "geoname_id": 13456150
      }
    },
    {
      "type": "Feature",
      "geometry": {
        "type": "Point",
        "coordinates": [
          31.60616,
          -26.03817
        ]
      },
      "properties": {
        "name": "Nkambeni",
        "country": "Eswatini",
        "region": "Hhohho Region",
        "elevation_m": null,
        "population": 0,
        "feature_type": "populated place",
        "geoname_id": 13456151
      }
    },
    {
      "type": "Feature",
      "geometry": {
        "type": "Point",
        "coordinates": [
          31.76133,
          -26.00173
        ]
      },
      "properties": {
        "name": "Tshaneni",
        "country": "Eswatini",
        "region": "Lubombo Region",
        "elevation_m": null,
        "population": 0,
        "feature_type": "populated place",
        "geoname_id": 13456196
      }
    },
    {
      "type": "Feature",
      "geometry": {
        "type": "Point",
        "coordinates": [
          31.71747,
          -26.42483
        ]
      },
      "properties": {
        "name": "Malindza",
        "country": "Eswatini",
        "region": "Lubombo Region",
        "elevation_m": null,
        "population": 0,
        "feature_type": "populated place",
        "geoname_id": 13456235
      }
    },
    {
      "type": "Feature",
      "geometry": {
        "type": "Point",
        "coordinates": [
          31.73126,
          -26.42064
        ]
      },
      "properties": {
        "name": "Mpaka",
        "country": "Eswatini",
        "region": "Lubombo Region",
        "elevation_m": null,
        "population": 0,
        "feature_type": "populated place",
        "geoname_id": 13456236
      }
    },
    {
      "type": "Feature",
      "geometry": {
        "type": "Point",
        "coordinates": [
          31.18022,
          -26.5792
        ]
      },
      "properties": {
        "name": "Luyengo",
        "country": "Eswatini",
        "region": "Manzini Region",
        "elevation_m": null,
        "population": 0,
        "feature_type": "populated place",
        "geoname_id": 13456240
      }
    },
    {
      "type": "Feature",
      "geometry": {
        "type": "Point",
        "coordinates": [
          31.22177,
          -26.51277
        ]
      },
      "properties": {
        "name": "Malkerns",
        "country": "Eswatini",
        "region": "Manzini Region",
        "elevation_m": null,
        "population": 0,
        "feature_type": "populated place",
        "geoname_id": 13456241
      }
    },
    {
      "type": "Feature",
      "geometry": {
        "type": "Point",
        "coordinates": [
          31.8786,
          -26.58582
        ]
      },
      "properties": {
        "name": "Mpolonjeni",
        "country": "Eswatini",
        "region": "Lubombo Region",
        "elevation_m": null,
        "population": 0,
        "feature_type": "populated place",
        "geoname_id": 13456277
      }
    },
    {
      "type": "Feature",
      "geometry": {
        "type": "Point",
        "coordinates": [
          31.15963,
          -26.31534
        ]
      },
      "properties": {
        "name": "Mbabane",
        "country": "Eswatini",
        "region": "Hhohho Region",
        "elevation_m": null,
        "population": 0,
        "feature_type": "populated place",
        "geoname_id": 13456305
      }
    },
    {
      "type": "Feature",
      "geometry": {
        "type": "Point",
        "coordinates": [
          31.24063,
          -26.48683
        ]
      },
      "properties": {
        "name": "Mahlanya",
        "country": "Eswatini",
        "region": "Manzini Region",
        "elevation_m": null,
        "population": 0,
        "feature_type": "populated place",
        "geoname_id": 13456306
      }
    },
    {
      "type": "Feature",
      "geometry": {
        "type": "Point",
        "coordinates": [
          31.08841,
          -26.45423
        ]
      },
      "properties": {
        "name": "Mhlambanyatsi",
        "country": "Eswatini",
        "region": "Manzini Region",
        "elevation_m": null,
        "population": 0,
        "feature_type": "populated place",
        "geoname_id": 13456307
      }
    },
    {
      "type": "Feature",
      "geometry": {
        "type": "Point",
        "coordinates": [
          31.0397,
          -26.78154
        ]
      },
      "properties": {
        "name": "Tsawela",
        "country": "Eswatini",
        "region": "Shiselweni",
        "elevation_m": null,
        "population": 0,
        "feature_type": "populated place",
        "geoname_id": 13456337
      }
    },
    {
      "type": "Feature",
      "geometry": {
        "type": "Point",
        "coordinates": [
          31.48918,
          -26.81078
        ]
      },
      "properties": {
        "name": "Sinceni",
        "country": "Eswatini",
        "region": "Shiselweni",
        "elevation_m": null,
        "population": 0,
        "feature_type": "populated place",
        "geoname_id": 13456352
      }
    },
    {
      "type": "Feature",
      "geometry": {
        "type": "Point",
        "coordinates": [
          31.25873,
          -27.08114
        ]
      },
      "properties": {
        "name": "Nsongweni",
        "country": "Eswatini",
        "region": "Shiselweni",
        "elevation_m": null,
        "population": 0,
        "feature_type": "populated place",
        "geoname_id": 13456745
      }
    },
    {
      "type": "Feature",
      "geometry": {
        "type": "Point",
        "coordinates": [
          32.02011,
          -26.28223
        ]
      },
      "properties": {
        "name": "Mhlumeni",
        "country": "Eswatini",
        "region": "Lubombo Region",
        "elevation_m": null,
        "population": 0,
        "feature_type": "populated place",
        "geoname_id": 13456789
      }
    }
  ]
}