{
  "type": "FeatureCollection",
  "features": [
    {
      "type": "Feature",
      "geometry": {
        "type": "Point",
        "coordinates": [
          13.23432,
          -8.83682
        ]
      },
      "properties": {
        "name": "Luanda",
        "country": "Angola",
        "region": "Luanda",
        "elevation_m": null,
        "population": 2776168,
        "feature_type": "capital of a political entity",
        "geoname_id": 2240449
      }
    },
    {
      "type": "Feature",
      "geometry": {
        "type": "Point",
        "coordinates": [
          13.3344,
          -8.86695
        ]
      },
      "properties": {
        "name": "Mulenvos",
        "country": "Angola",
        "region": "Luanda",
        "elevation_m": null,
        "population": 882014,
        "feature_type": "seat of a second-order administrative division",
        "geoname_id": 8307074
      }
    },
    {
      "type": "Feature",
      "geometry": {
        "type": "Point",
        "coordinates": [
          13.37499,
          -8.90553
        ]
      },
      "properties": {
        "name": "Viana",
        "country": "Angola",
        "region": "Luanda",
        "elevation_m": null,
        "population": 865863,
        "feature_type": "seat of a second-order administrative division",
        "geoname_id": 2236500
      }
    },
    {
      "type": "Feature",
      "geometry": {
        "type": "Point",
        "coordinates": [
          13.33384,
          -8.7815
        ]
      },
      "properties": {
        "name": "Kikolo",
        "country": "Angola",
        "region": "Luanda",
        "elevation_m": null,
        "population": 728205,
        "feature_type": "seat of a third-order administrative division",
        "geoname_id": 7758790
      }
    },
    {
      "type": "Feature",
      "geometry": {
        "type": "Point",
        "coordinates": [
          13.23698,
          -8.84693
        ]
      },
      "properties": {
        "name": "Maianga",
        "country": "Angola",
        "region": "Luanda",
        "elevation_m": null,
        "population": 727681,
        "feature_type": "seat of a second-order administrative division",
        "geoname_id": 2239888
      }
    },
    {
      "type": "Feature",
      "geometry": {
        "type": "Point",
        "coordinates": [
          13.26518,
          -8.93611
        ]
      },
      "properties": {
        "name": "Camama",
        "country": "Angola",
        "region": "Luanda",
        "elevation_m": null,
        "population": 667094,
        "feature_type": "seat of a second-order administrative division",
        "geoname_id": 2591957
      }
    },
    {
      "type": "Feature",
      "geometry": {
        "type": "Point",
        "coordinates": [
          13.26173,
          -8.86639
        ]
      },
      "properties": {
        "name": "Golfe",
        "country": "Angola",
        "region": "Luanda",
        "elevation_m": null,
        "population": 655796,
        "feature_type": "seat of a second-order administrative division",
        "geoname_id": 2591953
      }
    },
    {
      "type": "Feature",
      "geometry": {
        "type": "Point",
        "coordinates": [
          13.41936,
          -9.14692
        ]
      },
      "properties": {
        "name": "Calumbo",
        "country": "Angola",
        "region": "Bengo",
        "elevation_m": null,
        "population": 652270,
        "feature_type": "seat of a second-order administrative division",
        "geoname_id": 2242906
      }
    },
    {
      "type": "Feature",
      "geometry": {
        "type": "Point",
        "coordinates": [
          13.2897,
          -8.80523
        ]
      },
      "properties": {
        "name": "Hoji ya Henda",
        "country": "Angola",
        "region": "Luanda",
        "elevation_m": null,
        "population": 642050,
        "feature_type": "seat of a second-order administrative division",
        "geoname_id": 13631351
      }
    },
    {
      "type": "Feature",
      "geometry": {
        "type": "Point",
        "coordinates": [
          13.4925,
          -14.91717
        ]
      },
      "properties": {
        "name": "Lubango",
        "country": "Angola",
        "region": "Huíla",
        "elevation_m": null,
        "population": 600751,
        "feature_type": "seat of a first-order administrative division",
        "geoname_id": 3347762
      }
    },
    {
      "type": "Feature",
      "geometry": {
        "type": "Point",
        "coordinates": [
          15.73917,
          -12.77611
        ]
      },
      "properties": {
        "name": "Huambo",
        "country": "Angola",
        "region": "Huambo",
        "elevation_m": null,
        "population": 595304,
        "feature_type": "seat of a first-order administrative division",
        "geoname_id": 3348313
      }
    },
    {
      "type": "Feature",
      "geometry": {
        "type": "Point",
        "coordinates": [
          13.40268,
          -12.57674
        ]
      },
      "properties": {
        "name": "Benguela",
        "country": "Angola",
        "region": "Benguela",
        "elevation_m": null,
        "population": 555124,
        "feature_type": "seat of a first-order administrative division",
        "geoname_id": 3351663
      }
    },
    {
      "type": "Feature",
      "geometry": {
        "type": "Point",
        "coordinates": [
          12.19476,
          -5.56198
        ]
      },
      "properties": {
        "name": "Cabinda",
        "country": "Angola",
        "region": "Cabinda",
        "elevation_m": null,
        "population": 550000,
        "feature_type": "seat of a first-order administrative division",
        "geoname_id": 2243271
      }
    },
    {
      "type": "Feature",
      "geometry": {
        "type": "Point",
        "coordinates": [
          13.18562,
          -8.91783
        ]
      },
      "properties": {
        "name": "Talatona",
        "country": "Angola",
        "region": "Luanda",
        "elevation_m": null,
        "population": 500000,
        "feature_type": "seat of a third-order administrative division",
        "geoname_id": 2591976
      }
    },
    {
      "type": "Feature",
      "geometry": {
        "type": "Point",
        "coordinates": [
          13.22213,
          -8.90552
        ]
      },
      "properties": {
        "name": "Nova Vida",
        "country": "Angola",
        "region": "Luanda",
        "elevation_m": null,
        "population": 464985,
        "feature_type": "seat of a third-order administrative division",
        "geoname_id": 11592397
      }
    },
    {
      "type": "Feature",
      "geometry": {
        "type": "Point",
        "coordinates": [
          16.34096,
          -9.54015
        ]
      },
      "properties": {
        "name": "Malanje",
        "country": "Angola",
        "region": "Malanje",
        "elevation_m": null,
        "population": 455000,
        "feature_type": "seat of a first-order administrative division",
        "geoname_id": 2239862
      }
    },
    {
      "type": "Feature",
      "geometry": {
        "type": "Point",
        "coordinates": [
          13.29517,
          -8.83411
        ]
      },
      "properties": {
        "name": "Kima Kieza",
        "country": "Angola",
        "region": "Luanda",
        "elevation_m": null,
        "population": 428855,
        "feature_type": "seat of a third-order administrative division",
        "geoname_id": 13608165
      }
    },
    {
      "type": "Feature",
      "geometry": {
        "type": "Point",
        "coordinates": [
          13.28399,
          -8.83796
        ]
      },
      "properties": {
        "name": "Cazenga",
        "country": "Angola",
        "region": "Luanda",
        "elevation_m": null,
        "population": 394170,
        "feature_type": "seat of a second-order administrative division",
        "geoname_id": 2591949
      }
    },
    {
      "type": "Feature",
      "geometry": {
        "type": "Point",
        "coordinates": [
          13.53601,
          -12.3644
        ]
      },
      "properties": {
        "name": "Lobito",
        "country": "Angola",
        "region": "Benguela",
        "elevation_m": null,
        "population": 393079,
        "feature_type": "populated place",
        "geoname_id": 3347939
      }
    },
    {
      "type": "Feature",
      "geometry": {
        "type": "Point",
        "coordinates": [
          20.39155,
          -9.66078
        ]
      },
      "properties": {
        "name": "Saurimo",
        "country": "Angola",
        "region": "Lunda Sul",
        "elevation_m": null,
        "population": 393000,
        "feature_type": "seat of a first-order administrative division",
        "geoname_id": 145531
      }
    },
    {
      "type": "Feature",
      "geometry": {
        "type": "Point",
        "coordinates": [
          13.19617,
          -8.88001
        ]
      },
      "properties": {
        "name": "Samba",
        "country": "Angola",
        "region": "Luanda",
        "elevation_m": null,
        "population": 364986,
        "feature_type": "seat of a third-order administrative division",
        "geoname_id": 13546342
      }
    },
    {
      "type": "Feature",
      "geometry": {
        "type": "Point",
        "coordinates": [
          16.93333,
          -12.38333
        ]
      },
      "properties": {
        "name": "Cuito",
        "country": "Angola",
        "region": "Bíe",
        "elevation_m": null,
        "population": 355423,
        "feature_type": "seat of a first-order administrative division",
        "geoname_id": 3348078
      }
    },
    {
      "type": "Feature",
      "geometry": {
        "type": "Point",
        "coordinates": [
          13.0456,
          -9.06259
        ]
      },
      "properties": {
        "name": "Ramiros",
        "country": "Angola",
        "region": "Luanda",
        "elevation_m": null,
        "population": 323576,
        "feature_type": "seat of a third-order administrative division",
        "geoname_id": 13631350
      }
    },
    {
      "type": "Feature",
      "geometry": {
        "type": "Point",
        "coordinates": [
          15.06131,
          -7.60874
        ]
      },
      "properties": {
        "name": "Uíge",
        "country": "Angola",
        "region": "Uíge",
        "elevation_m": null,
        "population": 322531,
        "feature_type": "seat of a first-order administrative division",
        "geoname_id": 2236568
      }
    },
    {
      "type": "Feature",
      "geometry": {
        "type": "Point",
        "coordinates": [
          19.91667,
          -11.78333
        ]
      },
      "properties": {
        "name": "Luena",
        "country": "Angola",
        "region": "Moxico",
        "elevation_m": null,
        "population": 273675,
        "feature_type": "seat of a first-order administrative division",
        "geoname_id": 3347719
      }
    },
    {
      "type": "Feature",
      "geometry": {
        "type": "Point",
        "coordinates": [
          13.30781,
          -8.98007
        ]
      },
      "properties": {
        "name": "Vila Flor",
        "country": "Angola",
        "region": "Luanda",
        "elevation_m": null,
        "population": 256066,
        "feature_type": "seat of a third-order administrative division",
        "geoname_id": 12170526
      }
    },
    {
      "type": "Feature",
      "geometry": {
        "type": "Point",
        "coordinates": [
          12.15222,
          -15.19611
        ]
      },
      "properties": {
        "name": "Mossamedes",
        "country": "Angola",
        "region": "Namibe",
        "elevation_m": null,
        "population": 255000,
        "feature_type": "seat of a first-order administrative division",
        "geoname_id": 3347019
      }
    },
    {
      "type": "Feature",
      "geometry": {
        "type": "Point",
        "coordinates": [
          17.69099,
          -14.6585
        ]
      },
      "properties": {
        "name": "Menongue",
        "country": "Angola",
        "region": "Cubango",
        "elevation_m": null,
        "population": 251178,
        "feature_type": "seat of a first-order administrative division",
        "geoname_id": 3347353
      }
    },
    {
      "type": "Feature",
      "geometry": {
        "type": "Point",
        "coordinates": [
          20.73333,
          -7.3
        ]
      },
      "properties": {
        "name": "Chitato",
        "country": "Angola",
        "region": "Luanda Norte",
        "elevation_m": null,
        "population": 246880,
        "feature_type": "populated place",
        "geoname_id": 145778
      }
    },
    {
      "type": "Feature",
      "geometry": {
        "type": "Point",
        "coordinates": [
          13.39123,
          -12.58997
        ]
      },
      "properties": {
        "name": "Navegantes",
        "country": "Angola",
        "region": "Benguela",
        "elevation_m": null,
        "population": 240075,
        "feature_type": "seat of a second-order administrative division",
        "geoname_id": 13607978
      }
    },
    {
      "type": "Feature",
      "geometry": {
        "type": "Point",
        "coordinates": [
          13.275,
          -8.84861
        ]
      },
      "properties": {
        "name": "Kilamba",
        "country": "Angola",
        "region": "Luanda",
        "elevation_m": null,
        "population": 237528,
        "feature_type": "seat of a second-order administrative division",
        "geoname_id": 10402606
      }
    },
    {
      "type": "Feature",
      "geometry": {
        "type": "Point",
        "coordinates": [
          12.36894,
          -6.1349
        ]
      },
      "properties": {
        "name": "Soyo",
        "country": "Angola",
        "region": "Zaire",
        "elevation_m": null,
        "population": 221555,
        "feature_type": "populated place",
        "geoname_id": 2236967
      }
    },
    {
      "type": "Feature",
      "geometry": {
        "type": "Point",
        "coordinates": [
          13.84371,
          -11.20605
        ]
      },
      "properties": {
        "name": "Sumbe",
        "country": "Angola",
        "region": "Kwanza Sul",
        "elevation_m": null,
        "population": 205832,
        "feature_type": "seat of a first-order administrative division",
        "geoname_id": 3346015
      }
    },
    {
      "type": "Feature",
      "geometry": {
        "type": "Point",
        "coordinates": [
          13.38437,
          -9.01212
        ]
      },
      "properties": {
        "name": "Zango",
        "country": "Angola",
        "region": "Luanda",
        "elevation_m": null,
        "population": 198538,
        "feature_type": "populated place",
        "geoname_id": 11592398
      }
    },
    {
      "type": "Feature",
      "geometry": {
        "type": "Point",
        "coordinates": [
          13.16431,
          -8.94432
        ]
      },
      "properties": {
        "name": "Benfica",
        "country": "Angola",
        "region": "Luanda",
        "elevation_m": null,
        "population": 191828,
        "feature_type": "seat of a second-order administrative division",
        "geoname_id": 2240937
      }
    },
    {
      "type": "Feature",
      "geometry": {
        "type": "Point",
        "coordinates": [
          13.26285,
          -8.82644
        ]
      },
      "properties": {
        "name": "Rangel",
        "country": "Angola",
        "region": "Luanda",
        "elevation_m": null,
        "population": 190569,
        "feature_type": "seat of a second-order administrative division",
        "geoname_id": 13546341
      }
    },
    {
      "type": "Feature",
      "geometry": {
        "type": "Point",
        "coordinates": [
          13.27506,
          -8.78883
        ]
      },
      "properties": {
        "name": "Sambizanga",
        "country": "Angola",
        "region": "Luanda",
        "elevation_m": null,
        "population": 177808,
        "feature_type": "seat of a second-order administrative division",
        "geoname_id": 13546343
      }
    },
    {
      "type": "Feature",
      "geometry": {
        "type": "Point",
        "coordinates": [
          20.81557,
          -7.36643
        ]
      },
      "properties": {
        "name": "Dundo",
        "country": "Angola",
        "region": "Luanda Norte",
        "elevation_m": null,
        "population": 177604,
        "feature_type": "seat of a first-order administrative division",
        "geoname_id": 145757
      }
    },
    {
      "type": "Feature",
      "geometry": {
        "type": "Point",
        "coordinates": [
          14.13688,
          -12.47017
        ]
      },
      "properties": {
        "name": "Bocoio",
        "country": "Angola",
        "region": "Benguela",
        "elevation_m": null,
        "population": 164685,
        "feature_type": "populated place",
        "geoname_id": 3351599
      }
    },
    {
      "type": "Feature",
      "geometry": {
        "type": "Point",
        "coordinates": [
          14.91162,
          -9.29782
        ]
      },
      "properties": {
        "name": "N'dalatando",
        "country": "Angola",
        "region": "Cuanza Norte",
        "elevation_m": null,
        "population": 161584,
        "feature_type": "seat of a first-order administrative division",
        "geoname_id": 2239076
      }
    },
    {
      "type": "Feature",
      "geometry": {
        "type": "Point",
        "coordinates": [
          13.44914,
          -8.69335
        ]
      },
      "properties": {
        "name": "Panguíla",
        "country": "Angola",
        "region": "Bengo",
        "elevation_m": null,
        "population": 158068,
        "feature_type": "seat of a second-order administrative division",
        "geoname_id": 13631347
      }
    },
    {
      "type": "Feature",
      "geometry": {
        "type": "Point",
        "coordinates": [
          14.23833,
          -6.26667
        ]
      },
      "properties": {
        "name": "Mbanza Kongo",
        "country": "Angola",
        "region": "Zaire",
        "elevation_m": null,
        "population": 148000,
        "feature_type": "seat of a first-order administrative division",
        "geoname_id": 2239520
      }
    },
    {
      "type": "Feature",
      "geometry": {
        "type": "Point",
        "coordinates": [
          13.37478,
          -8.7798
        ]
      },
      "properties": {
        "name": "Cacuaco",
        "country": "Angola",
        "region": "Luanda",
        "elevation_m": null,
        "population": 146867,
        "feature_type": "seat of a second-order administrative division",
        "geoname_id": 2243173
      }
    },
    {
      "type": "Feature",
      "geometry": {
        "type": "Point",
        "coordinates": [
          13.22889,
          -8.81806
        ]
      },
      "properties": {
        "name": "Ingombota",
        "country": "Angola",
        "region": "Luanda",
        "elevation_m": null,
        "population": 144911,
        "feature_type": "seat of a third-order administrative division",
        "geoname_id": 10627325
      }
    },
    {
      "type": "Feature",
      "geometry": {
        "type": "Point",
        "coordinates": [
          15.56056,
          -12.8525
        ]
      },
      "properties": {
        "name": "Caála",
        "country": "Angola",
        "region": "Huambo",
        "elevation_m": null,
        "population": 130000,
        "feature_type": "populated place",
        "geoname_id": 3351500
      }
    },
    {
      "type": "Feature",
      "geometry": {
        "type": "Point",
        "coordinates": [
          15.73333,
          -17.06667
        ]
      },
      "properties": {
        "name": "Ondjiva",
        "country": "Angola",
        "region": "Cunene",
        "elevation_m": null,
        "population": 121537,
        "feature_type": "seat of a first-order administrative division",
        "geoname_id": 3346821
      }
    },
    {
      "type": "Feature",
      "geometry": {
        "type": "Point",
        "coordinates": [
          16.22589,
          -12.56598
        ]
      },
      "properties": {
        "name": "Catchiungo",
        "country": "Angola",
        "region": "Huambo",
        "elevation_m": null,
        "population": 120677,
        "feature_type": "populated place",
        "geoname_id": 3348094
      }
    },
    {
      "type": "Feature",
      "geometry": {
        "type": "Point",
        "coordinates": [
          14.37993,
          -10.85147
        ]
      },
      "properties": {
        "name": "Gabela",
        "country": "Angola",
        "region": "Kwanza Sul",
        "elevation_m": null,
        "population": 116903,
        "feature_type": "populated place",
        "geoname_id": 3348613
      }
    },
    {
      "type": "Feature",
      "geometry": {
        "type": "Point",
        "coordinates": [
          20.74466,
          -8.41915
        ]
      },
      "properties": {
        "name": "Lucapa",
        "country": "Angola",
        "region": "Luanda Norte",
        "elevation_m": null,
        "population": 110000,
        "feature_type": "populated place",
        "geoname_id": 145724
      }
    },
    {
      "type": "Feature",
      "geometry": {
        "type": "Point",
        "coordinates": [
          14.77232,
          -12.35426
        ]
      },
      "properties": {
        "name": "Balombo",
        "country": "Angola",
        "region": "Benguela",
        "elevation_m": null,
        "population": 108965,
        "feature_type": "populated place",
        "geoname_id": 3351764
      }
    },
    {
      "type": "Feature",
      "geometry": {
        "type": "Point",
        "coordinates": [
          13.19667,
          -12.60417
        ]
      },
      "properties": {
        "name": "Baía Farta",
        "country": "Angola",
        "region": "Benguela",
        "elevation_m": null,
        "population": 107841,
        "feature_type": "populated place",
        "geoname_id": 3351786
      }
    },
    {
      "type": "Feature",
      "geometry": {
        "type": "Point",
        "coordinates": [
          13.54677,
          -12.43002
        ]
      },
      "properties": {
        "name": "Catumbela",
        "country": "Angola",
        "region": "Benguela",
        "elevation_m": null,
        "population": 95034,
        "feature_type": "populated place",
        "geoname_id": 3350246
      }
    },
    {
      "type": "Feature",
      "geometry": {
        "type": "Point",
        "coordinates": [
          15.2722,
          -7.75938
        ]
      },
      "properties": {
        "name": "Negage",
        "country": "Angola",
        "region": "Uíge",
        "elevation_m": null,
        "population": 92950,
        "feature_type": "populated place",
        "geoname_id": 2239069
      }
    },
    {
      "type": "Feature",
      "geometry": {
        "type": "Point",
        "coordinates": [
          15.24845,
          -12.90795
        ]
      },
      "properties": {
        "name": "Longonjo",
        "country": "Angola",
        "region": "Huambo",
        "elevation_m": null,
        "population": 92103,
        "feature_type": "populated place",
        "geoname_id": 3347853
      }
    },
    {
      "type": "Feature",
      "geometry": {
        "type": "Point",
        "coordinates": [
          13.76844,
          -10.73251
        ]
      },
      "properties": {
        "name": "Porto Amboim",
        "country": "Angola",
        "region": "Kwanza Sul",
        "elevation_m": null,
        "population": 91605,
        "feature_type": "populated place",
        "geoname_id": 3346661
      }
    },
    {
      "type": "Feature",
      "geometry": {
        "type": "Point",
        "coordinates": [
          14.2455,
          -13.03865
        ]
      },
      "properties": {
        "name": "Cubal",
        "country": "Angola",
        "region": "Benguela",
        "elevation_m": null,
        "population": 90367,
        "feature_type": "populated place",
        "geoname_id": 3349229
      }
    },
    {
      "type": "Feature",
      "geometry": {
        "type": "Point",
        "coordinates": [
          15.12345,
          -11.42173
        ]
      },
      "properties": {
        "name": "Cela",
        "country": "Angola",
        "region": "Kwanza Sul",
        "elevation_m": null,
        "population": 90000,
        "feature_type": "populated place",
        "geoname_id": 3350123
      }
    },
    {
      "type": "Feature",
      "geometry": {
        "type": "Point",
        "coordinates": [
          17.99572,
          -8.7672
        ]
      },
      "properties": {
        "name": "Cafunfo",
        "country": "Angola",
        "region": "Luanda Norte",
        "elevation_m": null,
        "population": 90000,
        "feature_type": "populated place",
        "geoname_id": 7768322
      }
    },
    {
      "type": "Feature",
      "geometry": {
        "type": "Point",
        "coordinates": [
          15.09201,
          -11.39223
        ]
      },
      "properties": {
        "name": "Quissecula",
        "country": "Angola",
        "region": "Kwanza Sul",
        "elevation_m": null,
        "population": 90000,
        "feature_type": "populated place",
        "geoname_id": 7860624
      }
    },
    {
      "type": "Feature",
      "geometry": {
        "type": "Point",
        "coordinates": [
          15.50556,
          -12.67889
        ]
      },
      "properties": {
        "name": "Ecunna",
        "country": "Angola",
        "region": "Huambo",
        "elevation_m": null,
        "population": 82541,
        "feature_type": "populated place",
        "geoname_id": 3348774
      }
    },
    {
      "type": "Feature",
      "geometry": {
        "type": "Point",
        "coordinates": [
          15.03479,
          -14.73272
        ]
      },
      "properties": {
        "name": "Matala",
        "country": "Angola",
        "region": "Huíla",
        "elevation_m": null,
        "population": 78000,
        "feature_type": "populated place",
        "geoname_id": 3347424
      }
    },
    {
      "type": "Feature",
      "geometry": {
        "type": "Point",
        "coordinates": [
          13.37011,
          -8.47175
        ]
      },
      "properties": {
        "name": "Barra do Dande",
        "country": "Angola",
        "region": "Bengo",
        "elevation_m": null,
        "population": 75000,
        "feature_type": "populated place",
        "geoname_id": 2243677
      }
    },
    {
      "type": "Feature",
      "geometry": {
        "type": "Point",
        "coordinates": [
          15.99442,
          -9.57499
        ]
      },
      "properties": {
        "name": "Bailundo",
        "country": "Angola",
        "region": "Malanje",
        "elevation_m": null,
        "population": 70481,
        "feature_type": "populated place",
        "geoname_id": 2243866
      }
    },
    {
      "type": "Feature",
      "geometry": {
        "type": "Point",
        "coordinates": [
          14.30962,
          -16.28556
        ]
      },
      "properties": {
        "name": "Cahama",
        "country": "Angola",
        "region": "Cunene",
        "elevation_m": null,
        "population": 70061,
        "feature_type": "populated place",
        "geoname_id": 3351307
      }
    },
    {
      "type": "Feature",
      "geometry": {
        "type": "Point",
        "coordinates": [
          17.71766,
          -10.73912
        ]
      },
      "properties": {
        "name": "Luquembo",
        "country": "Angola",
        "region": "Malanje",
        "elevation_m": null,
        "population": 69420,
        "feature_type": "seat of a second-order administrative division",
        "geoname_id": 3347615
      }
    },
    {
      "type": "Feature",
      "geometry": {
        "type": "Point",
        "coordinates": [
          13.47639,
          -8.5675
        ]
      },
      "properties": {
        "name": "Gama",
        "country": "Angola",
        "region": "Bengo",
        "elevation_m": null,
        "population": 66202,
        "feature_type": "populated place",
        "geoname_id": 2591933
      }
    },
    {
      "type": "Feature",
      "geometry": {
        "type": "Point",
        "coordinates": [
          13.24061,
          -14.11382
        ]
      },
      "properties": {
        "name": "Camucuio",
        "country": "Angola",
        "region": "Namibe",
        "elevation_m": null,
        "population": 66112,
        "feature_type": "seat of a second-order administrative division",
        "geoname_id": 3350867
      }
    },
    {
      "type": "Feature",
      "geometry": {
        "type": "Point",
        "coordinates": [
          14.63502,
          -13.01592
        ]
      },
      "properties": {
        "name": "Ganda",
        "country": "Angola",
        "region": "Benguela",
        "elevation_m": null,
        "population": 65000,
        "feature_type": "populated place",
        "geoname_id": 3348581
      }
    },
    {
      "type": "Feature",
      "geometry": {
        "type": "Point",
        "coordinates": [
          14.42788,
          -9.68456
        ]
      },
      "properties": {
        "name": "Dondo",
        "country": "Angola",
        "region": "Cuanza Norte",
        "elevation_m": null,
        "population": 64643,
        "feature_type": "populated place",
        "geoname_id": 2241371
      }
    },
    {
      "type": "Feature",
      "geometry": {
        "type": "Point",
        "coordinates": [
          15.31667,
          -9.05
        ]
      },
      "properties": {
        "name": "Dondo",
        "country": "Angola",
        "region": "Cuanza Norte",
        "elevation_m": null,
        "population": 64643,
        "feature_type": "populated place",
        "geoname_id": 2241372
      }
    },
    {
      "type": "Feature",
      "geometry": {
        "type": "Point",
        "coordinates": [
          15.30126,
          -8.38549
        ]
      },
      "properties": {
        "name": "Nzagi",
        "country": "Angola",
        "region": "Cuanza Norte",
        "elevation_m": null,
        "population": 60000,
        "feature_type": "populated place",
        "geoname_id": 2236360
      }
    },
    {
      "type": "Feature",
      "geometry": {
        "type": "Point",
        "coordinates": [
          17.48333,
          -12.01667
        ]
      },
      "properties": {
        "name": "Camacupa",
        "country": "Angola",
        "region": "Bíe",
        "elevation_m": null,
        "population": 59000,
        "feature_type": "populated place",
        "geoname_id": 3351014
      }
    },
    {
      "type": "Feature",
      "geometry": {
        "type": "Point",
        "coordinates": [
          22.22466,
          -10.70727
        ]
      },
      "properties": {
        "name": "Luau",
        "country": "Angola",
        "region": "Moxico",
        "elevation_m": null,
        "population": 55432,
        "feature_type": "populated place",
        "geoname_id": 876177
      }
    },
    {
      "type": "Feature",
      "geometry": {
        "type": "Point",
        "coordinates": [
          18.04453,
          -9.14583
        ]
      },
      "properties": {
        "name": "Cuango",
        "country": "Angola",
        "region": "Luanda Norte",
        "elevation_m": null,
        "population": 55000,
        "feature_type": "populated place",
        "geoname_id": 2241668
      }
    },
    {
      "type": "Feature",
      "geometry": {
        "type": "Point",
        "coordinates": [
          13.66425,
          -8.57848
        ]
      },
      "properties": {
        "name": "Caxito",
        "country": "Angola",
        "region": "Bengo",
        "elevation_m": null,
        "population": 55000,
        "feature_type": "seat of a first-order administrative division",
        "geoname_id": 2242001
      }
    },
    {
      "type": "Feature",
      "geometry": {
        "type": "Point",
        "coordinates": [
          16.43333,
          -9.78333
        ]
      },
      "properties": {
        "name": "Cangandala",
        "country": "Angola",
        "region": "Malanje",
        "elevation_m": null,
        "population": 52220,
        "feature_type": "populated place",
        "geoname_id": 2242584
      }
    },
    {
      "type": "Feature",
      "geometry": {
        "type": "Point",
        "coordinates": [
          16.69663,
          -11.48676
        ]
      },
      "properties": {
        "name": "Andulo",
        "country": "Angola",
        "region": "Bíe",
        "elevation_m": null,
        "population": 50000,
        "feature_type": "populated place",
        "geoname_id": 3351884
      }
    },
    {
      "type": "Feature",
      "geometry": {
        "type": "Point",
        "coordinates": [
          14.30663,
          -11.41237
        ]
      },
      "properties": {
        "name": "Ucu Seles",
        "country": "Angola",
        "region": "Kwanza Sul",
        "elevation_m": null,
        "population": 47421,
        "feature_type": "populated place",
        "geoname_id": 3345669
      }
    },
    {
      "type": "Feature",
      "geometry": {
        "type": "Point",
        "coordinates": [
          11.84485,
          -15.80394
        ]
      },
      "properties": {
        "name": "Tômbua",
        "country": "Angola",
        "region": "Namibe",
        "elevation_m": null,
        "population": 46573,
        "feature_type": "populated place",
        "geoname_id": 3345790
      }
    },
    {
      "type": "Feature",
      "geometry": {
        "type": "Point",
        "coordinates": [
          14.89519,
          -10.00055
        ]
      },
      "properties": {
        "name": "Calulo",
        "country": "Angola",
        "region": "Kwanza Sul",
        "elevation_m": null,
        "population": 44000,
        "feature_type": "populated place",
        "geoname_id": 3351064
      }
    },
    {
      "type": "Feature",
      "geometry": {
        "type": "Point",
        "coordinates": [
          12.94961,
          -15.727
        ]
      },
      "properties": {
        "name": "Virei",
        "country": "Angola",
        "region": "Namibe",
        "elevation_m": null,
        "population": 42607,
        "feature_type": "seat of a second-order administrative division",
        "geoname_id": 3345517
      }
    },
    {
      "type": "Feature",
      "geometry": {
        "type": "Point",
        "coordinates": [
          15.10971,
          -6.05716
        ]
      },
      "properties": {
        "name": "Maquela do Zombo",
        "country": "Angola",
        "region": "Uíge",
        "elevation_m": null,
        "population": 42000,
        "feature_type": "populated place",
        "geoname_id": 2239732
      }
    },
    {
      "type": "Feature",
      "geometry": {
        "type": "Point",
        "coordinates": [
          14.62086,
          -6.12085
        ]
      },
      "properties": {
        "name": "Cuímba",
        "country": "Angola",
        "region": "Zaire",
        "elevation_m": null,
        "population": 41878,
        "feature_type": "populated place",
        "geoname_id": 2241623
      }
    },
    {
      "type": "Feature",
      "geometry": {
        "type": "Point",
        "coordinates": [
          14.15653,
          -8.65157
        ]
      },
      "properties": {
        "name": "Úcua",
        "country": "Angola",
        "region": "Bengo",
        "elevation_m": null,
        "population": 41654,
        "feature_type": "seat of a second-order administrative division",
        "geoname_id": 2236587
      }
    },
    {
      "type": "Feature",
      "geometry": {
        "type": "Point",
        "coordinates": [
          12.55,
          -4.76667
        ]
      },
      "properties": {
        "name": "Buco Zau",
        "country": "Angola",
        "region": "Cabinda",
        "elevation_m": null,
        "population": 40953,
        "feature_type": "seat of a second-order administrative division",
        "geoname_id": 2243458
      }
    },
    {
      "type": "Feature",
      "geometry": {
        "type": "Point",
        "coordinates": [
          15.74668,
          -9.42102
        ]
      },
      "properties": {
        "name": "Cacuso",
        "country": "Angola",
        "region": "Malanje",
        "elevation_m": null,
        "population": 39302,
        "feature_type": "populated place",
        "geoname_id": 2243127
      }
    },
    {
      "type": "Feature",
      "geometry": {
        "type": "Point",
        "coordinates": [
          15.55,
          -12.23333
        ]
      },
      "properties": {
        "name": "Alto Hama",
        "country": "Angola",
        "region": "Huambo",
        "elevation_m": null,
        "population": 36661,
        "feature_type": "populated place",
        "geoname_id": 3345495
      }
    },
    {
      "type": "Feature",
      "geometry": {
        "type": "Point",
        "coordinates": [
          14.90317,
          -16.6864
        ]
      },
      "properties": {
        "name": "Humbe",
        "country": "Angola",
        "region": "Cunene",
        "elevation_m": null,
        "population": 35985,
        "feature_type": "seat of a second-order administrative division",
        "geoname_id": 3348297
      }
    },
    {
      "type": "Feature",
      "geometry": {
        "type": "Point",
        "coordinates": [
          14.97494,
          -16.7444
        ]
      },
      "properties": {
        "name": "Xangongo",
        "country": "Angola",
        "region": "Cunene",
        "elevation_m": null,
        "population": 35000,
        "feature_type": "populated place",
        "geoname_id": 3345492
      }
    },
    {
      "type": "Feature",
      "geometry": {
        "type": "Point",
        "coordinates": [
          15.37124,
          -8.73204
        ]
      },
      "properties": {
        "name": "Cazombo",
        "country": "Angola",
        "region": "Cuanza Norte",
        "elevation_m": null,
        "population": 34000,
        "feature_type": "populated place",
        "geoname_id": 2241954
      }
    },
    {
      "type": "Feature",
      "geometry": {
        "type": "Point",
        "coordinates": [
          22.90216,
          -11.89914
        ]
      },
      "properties": {
        "name": "Cazombo",
        "country": "Angola",
        "region": "Moxico",
        "elevation_m": null,
        "population": 34000,
        "feature_type": "populated place",
        "geoname_id": 876482
      }
    },
    {
      "type": "Feature",
      "geometry": {
        "type": "Point",
        "coordinates": [
          16.0199,
          -10.5143
        ]
      },
      "properties": {
        "name": "Mussende",
        "country": "Angola",
        "region": "Kwanza Sul",
        "elevation_m": null,
        "population": 33558,
        "feature_type": "populated place",
        "geoname_id": 2239149
      }
    },
    {
      "type": "Feature",
      "geometry": {
        "type": "Point",
        "coordinates": [
          14.46667,
          -11.95
        ]
      },
      "properties": {
        "name": "Chindumbo",
        "country": "Angola",
        "region": "Benguela",
        "elevation_m": null,
        "population": 32013,
        "feature_type": "populated place",
        "geoname_id": 3349746
      }
    },
    {
      "type": "Feature",
      "geometry": {
        "type": "Point",
        "coordinates": [
          14.84629,
          -7.35207
        ]
      },
      "properties": {
        "name": "Songo",
        "country": "Angola",
        "region": "Uíge",
        "elevation_m": null,
        "population": 31382,
        "feature_type": "populated place",
        "geoname_id": 2236991
      }
    },
    {
      "type": "Feature",
      "geometry": {
        "type": "Point",
        "coordinates": [
          14.43333,
          -13.86667
        ]
      },
      "properties": {
        "name": "Caluquembe",
        "country": "Angola",
        "region": "Huíla",
        "elevation_m": null,
        "population": 31000,
        "feature_type": "populated place",
        "geoname_id": 3351023
      }
    },
    {
      "type": "Feature",
      "geometry": {
        "type": "Point",
        "coordinates": [
          14.797,
          -8.67417
        ]
      },
      "properties": {
        "name": "Bula Atumba",
        "country": "Angola",
        "region": "Bengo",
        "elevation_m": null,
        "population": 30537,
        "feature_type": "seat of a second-order administrative division",
        "geoname_id": 2243421
      }
    },
    {
      "type": "Feature",
      "geometry": {
        "type": "Point",
        "coordinates": [
          15.43408,
          -10.19156
        ]
      },
      "properties": {
        "name": "Santa Clara",
        "country": "Angola",
        "region": "Kwanza Sul",
        "elevation_m": null,
        "population": 29000,
        "feature_type": "populated place",
        "geoname_id": 7855993
      }
    },
    {
      "type": "Feature",
      "geometry": {
        "type": "Point",
        "coordinates": [
          12.86956,
          -7.228
        ]
      },
      "properties": {
        "name": "N'zeto",
        "country": "Angola",
        "region": "Zaire",
        "elevation_m": null,
        "population": 28840,
        "feature_type": "populated place",
        "geoname_id": 2239001
      }
    },
    {
      "type": "Feature",
      "geometry": {
        "type": "Point",
        "coordinates": [
          17.28333,
          -12.15
        ]
      },
      "properties": {
        "name": "Catabola",
        "country": "Angola",
        "region": "Bíe",
        "elevation_m": null,
        "population": 28831,
        "feature_type": "populated place",
        "geoname_id": 3350372
      }
    },
    {
      "type": "Feature",
      "geometry": {
        "type": "Point",
        "coordinates": [
          14.97995,
          -10.73366
        ]
      },
      "properties": {
        "name": "Quibala",
        "country": "Angola",
        "region": "Kwanza Sul",
        "elevation_m": null,
        "population": 27128,
        "feature_type": "populated place",
        "geoname_id": 3346598
      }
    },
    {
      "type": "Feature",
      "geometry": {
        "type": "Point",
        "coordinates": [
          16.33805,
          -12.55708
        ]
      },
      "properties": {
        "name": "Chinguar",
        "country": "Angola",
        "region": "Bíe",
        "elevation_m": null,
        "population": 26811,
        "feature_type": "populated place",
        "geoname_id": 3349723
      }
    },
    {
      "type": "Feature",
      "geometry": {
        "type": "Point",
        "coordinates": [
          19.52566,
          -8.23619
        ]
      },
      "properties": {
        "name": "Cuilo",
        "country": "Angola",
        "region": "Luanda Norte",
        "elevation_m": null,
        "population": 26577,
        "feature_type": "seat of a second-order administrative division",
        "geoname_id": 2241635
      }
    },
    {
      "type": "Feature",
      "geometry": {
        "type": "Point",
        "coordinates": [
          14.43555,
          -8.53412
        ]
      },
      "properties": {
        "name": "Piri",
        "country": "Angola",
        "region": "Bengo",
        "elevation_m": null,
        "population": 26265,
        "feature_type": "seat of a second-order administrative division",
        "geoname_id": 2238876
      }
    },
    {
      "type": "Feature",
      "geometry": {
        "type": "Point",
        "coordinates": [
          19.28136,
          -9.15445
        ]
      },
      "properties": {
        "name": "Lubalo",
        "country": "Angola",
        "region": "Luanda Norte",
        "elevation_m": null,
        "population": 26103,
        "feature_type": "seat of a second-order administrative division",
        "geoname_id": 2240416
      }
    },
    {
      "type": "Feature",
      "geometry": {
        "type": "Point",
        "coordinates": [
          13.1025,
          -12.95167
        ]
      },
      "properties": {
        "name": "Dombe Grande",
        "country": "Angola",
        "region": "Benguela",
        "elevation_m": null,
        "population": 25000,
        "feature_type": "populated place",
        "geoname_id": 3348896
      }
    },
    {
      "type": "Feature",
      "geometry": {
        "type": "Point",
        "coordinates": [
          16.63333,
          -13.55
        ]
      },
      "properties": {
        "name": "Chitembo",
        "country": "Angola",
        "region": "Bíe",
        "elevation_m": null,
        "population": 25000,
        "feature_type": "populated place",
        "geoname_id": 3349515
      }
    },
    {
      "type": "Feature",
      "geometry": {
        "type": "Point",
        "coordinates": [
          12.76667,
          -4.65
        ]
      },
      "properties": {
        "name": "Belize",
        "country": "Angola",
        "region": "Cabinda",
        "elevation_m": null,
        "population": 24430,
        "feature_type": "seat of a second-order administrative division",
        "geoname_id": 2243646
      }
    },
    {
      "type": "Feature",
      "geometry": {
        "type": "Point",
        "coordinates": [
          14.53504,
          -14.81909
        ]
      },
      "properties": {
        "name": "Quipungo",
        "country": "Angola",
        "region": "Huíla",
        "elevation_m": null,
        "population": 23014,
        "feature_type": "populated place",
        "geoname_id": 3346497
      }
    },
    {
      "type": "Feature",
      "geometry": {
        "type": "Point",
        "coordinates": [
          16.0024,
          -7.31473
        ]
      },
      "properties": {
        "name": "Sanza Pombo",
        "country": "Angola",
        "region": "Uíge",
        "elevation_m": null,
        "population": 23000,
        "feature_type": "populated place",
        "geoname_id": 2237128
      }
    },
    {
      "type": "Feature",
      "geometry": {
        "type": "Point",
        "coordinates": [
          15.05958,
          -12.96121
        ]
      },
      "properties": {
        "name": "Ucuma",
        "country": "Angola",
        "region": "Huambo",
        "elevation_m": null,
        "population": 21809,
        "feature_type": "populated place",
        "geoname_id": 3345668
      }
    },
    {
      "type": "Feature",
      "geometry": {
        "type": "Point",
        "coordinates": [
          15.37495,
          -8.18812
        ]
      },
      "properties": {
        "name": "Camabatela",
        "country": "Angola",
        "region": "Cuanza Norte",
        "elevation_m": null,
        "population": 21767,
        "feature_type": "populated place",
        "geoname_id": 2242885
      }
    },
    {
      "type": "Feature",
      "geometry": {
        "type": "Point",
        "coordinates": [
          16.23613,
          -11.83268
        ]
      },
      "properties": {
        "name": "Mungo",
        "country": "Angola",
        "region": "Huambo",
        "elevation_m": null,
        "population": 21662,
        "feature_type": "populated place",
        "geoname_id": 3347111
      }
    },
    {
      "type": "Feature",
      "geometry": {
        "type": "Point",
        "coordinates": [
          14.33621,
          -11.10862
        ]
      },
      "properties": {
        "name": "Conda",
        "country": "Angola",
        "region": "Kwanza Sul",
        "elevation_m": null,
        "population": 21260,
        "feature_type": "populated place",
        "geoname_id": 3349324
      }
    },
    {
      "type": "Feature",
      "geometry": {
        "type": "Point",
        "coordinates": [
          14.46667,
          -11.13333
        ]
      },
      "properties": {
        "name": "Capunda",
        "country": "Angola",
        "region": "Kwanza Sul",
        "elevation_m": null,
        "population": 21260,
        "feature_type": "populated place",
        "geoname_id": 3350550
      }
    },
    {
      "type": "Feature",
      "geometry": {
        "type": "Point",
        "coordinates": [
          14.28838,
          -8.12307
        ]
      },
      "properties": {
        "name": "Muxaluando",
        "country": "Angola",
        "region": "Bengo",
        "elevation_m": null,
        "population": 21052,
        "feature_type": "seat of a second-order administrative division",
        "geoname_id": 2239106
      }
    },
    {
      "type": "Feature",
      "geometry": {
        "type": "Point",
        "coordinates": [
          14.11663,
          -8.16263
        ]
      },
      "properties": {
        "name": "Canacassala",
        "country": "Angola",
        "region": "Bengo",
        "elevation_m": null,
        "population": 20913,
        "feature_type": "seat of a third-order administrative division",
        "geoname_id": 2242647
      }
    },
    {
      "type": "Feature",
      "geometry": {
        "type": "Point",
        "coordinates": [
          13.33017,
          -6.80517
        ]
      },
      "properties": {
        "name": "Tombôco",
        "country": "Angola",
        "region": "Zaire",
        "elevation_m": null,
        "population": 20358,
        "feature_type": "populated place",
        "geoname_id": 2236716
      }
    },
    {
      "type": "Feature",
      "geometry": {
        "type": "Point",
        "coordinates": [
          21.30339,
          -7.48367
        ]
      },
      "properties": {
        "name": "Cassanguidi",
        "country": "Angola",
        "region": "Luanda Norte",
        "elevation_m": null,
        "population": 20000,
        "feature_type": "populated place",
        "geoname_id": 145872
      }
    },
    {
      "type": "Feature",
      "geometry": {
        "type": "Point",
        "coordinates": [
          18.08333,
          -12.15
        ]
      },
      "properties": {
        "name": "Cuemba",
        "country": "Angola",
        "region": "Bíe",
        "elevation_m": null,
        "population": 19995,
        "feature_type": "populated place",
        "geoname_id": 3349181
      }
    },
    {
      "type": "Feature",
      "geometry": {
        "type": "Point",
        "coordinates": [
          14.76667,
          -9.13333
        ]
      },
      "properties": {
        "name": "Golungo Alto",
        "country": "Angola",
        "region": "Cuanza Norte",
        "elevation_m": null,
        "population": 19992,
        "feature_type": "populated place",
        "geoname_id": 2240975
      }
    },
    {
      "type": "Feature",
      "geometry": {
        "type": "Point",
        "coordinates": [
          15.25206,
          -9.27268
        ]
      },
      "properties": {
        "name": "Lucala",
        "country": "Angola",
        "region": "Cuanza Norte",
        "elevation_m": null,
        "population": 19422,
        "feature_type": "populated place",
        "geoname_id": 2240393
      }
    },
    {
      "type": "Feature",
      "geometry": {
        "type": "Point",
        "coordinates": [
          14.29081,
          -8.12439
        ]
      },
      "properties": {
        "name": "Gombe",
        "country": "Angola",
        "region": "Bengo",
        "elevation_m": null,
        "population": 19209,
        "feature_type": "seat of a second-order administrative division",
        "geoname_id": 2240958
      }
    },
    {
      "type": "Feature",
      "geometry": {
        "type": "Point",
        "coordinates": [
          21.43531,
          -14.10165
        ]
      },
      "properties": {
        "name": "Lumbala",
        "country": "Angola",
        "region": "Moxico",
        "elevation_m": null,
        "population": 19000,
        "feature_type": "abandoned populated place",
        "geoname_id": 876130
      }
    },
    {
      "type": "Feature",
      "geometry": {
        "type": "Point",
        "coordinates": [
          14.1265,
          -12.31261
        ]
      },
      "properties": {
        "name": "Cubal do Lumbo",
        "country": "Angola",
        "region": "Benguela",
        "elevation_m": null,
        "population": 18451,
        "feature_type": "seat of a third-order administrative division",
        "geoname_id": 3349222
      }
    },
    {
      "type": "Feature",
      "geometry": {
        "type": "Point",
        "coordinates": [
          16.96496,
          -11.47512
        ]
      },
      "properties": {
        "name": "Nharêa",
        "country": "Angola",
        "region": "Bíe",
        "elevation_m": null,
        "population": 18000,
        "feature_type": "populated place",
        "geoname_id": 3346942
      }
    },
    {
      "type": "Feature",
      "geometry": {
        "type": "Point",
        "coordinates": [
          17.55058,
          -10.07531
        ]
      },
      "properties": {
        "name": "Cambundi Catembo",
        "country": "Angola",
        "region": "Malanje",
        "elevation_m": null,
        "population": 17212,
        "feature_type": "populated place",
        "geoname_id": 3350917
      }
    },
    {
      "type": "Feature",
      "geometry": {
        "type": "Point",
        "coordinates": [
          17.03769,
          -7.46856
        ]
      },
      "properties": {
        "name": "Cambundi",
        "country": "Angola",
        "region": "Malanje",
        "elevation_m": null,
        "population": 17212,
        "feature_type": "populated place",
        "geoname_id": 7745410
      }
    },
    {
      "type": "Feature",
      "geometry": {
        "type": "Point",
        "coordinates": [
          17.76402,
          -10.89481
        ]
      },
      "properties": {
        "name": "Cambundi",
        "country": "Angola",
        "region": "Malanje",
        "elevation_m": null,
        "population": 17212,
        "feature_type": "populated place",
        "geoname_id": 7900710
      }
    },
    {
      "type": "Feature",
      "geometry": {
        "type": "Point",
        "coordinates": [
          15.31697,
          -12.23712
        ]
      },
      "properties": {
        "name": "Londuimbali",
        "country": "Angola",
        "region": "Huambo",
        "elevation_m": null,
        "population": 17000,
        "feature_type": "populated place",
        "geoname_id": 3347880
      }
    },
    {
      "type": "Feature",
      "geometry": {
        "type": "Point",
        "coordinates": [
          13.68622,
          -8.52432
        ]
      },
      "properties": {
        "name": "Mabubas",
        "country": "Angola",
        "region": "Bengo",
        "elevation_m": null,
        "population": 16981,
        "feature_type": "seat of a third-order administrative division",
        "geoname_id": 2240004
      }
    },
    {
      "type": "Feature",
      "geometry": {
        "type": "Point",
        "coordinates": [
          14.34494,
          -8.29968
        ]
      },
      "properties": {
        "name": "Cage Mazumbo",
        "country": "Angola",
        "region": "Bengo",
        "elevation_m": null,
        "population": 16093,
        "feature_type": "seat of a third-order administrative division",
        "geoname_id": 2243092
      }
    },
    {
      "type": "Feature",
      "geometry": {
        "type": "Point",
        "coordinates": [
          14.46292,
          -8.71311
        ]
      },
      "properties": {
        "name": "Pango Aluquém",
        "country": "Angola",
        "region": "Bengo",
        "elevation_m": null,
        "population": 16080,
        "feature_type": "seat of a second-order administrative division",
        "geoname_id": 2238951
      }
    },
    {
      "type": "Feature",
      "geometry": {
        "type": "Point",
        "coordinates": [
          17.05339,
          -8.90769
        ]
      },
      "properties": {
        "name": "Kunda dya Baze",
        "country": "Angola",
        "region": "Malanje",
        "elevation_m": null,
        "population": 15965,
        "feature_type": "seat of a second-order administrative division",
        "geoname_id": 2240686
      }
    },
    {
      "type": "Feature",
      "geometry": {
        "type": "Point",
        "coordinates": [
          12.14428,
          -5.23864
        ]
      },
      "properties": {
        "name": "Cacongo",
        "country": "Angola",
        "region": "Cabinda",
        "elevation_m": null,
        "population": 15000,
        "feature_type": "populated place",
        "geoname_id": 2243181
      }
    },
    {
      "type": "Feature",
      "geometry": {
        "type": "Point",
        "coordinates": [
          16.89929,
          -14.64978
        ]
      },
      "properties": {
        "name": "Cuchi",
        "country": "Angola",
        "region": "Cubango",
        "elevation_m": null,
        "population": 15000,
        "feature_type": "populated place",
        "geoname_id": 3349201
      }
    },
    {
      "type": "Feature",
      "geometry": {
        "type": "Point",
        "coordinates": [
          16.19588,
          -11.32281
        ]
      },
      "properties": {
        "name": "Calucinga",
        "country": "Angola",
        "region": "Bíe",
        "elevation_m": null,
        "population": 15000,
        "feature_type": "abandoned populated place",
        "geoname_id": 3351089
      }
    },
    {
      "type": "Feature",
      "geometry": {
        "type": "Point",
        "coordinates": [
          15.0618,
          -13.73564
        ]
      },
      "properties": {
        "name": "Caconda",
        "country": "Angola",
        "region": "Huíla",
        "elevation_m": null,
        "population": 15000,
        "feature_type": "populated place",
        "geoname_id": 3351380
      }
    },
    {
      "type": "Feature",
      "geometry": {
        "type": "Point",
        "coordinates": [
          15.09111,
          -13.77395
        ]
      },
      "properties": {
        "name": "Calonamba",
        "country": "Angola",
        "region": "Huíla",
        "elevation_m": null,
        "population": 15000,
        "feature_type": "populated place",
        "geoname_id": 12328812
      }
    },
    {
      "type": "Feature",
      "geometry": {
        "type": "Point",
        "coordinates": [
          14.00283,
          -13.02172
        ]
      },
      "properties": {
        "name": "Caimbambo",
        "country": "Angola",
        "region": "Benguela",
        "elevation_m": null,
        "population": 14544,
        "feature_type": "populated place",
        "geoname_id": 3351268
      }
    },
    {
      "type": "Feature",
      "geometry": {
        "type": "Point",
        "coordinates": [
          14.09888,
          -12.92651
        ]
      },
      "properties": {
        "name": "Camboio",
        "country": "Angola",
        "region": "Benguela",
        "elevation_m": null,
        "population": 14544,
        "feature_type": "populated locality",
        "geoname_id": 12246814
      }
    },
    {
      "type": "Feature",
      "geometry": {
        "type": "Point",
        "coordinates": [
          14.4198,
          -7.98559
        ]
      },
      "properties": {
        "name": "Quixico",
        "country": "Angola",
        "region": "Bengo",
        "elevation_m": null,
        "population": 14531,
        "feature_type": "populated place",
        "geoname_id": 2237422
      }
    },
    {
      "type": "Feature",
      "geometry": {
        "type": "Point",
        "coordinates": [
          20.83922,
          -11.69055
        ]
      },
      "properties": {
        "name": "Cameia",
        "country": "Angola",
        "region": "Moxico",
        "elevation_m": null,
        "population": 14138,
        "feature_type": "populated place",
        "geoname_id": 876282
      }
    },
    {
      "type": "Feature",
      "geometry": {
        "type": "Point",
        "coordinates": [
          14.45127,
          -8.18193
        ]
      },
      "properties": {
        "name": "Quicunzo",
        "country": "Angola",
        "region": "Bengo",
        "elevation_m": null,
        "population": 13761,
        "feature_type": "seat of a second-order administrative division",
        "geoname_id": 2238468
      }
    },
    {
      "type": "Feature",
      "geometry": {
        "type": "Point",
        "coordinates": [
          14.13333,
          -11.46667
        ]
      },
      "properties": {
        "name": "Quilenda",
        "country": "Angola",
        "region": "Kwanza Sul",
        "elevation_m": null,
        "population": 13726,
        "feature_type": "populated place",
        "geoname_id": 3346559
      }
    },
    {
      "type": "Feature",
      "geometry": {
        "type": "Point",
        "coordinates": [
          19.26598,
          -10.14503
        ]
      },
      "properties": {
        "name": "Cacolo",
        "country": "Angola",
        "region": "Lunda Sul",
        "elevation_m": null,
        "population": 13498,
        "feature_type": "populated place",
        "geoname_id": 3351390
      }
    },
    {
      "type": "Feature",
      "geometry": {
        "type": "Point",
        "coordinates": [
          16.14639,
          -9.55833
        ]
      },
      "properties": {
        "name": "Buco",
        "country": "Angola",
        "region": "Malanje",
        "elevation_m": null,
        "population": 13217,
        "feature_type": "populated place",
        "geoname_id": 2592145
      }
    },
    {
      "type": "Feature",
      "geometry": {
        "type": "Point",
        "coordinates": [
          13.35709,
          -8.17968
        ]
      },
      "properties": {
        "name": "Tabi",
        "country": "Angola",
        "region": "Bengo",
        "elevation_m": null,
        "population": 13016,
        "feature_type": "seat of a third-order administrative division",
        "geoname_id": 2236913
      }
    },
    {
      "type": "Feature",
      "geometry": {
        "type": "Point",
        "coordinates": [
          20.16459,
          -11.4361
        ]
      },
      "properties": {
        "name": "Camanongue",
        "country": "Angola",
        "region": "Moxico",
        "elevation_m": null,
        "population": 12930,
        "feature_type": "populated place",
        "geoname_id": 876632
      }
    },
    {
      "type": "Feature",
      "geometry": {
        "type": "Point",
        "coordinates": [
          14.06028,
          -7.83837
        ]
      },
      "properties": {
        "name": "Zala",
        "country": "Angola",
        "region": "Bengo",
        "elevation_m": null,
        "population": 12313,
        "feature_type": "seat of a third-order administrative division",
        "geoname_id": 2236354
      }
    },
    {
      "type": "Feature",
      "geometry": {
        "type": "Point",
        "coordinates": [
          15.13128,
          -6.67868
        ]
      },
      "properties": {
        "name": "Damba",
        "country": "Angola",
        "region": "Uíge",
        "elevation_m": null,
        "population": 12000,
        "feature_type": "populated place",
        "geoname_id": 2241502
      }
    },
    {
      "type": "Feature",
      "geometry": {
        "type": "Point",
        "coordinates": [
          15.01522,
          -6.88831
        ]
      },
      "properties": {
        "name": "Banza Damba",
        "country": "Angola",
        "region": "Uíge",
        "elevation_m": null,
        "population": 12000,
        "feature_type": "populated place",
        "geoname_id": 2243753
      }
    },
    {
      "type": "Feature",
      "geometry": {
        "type": "Point",
        "coordinates": [
          22.66667,
          -17.5
        ]
      },
      "properties": {
        "name": "Jamba",
        "country": "Angola",
        "region": "Cuando Province",
        "elevation_m": null,
        "population": 12000,
        "feature_type": "populated locality",
        "geoname_id": 876246
      }
    },
    {
      "type": "Feature",
      "geometry": {
        "type": "Point",
        "coordinates": [
          13.94062,
          -13.57418
        ]
      },
      "properties": {
        "name": "Chongoroi",
        "country": "Angola",
        "region": "Benguela",
        "elevation_m": null,
        "population": 12000,
        "feature_type": "populated place",
        "geoname_id": 3349406
      }
    },
    {
      "type": "Feature",
      "geometry": {
        "type": "Point",
        "coordinates": [
          16.78333,
          -12.23333
        ]
      },
      "properties": {
        "name": "Cunhinga",
        "country": "Angola",
        "region": "Bíe",
        "elevation_m": null,
        "population": 11812,
        "feature_type": "populated place",
        "geoname_id": 3349080
      }
    },
    {
      "type": "Feature",
      "geometry": {
        "type": "Point",
        "coordinates": [
          13.10784,
          -7.84632
        ]
      },
      "properties": {
        "name": "Ambriz",
        "country": "Angola",
        "region": "Bengo",
        "elevation_m": null,
        "population": 11640,
        "feature_type": "populated place",
        "geoname_id": 2243914
      }
    },
    {
      "type": "Feature",
      "geometry": {
        "type": "Point",
        "coordinates": [
          15.11719,
          -11.35669
        ]
      },
      "properties": {
        "name": "Uacu Cungo",
        "country": "Angola",
        "region": "Kwanza Sul",
        "elevation_m": null,
        "population": 10970,
        "feature_type": "seat of a second-order administrative division",
        "geoname_id": 3345497
      }
    },
    {
      "type": "Feature",
      "geometry": {
        "type": "Point",
        "coordinates": [
          13.83204,
          -8.30899
        ]
      },
      "properties": {
        "name": "Quicabo",
        "country": "Angola",
        "region": "Bengo",
        "elevation_m": null,
        "population": 10852,
        "feature_type": "seat of a third-order administrative division",
        "geoname_id": 2238574
      }
    },
    {
      "type": "Feature",
      "geometry": {
        "type": "Point",
        "coordinates": [
          13.79888,
          -7.81165
        ]
      },
      "properties": {
        "name": "Bela Vista",
        "country": "Angola",
        "region": "Bengo",
        "elevation_m": null,
        "population": 10648,
        "feature_type": "seat of a third-order administrative division",
        "geoname_id": 2243654
      }
    },
    {
      "type": "Feature",
      "geometry": {
        "type": "Point",
        "coordinates": [
          13.34912,
          -14.7665
        ]
      },
      "properties": {
        "name": "Bibala",
        "country": "Angola",
        "region": "Namibe",
        "elevation_m": null,
        "population": 10500,
        "feature_type": "populated place",
        "geoname_id": 3351647
      }
    },
    {
      "type": "Feature",
      "geometry": {
        "type": "Point",
        "coordinates": [
          20.36374,
          -15.79347
        ]
      },
      "properties": {
        "name": "Mavinga",
        "country": "Angola",
        "region": "Cuando Province",
        "elevation_m": null,
        "population": 10000,
        "feature_type": "seat of a first-order administrative division",
        "geoname_id": 876019
      }
    },
    {
      "type": "Feature",
      "geometry": {
        "type": "Point",
        "coordinates": [
          14.71667,
          -11.05
        ]
      },
      "properties": {
        "name": "Ebo",
        "country": "Angola",
        "region": "Kwanza Sul",
        "elevation_m": null,
        "population": 10000,
        "feature_type": "populated place",
        "geoname_id": 3348794
      }
    },
    {
      "type": "Feature",
      "geometry": {
        "type": "Point",
        "coordinates": [
          15.79041,
          -13.81419
        ]
      },
      "properties": {
        "name": "Chipindo",
        "country": "Angola",
        "region": "Huíla",
        "elevation_m": null,
        "population": 10000,
        "feature_type": "populated place",
        "geoname_id": 3349649
      }
    },
    {
      "type": "Feature",
      "geometry": {
        "type": "Point",
        "coordinates": [
          13.69909,
          -15.18315
        ]
      },
      "properties": {
        "name": "Chibia",
        "country": "Angola",
        "region": "Huíla",
        "elevation_m": null,
        "population": 10000,
        "feature_type": "populated place",
        "geoname_id": 3349997
      }
    },
    {
      "type": "Feature",
      "geometry": {
        "type": "Point",
        "coordinates": [
          15.10682,
          -7.67712
        ]
      },
      "properties": {
        "name": "Cuango Calumbo",
        "country": "Angola",
        "region": "Uíge",
        "elevation_m": null,
        "population": 9977,
        "feature_type": "seat of a third-order administrative division",
        "geoname_id": 2242908
      }
    },
    {
      "type": "Feature",
      "geometry": {
        "type": "Point",
        "coordinates": [
          14.91667,
          -14.13333
        ]
      },
      "properties": {
        "name": "Chicomba",
        "country": "Angola",
        "region": "Huíla",
        "elevation_m": null,
        "population": 9428,
        "feature_type": "populated place",
        "geoname_id": 3349950
      }
    },
    {
      "type": "Feature",
      "geometry": {
        "type": "Point",
        "coordinates": [
          13.50349,
          -12.40959
        ]
      },
      "properties": {
        "name": "Praia Bebe",
        "country": "Angola",
        "region": "Benguela",
        "elevation_m": null,
        "population": 9082,
        "feature_type": "populated place",
        "geoname_id": 8634754
      }
    },
    {
      "type": "Feature",
      "geometry": {
        "type": "Point",
        "coordinates": [
          15.95382,
          -9.08981
        ]
      },
      "properties": {
        "name": "Calandula",
        "country": "Angola",
        "region": "Malanje",
        "elevation_m": null,
        "population": 9000,
        "feature_type": "populated place",
        "geoname_id": 2242999
      }
    },
    {
      "type": "Feature",
      "geometry": {
        "type": "Point",
        "coordinates": [
          19.61667,
          -13.46667
        ]
      },
      "properties": {
        "name": "Calandula",
        "country": "Angola",
        "region": "Moxico",
        "elevation_m": null,
        "population": 9000,
        "feature_type": "populated place",
        "geoname_id": 3351198
      }
    },
    {
      "type": "Feature",
      "geometry": {
        "type": "Point",
        "coordinates": [
          19.7706,
          -17.88896
        ]
      },
      "properties": {
        "name": "Calai",
        "country": "Angola",
        "region": "Cubango",
        "elevation_m": null,
        "population": 8741,
        "feature_type": "populated place",
        "geoname_id": 3351215
      }
    },
    {
      "type": "Feature",
      "geometry": {
        "type": "Point",
        "coordinates": [
          14.58589,
          -8.50055
        ]
      },
      "properties": {
        "name": "Quibaxe",
        "country": "Angola",
        "region": "Bengo",
        "elevation_m": null,
        "population": 8268,
        "feature_type": "populated place",
        "geoname_id": 2238655
      }
    },
    {
      "type": "Feature",
      "geometry": {
        "type": "Point",
        "coordinates": [
          13.95805,
          -9.51994
        ]
      },
      "properties": {
        "name": "Muxima",
        "country": "Angola",
        "region": "Bengo",
        "elevation_m": null,
        "population": 8166,
        "feature_type": "seat of a second-order administrative division",
        "geoname_id": 2239103
      }
    },
    {
      "type": "Feature",
      "geometry": {
        "type": "Point",
        "coordinates": [
          21.31805,
          -10.59236
        ]
      },
      "properties": {
        "name": "Muconda",
        "country": "Angola",
        "region": "Lunda Sul",
        "elevation_m": null,
        "population": 8000,
        "feature_type": "populated place",
        "geoname_id": 875971
      }
    },
    {
      "type": "Feature",
      "geometry": {
        "type": "Point",
        "coordinates": [
          17.33333,
          -12.16667
        ]
      },
      "properties": {
        "name": "Chissamba",
        "country": "Angola",
        "region": "Bíe",
        "elevation_m": null,
        "population": 7677,
        "feature_type": "populated place",
        "geoname_id": 3349580
      }
    },
    {
      "type": "Feature",
      "geometry": {
        "type": "Point",
        "coordinates": [
          15.65416,
          -7.69468
        ]
      },
      "properties": {
        "name": "Puri",
        "country": "Angola",
        "region": "Uíge",
        "elevation_m": null,
        "population": 7598,
        "feature_type": "populated place",
        "geoname_id": 2238828
      }
    },
    {
      "type": "Feature",
      "geometry": {
        "type": "Point",
        "coordinates": [
          20.2,
          -11.03333
        ]
      },
      "properties": {
        "name": "Dala",
        "country": "Angola",
        "region": "Lunda Sul",
        "elevation_m": null,
        "population": 7514,
        "feature_type": "populated place",
        "geoname_id": 876310
      }
    },
    {
      "type": "Feature",
      "geometry": {
        "type": "Point",
        "coordinates": [
          16.71667,
          -13.78333
        ]
      },
      "properties": {
        "name": "Dala",
        "country": "Angola",
        "region": "Bíe",
        "elevation_m": null,
        "population": 7514,
        "feature_type": "populated place",
        "geoname_id": 3348966
      }
    },
    {
      "type": "Feature",
      "geometry": {
        "type": "Point",
        "coordinates": [
          14.66701,
          -8.60694
        ]
      },
      "properties": {
        "name": "Paredes",
        "country": "Angola",
        "region": "Bengo",
        "elevation_m": null,
        "population": 6300,
        "feature_type": "seat of a third-order administrative division",
        "geoname_id": 7763809
      }
    },
    {
      "type": "Feature",
      "geometry": {
        "type": "Point",
        "coordinates": [
          15.43358,
          -12.30261
        ]
      },
      "properties": {
        "name": "Chela",
        "country": "Angola",
        "region": "Huambo",
        "elevation_m": null,
        "population": 5811,
        "feature_type": "populated place",
        "geoname_id": 9376229
      }
    },
    {
      "type": "Feature",
      "geometry": {
        "type": "Point",
        "coordinates": [
          14.94982,
          -8.50671
        ]
      },
      "properties": {
        "name": "Quiage",
        "country": "Angola",
        "region": "Bengo",
        "elevation_m": null,
        "population": 5635,
        "feature_type": "seat of a third-order administrative division",
        "geoname_id": 2238759
      }
    },
    {
      "type": "Feature",
      "geometry": {
        "type": "Point",
        "coordinates": [
          20.44772,
          -11.65753
        ]
      },
      "properties": {
        "name": "Léua",
        "country": "Angola",
        "region": "Moxico",
        "elevation_m": null,
        "population": 5168,
        "feature_type": "seat of a second-order administrative division",
        "geoname_id": 876233
      }
    },
    {
      "type": "Feature",
      "geometry": {
        "type": "Point",
        "coordinates": [
          20.78096,
          -11.55768
        ]
      },
      "properties": {
        "name": "Cameia",
        "country": "Angola",
        "region": "Moxico",
        "elevation_m": null,
        "population": 4972,
        "feature_type": "seat of a second-order administrative division",
        "geoname_id": 876123
      }
    },
    {
      "type": "Feature",
      "geometry": {
        "type": "Point",
        "coordinates": [
          14.7902,
          -8.47825
        ]
      },
      "properties": {
        "name": "Coxe",
        "country": "Angola",
        "region": "Bengo",
        "elevation_m": null,
        "population": 4904,
        "feature_type": "seat of a third-order administrative division",
        "geoname_id": 2241689
      }
    },
    {
      "type": "Feature",
      "geometry": {
        "type": "Point",
        "coordinates": [
          20.70148,
          -11.06715
        ]
      },
      "properties": {
        "name": "Cazage",
        "country": "Angola",
        "region": "Lunda Sul",
        "elevation_m": null,
        "population": 4764,
        "feature_type": "seat of a second-order administrative division",
        "geoname_id": 876485
      }
    },
    {
      "type": "Feature",
      "geometry": {
        "type": "Point",
        "coordinates": [
          14.47169,
          -8.19239
        ]
      },
      "properties": {
        "name": "Cazuangongo",
        "country": "Angola",
        "region": "Bengo",
        "elevation_m": null,
        "population": 2928,
        "feature_type": "seat of a third-order administrative division",
        "geoname_id": 13631344
      }
    },
    {
      "type": "Feature",
      "geometry": {
        "type": "Point",
        "coordinates": [
          21.03333,
          -8.43333
        ]
      },
      "properties": {
        "name": "Zumbi",
        "country": "Angola",
        "region": "Luanda Norte",
        "elevation_m": null,
        "population": 0,
        "feature_type": "populated place",
        "geoname_id": 145501
      }
    },
    {
      "type": "Feature",
      "geometry": {
        "type": "Point",
        "coordinates": [
          21.33333,
          -9
        ]
      },
      "properties": {
        "name": "Zoana",
        "country": "Angola",
        "region": "Lunda Sul",
        "elevation_m": null,
        "population": 0,
        "feature_type": "populated place",
        "geoname_id": 145502
      }
    },
    {
      "type": "Feature",
      "geometry": {
        "type": "Point",
        "coordinates": [
          21.51667,
          -8.08333
        ]
      },
      "properties": {
        "name": "Zama",
        "country": "Angola",
        "region": "Luanda Norte",
        "elevation_m": null,
        "population": 0,
        "feature_type": "populated place",
        "geoname_id": 145504
      }
    },
    {
      "type": "Feature",
      "geometry": {
        "type": "Point",
        "coordinates": [
          20.43333,
          -8.66667
        ]
      },
      "properties": {
        "name": "Xandua",
        "country": "Angola",
        "region": "Luanda Norte",
        "elevation_m": null,
        "population": 0,
        "feature_type": "populated place",
        "geoname_id": 145506
      }
    },
    {
      "type": "Feature",
      "geometry": {
        "type": "Point",
        "coordinates": [
          20.03333,
          -8.05
        ]
      },
      "properties": {
        "name": "Xaito",
        "country": "Angola",
        "region": "Luanda Norte",
        "elevation_m": null,
        "population": 0,
        "feature_type": "populated place",
        "geoname_id": 145507
      }
    },
    {
      "type": "Feature",
      "geometry": {
        "type": "Point",
        "coordinates": [
          20.43333,
          -7.58333
        ]
      },
      "properties": {
        "name": "Xá Ilunga",
        "country": "Angola",
        "region": "Luanda Norte",
        "elevation_m": null,
        "population": 0,
        "feature_type": "populated place",
        "geoname_id": 145508
      }
    },
    {
      "type": "Feature",
      "geometry": {
        "type": "Point",
        "coordinates": [
          21.76667,
          -8.56667
        ]
      },
      "properties": {
        "name": "Xá-Enga",
        "country": "Angola",
        "region": "Lunda Sul",
        "elevation_m": null,
        "population": 0,
        "feature_type": "populated place",
        "geoname_id": 145509
      }
    },
    {
      "type": "Feature",
      "geometry": {
        "type": "Point",
        "coordinates": [
          21.6,
          -8.26667
        ]
      },
      "properties": {
        "name": "Xá-Checa",
        "country": "Angola",
        "region": "Luanda Norte",
        "elevation_m": null,
        "population": 0,
        "feature_type": "populated place",
        "geoname_id": 145510
      }
    },
    {
      "type": "Feature",
      "geometry": {
        "type": "Point",
        "coordinates": [
          21.03333,
          -7.41667
        ]
      },
      "properties": {
        "name": "Tumba",
        "country": "Angola",
        "region": "Luanda Norte",
        "elevation_m": null,
        "population": 0,
        "feature_type": "populated place",
        "geoname_id": 145512
      }
    },
    {
      "type": "Feature",
      "geometry": {
        "type": "Point",
        "coordinates": [
          21.13333,
          -8.08333
        ]
      },
      "properties": {
        "name": "Tota",
        "country": "Angola",
        "region": "Luanda Norte",
        "elevation_m": null,
        "population": 0,
        "feature_type": "populated place",
        "geoname_id": 145513
      }
    },
    {
      "type": "Feature",
      "geometry": {
        "type": "Point",
        "coordinates": [
          20.2,
          -8.5
        ]
      },
      "properties": {
        "name": "Techuato",
        "country": "Angola",
        "region": "Luanda Norte",
        "elevation_m": null,
        "population": 0,
        "feature_type": "populated place",
        "geoname_id": 145517
      }
    },
    {
      "type": "Feature",
      "geometry": {
        "type": "Point",
        "coordinates": [
          21.44239,
          -7.76288
        ]
      },
      "properties": {
        "name": "Tambue",
        "country": "Angola",
        "region": "Luanda Norte",
        "elevation_m": null,
        "population": 0,
        "feature_type": "populated place",
        "geoname_id": 145518
      }
    },
    {
      "type": "Feature",
      "geometry": {
        "type": "Point",
        "coordinates": [
          21.81667,
          -9.13333
        ]
      },
      "properties": {
        "name": "Tabango",
        "country": "Angola",
        "region": "Lunda Sul",
        "elevation_m": null,
        "population": 0,
        "feature_type": "populated place",
        "geoname_id": 145520
      }
    },
    {
      "type": "Feature",
      "geometry": {
        "type": "Point",
        "coordinates": [
          20.85,
          -7.53333
        ]
      },
      "properties": {
        "name": "Sufidi",
        "country": "Angola",
        "region": "Luanda Norte",
        "elevation_m": null,
        "population": 0,
        "feature_type": "populated place",
        "geoname_id": 145521
      }
    },
    {
      "type": "Feature",
      "geometry": {
        "type": "Point",
        "coordinates": [
          21.02547,
          -9.10584
        ]
      },
      "properties": {
        "name": "Sombo Sul",
        "country": "Angola",
        "region": "Lunda Sul",
        "elevation_m": null,
        "population": 0,
        "feature_type": "populated place",
        "geoname_id": 145522
      }
    },
    {
      "type": "Feature",
      "geometry": {
        "type": "Point",
        "coordinates": [
          20.98344,
          -8.74482
        ]
      },
      "properties": {
        "name": "Sombo",
        "country": "Angola",
        "region": "Lunda Sul",
        "elevation_m": null,
        "population": 0,
        "feature_type": "seat of a second-order administrative division",
        "geoname_id": 145525
      }
    },
    {
      "type": "Feature",
      "geometry": {
        "type": "Point",
        "coordinates": [
          20.7352,
          -8.39057
        ]
      },
      "properties": {
        "name": "Sesse",
        "country": "Angola",
        "region": "Luanda Norte",
        "elevation_m": null,
        "population": 0,
        "feature_type": "populated place",
        "geoname_id": 145526
      }
    },
    {
      "type": "Feature",
      "geometry": {
        "type": "Point",
        "coordinates": [
          20.86667,
          -7.75
        ]
      },
      "properties": {
        "name": "Senda",
        "country": "Angola",
        "region": "Luanda Norte",
        "elevation_m": null,
        "population": 0,
        "feature_type": "populated place",
        "geoname_id": 145527
      }
    },
    {
      "type": "Feature",
      "geometry": {
        "type": "Point",
        "coordinates": [
          21.66667,
          -8.33333
        ]
      },
      "properties": {
        "name": "Savula",
        "country": "Angola",
        "region": "Luanda Norte",
        "elevation_m": null,
        "population": 0,
        "feature_type": "populated place",
        "geoname_id": 145528
      }
    },
    {
      "type": "Feature",
      "geometry": {
        "type": "Point",
        "coordinates": [
          21.63333,
          -7.86667
        ]
      },
      "properties": {
        "name": "Saussoco",
        "country": "Angola",
        "region": "Luanda Norte",
        "elevation_m": null,
        "population": 0,
        "feature_type": "populated place",
        "geoname_id": 145529
      }
    },
    {
      "type": "Feature",
      "geometry": {
        "type": "Point",
        "coordinates": [
          20.55,
          -7.61667
        ]
      },
      "properties": {
        "name": "Satechombo",
        "country": "Angola",
        "region": "Luanda Norte",
        "elevation_m": null,
        "population": 0,
        "feature_type": "populated place",
        "geoname_id": 145532
      }
    },
    {
      "type": "Feature",
      "geometry": {
        "type": "Point",
        "coordinates": [
          21.15,
          -9.16667
        ]
      },
      "properties": {
        "name": "Satechipanda",
        "country": "Angola",
        "region": "Lunda Sul",
        "elevation_m": null,
        "population": 0,
        "feature_type": "populated place",
        "geoname_id": 145533
      }
    },
    {
      "type": "Feature",
      "geometry": {
        "type": "Point",
        "coordinates": [
          20.23333,
          -9.98333
        ]
      },
      "properties": {
        "name": "Satechimina",
        "country": "Angola",
        "region": "Lunda Sul",
        "elevation_m": null,
        "population": 0,
        "feature_type": "populated place",
        "geoname_id": 145534
      }
    },
    {
      "type": "Feature",
      "geometry": {
        "type": "Point",
        "coordinates": [
          21.01667,
          -9.06667
        ]
      },
      "properties": {
        "name": "Satechela",
        "country": "Angola",
        "region": "Lunda Sul",
        "elevation_m": null,
        "population": 0,
        "feature_type": "populated place",
        "geoname_id": 145535
      }
    },
    {
      "type": "Feature",
      "geometry": {
        "type": "Point",
        "coordinates": [
          20.66667,
          -8.13333
        ]
      },
      "properties": {
        "name": "Satanda",
        "country": "Angola",
        "region": "Luanda Norte",
        "elevation_m": null,
        "population": 0,
        "feature_type": "populated place",
        "geoname_id": 145536
      }
    },
    {
      "type": "Feature",
      "geometry": {
        "type": "Point",
        "coordinates": [
          20.49178,
          -7.42914
        ]
      },
      "properties": {
        "name": "Satambue",
        "country": "Angola",
        "region": "Luanda Norte",
        "elevation_m": null,
        "population": 0,
        "feature_type": "populated place",
        "geoname_id": 145537
      }
    },
    {
      "type": "Feature",
      "geometry": {
        "type": "Point",
        "coordinates": [
          21.48151,
          -8.10153
        ]
      },
      "properties": {
        "name": "Sapopo",
        "country": "Angola",
        "region": "Luanda Norte",
        "elevation_m": null,
        "population": 0,
        "feature_type": "populated place",
        "geoname_id": 145539
      }
    },
    {
      "type": "Feature",
      "geometry": {
        "type": "Point",
        "coordinates": [
          20.51667,
          -7.98333
        ]
      },
      "properties": {
        "name": "Sangundo",
        "country": "Angola",
        "region": "Luanda Norte",
        "elevation_m": null,
        "population": 0,
        "feature_type": "populated place",
        "geoname_id": 145541
      }
    },
    {
      "type": "Feature",
      "geometry": {
        "type": "Point",
        "coordinates": [
          21.03333,
          -7.86667
        ]
      },
      "properties": {
        "name": "Sangime",
        "country": "Angola",
        "region": "Luanda Norte",
        "elevation_m": null,
        "population": 0,
        "feature_type": "populated place",
        "geoname_id": 145544
      }
    },
    {
      "type": "Feature",
      "geometry": {
        "type": "Point",
        "coordinates": [
          21.35,
          -8.06667
        ]
      },
      "properties": {
        "name": "Sangicia",
        "country": "Angola",
        "region": "Luanda Norte",
        "elevation_m": null,
        "population": 0,
        "feature_type": "populated place",
        "geoname_id": 145545
      }
    },
    {
      "type": "Feature",
      "geometry": {
        "type": "Point",
        "coordinates": [
          21.13333,
          -8.56667
        ]
      },
      "properties": {
        "name": "Sangechie",
        "country": "Angola",
        "region": "Lunda Sul",
        "elevation_m": null,
        "population": 0,
        "feature_type": "populated place",
        "geoname_id": 145546
      }
    },
    {
      "type": "Feature",
      "geometry": {
        "type": "Point",
        "coordinates": [
          21.23333,
          -7.45
        ]
      },
      "properties": {
        "name": "Sanama",
        "country": "Angola",
        "region": "Luanda Norte",
        "elevation_m": null,
        "population": 0,
        "feature_type": "populated place",
        "geoname_id": 145547
      }
    },
    {
      "type": "Feature",
      "geometry": {
        "type": "Point",
        "coordinates": [
          20.88333,
          -8.03333
        ]
      },
      "properties": {
        "name": "Samuto",
        "country": "Angola",
        "region": "Luanda Norte",
        "elevation_m": null,
        "population": 0,
        "feature_type": "populated place",
        "geoname_id": 145548
      }
    },
    {
      "type": "Feature",
      "geometry": {
        "type": "Point",
        "coordinates": [
          20.25,
          -9.78333
        ]
      },
      "properties": {
        "name": "Samuquimba",
        "country": "Angola",
        "region": "Lunda Sul",
        "elevation_m": null,
        "population": 0,
        "feature_type": "populated place",
        "geoname_id": 145549
      }
    },
    {
      "type": "Feature",
      "geometry": {
        "type": "Point",
        "coordinates": [
          20.55,
          -7.75
        ]
      },
      "properties": {
        "name": "Samuongo",
        "country": "Angola",
        "region": "Luanda Norte",
        "elevation_m": null,
        "population": 0,
        "feature_type": "populated place",
        "geoname_id": 145550
      }
    },
    {
      "type": "Feature",
      "geometry": {
        "type": "Point",
        "coordinates": [
          21.05,
          -9.81667
        ]
      },
      "properties": {
        "name": "Samuondo",
        "country": "Angola",
        "region": "Lunda Sul",
        "elevation_m": null,
        "population": 0,
        "feature_type": "populated place",
        "geoname_id": 145551
      }
    },
    {
      "type": "Feature",
      "geometry": {
        "type": "Point",
        "coordinates": [
          20.55,
          -8.55
        ]
      },
      "properties": {
        "name": "Samunona",
        "country": "Angola",
        "region": "Luanda Norte",
        "elevation_m": null,
        "population": 0,
        "feature_type": "populated place",
        "geoname_id": 145552
      }
    },
    {
      "type": "Feature",
      "geometry": {
        "type": "Point",
        "coordinates": [
          20.7,
          -7.9
        ]
      },
      "properties": {
        "name": "Samuguri",
        "country": "Angola",
        "region": "Luanda Norte",
        "elevation_m": null,
        "population": 0,
        "feature_type": "populated place",
        "geoname_id": 145553
      }
    },
    {
      "type": "Feature",
      "geometry": {
        "type": "Point",
        "coordinates": [
          21.0617,
          -8.26741
        ]
      },
      "properties": {
        "name": "Tchamufuca",
        "country": "Angola",
        "region": "Luanda Norte",
        "elevation_m": null,
        "population": 0,
        "feature_type": "populated place",
        "geoname_id": 145554
      }
    },
    {
      "type": "Feature",
      "geometry": {
        "type": "Point",
        "coordinates": [
          21.16667,
          -9.1
        ]
      },
      "properties": {
        "name": "Samuemba",
        "country": "Angola",
        "region": "Lunda Sul",
        "elevation_m": null,
        "population": 0,
        "feature_type": "populated place",
        "geoname_id": 145555
      }
    },
    {
      "type": "Feature",
      "geometry": {
        "type": "Point",
        "coordinates": [
          21.53333,
          -7.33333
        ]
      },
      "properties": {
        "name": "Samucusa",
        "country": "Angola",
        "region": "Luanda Norte",
        "elevation_m": null,
        "population": 0,
        "feature_type": "populated place",
        "geoname_id": 145556
      }
    },
    {
      "type": "Feature",
      "geometry": {
        "type": "Point",
        "coordinates": [
          21.18333,
          -8.95
        ]
      },
      "properties": {
        "name": "Samucumba",
        "country": "Angola",
        "region": "Lunda Sul",
        "elevation_m": null,
        "population": 0,
        "feature_type": "populated place",
        "geoname_id": 145557
      }
    },
    {
      "type": "Feature",
      "geometry": {
        "type": "Point",
        "coordinates": [
          21.85,
          -9.73333
        ]
      },
      "properties": {
        "name": "Samucanda",
        "country": "Angola",
        "region": "Lunda Sul",
        "elevation_m": null,
        "population": 0,
        "feature_type": "populated place",
        "geoname_id": 145558
      }
    },
    {
      "type": "Feature",
      "geometry": {
        "type": "Point",
        "coordinates": [
          20.23495,
          -8.88108
        ]
      },
      "properties": {
        "name": "Samucambo",
        "country": "Angola",
        "region": "Luanda Norte",
        "elevation_m": null,
        "population": 0,
        "feature_type": "populated place",
        "geoname_id": 145559
      }
    },
    {
      "type": "Feature",
      "geometry": {
        "type": "Point",
        "coordinates": [
          21.25,
          -7.68333
        ]
      },
      "properties": {
        "name": "Samuata",
        "country": "Angola",
        "region": "Luanda Norte",
        "elevation_m": null,
        "population": 0,
        "feature_type": "populated place",
        "geoname_id": 145560
      }
    },
    {
      "type": "Feature",
      "geometry": {
        "type": "Point",
        "coordinates": [
          21.48333,
          -7.8
        ]
      },
      "properties": {
        "name": "Samuanze",
        "country": "Angola",
        "region": "Luanda Norte",
        "elevation_m": null,
        "population": 0,
        "feature_type": "populated place",
        "geoname_id": 145561
      }
    },
    {
      "type": "Feature",
      "geometry": {
        "type": "Point",
        "coordinates": [
          21.56667,
          -9.18333
        ]
      },
      "properties": {
        "name": "Samoiombo Velho",
        "country": "Angola",
        "region": "Lunda Sul",
        "elevation_m": null,
        "population": 0,
        "feature_type": "populated place",
        "geoname_id": 145562
      }
    },
    {
      "type": "Feature",
      "geometry": {
        "type": "Point",
        "coordinates": [
          20.55,
          -9.65
        ]
      },
      "properties": {
        "name": "Sameneca",
        "country": "Angola",
        "region": "Lunda Sul",
        "elevation_m": null,
        "population": 0,
        "feature_type": "populated place",
        "geoname_id": 145563
      }
    },
    {
      "type": "Feature",
      "geometry": {
        "type": "Point",
        "coordinates": [
          20.70045,
          -8.66306
        ]
      },
      "properties": {
        "name": "Sambungo",
        "country": "Angola",
        "region": "Luanda Norte",
        "elevation_m": null,
        "population": 0,
        "feature_type": "populated place",
        "geoname_id": 145564
      }
    },
    {
      "type": "Feature",
      "geometry": {
        "type": "Point",
        "coordinates": [
          21.68333,
          -7.55
        ]
      },
      "properties": {
        "name": "Sambuia",
        "country": "Angola",
        "region": "Luanda Norte",
        "elevation_m": null,
        "population": 0,
        "feature_type": "populated place",
        "geoname_id": 145565
      }
    },
    {
      "type": "Feature",
      "geometry": {
        "type": "Point",
        "coordinates": [
          21.16667,
          -8.96667
        ]
      },
      "properties": {
        "name": "Sambinga",
        "country": "Angola",
        "region": "Lunda Sul",
        "elevation_m": null,
        "population": 0,
        "feature_type": "populated place",
        "geoname_id": 145566
      }
    },
    {
      "type": "Feature",
      "geometry": {
        "type": "Point",
        "coordinates": [
          20.91667,
          -9.1
        ]
      },
      "properties": {
        "name": "Sambavo",
        "country": "Angola",
        "region": "Lunda Sul",
        "elevation_m": null,
        "population": 0,
        "feature_type": "populated place",
        "geoname_id": 145567
      }
    },
    {
      "type": "Feature",
      "geometry": {
        "type": "Point",
        "coordinates": [
          20.71806,
          -8.27335
        ]
      },
      "properties": {
        "name": "Tchingambo",
        "country": "Angola",
        "region": "Luanda Norte",
        "elevation_m": null,
        "population": 0,
        "feature_type": "populated place",
        "geoname_id": 145568
      }
    },
    {
      "type": "Feature",
      "geometry": {
        "type": "Point",
        "coordinates": [
          21.4,
          -7.61667
        ]
      },
      "properties": {
        "name": "Samavunga",
        "country": "Angola",
        "region": "Luanda Norte",
        "elevation_m": null,
        "population": 0,
        "feature_type": "populated place",
        "geoname_id": 145569
      }
    },
    {
      "type": "Feature",
      "geometry": {
        "type": "Point",
        "coordinates": [
          21.46667,
          -8.31667
        ]
      },
      "properties": {
        "name": "Samauma",
        "country": "Angola",
        "region": "Luanda Norte",
        "elevation_m": null,
        "population": 0,
        "feature_type": "populated place",
        "geoname_id": 145570
      }
    },
    {
      "type": "Feature",
      "geometry": {
        "type": "Point",
        "coordinates": [
          21.15,
          -9.13333
        ]
      },
      "properties": {
        "name": "Samanenga",
        "country": "Angola",
        "region": "Lunda Sul",
        "elevation_m": null,
        "population": 0,
        "feature_type": "populated place",
        "geoname_id": 145571
      }
    },
    {
      "type": "Feature",
      "geometry": {
        "type": "Point",
        "coordinates": [
          20.25,
          -9.66667
        ]
      },
      "properties": {
        "name": "Samalengue",
        "country": "Angola",
        "region": "Lunda Sul",
        "elevation_m": null,
        "population": 0,
        "feature_type": "populated place",
        "geoname_id": 145572
      }
    },
    {
      "type": "Feature",
      "geometry": {
        "type": "Point",
        "coordinates": [
          21.25,
          -7.65
        ]
      },
      "properties": {
        "name": "Samalambo",
        "country": "Angola",
        "region": "Luanda Norte",
        "elevation_m": null,
        "population": 0,
        "feature_type": "populated place",
        "geoname_id": 145573
      }
    },
    {
      "type": "Feature",
      "geometry": {
        "type": "Point",
        "coordinates": [
          21.63333,
          -8.35
        ]
      },
      "properties": {
        "name": "Samacanza",
        "country": "Angola",
        "region": "Luanda Norte",
        "elevation_m": null,
        "population": 0,
        "feature_type": "populated place",
        "geoname_id": 145574
      }
    },
    {
      "type": "Feature",
      "geometry": {
        "type": "Point",
        "coordinates": [
          21.61667,
          -8.41667
        ]
      },
      "properties": {
        "name": "Samacaca",
        "country": "Angola",
        "region": "Luanda Norte",
        "elevation_m": null,
        "population": 0,
        "feature_type": "populated place",
        "geoname_id": 145575
      }
    },
    {
      "type": "Feature",
      "geometry": {
        "type": "Point",
        "coordinates": [
          20.85,
          -9.16667
        ]
      },
      "properties": {
        "name": "Samaca",
        "country": "Angola",
        "region": "Lunda Sul",
        "elevation_m": null,
        "population": 0,
        "feature_type": "populated place",
        "geoname_id": 145576
      }
    },
    {
      "type": "Feature",
      "geometry": {
        "type": "Point",
        "coordinates": [
          20.98333,
          -8.01667
        ]
      },
      "properties": {
        "name": "Samaca",
        "country": "Angola",
        "region": "Luanda Norte",
        "elevation_m": null,
        "population": 0,
        "feature_type": "populated place",
        "geoname_id": 145577
      }
    },
    {
      "type": "Feature",
      "geometry": {
        "type": "Point",
        "coordinates": [
          20.35,
          -9.76667
        ]
      },
      "properties": {
        "name": "Samabundo",
        "country": "Angola",
        "region": "Lunda Sul",
        "elevation_m": null,
        "population": 0,
        "feature_type": "populated place",
        "geoname_id": 145578
      }
    },
    {
      "type": "Feature",
      "geometry": {
        "type": "Point",
        "coordinates": [
          20.2,
          -9.36667
        ]
      },
      "properties": {
        "name": "Salutenda",
        "country": "Angola",
        "region": "Luanda Norte",
        "elevation_m": null,
        "population": 0,
        "feature_type": "populated place",
        "geoname_id": 145579
      }
    },
    {
      "type": "Feature",
      "geometry": {
        "type": "Point",
        "coordinates": [
          20.53333,
          -8.26667
        ]
      },
      "properties": {
        "name": "Salussumba",
        "country": "Angola",
        "region": "Luanda Norte",
        "elevation_m": null,
        "population": 0,
        "feature_type": "populated place",
        "geoname_id": 145580
      }
    },
    {
      "type": "Feature",
      "geometry": {
        "type": "Point",
        "coordinates": [
          20.56667,
          -7.76667
        ]
      },
      "properties": {
        "name": "Saluquebo",
        "country": "Angola",
        "region": "Luanda Norte",
        "elevation_m": null,
        "population": 0,
        "feature_type": "populated place",
        "geoname_id": 145581
      }
    },
    {
      "type": "Feature",
      "geometry": {
        "type": "Point",
        "coordinates": [
          20.1,
          -8.73333
        ]
      },
      "properties": {
        "name": "Salubambo",
        "country": "Angola",
        "region": "Luanda Norte",
        "elevation_m": null,
        "population": 0,
        "feature_type": "populated place",
        "geoname_id": 145582
      }
    },
    {
      "type": "Feature",
      "geometry": {
        "type": "Point",
        "coordinates": [
          21.46667,
          -7.8
        ]
      },
      "properties": {
        "name": "Salambo",
        "country": "Angola",
        "region": "Luanda Norte",
        "elevation_m": null,
        "population": 0,
        "feature_type": "populated place",
        "geoname_id": 145583
      }
    },
    {
      "type": "Feature",
      "geometry": {
        "type": "Point",
        "coordinates": [
          20.8,
          -8.05
        ]
      },
      "properties": {
        "name": "Saipange",
        "country": "Angola",
        "region": "Luanda Norte",
        "elevation_m": null,
        "population": 0,
        "feature_type": "populated place",
        "geoname_id": 145584
      }
    },
    {
      "type": "Feature",
      "geometry": {
        "type": "Point",
        "coordinates": [
          20.83333,
          -8.66667
        ]
      },
      "properties": {
        "name": "Saipanga",
        "country": "Angola",
        "region": "Luanda Norte",
        "elevation_m": null,
        "population": 0,
        "feature_type": "populated place",
        "geoname_id": 145585
      }
    },
    {
      "type": "Feature",
      "geometry": {
        "type": "Point",
        "coordinates": [
          20.16925,
          -8.46874
        ]
      },
      "properties": {
        "name": "Saimbuanda",
        "country": "Angola",
        "region": "Luanda Norte",
        "elevation_m": null,
        "population": 0,
        "feature_type": "populated place",
        "geoname_id": 145586
      }
    },
    {
      "type": "Feature",
      "geometry": {
        "type": "Point",
        "coordinates": [
          20.4,
          -8.21667
        ]
      },
      "properties": {
        "name": "Saiculo",
        "country": "Angola",
        "region": "Luanda Norte",
        "elevation_m": null,
        "population": 0,
        "feature_type": "populated place",
        "geoname_id": 145587
      }
    },
    {
      "type": "Feature",
      "geometry": {
        "type": "Point",
        "coordinates": [
          20.32163,
          -9.79195
        ]
      },
      "properties": {
        "name": "Salánvua",
        "country": "Angola",
        "region": "Lunda Sul",
        "elevation_m": null,
        "population": 0,
        "feature_type": "populated place",
        "geoname_id": 145588
      }
    },
    {
      "type": "Feature",
      "geometry": {
        "type": "Point",
        "coordinates": [
          21.46667,
          -7.5
        ]
      },
      "properties": {
        "name": "Sachumo",
        "country": "Angola",
        "region": "Luanda Norte",
        "elevation_m": null,
        "population": 0,
        "feature_type": "populated place",
        "geoname_id": 145589
      }
    },
    {
      "type": "Feature",
      "geometry": {
        "type": "Point",
        "coordinates": [
          21.1,
          -8.21667
        ]
      },
      "properties": {
        "name": "Sachita",
        "country": "Angola",
        "region": "Luanda Norte",
        "elevation_m": null,
        "population": 0,
        "feature_type": "populated place",
        "geoname_id": 145590
      }
    },
    {
      "type": "Feature",
      "geometry": {
        "type": "Point",
        "coordinates": [
          20.26667,
          -9.23333
        ]
      },
      "properties": {
        "name": "Sachimbo",
        "country": "Angola",
        "region": "Luanda Norte",
        "elevation_m": null,
        "population": 0,
        "feature_type": "populated place",
        "geoname_id": 145591
      }
    },
    {
      "type": "Feature",
      "geometry": {
        "type": "Point",
        "coordinates": [
          20.9,
          -8.3
        ]
      },
      "properties": {
        "name": "Sachilemoi",
        "country": "Angola",
        "region": "Luanda Norte",
        "elevation_m": null,
        "population": 0,
        "feature_type": "populated place",
        "geoname_id": 145592
      }
    },
    {
      "type": "Feature",
      "geometry": {
        "type": "Point",
        "coordinates": [
          21.38333,
          -8.3
        ]
      },
      "properties": {
        "name": "Sachianze",
        "country": "Angola",
        "region": "Luanda Norte",
        "elevation_m": null,
        "population": 0,
        "feature_type": "populated place",
        "geoname_id": 145593
      }
    },
    {
      "type": "Feature",
      "geometry": {
        "type": "Point",
        "coordinates": [
          20.5,
          -9.13333
        ]
      },
      "properties": {
        "name": "Sacheaca",
        "country": "Angola",
        "region": "Lunda Sul",
        "elevation_m": null,
        "population": 0,
        "feature_type": "populated place",
        "geoname_id": 145594
      }
    },
    {
      "type": "Feature",
      "geometry": {
        "type": "Point",
        "coordinates": [
          21.46667,
          -7.78333
        ]
      },
      "properties": {
        "name": "Sachando",
        "country": "Angola",
        "region": "Luanda Norte",
        "elevation_m": null,
        "population": 0,
        "feature_type": "populated place",
        "geoname_id": 145595
      }
    },
    {
      "type": "Feature",
      "geometry": {
        "type": "Point",
        "coordinates": [
          20.16667,
          -8.46667
        ]
      },
      "properties": {
        "name": "Sacatóio",
        "country": "Angola",
        "region": "Luanda Norte",
        "elevation_m": null,
        "population": 0,
        "feature_type": "populated place",
        "geoname_id": 145596
      }
    },
    {
      "type": "Feature",
      "geometry": {
        "type": "Point",
        "coordinates": [
          20.9,
          -9.93333
        ]
      },
      "properties": {
        "name": "Sacatemba",
        "country": "Angola",
        "region": "Lunda Sul",
        "elevation_m": null,
        "population": 0,
        "feature_type": "populated place",
        "geoname_id": 145597
      }
    },
    {
      "type": "Feature",
      "geometry": {
        "type": "Point",
        "coordinates": [
          20.28333,
          -9.1
        ]
      },
      "properties": {
        "name": "Sacapunda",
        "country": "Angola",
        "region": "Luanda Norte",
        "elevation_m": null,
        "population": 0,
        "feature_type": "populated place",
        "geoname_id": 145598
      }
    },
    {
      "type": "Feature",
      "geometry": {
        "type": "Point",
        "coordinates": [
          21.31667,
          -7.98333
        ]
      },
      "properties": {
        "name": "Sacamuando",
        "country": "Angola",
        "region": "Luanda Norte",
        "elevation_m": null,
        "population": 0,
        "feature_type": "populated place",
        "geoname_id": 145599
      }
    },
    {
      "type": "Feature",
      "geometry": {
        "type": "Point",
        "coordinates": [
          20.35,
          -6.96667
        ]
      },
      "properties": {
        "name": "Sacambote",
        "country": "Angola",
        "region": "Luanda Norte",
        "elevation_m": null,
        "population": 0,
        "feature_type": "populated place",
        "geoname_id": 145600
      }
    },
    {
      "type": "Feature",
      "geometry": {
        "type": "Point",
        "coordinates": [
          21.30982,
          -7.69114
        ]
      },
      "properties": {
        "name": "Sacai",
        "country": "Angola",
        "region": "Luanda Norte",
        "elevation_m": null,
        "population": 0,
        "feature_type": "populated place",
        "geoname_id": 145601
      }
    },
    {
      "type": "Feature",
      "geometry": {
        "type": "Point",
        "coordinates": [
          20.75,
          -8.85
        ]
      },
      "properties": {
        "name": "Ripata",
        "country": "Angola",
        "region": "Luanda Norte",
        "elevation_m": null,
        "population": 0,
        "feature_type": "populated place",
        "geoname_id": 145603
      }
    },
    {
      "type": "Feature",
      "geometry": {
        "type": "Point",
        "coordinates": [
          21.43333,
          -9.5
        ]
      },
      "properties": {
        "name": "Raviuli",
        "country": "Angola",
        "region": "Lunda Sul",
        "elevation_m": null,
        "population": 0,
        "feature_type": "populated place",
        "geoname_id": 145604
      }
    },
    {
      "type": "Feature",
      "geometry": {
        "type": "Point",
        "coordinates": [
          20.46667,
          -7.8
        ]
      },
      "properties": {
        "name": "Quitari",
        "country": "Angola",
        "region": "Luanda Norte",
        "elevation_m": null,
        "population": 0,
        "feature_type": "populated place",
        "geoname_id": 145605
      }
    },
    {
      "type": "Feature",
      "geometry": {
        "type": "Point",
        "coordinates": [
          21.53333,
          -9.83333
        ]
      },
      "properties": {
        "name": "Quinongo",
        "country": "Angola",
        "region": "Lunda Sul",
        "elevation_m": null,
        "population": 0,
        "feature_type": "populated place",
        "geoname_id": 145606
      }
    },
    {
      "type": "Feature",
      "geometry": {
        "type": "Point",
        "coordinates": [
          20.15,
          -7.86667
        ]
      },
      "properties": {
        "name": "Quilenda",
        "country": "Angola",
        "region": "Luanda Norte",
        "elevation_m": null,
        "population": 0,
        "feature_type": "populated place",
        "geoname_id": 145607
      }
    },
    {
      "type": "Feature",
      "geometry": {
        "type": "Point",
        "coordinates": [
          21.23333,
          -9.75
        ]
      },
      "properties": {
        "name": "Quilamina",
        "country": "Angola",
        "region": "Lunda Sul",
        "elevation_m": null,
        "population": 0,
        "feature_type": "populated place",
        "geoname_id": 145608
      }
    },
    {
      "type": "Feature",
      "geometry": {
        "type": "Point",
        "coordinates": [
          21.6,
          -9.9
        ]
      },
      "properties": {
        "name": "Quicoca",
        "country": "Angola",
        "region": "Lunda Sul",
        "elevation_m": null,
        "population": 0,
        "feature_type": "populated place",
        "geoname_id": 145609
      }
    },
    {
      "type": "Feature",
      "geometry": {
        "type": "Point",
        "coordinates": [
          20.75043,
          -8.49162
        ]
      },
      "properties": {
        "name": "Pungulo",
        "country": "Angola",
        "region": "Luanda Norte",
        "elevation_m": null,
        "population": 0,
        "feature_type": "populated place",
        "geoname_id": 145610
      }
    },
    {
      "type": "Feature",
      "geometry": {
        "type": "Point",
        "coordinates": [
          21.46091,
          -8.95526
        ]
      },
      "properties": {
        "name": "Puege",
        "country": "Angola",
        "region": "Lunda Sul",
        "elevation_m": null,
        "population": 0,
        "feature_type": "populated place",
        "geoname_id": 145612
      }
    },
    {
      "type": "Feature",
      "geometry": {
        "type": "Point",
        "coordinates": [
          20.32116,
          -9.67014
        ]
      },
      "properties": {
        "name": "Pimbi",
        "country": "Angola",
        "region": "Lunda Sul",
        "elevation_m": null,
        "population": 0,
        "feature_type": "populated place",
        "geoname_id": 145613
      }
    },
    {
      "type": "Feature",
      "geometry": {
        "type": "Point",
        "coordinates": [
          20.46667,
          -8.96667
        ]
      },
      "properties": {
        "name": "Pato",
        "country": "Angola",
        "region": "Luanda Norte",
        "elevation_m": null,
        "population": 0,
        "feature_type": "populated place",
        "geoname_id": 145614
      }
    },
    {
      "type": "Feature",
      "geometry": {
        "type": "Point",
        "coordinates": [
          21.3,
          -7.63333
        ]
      },
      "properties": {
        "name": "Oscar",
        "country": "Angola",
        "region": "Luanda Norte",
        "elevation_m": null,
        "population": 0,
        "feature_type": "populated place",
        "geoname_id": 145615
      }
    },
    {
      "type": "Feature",
      "geometry": {
        "type": "Point",
        "coordinates": [
          21.76705,
          -7.40034
        ]
      },
      "properties": {
        "name": "Dulo",
        "country": "Angola",
        "region": "Luanda Norte",
        "elevation_m": null,
        "population": 0,
        "feature_type": "populated place",
        "geoname_id": 145616
      }
    },
    {
      "type": "Feature",
      "geometry": {
        "type": "Point",
        "coordinates": [
          20.7,
          -9.5
        ]
      },
      "properties": {
        "name": "Noma",
        "country": "Angola",
        "region": "Lunda Sul",
        "elevation_m": null,
        "population": 0,
        "feature_type": "populated place",
        "geoname_id": 145617
      }
    },
    {
      "type": "Feature",
      "geometry": {
        "type": "Point",
        "coordinates": [
          21.5,
          -7.71667
        ]
      },
      "properties": {
        "name": "Ngalanga",
        "country": "Angola",
        "region": "Luanda Norte",
        "elevation_m": null,
        "population": 0,
        "feature_type": "populated place",
        "geoname_id": 145619
      }
    },
    {
      "type": "Feature",
      "geometry": {
        "type": "Point",
        "coordinates": [
          20.85,
          -7.7
        ]
      },
      "properties": {
        "name": "Ndala",
        "country": "Angola",
        "region": "Luanda Norte",
        "elevation_m": null,
        "population": 0,
        "feature_type": "populated place",
        "geoname_id": 145620
      }
    },
    {
      "type": "Feature",
      "geometry": {
        "type": "Point",
        "coordinates": [
          20.05596,
          -7.36147
        ]
      },
      "properties": {
        "name": "Najinga",
        "country": "Angola",
        "region": "Luanda Norte",
        "elevation_m": null,
        "population": 0,
        "feature_type": "populated place",
        "geoname_id": 145621
      }
    },
    {
      "type": "Feature",
      "geometry": {
        "type": "Point",
        "coordinates": [
          20.78333,
          -7.35
        ]
      },
      "properties": {
        "name": "Nachir",
        "country": "Angola",
        "region": "Luanda Norte",
        "elevation_m": null,
        "population": 0,
        "feature_type": "populated place",
        "geoname_id": 145622
      }
    },
    {
      "type": "Feature",
      "geometry": {
        "type": "Point",
        "coordinates": [
          20.61667,
          -9.95
        ]
      },
      "properties": {
        "name": "Mutondo",
        "country": "Angola",
        "region": "Lunda Sul",
        "elevation_m": null,
        "population": 0,
        "feature_type": "populated place",
        "geoname_id": 145623
      }
    },
    {
      "type": "Feature",
      "geometry": {
        "type": "Point",
        "coordinates": [
          20.73333,
          -7.45
        ]
      },
      "properties": {
        "name": "Musumadi",
        "country": "Angola",
        "region": "Luanda Norte",
        "elevation_m": null,
        "population": 0,
        "feature_type": "populated place",
        "geoname_id": 145625
      }
    },
    {
      "type": "Feature",
      "geometry": {
        "type": "Point",
        "coordinates": [
          20.63333,
          -8.5
        ]
      },
      "properties": {
        "name": "Mussolo",
        "country": "Angola",
        "region": "Luanda Norte",
        "elevation_m": null,
        "population": 0,
        "feature_type": "populated place",
        "geoname_id": 145627
      }
    },
    {
      "type": "Feature",
      "geometry": {
        "type": "Point",
        "coordinates": [
          21.21463,
          -9.90719
        ]
      },
      "properties": {
        "name": "Muriege",
        "country": "Angola",
        "region": "Lunda Sul",
        "elevation_m": null,
        "population": 0,
        "feature_type": "seat of a second-order administrative division",
        "geoname_id": 145629
      }
    },
    {
      "type": "Feature",
      "geometry": {
        "type": "Point",
        "coordinates": [
          20.66667,
          -7.6
        ]
      },
      "properties": {
        "name": "Muriége",
        "country": "Angola",
        "region": "Luanda Norte",
        "elevation_m": null,
        "population": 0,
        "feature_type": "populated place",
        "geoname_id": 145630
      }
    },
    {
      "type": "Feature",
      "geometry": {
        "type": "Point",
        "coordinates": [
          21.36667,
          -7.9
        ]
      },
      "properties": {
        "name": "Muriata",
        "country": "Angola",
        "region": "Luanda Norte",
        "elevation_m": null,
        "population": 0,
        "feature_type": "populated place",
        "geoname_id": 145631
      }
    },
    {
      "type": "Feature",
      "geometry": {
        "type": "Point",
        "coordinates": [
          21.91667,
          -8.68333
        ]
      },
      "properties": {
        "name": "Muquinda",
        "country": "Angola",
        "region": "Lunda Sul",
        "elevation_m": null,
        "population": 0,
        "feature_type": "populated place",
        "geoname_id": 145632
      }
    },
    {
      "type": "Feature",
      "geometry": {
        "type": "Point",
        "coordinates": [
          20.91667,
          -7.4
        ]
      },
      "properties": {
        "name": "Mupula",
        "country": "Angola",
        "region": "Luanda Norte",
        "elevation_m": null,
        "population": 0,
        "feature_type": "populated place",
        "geoname_id": 145633
      }
    },
    {
      "type": "Feature",
      "geometry": {
        "type": "Point",
        "coordinates": [
          20.9,
          -8.53333
        ]
      },
      "properties": {
        "name": "Mujezi",
        "country": "Angola",
        "region": "Luanda Norte",
        "elevation_m": null,
        "population": 0,
        "feature_type": "populated place",
        "geoname_id": 145635
      }
    },
    {
      "type": "Feature",
      "geometry": {
        "type": "Point",
        "coordinates": [
          21.65,
          -7.65
        ]
      },
      "properties": {
        "name": "Muinda",
        "country": "Angola",
        "region": "Luanda Norte",
        "elevation_m": null,
        "population": 0,
        "feature_type": "populated place",
        "geoname_id": 145637
      }
    },
    {
      "type": "Feature",
      "geometry": {
        "type": "Point",
        "coordinates": [
          21.15,
          -7.41667
        ]
      },
      "properties": {
        "name": "Mucumbo",
        "country": "Angola",
        "region": "Luanda Norte",
        "elevation_m": null,
        "population": 0,
        "feature_type": "populated place",
        "geoname_id": 145640
      }
    },
    {
      "type": "Feature",
      "geometry": {
        "type": "Point",
        "coordinates": [
          21.71667,
          -8.7
        ]
      },
      "properties": {
        "name": "Mucope",
        "country": "Angola",
        "region": "Lunda Sul",
        "elevation_m": null,
        "population": 0,
        "feature_type": "populated place",
        "geoname_id": 145641
      }
    },
    {
      "type": "Feature",
      "geometry": {
        "type": "Point",
        "coordinates": [
          21.55682,
          -9.59948
        ]
      },
      "properties": {
        "name": "Muazaza",
        "country": "Angola",
        "region": "Lunda Sul",
        "elevation_m": null,
        "population": 0,
        "feature_type": "populated place",
        "geoname_id": 145642
      }
    },
    {
      "type": "Feature",
      "geometry": {
        "type": "Point",
        "coordinates": [
          21.15,
          -8.08333
        ]
      },
      "properties": {
        "name": "Muazambe",
        "country": "Angola",
        "region": "Luanda Norte",
        "elevation_m": null,
        "population": 0,
        "feature_type": "populated place",
        "geoname_id": 145643
      }
    },
    {
      "type": "Feature",
      "geometry": {
        "type": "Point",
        "coordinates": [
          22.03333,
          -9.88333
        ]
      },
      "properties": {
        "name": "Muaximbundo",
        "country": "Angola",
        "region": "Lunda Sul",
        "elevation_m": null,
        "population": 0,
        "feature_type": "populated place",
        "geoname_id": 145644
      }
    },
    {
      "type": "Feature",
      "geometry": {
        "type": "Point",
        "coordinates": [
          20.7,
          -8.93333
        ]
      },
      "properties": {
        "name": "Muatechungo",
        "country": "Angola",
        "region": "Lunda Sul",
        "elevation_m": null,
        "population": 0,
        "feature_type": "populated place",
        "geoname_id": 145645
      }
    },
    {
      "type": "Feature",
      "geometry": {
        "type": "Point",
        "coordinates": [
          20.9,
          -9.8
        ]
      },
      "properties": {
        "name": "Muanzanza",
        "country": "Angola",
        "region": "Lunda Sul",
        "elevation_m": null,
        "population": 0,
        "feature_type": "populated place",
        "geoname_id": 145648
      }
    },
    {
      "type": "Feature",
      "geometry": {
        "type": "Point",
        "coordinates": [
          20.58476,
          -9.57409
        ]
      },
      "properties": {
        "name": "Muandonji",
        "country": "Angola",
        "region": "Lunda Sul",
        "elevation_m": null,
        "population": 0,
        "feature_type": "populated place",
        "geoname_id": 145649
      }
    },
    {
      "type": "Feature",
      "geometry": {
        "type": "Point",
        "coordinates": [
          21.46667,
          -7.5
        ]
      },
      "properties": {
        "name": "Muanangue",
        "country": "Angola",
        "region": "Luanda Norte",
        "elevation_m": null,
        "population": 0,
        "feature_type": "populated place",
        "geoname_id": 145650
      }
    },
    {
      "type": "Feature",
      "geometry": {
        "type": "Point",
        "coordinates": [
          20.2,
          -9.38333
        ]
      },
      "properties": {
        "name": "Muamungo",
        "country": "Angola",
        "region": "Luanda Norte",
        "elevation_m": null,
        "population": 0,
        "feature_type": "populated place",
        "geoname_id": 145651
      }
    },
    {
      "type": "Feature",
      "geometry": {
        "type": "Point",
        "coordinates": [
          20.16099,
          -9.6903
        ]
      },
      "properties": {
        "name": "Mualuango",
        "country": "Angola",
        "region": "Lunda Sul",
        "elevation_m": null,
        "population": 0,
        "feature_type": "populated place",
        "geoname_id": 145652
      }
    },
    {
      "type": "Feature",
      "geometry": {
        "type": "Point",
        "coordinates": [
          20.25496,
          -9.65897
        ]
      },
      "properties": {
        "name": "Muailunga",
        "country": "Angola",
        "region": "Lunda Sul",
        "elevation_m": null,
        "population": 0,
        "feature_type": "populated place",
        "geoname_id": 145654
      }
    },
    {
      "type": "Feature",
      "geometry": {
        "type": "Point",
        "coordinates": [
          21.3,
          -7.53333
        ]
      },
      "properties": {
        "name": "Muafunga",
        "country": "Angola",
        "region": "Luanda Norte",
        "elevation_m": null,
        "population": 0,
        "feature_type": "populated place",
        "geoname_id": 145656
      }
    },
    {
      "type": "Feature",
      "geometry": {
        "type": "Point",
        "coordinates": [
          21.83333,
          -7.48333
        ]
      },
      "properties": {
        "name": "Muadi",
        "country": "Angola",
        "region": "Luanda Norte",
        "elevation_m": null,
        "population": 0,
        "feature_type": "populated place",
        "geoname_id": 145657
      }
    },
    {
      "type": "Feature",
      "geometry": {
        "type": "Point",
        "coordinates": [
          20.56667,
          -8.71667
        ]
      },
      "properties": {
        "name": "Muacavundo",
        "country": "Angola",
        "region": "Luanda Norte",
        "elevation_m": null,
        "population": 0,
        "feature_type": "populated place",
        "geoname_id": 145658
      }
    },
    {
      "type": "Feature",
      "geometry": {
        "type": "Point",
        "coordinates": [
          20.01095,
          -9.91642
        ]
      },
      "properties": {
        "name": "Mona Quimbundo",
        "country": "Angola",
        "region": "Lunda Sul",
        "elevation_m": null,
        "population": 0,
        "feature_type": "seat of a third-order administrative division",
        "geoname_id": 145659
      }
    },
    {
      "type": "Feature",
      "geometry": {
        "type": "Point",
        "coordinates": [
          21.63333,
          -8.41667
        ]
      },
      "properties": {
        "name": "Monana",
        "country": "Angola",
        "region": "Luanda Norte",
        "elevation_m": null,
        "population": 0,
        "feature_type": "populated place",
        "geoname_id": 145660
      }
    },
    {
      "type": "Feature",
      "geometry": {
        "type": "Point",
        "coordinates": [
          20.16667,
          -7.96667
        ]
      },
      "properties": {
        "name": "Mazunda",
        "country": "Angola",
        "region": "Luanda Norte",
        "elevation_m": null,
        "population": 0,
        "feature_type": "populated place",
        "geoname_id": 145664
      }
    },
    {
      "type": "Feature",
      "geometry": {
        "type": "Point",
        "coordinates": [
          21,
          -8.88333
        ]
      },
      "properties": {
        "name": "Mazena",
        "country": "Angola",
        "region": "Lunda Sul",
        "elevation_m": null,
        "population": 0,
        "feature_type": "populated place",
        "geoname_id": 145665
      }
    },
    {
      "type": "Feature",
      "geometry": {
        "type": "Point",
        "coordinates": [
          21.68333,
          -8.28333
        ]
      },
      "properties": {
        "name": "Maximbundo",
        "country": "Angola",
        "region": "Luanda Norte",
        "elevation_m": null,
        "population": 0,
        "feature_type": "populated place",
        "geoname_id": 145667
      }
    },
    {
      "type": "Feature",
      "geometry": {
        "type": "Point",
        "coordinates": [
          20.03333,
          -9.16667
        ]
      },
      "properties": {
        "name": "Mauzara",
        "country": "Angola",
        "region": "Luanda Norte",
        "elevation_m": null,
        "population": 0,
        "feature_type": "populated place",
        "geoname_id": 145668
      }
    },
    {
      "type": "Feature",
      "geometry": {
        "type": "Point",
        "coordinates": [
          20.55,
          -8.2
        ]
      },
      "properties": {
        "name": "Matenda",
        "country": "Angola",
        "region": "Luanda Norte",
        "elevation_m": null,
        "population": 0,
        "feature_type": "populated place",
        "geoname_id": 145669
      }
    },
    {
      "type": "Feature",
      "geometry": {
        "type": "Point",
        "coordinates": [
          20.53333,
          -8.98333
        ]
      },
      "properties": {
        "name": "Massambamba",
        "country": "Angola",
        "region": "Luanda Norte",
        "elevation_m": null,
        "population": 0,
        "feature_type": "populated place",
        "geoname_id": 145670
      }
    },
    {
      "type": "Feature",
      "geometry": {
        "type": "Point",
        "coordinates": [
          20.86672,
          -7.3983
        ]
      },
      "properties": {
        "name": "Mandange",
        "country": "Angola",
        "region": "Luanda Norte",
        "elevation_m": null,
        "population": 0,
        "feature_type": "populated place",
        "geoname_id": 145672
      }
    },
    {
      "type": "Feature",
      "geometry": {
        "type": "Point",
        "coordinates": [
          20.23333,
          -7.45
        ]
      },
      "properties": {
        "name": "Manachire",
        "country": "Angola",
        "region": "Luanda Norte",
        "elevation_m": null,
        "population": 0,
        "feature_type": "populated place",
        "geoname_id": 145673
      }
    },
    {
      "type": "Feature",
      "geometry": {
        "type": "Point",
        "coordinates": [
          21.35,
          -7.73333
        ]
      },
      "properties": {
        "name": "Mamuxito",
        "country": "Angola",
        "region": "Luanda Norte",
        "elevation_m": null,
        "population": 0,
        "feature_type": "populated place",
        "geoname_id": 145674
      }
    },
    {
      "type": "Feature",
      "geometry": {
        "type": "Point",
        "coordinates": [
          21.1,
          -8.46667
        ]
      },
      "properties": {
        "name": "Malupepie",
        "country": "Angola",
        "region": "Luanda Norte",
        "elevation_m": null,
        "population": 0,
        "feature_type": "populated place",
        "geoname_id": 145675
      }
    },
    {
      "type": "Feature",
      "geometry": {
        "type": "Point",
        "coordinates": [
          21.29846,
          -8.02561
        ]
      },
      "properties": {
        "name": "Maludi",
        "country": "Angola",
        "region": "Luanda Norte",
        "elevation_m": null,
        "population": 0,
        "feature_type": "populated place",
        "geoname_id": 145676
      }
    },
    {
      "type": "Feature",
      "geometry": {
        "type": "Point",
        "coordinates": [
          21.23333,
          -9.26667
        ]
      },
      "properties": {
        "name": "Maiombe",
        "country": "Angola",
        "region": "Lunda Sul",
        "elevation_m": null,
        "population": 0,
        "feature_type": "populated place",
        "geoname_id": 145678
      }
    },
    {
      "type": "Feature",
      "geometry": {
        "type": "Point",
        "coordinates": [
          20.8,
          -8.35
        ]
      },
      "properties": {
        "name": "Magambundi",
        "country": "Angola",
        "region": "Luanda Norte",
        "elevation_m": null,
        "population": 0,
        "feature_type": "populated place",
        "geoname_id": 145679
      }
    },
    {
      "type": "Feature",
      "geometry": {
        "type": "Point",
        "coordinates": [
          21,
          -8.75
        ]
      },
      "properties": {
        "name": "Mafuba",
        "country": "Angola",
        "region": "Lunda Sul",
        "elevation_m": null,
        "population": 0,
        "feature_type": "populated place",
        "geoname_id": 145680
      }
    },
    {
      "type": "Feature",
      "geometry": {
        "type": "Point",
        "coordinates": [
          21.83333,
          -8.23333
        ]
      },
      "properties": {
        "name": "Mafata",
        "country": "Angola",
        "region": "Luanda Norte",
        "elevation_m": null,
        "population": 0,
        "feature_type": "populated place",
        "geoname_id": 145681
      }
    },
    {
      "type": "Feature",
      "geometry": {
        "type": "Point",
        "coordinates": [
          20.53333,
          -8.1
        ]
      },
      "properties": {
        "name": "Madingo",
        "country": "Angola",
        "region": "Luanda Norte",
        "elevation_m": null,
        "population": 0,
        "feature_type": "populated place",
        "geoname_id": 145682
      }
    },
    {
      "type": "Feature",
      "geometry": {
        "type": "Point",
        "coordinates": [
          21.8,
          -8.35
        ]
      },
      "properties": {
        "name": "Madicidicie",
        "country": "Angola",
        "region": "Luanda Norte",
        "elevation_m": null,
        "population": 0,
        "feature_type": "populated place",
        "geoname_id": 145683
      }
    },
    {
      "type": "Feature",
      "geometry": {
        "type": "Point",
        "coordinates": [
          20.85,
          -8.6
        ]
      },
      "properties": {
        "name": "Machiuana",
        "country": "Angola",
        "region": "Luanda Norte",
        "elevation_m": null,
        "population": 0,
        "feature_type": "populated place",
        "geoname_id": 145684
      }
    },
    {
      "type": "Feature",
      "geometry": {
        "type": "Point",
        "coordinates": [
          21.56667,
          -9.6
        ]
      },
      "properties": {
        "name": "Machata",
        "country": "Angola",
        "region": "Lunda Sul",
        "elevation_m": null,
        "population": 0,
        "feature_type": "populated place",
        "geoname_id": 145685
      }
    },
    {
      "type": "Feature",
      "geometry": {
        "type": "Point",
        "coordinates": [
          21.38333,
          -8.38333
        ]
      },
      "properties": {
        "name": "Macassequé",
        "country": "Angola",
        "region": "Luanda Norte",
        "elevation_m": null,
        "population": 0,
        "feature_type": "populated place",
        "geoname_id": 145686
      }
    },
    {
      "type": "Feature",
      "geometry": {
        "type": "Point",
        "coordinates": [
          21.36667,
          -8.65
        ]
      },
      "properties": {
        "name": "Macaiena",
        "country": "Angola",
        "region": "Luanda Norte",
        "elevation_m": null,
        "population": 0,
        "feature_type": "populated place",
        "geoname_id": 145687
      }
    },
    {
      "type": "Feature",
      "geometry": {
        "type": "Point",
        "coordinates": [
          20.78333,
          -9.06667
        ]
      },
      "properties": {
        "name": "Maca",
        "country": "Angola",
        "region": "Lunda Sul",
        "elevation_m": null,
        "population": 0,
        "feature_type": "populated place",
        "geoname_id": 145688
      }
    },
    {
      "type": "Feature",
      "geometry": {
        "type": "Point",
        "coordinates": [
          20.78333,
          -8.96667
        ]
      },
      "properties": {
        "name": "Maca",
        "country": "Angola",
        "region": "Lunda Sul",
        "elevation_m": null,
        "population": 0,
        "feature_type": "populated place",
        "geoname_id": 145689
      }
    },
    {
      "type": "Feature",
      "geometry": {
        "type": "Point",
        "coordinates": [
          21.93333,
          -8.46667
        ]
      },
      "properties": {
        "name": "Mabembe",
        "country": "Angola",
        "region": "Lunda Sul",
        "elevation_m": null,
        "population": 0,
        "feature_type": "populated place",
        "geoname_id": 145690
      }
    },
    {
      "type": "Feature",
      "geometry": {
        "type": "Point",
        "coordinates": [
          21.34799,
          -7.58614
        ]
      },
      "properties": {
        "name": "Luxilo",
        "country": "Angola",
        "region": "Luanda Norte",
        "elevation_m": null,
        "population": 0,
        "feature_type": "populated place",
        "geoname_id": 145692
      }
    },
    {
      "type": "Feature",
      "geometry": {
        "type": "Point",
        "coordinates": [
          21.7,
          -8.36667
        ]
      },
      "properties": {
        "name": "Luvundo",
        "country": "Angola",
        "region": "Luanda Norte",
        "elevation_m": null,
        "population": 0,
        "feature_type": "populated place",
        "geoname_id": 145693
      }
    },
    {
      "type": "Feature",
      "geometry": {
        "type": "Point",
        "coordinates": [
          21.55,
          -8.16667
        ]
      },
      "properties": {
        "name": "Luvundo",
        "country": "Angola",
        "region": "Luanda Norte",
        "elevation_m": null,
        "population": 0,
        "feature_type": "populated place",
        "geoname_id": 145694
      }
    },
    {
      "type": "Feature",
      "geometry": {
        "type": "Point",
        "coordinates": [
          20.25533,
          -9.99581
        ]
      },
      "properties": {
        "name": "Lunjata",
        "country": "Angola",
        "region": "Lunda Sul",
        "elevation_m": null,
        "population": 0,
        "feature_type": "populated place",
        "geoname_id": 145700
      }
    },
    {
      "type": "Feature",
      "geometry": {
        "type": "Point",
        "coordinates": [
          21.41015,
          -7.87073
        ]
      },
      "properties": {
        "name": "Lumboma",
        "country": "Angola",
        "region": "Luanda Norte",
        "elevation_m": null,
        "population": 0,
        "feature_type": "populated place",
        "geoname_id": 145704
      }
    },
    {
      "type": "Feature",
      "geometry": {
        "type": "Point",
        "coordinates": [
          21.78333,
          -8.53333
        ]
      },
      "properties": {
        "name": "Luia",
        "country": "Angola",
        "region": "Luanda Norte",
        "elevation_m": null,
        "population": 0,
        "feature_type": "populated place",
        "geoname_id": 145708
      }
    },
    {
      "type": "Feature",
      "geometry": {
        "type": "Point",
        "coordinates": [
          21.55164,
          -8.16981
        ]
      },
      "properties": {
        "name": "Luia",
        "country": "Angola",
        "region": "Luanda Norte",
        "elevation_m": null,
        "population": 0,
        "feature_type": "seat of a third-order administrative division",
        "geoname_id": 145709
      }
    },
    {
      "type": "Feature",
      "geometry": {
        "type": "Point",
        "coordinates": [
          21.43333,
          -7.58333
        ]
      },
      "properties": {
        "name": "Lufuma",
        "country": "Angola",
        "region": "Luanda Norte",
        "elevation_m": null,
        "population": 0,
        "feature_type": "populated place",
        "geoname_id": 145712
      }
    },
    {
      "type": "Feature",
      "geometry": {
        "type": "Point",
        "coordinates": [
          20.03333,
          -9.95
        ]
      },
      "properties": {
        "name": "Luete",
        "country": "Angola",
        "region": "Lunda Sul",
        "elevation_m": null,
        "population": 0,
        "feature_type": "populated place",
        "geoname_id": 145713
      }
    },
    {
      "type": "Feature",
      "geometry": {
        "type": "Point",
        "coordinates": [
          21.6,
          -8.96667
        ]
      },
      "properties": {
        "name": "Luembe",
        "country": "Angola",
        "region": "Lunda Sul",
        "elevation_m": null,
        "population": 0,
        "feature_type": "populated place",
        "geoname_id": 145714
      }
    },
    {
      "type": "Feature",
      "geometry": {
        "type": "Point",
        "coordinates": [
          21.18333,
          -7.31667
        ]
      },
      "properties": {
        "name": "Luembe",
        "country": "Angola",
        "region": "Luanda Norte",
        "elevation_m": null,
        "population": 0,
        "feature_type": "populated place",
        "geoname_id": 145715
      }
    },
    {
      "type": "Feature",
      "geometry": {
        "type": "Point",
        "coordinates": [
          21.2,
          -8.6
        ]
      },
      "properties": {
        "name": "Lucare",
        "country": "Angola",
        "region": "Lunda Sul",
        "elevation_m": null,
        "population": 0,
        "feature_type": "populated place",
        "geoname_id": 145722
      }
    },
    {
      "type": "Feature",
      "geometry": {
        "type": "Point",
        "coordinates": [
          21.18201,
          -7.95667
        ]
      },
      "properties": {
        "name": "Luaco",
        "country": "Angola",
        "region": "Luanda Norte",
        "elevation_m": null,
        "population": 0,
        "feature_type": "populated place",
        "geoname_id": 145736
      }
    },
    {
      "type": "Feature",
      "geometry": {
        "type": "Point",
        "coordinates": [
          20.57143,
          -9.66215
        ]
      },
      "properties": {
        "name": "Samupafo",
        "country": "Angola",
        "region": "Lunda Sul",
        "elevation_m": null,
        "population": 0,
        "feature_type": "populated place",
        "geoname_id": 145737
      }
    },
    {
      "type": "Feature",
      "geometry": {
        "type": "Point",
        "coordinates": [
          20.80656,
          -7.3843
        ]
      },
      "properties": {
        "name": "Luachimo",
        "country": "Angola",
        "region": "Luanda Norte",
        "elevation_m": null,
        "population": 0,
        "feature_type": "populated place",
        "geoname_id": 145738
      }
    },
    {
      "type": "Feature",
      "geometry": {
        "type": "Point",
        "coordinates": [
          20.17227,
          -7.34225
        ]
      },
      "properties": {
        "name": "Lóvua",
        "country": "Angola",
        "region": "Luanda Norte",
        "elevation_m": null,
        "population": 0,
        "feature_type": "seat of a second-order administrative division",
        "geoname_id": 145739
      }
    },
    {
      "type": "Feature",
      "geometry": {
        "type": "Point",
        "coordinates": [
          21.6,
          -9.2
        ]
      },
      "properties": {
        "name": "Jilamatomba",
        "country": "Angola",
        "region": "Lunda Sul",
        "elevation_m": null,
        "population": 0,
        "feature_type": "populated place",
        "geoname_id": 145743
      }
    },
    {
      "type": "Feature",
      "geometry": {
        "type": "Point",
        "coordinates": [
          21.13333,
          -8.6
        ]
      },
      "properties": {
        "name": "Gonde",
        "country": "Angola",
        "region": "Lunda Sul",
        "elevation_m": null,
        "population": 0,
        "feature_type": "populated place",
        "geoname_id": 145745
      }
    },
    {
      "type": "Feature",
      "geometry": {
        "type": "Point",
        "coordinates": [
          21.21667,
          -7.9
        ]
      },
      "properties": {
        "name": "Gamboa",
        "country": "Angola",
        "region": "Luanda Norte",
        "elevation_m": null,
        "population": 0,
        "feature_type": "populated place",
        "geoname_id": 145746
      }
    },
    {
      "type": "Feature",
      "geometry": {
        "type": "Point",
        "coordinates": [
          21.06246,
          -9.85161
        ]
      },
      "properties": {
        "name": "Fufo",
        "country": "Angola",
        "region": "Lunda Sul",
        "elevation_m": null,
        "population": 0,
        "feature_type": "populated place",
        "geoname_id": 145749
      }
    },
    {
      "type": "Feature",
      "geometry": {
        "type": "Point",
        "coordinates": [
          20.03333,
          -7.15
        ]
      },
      "properties": {
        "name": "Fota",
        "country": "Angola",
        "region": "Luanda Norte",
        "elevation_m": null,
        "population": 0,
        "feature_type": "populated place",
        "geoname_id": 145750
      }
    },
    {
      "type": "Feature",
      "geometry": {
        "type": "Point",
        "coordinates": [
          20.81959,
          -7.31837
        ]
      },
      "properties": {
        "name": "Fortuna Primeiro",
        "country": "Angola",
        "region": "Luanda Norte",
        "elevation_m": null,
        "population": 0,
        "feature_type": "populated place",
        "geoname_id": 145751
      }
    },
    {
      "type": "Feature",
      "geometry": {
        "type": "Point",
        "coordinates": [
          21.11193,
          -8.33728
        ]
      },
      "properties": {
        "name": "Fiauana",
        "country": "Angola",
        "region": "Luanda Norte",
        "elevation_m": null,
        "population": 0,
        "feature_type": "populated place",
        "geoname_id": 145752
      }
    },
    {
      "type": "Feature",
      "geometry": {
        "type": "Point",
        "coordinates": [
          21.33333,
          -7.93333
        ]
      },
      "properties": {
        "name": "Feca",
        "country": "Angola",
        "region": "Luanda Norte",
        "elevation_m": null,
        "population": 0,
        "feature_type": "populated place",
        "geoname_id": 145755
      }
    },
    {
      "type": "Feature",
      "geometry": {
        "type": "Point",
        "coordinates": [
          20.29171,
          -8.93104
        ]
      },
      "properties": {
        "name": "Xá Cassau",
        "country": "Angola",
        "region": "Luanda Norte",
        "elevation_m": null,
        "population": 0,
        "feature_type": "populated place",
        "geoname_id": 145756
      }
    },
    {
      "type": "Feature",
      "geometry": {
        "type": "Point",
        "coordinates": [
          21.36358,
          -7.90439
        ]
      },
      "properties": {
        "name": "Cossa",
        "country": "Angola",
        "region": "Luanda Norte",
        "elevation_m": null,
        "population": 0,
        "feature_type": "populated place",
        "geoname_id": 145760
      }
    },
    {
      "type": "Feature",
      "geometry": {
        "type": "Point",
        "coordinates": [
          20.83333,
          -8.45
        ]
      },
      "properties": {
        "name": "Congolo",
        "country": "Angola",
        "region": "Luanda Norte",
        "elevation_m": null,
        "population": 0,
        "feature_type": "populated place",
        "geoname_id": 145761
      }
    },
    {
      "type": "Feature",
      "geometry": {
        "type": "Point",
        "coordinates": [
          21.01667,
          -7.48333
        ]
      },
      "properties": {
        "name": "Chuaua",
        "country": "Angola",
        "region": "Luanda Norte",
        "elevation_m": null,
        "population": 0,
        "feature_type": "populated place",
        "geoname_id": 145764
      }
    },
    {
      "type": "Feature",
      "geometry": {
        "type": "Point",
        "coordinates": [
          21.24535,
          -7.37463
        ]
      },
      "properties": {
        "name": "Tchiuango",
        "country": "Angola",
        "region": "Luanda Norte",
        "elevation_m": null,
        "population": 0,
        "feature_type": "populated place",
        "geoname_id": 145765
      }
    },
    {
      "type": "Feature",
      "geometry": {
        "type": "Point",
        "coordinates": [
          21.76667,
          -7.63333
        ]
      },
      "properties": {
        "name": "Chonza",
        "country": "Angola",
        "region": "Luanda Norte",
        "elevation_m": null,
        "population": 0,
        "feature_type": "populated place",
        "geoname_id": 145766
      }
    },
    {
      "type": "Feature",
      "geometry": {
        "type": "Point",
        "coordinates": [
          21.89983,
          -9.80879
        ]
      },
      "properties": {
        "name": "Tchivundo Primeiro",
        "country": "Angola",
        "region": "Lunda Sul",
        "elevation_m": null,
        "population": 0,
        "feature_type": "populated place",
        "geoname_id": 145767
      }
    },
    {
      "type": "Feature",
      "geometry": {
        "type": "Point",
        "coordinates": [
          21.73333,
          -8.76667
        ]
      },
      "properties": {
        "name": "Chiuta",
        "country": "Angola",
        "region": "Lunda Sul",
        "elevation_m": null,
        "population": 0,
        "feature_type": "populated place",
        "geoname_id": 145768
      }
    },
    {
      "type": "Feature",
      "geometry": {
        "type": "Point",
        "coordinates": [
          21.7,
          -7.8
        ]
      },
      "properties": {
        "name": "Chiuolo",
        "country": "Angola",
        "region": "Luanda Norte",
        "elevation_m": null,
        "population": 0,
        "feature_type": "populated place",
        "geoname_id": 145769
      }
    },
    {
      "type": "Feature",
      "geometry": {
        "type": "Point",
        "coordinates": [
          21.05,
          -9.83333
        ]
      },
      "properties": {
        "name": "Chiumbe",
        "country": "Angola",
        "region": "Lunda Sul",
        "elevation_m": null,
        "population": 0,
        "feature_type": "populated place",
        "geoname_id": 145771
      }
    },
    {
      "type": "Feature",
      "geometry": {
        "type": "Point",
        "coordinates": [
          21.08333,
          -8.16667
        ]
      },
      "properties": {
        "name": "Chiumbe",
        "country": "Angola",
        "region": "Luanda Norte",
        "elevation_m": null,
        "population": 0,
        "feature_type": "populated place",
        "geoname_id": 145772
      }
    },
    {
      "type": "Feature",
      "geometry": {
        "type": "Point",
        "coordinates": [
          20.18282,
          -7.34636
        ]
      },
      "properties": {
        "name": "Tchitopo",
        "country": "Angola",
        "region": "Luanda Norte",
        "elevation_m": null,
        "population": 0,
        "feature_type": "populated place",
        "geoname_id": 145774
      }
    },
    {
      "type": "Feature",
      "geometry": {
        "type": "Point",
        "coordinates": [
          20.82008,
          -7.34469
        ]
      },
      "properties": {
        "name": "Chitato",
        "country": "Angola",
        "region": "Luanda Norte",
        "elevation_m": null,
        "population": 0,
        "feature_type": "seat of a second-order administrative division",
        "geoname_id": 145777
      }
    },
    {
      "type": "Feature",
      "geometry": {
        "type": "Point",
        "coordinates": [
          21.11667,
          -7.35
        ]
      },
      "properties": {
        "name": "Chissundo",
        "country": "Angola",
        "region": "Luanda Norte",
        "elevation_m": null,
        "population": 0,
        "feature_type": "populated place",
        "geoname_id": 145781
      }
    },
    {
      "type": "Feature",
      "geometry": {
        "type": "Point",
        "coordinates": [
          21.58333,
          -9.61667
        ]
      },
      "properties": {
        "name": "Chipumbo",
        "country": "Angola",
        "region": "Lunda Sul",
        "elevation_m": null,
        "population": 0,
        "feature_type": "populated place",
        "geoname_id": 145782
      }
    },
    {
      "type": "Feature",
      "geometry": {
        "type": "Point",
        "coordinates": [
          20.35,
          -9.96667
        ]
      },
      "properties": {
        "name": "Chipulo",
        "country": "Angola",
        "region": "Lunda Sul",
        "elevation_m": null,
        "population": 0,
        "feature_type": "populated place",
        "geoname_id": 145784
      }
    },
    {
      "type": "Feature",
      "geometry": {
        "type": "Point",
        "coordinates": [
          21.06667,
          -8.25
        ]
      },
      "properties": {
        "name": "Chipapala",
        "country": "Angola",
        "region": "Luanda Norte",
        "elevation_m": null,
        "population": 0,
        "feature_type": "populated place",
        "geoname_id": 145785
      }
    },
    {
      "type": "Feature",
      "geometry": {
        "type": "Point",
        "coordinates": [
          20.8,
          -9.25
        ]
      },
      "properties": {
        "name": "Chionga",
        "country": "Angola",
        "region": "Lunda Sul",
        "elevation_m": null,
        "population": 0,
        "feature_type": "populated place",
        "geoname_id": 145787
      }
    },
    {
      "type": "Feature",
      "geometry": {
        "type": "Point",
        "coordinates": [
          21.35,
          -7.78333
        ]
      },
      "properties": {
        "name": "Chionga",
        "country": "Angola",
        "region": "Luanda Norte",
        "elevation_m": null,
        "population": 0,
        "feature_type": "populated place",
        "geoname_id": 145788
      }
    },
    {
      "type": "Feature",
      "geometry": {
        "type": "Point",
        "coordinates": [
          21.5,
          -7.51667
        ]
      },
      "properties": {
        "name": "Chiningila",
        "country": "Angola",
        "region": "Luanda Norte",
        "elevation_m": null,
        "population": 0,
        "feature_type": "populated place",
        "geoname_id": 145789
      }
    },
    {
      "type": "Feature",
      "geometry": {
        "type": "Point",
        "coordinates": [
          20.51667,
          -7.61667
        ]
      },
      "properties": {
        "name": "Chingufo",
        "country": "Angola",
        "region": "Luanda Norte",
        "elevation_m": null,
        "population": 0,
        "feature_type": "populated place",
        "geoname_id": 145790
      }
    },
    {
      "type": "Feature",
      "geometry": {
        "type": "Point",
        "coordinates": [
          20.45,
          -9.45
        ]
      },
      "properties": {
        "name": "Chinguar",
        "country": "Angola",
        "region": "Lunda Sul",
        "elevation_m": null,
        "population": 0,
        "feature_type": "populated place",
        "geoname_id": 145791
      }
    },
    {
      "type": "Feature",
      "geometry": {
        "type": "Point",
        "coordinates": [
          20.31667,
          -7.46667
        ]
      },
      "properties": {
        "name": "Chingombo",
        "country": "Angola",
        "region": "Luanda Norte",
        "elevation_m": null,
        "population": 0,
        "feature_type": "populated place",
        "geoname_id": 145792
      }
    },
    {
      "type": "Feature",
      "geometry": {
        "type": "Point",
        "coordinates": [
          21.58333,
          -9.4
        ]
      },
      "properties": {
        "name": "Chingoje",
        "country": "Angola",
        "region": "Lunda Sul",
        "elevation_m": null,
        "population": 0,
        "feature_type": "populated place",
        "geoname_id": 145793
      }
    },
    {
      "type": "Feature",
      "geometry": {
        "type": "Point",
        "coordinates": [
          22.03333,
          -9.9
        ]
      },
      "properties": {
        "name": "Chimbundo Luvo",
        "country": "Angola",
        "region": "Lunda Sul",
        "elevation_m": null,
        "population": 0,
        "feature_type": "populated place",
        "geoname_id": 145796
      }
    },
    {
      "type": "Feature",
      "geometry": {
        "type": "Point",
        "coordinates": [
          20.53333,
          -7.6
        ]
      },
      "properties": {
        "name": "Chimana",
        "country": "Angola",
        "region": "Luanda Norte",
        "elevation_m": null,
        "population": 0,
        "feature_type": "populated place",
        "geoname_id": 145798
      }
    },
    {
      "type": "Feature",
      "geometry": {
        "type": "Point",
        "coordinates": [
          21.79553,
          -9.51944
        ]
      },
      "properties": {
        "name": "Chiluage",
        "country": "Angola",
        "region": "Lunda Sul",
        "elevation_m": null,
        "population": 0,
        "feature_type": "seat of a second-order administrative division",
        "geoname_id": 145799
      }
    },
    {
      "type": "Feature",
      "geometry": {
        "type": "Point",
        "coordinates": [
          21.4,
          -7.48333
        ]
      },
      "properties": {
        "name": "Chikimeca",
        "country": "Angola",
        "region": "Luanda Norte",
        "elevation_m": null,
        "population": 0,
        "feature_type": "populated place",
        "geoname_id": 145801
      }
    },
    {
      "type": "Feature",
      "geometry": {
        "type": "Point",
        "coordinates": [
          21.3,
          -8.4
        ]
      },
      "properties": {
        "name": "Chifunvo",
        "country": "Angola",
        "region": "Luanda Norte",
        "elevation_m": null,
        "population": 0,
        "feature_type": "populated place",
        "geoname_id": 145802
      }
    },
    {
      "type": "Feature",
      "geometry": {
        "type": "Point",
        "coordinates": [
          21.15,
          -7.46667
        ]
      },
      "properties": {
        "name": "Chidece",
        "country": "Angola",
        "region": "Luanda Norte",
        "elevation_m": null,
        "population": 0,
        "feature_type": "populated place",
        "geoname_id": 145803
      }
    },
    {
      "type": "Feature",
      "geometry": {
        "type": "Point",
        "coordinates": [
          21.68333,
          -7.56667
        ]
      },
      "properties": {
        "name": "Chicula",
        "country": "Angola",
        "region": "Luanda Norte",
        "elevation_m": null,
        "population": 0,
        "feature_type": "populated place",
        "geoname_id": 145805
      }
    },
    {
      "type": "Feature",
      "geometry": {
        "type": "Point",
        "coordinates": [
          20.66667,
          -8.3
        ]
      },
      "properties": {
        "name": "Chicuco",
        "country": "Angola",
        "region": "Luanda Norte",
        "elevation_m": null,
        "population": 0,
        "feature_type": "populated place",
        "geoname_id": 145806
      }
    },
    {
      "type": "Feature",
      "geometry": {
        "type": "Point",
        "coordinates": [
          21.6,
          -7.36667
        ]
      },
      "properties": {
        "name": "Chicoca",
        "country": "Angola",
        "region": "Luanda Norte",
        "elevation_m": null,
        "population": 0,
        "feature_type": "populated place",
        "geoname_id": 145809
      }
    },
    {
      "type": "Feature",
      "geometry": {
        "type": "Point",
        "coordinates": [
          20.46667,
          -8.75
        ]
      },
      "properties": {
        "name": "Chicôa",
        "country": "Angola",
        "region": "Luanda Norte",
        "elevation_m": null,
        "population": 0,
        "feature_type": "populated place",
        "geoname_id": 145810
      }
    },
    {
      "type": "Feature",
      "geometry": {
        "type": "Point",
        "coordinates": [
          20.53333,
          -7.3
        ]
      },
      "properties": {
        "name": "Chicapa",
        "country": "Angola",
        "region": "Luanda Norte",
        "elevation_m": null,
        "population": 0,
        "feature_type": "populated place",
        "geoname_id": 145811
      }
    },
    {
      "type": "Feature",
      "geometry": {
        "type": "Point",
        "coordinates": [
          21.01667,
          -7.68333
        ]
      },
      "properties": {
        "name": "Chiangalala Samucambo",
        "country": "Angola",
        "region": "Luanda Norte",
        "elevation_m": null,
        "population": 0,
        "feature_type": "populated place",
        "geoname_id": 145812
      }
    },
    {
      "type": "Feature",
      "geometry": {
        "type": "Point",
        "coordinates": [
          21.13427,
          -8.45397
        ]
      },
      "properties": {
        "name": "Tchiafua",
        "country": "Angola",
        "region": "Luanda Norte",
        "elevation_m": null,
        "population": 0,
        "feature_type": "destroyed populated place",
        "geoname_id": 145813
      }
    },
    {
      "type": "Feature",
      "geometry": {
        "type": "Point",
        "coordinates": [
          20.53333,
          -8.45
        ]
      },
      "properties": {
        "name": "Chavo",
        "country": "Angola",
        "region": "Luanda Norte",
        "elevation_m": null,
        "population": 0,
        "feature_type": "populated place",
        "geoname_id": 145814
      }
    },
    {
      "type": "Feature",
      "geometry": {
        "type": "Point",
        "coordinates": [
          20.1,
          -7.3
        ]
      },
      "properties": {
        "name": "Chaumbo",
        "country": "Angola",
        "region": "Luanda Norte",
        "elevation_m": null,
        "population": 0,
        "feature_type": "populated place",
        "geoname_id": 145815
      }
    },
    {
      "type": "Feature",
      "geometry": {
        "type": "Point",
        "coordinates": [
          20.98333,
          -8.81667
        ]
      },
      "properties": {
        "name": "Chauma",
        "country": "Angola",
        "region": "Lunda Sul",
        "elevation_m": null,
        "population": 0,
        "feature_type": "populated place",
        "geoname_id": 145816
      }
    },
    {
      "type": "Feature",
      "geometry": {
        "type": "Point",
        "coordinates": [
          21.1,
          -8.25
        ]
      },
      "properties": {
        "name": "Chauamba",
        "country": "Angola",
        "region": "Luanda Norte",
        "elevation_m": null,
        "population": 0,
        "feature_type": "populated place",
        "geoname_id": 145817
      }
    },
    {
      "type": "Feature",
      "geometry": {
        "type": "Point",
        "coordinates": [
          20.45,
          -7.16667
        ]
      },
      "properties": {
        "name": "Chatambe",
        "country": "Angola",
        "region": "Luanda Norte",
        "elevation_m": null,
        "population": 0,
        "feature_type": "populated place",
        "geoname_id": 145818
      }
    },
    {
      "type": "Feature",
      "geometry": {
        "type": "Point",
        "coordinates": [
          21.73333,
          -8.13333
        ]
      },
      "properties": {
        "name": "Chasouce",
        "country": "Angola",
        "region": "Luanda Norte",
        "elevation_m": null,
        "population": 0,
        "feature_type": "populated place",
        "geoname_id": 145819
      }
    },
    {
      "type": "Feature",
      "geometry": {
        "type": "Point",
        "coordinates": [
          20.73333,
          -7.48333
        ]
      },
      "properties": {
        "name": "Charissoca",
        "country": "Angola",
        "region": "Luanda Norte",
        "elevation_m": null,
        "population": 0,
        "feature_type": "populated place",
        "geoname_id": 145820
      }
    },
    {
      "type": "Feature",
      "geometry": {
        "type": "Point",
        "coordinates": [
          20.5,
          -8.53333
        ]
      },
      "properties": {
        "name": "Chaquena",
        "country": "Angola",
        "region": "Luanda Norte",
        "elevation_m": null,
        "population": 0,
        "feature_type": "populated place",
        "geoname_id": 145821
      }
    },
    {
      "type": "Feature",
      "geometry": {
        "type": "Point",
        "coordinates": [
          20.38333,
          -9.91667
        ]
      },
      "properties": {
        "name": "Chaponje",
        "country": "Angola",
        "region": "Lunda Sul",
        "elevation_m": null,
        "population": 0,
        "feature_type": "populated place",
        "geoname_id": 145822
      }
    },
    {
      "type": "Feature",
      "geometry": {
        "type": "Point",
        "coordinates": [
          20.85,
          -7.81667
        ]
      },
      "properties": {
        "name": "Chamutanga",
        "country": "Angola",
        "region": "Luanda Norte",
        "elevation_m": null,
        "population": 0,
        "feature_type": "populated place",
        "geoname_id": 145824
      }
    },
    {
      "type": "Feature",
      "geometry": {
        "type": "Point",
        "coordinates": [
          20.05,
          -7.33333
        ]
      },
      "properties": {
        "name": "Chamulondo",
        "country": "Angola",
        "region": "Luanda Norte",
        "elevation_m": null,
        "population": 0,
        "feature_type": "populated place",
        "geoname_id": 145825
      }
    },
    {
      "type": "Feature",
      "geometry": {
        "type": "Point",
        "coordinates": [
          20.9,
          -8.96667
        ]
      },
      "properties": {
        "name": "Chamuanvo",
        "country": "Angola",
        "region": "Lunda Sul",
        "elevation_m": null,
        "population": 0,
        "feature_type": "populated place",
        "geoname_id": 145826
      }
    },
    {
      "type": "Feature",
      "geometry": {
        "type": "Point",
        "coordinates": [
          20.03333,
          -7.73333
        ]
      },
      "properties": {
        "name": "Chambumba",
        "country": "Angola",
        "region": "Luanda Norte",
        "elevation_m": null,
        "population": 0,
        "feature_type": "populated place",
        "geoname_id": 145827
      }
    },
    {
      "type": "Feature",
      "geometry": {
        "type": "Point",
        "coordinates": [
          20.75,
          -9.5
        ]
      },
      "properties": {
        "name": "Chambinga",
        "country": "Angola",
        "region": "Lunda Sul",
        "elevation_m": null,
        "population": 0,
        "feature_type": "populated place",
        "geoname_id": 145828
      }
    },
    {
      "type": "Feature",
      "geometry": {
        "type": "Point",
        "coordinates": [
          20.43333,
          -8.65
        ]
      },
      "properties": {
        "name": "Chambando",
        "country": "Angola",
        "region": "Luanda Norte",
        "elevation_m": null,
        "population": 0,
        "feature_type": "populated place",
        "geoname_id": 145829
      }
    },
    {
      "type": "Feature",
      "geometry": {
        "type": "Point",
        "coordinates": [
          20.13333,
          -8.05
        ]
      },
      "properties": {
        "name": "Chambando",
        "country": "Angola",
        "region": "Luanda Norte",
        "elevation_m": null,
        "population": 0,
        "feature_type": "populated place",
        "geoname_id": 145830
      }
    },
    {
      "type": "Feature",
      "geometry": {
        "type": "Point",
        "coordinates": [
          20.76667,
          -9.45
        ]
      },
      "properties": {
        "name": "Chambambe",
        "country": "Angola",
        "region": "Lunda Sul",
        "elevation_m": null,
        "population": 0,
        "feature_type": "populated place",
        "geoname_id": 145831
      }
    },
    {
      "type": "Feature",
      "geometry": {
        "type": "Point",
        "coordinates": [
          20.83333,
          -9.3
        ]
      },
      "properties": {
        "name": "Chamatopo",
        "country": "Angola",
        "region": "Lunda Sul",
        "elevation_m": null,
        "population": 0,
        "feature_type": "populated place",
        "geoname_id": 145833
      }
    },
    {
      "type": "Feature",
      "geometry": {
        "type": "Point",
        "coordinates": [
          21.16667,
          -9.35
        ]
      },
      "properties": {
        "name": "Chamaneca",
        "country": "Angola",
        "region": "Lunda Sul",
        "elevation_m": null,
        "population": 0,
        "feature_type": "populated place",
        "geoname_id": 145834
      }
    },
    {
      "type": "Feature",
      "geometry": {
        "type": "Point",
        "coordinates": [
          21.46667,
          -9.95
        ]
      },
      "properties": {
        "name": "Chamacao",
        "country": "Angola",
        "region": "Lunda Sul",
        "elevation_m": null,
        "population": 0,
        "feature_type": "populated place",
        "geoname_id": 145835
      }
    },
    {
      "type": "Feature",
      "geometry": {
        "type": "Point",
        "coordinates": [
          21.55,
          -9.51667
        ]
      },
      "properties": {
        "name": "Chamaba",
        "country": "Angola",
        "region": "Lunda Sul",
        "elevation_m": null,
        "population": 0,
        "feature_type": "populated place",
        "geoname_id": 145836
      }
    },
    {
      "type": "Feature",
      "geometry": {
        "type": "Point",
        "coordinates": [
          20.8,
          -8.4
        ]
      },
      "properties": {
        "name": "Chamaanda",
        "country": "Angola",
        "region": "Luanda Norte",
        "elevation_m": null,
        "population": 0,
        "feature_type": "populated place",
        "geoname_id": 145837
      }
    },
    {
      "type": "Feature",
      "geometry": {
        "type": "Point",
        "coordinates": [
          21.23333,
          -9.5
        ]
      },
      "properties": {
        "name": "Chagunza",
        "country": "Angola",
        "region": "Lunda Sul",
        "elevation_m": null,
        "population": 0,
        "feature_type": "populated place",
        "geoname_id": 145838
      }
    },
    {
      "type": "Feature",
      "geometry": {
        "type": "Point",
        "coordinates": [
          20.8,
          -9.43333
        ]
      },
      "properties": {
        "name": "Chá Gunda",
        "country": "Angola",
        "region": "Lunda Sul",
        "elevation_m": null,
        "population": 0,
        "feature_type": "populated place",
        "geoname_id": 145839
      }
    },
    {
      "type": "Feature",
      "geometry": {
        "type": "Point",
        "coordinates": [
          20.8,
          -9.13333
        ]
      },
      "properties": {
        "name": "Chafunga",
        "country": "Angola",
        "region": "Lunda Sul",
        "elevation_m": null,
        "population": 0,
        "feature_type": "populated place",
        "geoname_id": 145840
      }
    },
    {
      "type": "Feature",
      "geometry": {
        "type": "Point",
        "coordinates": [
          20.38333,
          -9.06667
        ]
      },
      "properties": {
        "name": "Chá Camane",
        "country": "Angola",
        "region": "Luanda Norte",
        "elevation_m": null,
        "population": 0,
        "feature_type": "populated place",
        "geoname_id": 145841
      }
    },
    {
      "type": "Feature",
      "geometry": {
        "type": "Point",
        "coordinates": [
          20.3,
          -8.85
        ]
      },
      "properties": {
        "name": "Chá Calumba",
        "country": "Angola",
        "region": "Luanda Norte",
        "elevation_m": null,
        "population": 0,
        "feature_type": "populated place",
        "geoname_id": 145842
      }
    },
    {
      "type": "Feature",
      "geometry": {
        "type": "Point",
        "coordinates": [
          20.45,
          -7.05
        ]
      },
      "properties": {
        "name": "Chabumba",
        "country": "Angola",
        "region": "Luanda Norte",
        "elevation_m": null,
        "population": 0,
        "feature_type": "populated place",
        "geoname_id": 145843
      }
    },
    {
      "type": "Feature",
      "geometry": {
        "type": "Point",
        "coordinates": [
          20.85,
          -8.2
        ]
      },
      "properties": {
        "name": "Chabambanda",
        "country": "Angola",
        "region": "Luanda Norte",
        "elevation_m": null,
        "population": 0,
        "feature_type": "populated place",
        "geoname_id": 145844
      }
    },
    {
      "type": "Feature",
      "geometry": {
        "type": "Point",
        "coordinates": [
          20.9,
          -7.38333
        ]
      },
      "properties": {
        "name": "Cazondo",
        "country": "Angola",
        "region": "Luanda Norte",
        "elevation_m": null,
        "population": 0,
        "feature_type": "populated place",
        "geoname_id": 145846
      }
    },
    {
      "type": "Feature",
      "geometry": {
        "type": "Point",
        "coordinates": [
          20.86667,
          -9.56667
        ]
      },
      "properties": {
        "name": "Cazamba",
        "country": "Angola",
        "region": "Lunda Sul",
        "elevation_m": null,
        "population": 0,
        "feature_type": "populated place",
        "geoname_id": 145847
      }
    },
    {
      "type": "Feature",
      "geometry": {
        "type": "Point",
        "coordinates": [
          21.45,
          -7.31667
        ]
      },
      "properties": {
        "name": "Caxunga",
        "country": "Angola",
        "region": "Luanda Norte",
        "elevation_m": null,
        "population": 0,
        "feature_type": "populated place",
        "geoname_id": 145850
      }
    },
    {
      "type": "Feature",
      "geometry": {
        "type": "Point",
        "coordinates": [
          20.93333,
          -8.3
        ]
      },
      "properties": {
        "name": "Caximuata",
        "country": "Angola",
        "region": "Luanda Norte",
        "elevation_m": null,
        "population": 0,
        "feature_type": "populated place",
        "geoname_id": 145851
      }
    },
    {
      "type": "Feature",
      "geometry": {
        "type": "Point",
        "coordinates": [
          20.65511,
          -8.86422
        ]
      },
      "properties": {
        "name": "Caxiaxia",
        "country": "Angola",
        "region": "Luanda Norte",
        "elevation_m": null,
        "population": 0,
        "feature_type": "populated place",
        "geoname_id": 145853
      }
    },
    {
      "type": "Feature",
      "geometry": {
        "type": "Point",
        "coordinates": [
          21.2,
          -7.45
        ]
      },
      "properties": {
        "name": "Cavuco",
        "country": "Angola",
        "region": "Luanda Norte",
        "elevation_m": null,
        "population": 0,
        "feature_type": "populated place",
        "geoname_id": 145855
      }
    },
    {
      "type": "Feature",
      "geometry": {
        "type": "Point",
        "coordinates": [
          20.31667,
          -7.46667
        ]
      },
      "properties": {
        "name": "Caungula",
        "country": "Angola",
        "region": "Luanda Norte",
        "elevation_m": null,
        "population": 0,
        "feature_type": "populated place",
        "geoname_id": 145857
      }
    },
    {
      "type": "Feature",
      "geometry": {
        "type": "Point",
        "coordinates": [
          21,
          -8.25
        ]
      },
      "properties": {
        "name": "Catunda",
        "country": "Angola",
        "region": "Luanda Norte",
        "elevation_m": null,
        "population": 0,
        "feature_type": "populated place",
        "geoname_id": 145859
      }
    },
    {
      "type": "Feature",
      "geometry": {
        "type": "Point",
        "coordinates": [
          20.17729,
          -9.33474
        ]
      },
      "properties": {
        "name": "Catátchi",
        "country": "Angola",
        "region": "Luanda Norte",
        "elevation_m": null,
        "population": 0,
        "feature_type": "populated place",
        "geoname_id": 145862
      }
    },
    {
      "type": "Feature",
      "geometry": {
        "type": "Point",
        "coordinates": [
          21.69864,
          -7.33277
        ]
      },
      "properties": {
        "name": "Muquenda",
        "country": "Angola",
        "region": "Luanda Norte",
        "elevation_m": null,
        "population": 0,
        "feature_type": "populated place",
        "geoname_id": 145863
      }
    },
    {
      "type": "Feature",
      "geometry": {
        "type": "Point",
        "coordinates": [
          21.45,
          -8.53333
        ]
      },
      "properties": {
        "name": "Casuco",
        "country": "Angola",
        "region": "Luanda Norte",
        "elevation_m": null,
        "population": 0,
        "feature_type": "populated place",
        "geoname_id": 145865
      }
    },
    {
      "type": "Feature",
      "geometry": {
        "type": "Point",
        "coordinates": [
          21.06667,
          -9.06667
        ]
      },
      "properties": {
        "name": "Cassongo",
        "country": "Angola",
        "region": "Lunda Sul",
        "elevation_m": null,
        "population": 0,
        "feature_type": "populated place",
        "geoname_id": 145866
      }
    },
    {
      "type": "Feature",
      "geometry": {
        "type": "Point",
        "coordinates": [
          20.36667,
          -9.66667
        ]
      },
      "properties": {
        "name": "Cassembe",
        "country": "Angola",
        "region": "Lunda Sul",
        "elevation_m": null,
        "population": 0,
        "feature_type": "populated place",
        "geoname_id": 145868
      }
    },
    {
      "type": "Feature",
      "geometry": {
        "type": "Point",
        "coordinates": [
          21.4,
          -8.25
        ]
      },
      "properties": {
        "name": "Cassécue",
        "country": "Angola",
        "region": "Luanda Norte",
        "elevation_m": null,
        "population": 0,
        "feature_type": "populated place",
        "geoname_id": 145869
      }
    },
    {
      "type": "Feature",
      "geometry": {
        "type": "Point",
        "coordinates": [
          21.61667,
          -9.73333
        ]
      },
      "properties": {
        "name": "Cassaza",
        "country": "Angola",
        "region": "Lunda Sul",
        "elevation_m": null,
        "population": 0,
        "feature_type": "populated place",
        "geoname_id": 145870
      }
    },
    {
      "type": "Feature",
      "geometry": {
        "type": "Point",
        "coordinates": [
          20.95,
          -9.03333
        ]
      },
      "properties": {
        "name": "Casengo",
        "country": "Angola",
        "region": "Lunda Sul",
        "elevation_m": null,
        "population": 0,
        "feature_type": "populated place",
        "geoname_id": 145874
      }
    },
    {
      "type": "Feature",
      "geometry": {
        "type": "Point",
        "coordinates": [
          20.9,
          -9.2
        ]
      },
      "properties": {
        "name": "Case",
        "country": "Angola",
        "region": "Lunda Sul",
        "elevation_m": null,
        "population": 0,
        "feature_type": "populated place",
        "geoname_id": 145875
      }
    },
    {
      "type": "Feature",
      "geometry": {
        "type": "Point",
        "coordinates": [
          21.8,
          -7.46667
        ]
      },
      "properties": {
        "name": "Caputungo",
        "country": "Angola",
        "region": "Luanda Norte",
        "elevation_m": null,
        "population": 0,
        "feature_type": "populated place",
        "geoname_id": 145877
      }
    },
    {
      "type": "Feature",
      "geometry": {
        "type": "Point",
        "coordinates": [
          21.83333,
          -8.85
        ]
      },
      "properties": {
        "name": "Capudi",
        "country": "Angola",
        "region": "Lunda Sul",
        "elevation_m": null,
        "population": 0,
        "feature_type": "populated place",
        "geoname_id": 145879
      }
    },
    {
      "type": "Feature",
      "geometry": {
        "type": "Point",
        "coordinates": [
          21.06667,
          -7.8
        ]
      },
      "properties": {
        "name": "Caponguela",
        "country": "Angola",
        "region": "Luanda Norte",
        "elevation_m": null,
        "population": 0,
        "feature_type": "populated place",
        "geoname_id": 145880
      }
    },
    {
      "type": "Feature",
      "geometry": {
        "type": "Point",
        "coordinates": [
          21.35963,
          -7.43268
        ]
      },
      "properties": {
        "name": "Calumbo",
        "country": "Angola",
        "region": "Luanda Norte",
        "elevation_m": null,
        "population": 0,
        "feature_type": "populated place",
        "geoname_id": 145881
      }
    },
    {
      "type": "Feature",
      "geometry": {
        "type": "Point",
        "coordinates": [
          21.13333,
          -8.71667
        ]
      },
      "properties": {
        "name": "Capembe",
        "country": "Angola",
        "region": "Lunda Sul",
        "elevation_m": null,
        "population": 0,
        "feature_type": "populated place",
        "geoname_id": 145882
      }
    },
    {
      "type": "Feature",
      "geometry": {
        "type": "Point",
        "coordinates": [
          20.21724,
          -8.33569
        ]
      },
      "properties": {
        "name": "Capaia",
        "country": "Angola",
        "region": "Luanda Norte",
        "elevation_m": null,
        "population": 0,
        "feature_type": "seat of a third-order administrative division",
        "geoname_id": 145884
      }
    },
    {
      "type": "Feature",
      "geometry": {
        "type": "Point",
        "coordinates": [
          20.05,
          -7.33333
        ]
      },
      "properties": {
        "name": "Capaca",
        "country": "Angola",
        "region": "Luanda Norte",
        "elevation_m": null,
        "population": 0,
        "feature_type": "populated place",
        "geoname_id": 145885
      }
    },
    {
      "type": "Feature",
      "geometry": {
        "type": "Point",
        "coordinates": [
          20.53333,
          -7.23333
        ]
      },
      "properties": {
        "name": "Canzelela",
        "country": "Angola",
        "region": "Luanda Norte",
        "elevation_m": null,
        "population": 0,
        "feature_type": "populated place",
        "geoname_id": 145886
      }
    },
    {
      "type": "Feature",
      "geometry": {
        "type": "Point",
        "coordinates": [
          20.86667,
          -9.28333
        ]
      },
      "properties": {
        "name": "Canzar",
        "country": "Angola",
        "region": "Lunda Sul",
        "elevation_m": null,
        "population": 0,
        "feature_type": "populated place",
        "geoname_id": 145887
      }
    },
    {
      "type": "Feature",
      "geometry": {
        "type": "Point",
        "coordinates": [
          21.13333,
          -8.91667
        ]
      },
      "properties": {
        "name": "Canzar",
        "country": "Angola",
        "region": "Lunda Sul",
        "elevation_m": null,
        "population": 0,
        "feature_type": "populated place",
        "geoname_id": 145888
      }
    },
    {
      "type": "Feature",
      "geometry": {
        "type": "Point",
        "coordinates": [
          21.56274,
          -7.62345
        ]
      },
      "properties": {
        "name": "Canzar",
        "country": "Angola",
        "region": "Luanda Norte",
        "elevation_m": null,
        "population": 0,
        "feature_type": "seat of a second-order administrative division",
        "geoname_id": 145889
      }
    },
    {
      "type": "Feature",
      "geometry": {
        "type": "Point",
        "coordinates": [
          20.93333,
          -9.5
        ]
      },
      "properties": {
        "name": "Canza",
        "country": "Angola",
        "region": "Lunda Sul",
        "elevation_m": null,
        "population": 0,
        "feature_type": "populated place",
        "geoname_id": 145890
      }
    },
    {
      "type": "Feature",
      "geometry": {
        "type": "Point",
        "coordinates": [
          21.4,
          -8.05
        ]
      },
      "properties": {
        "name": "Camuanda",
        "country": "Angola",
        "region": "Luanda Norte",
        "elevation_m": null,
        "population": 0,
        "feature_type": "populated place",
        "geoname_id": 145892
      }
    },
    {
      "type": "Feature",
      "geometry": {
        "type": "Point",
        "coordinates": [
          21.06667,
          -7.9
        ]
      },
      "properties": {
        "name": "Campa",
        "country": "Angola",
        "region": "Luanda Norte",
        "elevation_m": null,
        "population": 0,
        "feature_type": "populated place",
        "geoname_id": 145893
      }
    },
    {
      "type": "Feature",
      "geometry": {
        "type": "Point",
        "coordinates": [
          21.61667,
          -7.8
        ]
      },
      "properties": {
        "name": "Camoio",
        "country": "Angola",
        "region": "Luanda Norte",
        "elevation_m": null,
        "population": 0,
        "feature_type": "populated place",
        "geoname_id": 145894
      }
    },
    {
      "type": "Feature",
      "geometry": {
        "type": "Point",
        "coordinates": [
          20.65638,
          -8.15633
        ]
      },
      "properties": {
        "name": "Camissombo",
        "country": "Angola",
        "region": "Luanda Norte",
        "elevation_m": null,
        "population": 0,
        "feature_type": "seat of a third-order administrative division",
        "geoname_id": 145895
      }
    },
    {
      "type": "Feature",
      "geometry": {
        "type": "Point",
        "coordinates": [
          20.2,
          -7.06667
        ]
      },
      "properties": {
        "name": "Cambundo",
        "country": "Angola",
        "region": "Luanda Norte",
        "elevation_m": null,
        "population": 0,
        "feature_type": "populated place",
        "geoname_id": 145896
      }
    },
    {
      "type": "Feature",
      "geometry": {
        "type": "Point",
        "coordinates": [
          21.2554,
          -7.74326
        ]
      },
      "properties": {
        "name": "Cambulo",
        "country": "Angola",
        "region": "Luanda Norte",
        "elevation_m": null,
        "population": 0,
        "feature_type": "populated place",
        "geoname_id": 145898
      }
    },
    {
      "type": "Feature",
      "geometry": {
        "type": "Point",
        "coordinates": [
          20.23333,
          -8.21667
        ]
      },
      "properties": {
        "name": "Cambanzumbe",
        "country": "Angola",
        "region": "Luanda Norte",
        "elevation_m": null,
        "population": 0,
        "feature_type": "populated place",
        "geoname_id": 145899
      }
    },
    {
      "type": "Feature",
      "geometry": {
        "type": "Point",
        "coordinates": [
          20.02533,
          -7.57093
        ]
      },
      "properties": {
        "name": "Cambacumba",
        "country": "Angola",
        "region": "Luanda Norte",
        "elevation_m": null,
        "population": 0,
        "feature_type": "populated place",
        "geoname_id": 145901
      }
    },
    {
      "type": "Feature",
      "geometry": {
        "type": "Point",
        "coordinates": [
          20.4,
          -7.96667
        ]
      },
      "properties": {
        "name": "Camba-Catembo",
        "country": "Angola",
        "region": "Luanda Norte",
        "elevation_m": null,
        "population": 0,
        "feature_type": "populated place",
        "geoname_id": 145902
      }
    },
    {
      "type": "Feature",
      "geometry": {
        "type": "Point",
        "coordinates": [
          20.91667,
          -7.53333
        ]
      },
      "properties": {
        "name": "Cambacatata",
        "country": "Angola",
        "region": "Luanda Norte",
        "elevation_m": null,
        "population": 0,
        "feature_type": "populated place",
        "geoname_id": 145903
      }
    },
    {
      "type": "Feature",
      "geometry": {
        "type": "Point",
        "coordinates": [
          21.06667,
          -8.05
        ]
      },
      "properties": {
        "name": "Camaia",
        "country": "Angola",
        "region": "Luanda Norte",
        "elevation_m": null,
        "population": 0,
        "feature_type": "populated place",
        "geoname_id": 145905
      }
    },
    {
      "type": "Feature",
      "geometry": {
        "type": "Point",
        "coordinates": [
          21.83333,
          -9.66667
        ]
      },
      "properties": {
        "name": "Camachi",
        "country": "Angola",
        "region": "Lunda Sul",
        "elevation_m": null,
        "population": 0,
        "feature_type": "populated place",
        "geoname_id": 145906
      }
    },
    {
      "type": "Feature",
      "geometry": {
        "type": "Point",
        "coordinates": [
          21.64333,
          -7.34318
        ]
      },
      "properties": {
        "name": "Itanda",
        "country": "Angola",
        "region": "Luanda Norte",
        "elevation_m": null,
        "population": 0,
        "feature_type": "populated place",
        "geoname_id": 145907
      }
    },
    {
      "type": "Feature",
      "geometry": {
        "type": "Point",
        "coordinates": [
          20.8,
          -8.43333
        ]
      },
      "properties": {
        "name": "Camabuco",
        "country": "Angola",
        "region": "Luanda Norte",
        "elevation_m": null,
        "population": 0,
        "feature_type": "populated place",
        "geoname_id": 145908
      }
    },
    {
      "type": "Feature",
      "geometry": {
        "type": "Point",
        "coordinates": [
          20.68333,
          -9.70847
        ]
      },
      "properties": {
        "name": "Mombo",
        "country": "Angola",
        "region": "Lunda Sul",
        "elevation_m": null,
        "population": 0,
        "feature_type": "populated place",
        "geoname_id": 145909
      }
    },
    {
      "type": "Feature",
      "geometry": {
        "type": "Point",
        "coordinates": [
          20.66667,
          -7.5
        ]
      },
      "properties": {
        "name": "Caluembe",
        "country": "Angola",
        "region": "Luanda Norte",
        "elevation_m": null,
        "population": 0,
        "feature_type": "populated place",
        "geoname_id": 145911
      }
    },
    {
      "type": "Feature",
      "geometry": {
        "type": "Point",
        "coordinates": [
          20.55,
          -7.41667
        ]
      },
      "properties": {
        "name": "Caluembe",
        "country": "Angola",
        "region": "Luanda Norte",
        "elevation_m": null,
        "population": 0,
        "feature_type": "populated place",
        "geoname_id": 145912
      }
    },
    {
      "type": "Feature",
      "geometry": {
        "type": "Point",
        "coordinates": [
          20.55014,
          -8.46911
        ]
      },
      "properties": {
        "name": "Calonda Primeiro",
        "country": "Angola",
        "region": "Luanda Norte",
        "elevation_m": null,
        "population": 0,
        "feature_type": "populated place",
        "geoname_id": 145913
      }
    },
    {
      "type": "Feature",
      "geometry": {
        "type": "Point",
        "coordinates": [
          21.68333,
          -8.3
        ]
      },
      "properties": {
        "name": "Calamba-Chalua",
        "country": "Angola",
        "region": "Luanda Norte",
        "elevation_m": null,
        "population": 0,
        "feature_type": "populated place",
        "geoname_id": 145914
      }
    },
    {
      "type": "Feature",
      "geometry": {
        "type": "Point",
        "coordinates": [
          21.86667,
          -8.6
        ]
      },
      "properties": {
        "name": "Calambacera",
        "country": "Angola",
        "region": "Lunda Sul",
        "elevation_m": null,
        "population": 0,
        "feature_type": "populated place",
        "geoname_id": 145915
      }
    },
    {
      "type": "Feature",
      "geometry": {
        "type": "Point",
        "coordinates": [
          20.06667,
          -8.83333
        ]
      },
      "properties": {
        "name": "Caitica",
        "country": "Angola",
        "region": "Luanda Norte",
        "elevation_m": null,
        "population": 0,
        "feature_type": "populated place",
        "geoname_id": 145916
      }
    },
    {
      "type": "Feature",
      "geometry": {
        "type": "Point",
        "coordinates": [
          20.70008,
          -7.80473
        ]
      },
      "properties": {
        "name": "Caita",
        "country": "Angola",
        "region": "Luanda Norte",
        "elevation_m": null,
        "population": 0,
        "feature_type": "seat of a third-order administrative division",
        "geoname_id": 145918
      }
    },
    {
      "type": "Feature",
      "geometry": {
        "type": "Point",
        "coordinates": [
          20.86667,
          -7.71667
        ]
      },
      "properties": {
        "name": "Caihengula",
        "country": "Angola",
        "region": "Luanda Norte",
        "elevation_m": null,
        "population": 0,
        "feature_type": "populated place",
        "geoname_id": 145920
      }
    },
    {
      "type": "Feature",
      "geometry": {
        "type": "Point",
        "coordinates": [
          20.8,
          -8.86667
        ]
      },
      "properties": {
        "name": "Caiambo",
        "country": "Angola",
        "region": "Lunda Sul",
        "elevation_m": null,
        "population": 0,
        "feature_type": "populated place",
        "geoname_id": 145921
      }
    },
    {
      "type": "Feature",
      "geometry": {
        "type": "Point",
        "coordinates": [
          20.46667,
          -8.5
        ]
      },
      "properties": {
        "name": "Cagungo",
        "country": "Angola",
        "region": "Luanda Norte",
        "elevation_m": null,
        "population": 0,
        "feature_type": "populated place",
        "geoname_id": 145922
      }
    },
    {
      "type": "Feature",
      "geometry": {
        "type": "Point",
        "coordinates": [
          20.98333,
          -8.73333
        ]
      },
      "properties": {
        "name": "Cagina",
        "country": "Angola",
        "region": "Lunda Sul",
        "elevation_m": null,
        "population": 0,
        "feature_type": "populated place",
        "geoname_id": 145923
      }
    },
    {
      "type": "Feature",
      "geometry": {
        "type": "Point",
        "coordinates": [
          20.66667,
          -7.7
        ]
      },
      "properties": {
        "name": "Cafulo",
        "country": "Angola",
        "region": "Luanda Norte",
        "elevation_m": null,
        "population": 0,
        "feature_type": "populated place",
        "geoname_id": 145924
      }
    },
    {
      "type": "Feature",
      "geometry": {
        "type": "Point",
        "coordinates": [
          21.76667,
          -8.46667
        ]
      },
      "properties": {
        "name": "Cafu",
        "country": "Angola",
        "region": "Lunda Sul",
        "elevation_m": null,
        "population": 0,
        "feature_type": "populated place",
        "geoname_id": 145925
      }
    },
    {
      "type": "Feature",
      "geometry": {
        "type": "Point",
        "coordinates": [
          20.3,
          -9.2
        ]
      },
      "properties": {
        "name": "Cafocota",
        "country": "Angola",
        "region": "Luanda Norte",
        "elevation_m": null,
        "population": 0,
        "feature_type": "populated place",
        "geoname_id": 145926
      }
    },
    {
      "type": "Feature",
      "geometry": {
        "type": "Point",
        "coordinates": [
          20.13333,
          -7.7
        ]
      },
      "properties": {
        "name": "Cacunra",
        "country": "Angola",
        "region": "Luanda Norte",
        "elevation_m": null,
        "population": 0,
        "feature_type": "populated place",
        "geoname_id": 145927
      }
    },
    {
      "type": "Feature",
      "geometry": {
        "type": "Point",
        "coordinates": [
          21.76667,
          -9.81667
        ]
      },
      "properties": {
        "name": "Cacuaca",
        "country": "Angola",
        "region": "Lunda Sul",
        "elevation_m": null,
        "population": 0,
        "feature_type": "populated place",
        "geoname_id": 145928
      }
    },
    {
      "type": "Feature",
      "geometry": {
        "type": "Point",
        "coordinates": [
          21.51667,
          -7.35
        ]
      },
      "properties": {
        "name": "Cachiza",
        "country": "Angola",
        "region": "Luanda Norte",
        "elevation_m": null,
        "population": 0,
        "feature_type": "populated place",
        "geoname_id": 145929
      }
    },
    {
      "type": "Feature",
      "geometry": {
        "type": "Point",
        "coordinates": [
          21.56667,
          -8.26667
        ]
      },
      "properties": {
        "name": "Cachita",
        "country": "Angola",
        "region": "Luanda Norte",
        "elevation_m": null,
        "population": 0,
        "feature_type": "populated place",
        "geoname_id": 145930
      }
    },
    {
      "type": "Feature",
      "geometry": {
        "type": "Point",
        "coordinates": [
          21.3304,
          -8.35464
        ]
      },
      "properties": {
        "name": "Cachimo",
        "country": "Angola",
        "region": "Luanda Norte",
        "elevation_m": null,
        "population": 0,
        "feature_type": "seat of a third-order administrative division",
        "geoname_id": 145932
      }
    },
    {
      "type": "Feature",
      "geometry": {
        "type": "Point",
        "coordinates": [
          20.53333,
          -7.5
        ]
      },
      "properties": {
        "name": "Cacasi",
        "country": "Angola",
        "region": "Luanda Norte",
        "elevation_m": null,
        "population": 0,
        "feature_type": "populated place",
        "geoname_id": 145933
      }
    },
    {
      "type": "Feature",
      "geometry": {
        "type": "Point",
        "coordinates": [
          20.79793,
          -7.38399
        ]
      },
      "properties": {
        "name": "Cacanda",
        "country": "Angola",
        "region": "Luanda Norte",
        "elevation_m": null,
        "population": 0,
        "feature_type": "populated place",
        "geoname_id": 145934
      }
    },
    {
      "type": "Feature",
      "geometry": {
        "type": "Point",
        "coordinates": [
          20.4,
          -7.63333
        ]
      },
      "properties": {
        "name": "Cacaco",
        "country": "Angola",
        "region": "Luanda Norte",
        "elevation_m": null,
        "population": 0,
        "feature_type": "populated place",
        "geoname_id": 145935
      }
    },
    {
      "type": "Feature",
      "geometry": {
        "type": "Point",
        "coordinates": [
          21.3,
          -7.55
        ]
      },
      "properties": {
        "name": "Buque",
        "country": "Angola",
        "region": "Luanda Norte",
        "elevation_m": null,
        "population": 0,
        "feature_type": "populated place",
        "geoname_id": 145936
      }
    },
    {
      "type": "Feature",
      "geometry": {
        "type": "Point",
        "coordinates": [
          21.56667,
          -7.3
        ]
      },
      "properties": {
        "name": "Bumba",
        "country": "Angola",
        "region": "Luanda Norte",
        "elevation_m": null,
        "population": 0,
        "feature_type": "populated place",
        "geoname_id": 145939
      }
    },
    {
      "type": "Feature",
      "geometry": {
        "type": "Point",
        "coordinates": [
          21.41667,
          -8.1
        ]
      },
      "properties": {
        "name": "Buembua",
        "country": "Angola",
        "region": "Luanda Norte",
        "elevation_m": null,
        "population": 0,
        "feature_type": "populated place",
        "geoname_id": 145940
      }
    },
    {
      "type": "Feature",
      "geometry": {
        "type": "Point",
        "coordinates": [
          21.2,
          -8.56667
        ]
      },
      "properties": {
        "name": "Buambua",
        "country": "Angola",
        "region": "Lunda Sul",
        "elevation_m": null,
        "population": 0,
        "feature_type": "populated place",
        "geoname_id": 145941
      }
    },
    {
      "type": "Feature",
      "geometry": {
        "type": "Point",
        "coordinates": [
          21.13333,
          -9.18333
        ]
      },
      "properties": {
        "name": "Bige",
        "country": "Angola",
        "region": "Lunda Sul",
        "elevation_m": null,
        "population": 0,
        "feature_type": "populated place",
        "geoname_id": 145943
      }
    },
    {
      "type": "Feature",
      "geometry": {
        "type": "Point",
        "coordinates": [
          21.36362,
          -7.69648
        ]
      },
      "properties": {
        "name": "Andrada",
        "country": "Angola",
        "region": "Luanda Norte",
        "elevation_m": null,
        "population": 0,
        "feature_type": "populated place",
        "geoname_id": 145944
      }
    },
    {
      "type": "Feature",
      "geometry": {
        "type": "Point",
        "coordinates": [
          20.48329,
          -10.79092
        ]
      },
      "properties": {
        "name": "Pêso",
        "country": "Angola",
        "region": "Lunda Sul",
        "elevation_m": null,
        "population": 0,
        "feature_type": "populated place",
        "geoname_id": 1105507
      }
    },
    {
      "type": "Feature",
      "geometry": {
        "type": "Point",
        "coordinates": [
          20.33694,
          -10.75639
        ]
      },
      "properties": {
        "name": "Chipatuala",
        "country": "Angola",
        "region": "Lunda Sul",
        "elevation_m": null,
        "population": 0,
        "feature_type": "populated place",
        "geoname_id": 1105786
      }
    },
    {
      "type": "Feature",
      "geometry": {
        "type": "Point",
        "coordinates": [
          20.32806,
          -10.76528
        ]
      },
      "properties": {
        "name": "Caquessa",
        "country": "Angola",
        "region": "Lunda Sul",
        "elevation_m": null,
        "population": 0,
        "feature_type": "populated place",
        "geoname_id": 1105787
      }
    },
    {
      "type": "Feature",
      "geometry": {
        "type": "Point",
        "coordinates": [
          20.48194,
          -10.75639
        ]
      },
      "properties": {
        "name": "Chizengua",
        "country": "Angola",
        "region": "Lunda Sul",
        "elevation_m": null,
        "population": 0,
        "feature_type": "populated place",
        "geoname_id": 1105788
      }
    },
    {
      "type": "Feature",
      "geometry": {
        "type": "Point",
        "coordinates": [
          20.48583,
          -10.7625
        ]
      },
      "properties": {
        "name": "Saxitua",
        "country": "Angola",
        "region": "Lunda Sul",
        "elevation_m": null,
        "population": 0,
        "feature_type": "populated place",
        "geoname_id": 1105789
      }
    },
    {
      "type": "Feature",
      "geometry": {
        "type": "Point",
        "coordinates": [
          20.4875,
          -10.76417
        ]
      },
      "properties": {
        "name": "Sacatechi",
        "country": "Angola",
        "region": "Lunda Sul",
        "elevation_m": null,
        "population": 0,
        "feature_type": "populated place",
        "geoname_id": 1105790
      }
    },
    {
      "type": "Feature",
      "geometry": {
        "type": "Point",
        "coordinates": [
          20.49278,
          -10.77222
        ]
      },
      "properties": {
        "name": "Sauaua",
        "country": "Angola",
        "region": "Lunda Sul",
        "elevation_m": null,
        "population": 0,
        "feature_type": "populated place",
        "geoname_id": 1105791
      }
    },
    {
      "type": "Feature",
      "geometry": {
        "type": "Point",
        "coordinates": [
          20.46778,
          -10.77528
        ]
      },
      "properties": {
        "name": "Canjange",
        "country": "Angola",
        "region": "Lunda Sul",
        "elevation_m": null,
        "population": 0,
        "feature_type": "populated place",
        "geoname_id": 1105794
      }
    },
    {
      "type": "Feature",
      "geometry": {
        "type": "Point",
        "coordinates": [
          20.49639,
          -10.77917
        ]
      },
      "properties": {
        "name": "Viagem",
        "country": "Angola",
        "region": "Lunda Sul",
        "elevation_m": null,
        "population": 0,
        "feature_type": "populated place",
        "geoname_id": 1105795
      }
    },
    {
      "type": "Feature",
      "geometry": {
        "type": "Point",
        "coordinates": [
          20.3076,
          -10.82681
        ]
      },
      "properties": {
        "name": "Muando",
        "country": "Angola",
        "region": "Lunda Sul",
        "elevation_m": null,
        "population": 0,
        "feature_type": "abandoned populated place",
        "geoname_id": 1105796
      }
    },
    {
      "type": "Feature",
      "geometry": {
        "type": "Point",
        "coordinates": [
          20.26136,
          -10.95462
        ]
      },
      "properties": {
        "name": "Dala Velho",
        "country": "Angola",
        "region": "Lunda Sul",
        "elevation_m": null,
        "population": 0,
        "feature_type": "abandoned populated place",
        "geoname_id": 1105801
      }
    },
    {
      "type": "Feature",
      "geometry": {
        "type": "Point",
        "coordinates": [
          20.375,
          -10.77
        ]
      },
      "properties": {
        "name": "Sazembe",
        "country": "Angola",
        "region": "Lunda Sul",
        "elevation_m": null,
        "population": 0,
        "feature_type": "populated place",
        "geoname_id": 1105802
      }
    },
    {
      "type": "Feature",
      "geometry": {
        "type": "Point",
        "coordinates": [
          20.39556,
          -10.76528
        ]
      },
      "properties": {
        "name": "Samatome",
        "country": "Angola",
        "region": "Lunda Sul",
        "elevation_m": null,
        "population": 0,
        "feature_type": "populated place",
        "geoname_id": 1105803
      }
    },
    {
      "type": "Feature",
      "geometry": {
        "type": "Point",
        "coordinates": [
          20.38139,
          -10.78806
        ]
      },
      "properties": {
        "name": "Samendngue",
        "country": "Angola",
        "region": "Lunda Sul",
        "elevation_m": null,
        "population": 0,
        "feature_type": "populated place",
        "geoname_id": 1105804
      }
    },
    {
      "type": "Feature",
      "geometry": {
        "type": "Point",
        "coordinates": [
          20.25306,
          -10.94444
        ]
      },
      "properties": {
        "name": "Samucuma",
        "country": "Angola",
        "region": "Lunda Sul",
        "elevation_m": null,
        "population": 0,
        "feature_type": "populated place",
        "geoname_id": 1105805
      }
    },
    {
      "type": "Feature",
      "geometry": {
        "type": "Point",
        "coordinates": [
          20.27,
          -10.94472
        ]
      },
      "properties": {
        "name": "Cachata",
        "country": "Angola",
        "region": "Lunda Sul",
        "elevation_m": null,
        "population": 0,
        "feature_type": "populated place",
        "geoname_id": 1105806
      }
    },
    {
      "type": "Feature",
      "geometry": {
        "type": "Point",
        "coordinates": [
          20.27417,
          -10.95667
        ]
      },
      "properties": {
        "name": "Sangunga",
        "country": "Angola",
        "region": "Lunda Sul",
        "elevation_m": null,
        "population": 0,
        "feature_type": "populated place",
        "geoname_id": 1105807
      }
    },
    {
      "type": "Feature",
      "geometry": {
        "type": "Point",
        "coordinates": [
          20.28806,
          -10.96361
        ]
      },
      "properties": {
        "name": "Chinongue",
        "country": "Angola",
        "region": "Lunda Sul",
        "elevation_m": null,
        "population": 0,
        "feature_type": "populated place",
        "geoname_id": 1105808
      }
    },
    {
      "type": "Feature",
      "geometry": {
        "type": "Point",
        "coordinates": [
          20.29028,
          -10.96556
        ]
      },
      "properties": {
        "name": "Nacapuzo",
        "country": "Angola",
        "region": "Lunda Sul",
        "elevation_m": null,
        "population": 0,
        "feature_type": "populated place",
        "geoname_id": 1105809
      }
    },
    {
      "type": "Feature",
      "geometry": {
        "type": "Point",
        "coordinates": [
          20.2875,
          -10.9675
        ]
      },
      "properties": {
        "name": "Chimbúndeji",
        "country": "Angola",
        "region": "Lunda Sul",
        "elevation_m": null,
        "population": 0,
        "feature_type": "populated place",
        "geoname_id": 1105810
      }
    },
    {
      "type": "Feature",
      "geometry": {
        "type": "Point",
        "coordinates": [
          20.32833,
          -10.97639
        ]
      },
      "properties": {
        "name": "Muafuga",
        "country": "Angola",
        "region": "Lunda Sul",
        "elevation_m": null,
        "population": 0,
        "feature_type": "populated place",
        "geoname_id": 1105811
      }
    },
    {
      "type": "Feature",
      "geometry": {
        "type": "Point",
        "coordinates": [
          20.36111,
          -10.94889
        ]
      },
      "properties": {
        "name": "Martins",
        "country": "Angola",
        "region": "Lunda Sul",
        "elevation_m": null,
        "population": 0,
        "feature_type": "populated place",
        "geoname_id": 1105812
      }
    },
    {
      "type": "Feature",
      "geometry": {
        "type": "Point",
        "coordinates": [
          20.35528,
          -10.93444
        ]
      },
      "properties": {
        "name": "Samussema",
        "country": "Angola",
        "region": "Lunda Sul",
        "elevation_m": null,
        "population": 0,
        "feature_type": "populated place",
        "geoname_id": 1105813
      }
    },
    {
      "type": "Feature",
      "geometry": {
        "type": "Point",
        "coordinates": [
          20.2975,
          -10.87944
        ]
      },
      "properties": {
        "name": "Saluinda",
        "country": "Angola",
        "region": "Lunda Sul",
        "elevation_m": null,
        "population": 0,
        "feature_type": "populated place",
        "geoname_id": 1105814
      }
    },
    {
      "type": "Feature",
      "geometry": {
        "type": "Point",
        "coordinates": [
          20.44833,
          -10.94611
        ]
      },
      "properties": {
        "name": "Sacaiquele",
        "country": "Angola",
        "region": "Lunda Sul",
        "elevation_m": null,
        "population": 0,
        "feature_type": "populated place",
        "geoname_id": 1105815
      }
    },
    {
      "type": "Feature",
      "geometry": {
        "type": "Point",
        "coordinates": [
          20.45306,
          -10.93417
        ]
      },
      "properties": {
        "name": "Muamuene",
        "country": "Angola",
        "region": "Lunda Sul",
        "elevation_m": null,
        "population": 0,
        "feature_type": "populated place",
        "geoname_id": 1105816
      }
    },
    {
      "type": "Feature",
      "geometry": {
        "type": "Point",
        "coordinates": [
          20.4625,
          -10.92306
        ]
      },
      "properties": {
        "name": "Cassoca",
        "country": "Angola",
        "region": "Lunda Sul",
        "elevation_m": null,
        "population": 0,
        "feature_type": "populated place",
        "geoname_id": 1105817
      }
    },
    {
      "type": "Feature",
      "geometry": {
        "type": "Point",
        "coordinates": [
          20.45111,
          -10.91611
        ]
      },
      "properties": {
        "name": "Sacatechongo",
        "country": "Angola",
        "region": "Lunda Sul",
        "elevation_m": null,
        "population": 0,
        "feature_type": "populated place",
        "geoname_id": 1105818
      }
    },
    {
      "type": "Feature",
      "geometry": {
        "type": "Point",
        "coordinates": [
          20.29444,
          -10.84167
        ]
      },
      "properties": {
        "name": "Sacalulo",
        "country": "Angola",
        "region": "Lunda Sul",
        "elevation_m": null,
        "population": 0,
        "feature_type": "populated place",
        "geoname_id": 1105819
      }
    },
    {
      "type": "Feature",
      "geometry": {
        "type": "Point",
        "coordinates": [
          20.3025,
          -10.84167
        ]
      },
      "properties": {
        "name": "Satechipanga",
        "country": "Angola",
        "region": "Lunda Sul",
        "elevation_m": null,
        "population": 0,
        "feature_type": "populated place",
        "geoname_id": 1105820
      }
    },
    {
      "type": "Feature",
      "geometry": {
        "type": "Point",
        "coordinates": [
          20.30333,
          -10.8475
        ]
      },
      "properties": {
        "name": "Chilaôca",
        "country": "Angola",
        "region": "Lunda Sul",
        "elevation_m": null,
        "population": 0,
        "feature_type": "populated place",
        "geoname_id": 1105821
      }
    },
    {
      "type": "Feature",
      "geometry": {
        "type": "Point",
        "coordinates": [
          20.26139,
          -10.83444
        ]
      },
      "properties": {
        "name": "Sacatechiama",
        "country": "Angola",
        "region": "Lunda Sul",
        "elevation_m": null,
        "population": 0,
        "feature_type": "populated place",
        "geoname_id": 1105822
      }
    },
    {
      "type": "Feature",
      "geometry": {
        "type": "Point",
        "coordinates": [
          20.39722,
          -10.84694
        ]
      },
      "properties": {
        "name": "Luongo",
        "country": "Angola",
        "region": "Lunda Sul",
        "elevation_m": null,
        "population": 0,
        "feature_type": "populated place",
        "geoname_id": 1105823
      }
    },
    {
      "type": "Feature",
      "geometry": {
        "type": "Point",
        "coordinates": [
          20.39778,
          -10.83778
        ]
      },
      "properties": {
        "name": "Sariaca",
        "country": "Angola",
        "region": "Lunda Sul",
        "elevation_m": null,
        "population": 0,
        "feature_type": "populated place",
        "geoname_id": 1105824
      }
    },
    {
      "type": "Feature",
      "geometry": {
        "type": "Point",
        "coordinates": [
          20.41861,
          -10.82917
        ]
      },
      "properties": {
        "name": "Samuzavo",
        "country": "Angola",
        "region": "Lunda Sul",
        "elevation_m": null,
        "population": 0,
        "feature_type": "populated place",
        "geoname_id": 1105825
      }
    },
    {
      "type": "Feature",
      "geometry": {
        "type": "Point",
        "coordinates": [
          20.4225,
          -10.82861
        ]
      },
      "properties": {
        "name": "Caio",
        "country": "Angola",
        "region": "Lunda Sul",
        "elevation_m": null,
        "population": 0,
        "feature_type": "populated place",
        "geoname_id": 1105826
      }
    },
    {
      "type": "Feature",
      "geometry": {
        "type": "Point",
        "coordinates": [
          20.27694,
          -10.80611
        ]
      },
      "properties": {
        "name": "Carima",
        "country": "Angola",
        "region": "Lunda Sul",
        "elevation_m": null,
        "population": 0,
        "feature_type": "populated place",
        "geoname_id": 1105827
      }
    },
    {
      "type": "Feature",
      "geometry": {
        "type": "Point",
        "coordinates": [
          20.28222,
          -10.80417
        ]
      },
      "properties": {
        "name": "Samutechichi",
        "country": "Angola",
        "region": "Lunda Sul",
        "elevation_m": null,
        "population": 0,
        "feature_type": "populated place",
        "geoname_id": 1105828
      }
    },
    {
      "type": "Feature",
      "geometry": {
        "type": "Point",
        "coordinates": [
          20.34972,
          -10.81167
        ]
      },
      "properties": {
        "name": "Samaquenha",
        "country": "Angola",
        "region": "Lunda Sul",
        "elevation_m": null,
        "population": 0,
        "feature_type": "populated place",
        "geoname_id": 1105829
      }
    },
    {
      "type": "Feature",
      "geometry": {
        "type": "Point",
        "coordinates": [
          20.35444,
          -10.79583
        ]
      },
      "properties": {
        "name": "Samdlembue",
        "country": "Angola",
        "region": "Lunda Sul",
        "elevation_m": null,
        "population": 0,
        "feature_type": "populated place",
        "geoname_id": 1105830
      }
    },
    {
      "type": "Feature",
      "geometry": {
        "type": "Point",
        "coordinates": [
          20.49111,
          -10.81611
        ]
      },
      "properties": {
        "name": "Malucanga",
        "country": "Angola",
        "region": "Lunda Sul",
        "elevation_m": null,
        "population": 0,
        "feature_type": "populated place",
        "geoname_id": 1105831
      }
    },
    {
      "type": "Feature",
      "geometry": {
        "type": "Point",
        "coordinates": [
          20.49639,
          -10.81028
        ]
      },
      "properties": {
        "name": "Catôld",
        "country": "Angola",
        "region": "Lunda Sul",
        "elevation_m": null,
        "population": 0,
        "feature_type": "populated place",
        "geoname_id": 1105832
      }
    },
    {
      "type": "Feature",
      "geometry": {
        "type": "Point",
        "coordinates": [
          20.49639,
          -10.80389
        ]
      },
      "properties": {
        "name": "Sangage",
        "country": "Angola",
        "region": "Lunda Sul",
        "elevation_m": null,
        "population": 0,
        "feature_type": "populated place",
        "geoname_id": 1105833
      }
    },
    {
      "type": "Feature",
      "geometry": {
        "type": "Point",
        "coordinates": [
          20.48833,
          -10.80056
        ]
      },
      "properties": {
        "name": "Samazo",
        "country": "Angola",
        "region": "Lunda Sul",
        "elevation_m": null,
        "population": 0,
        "feature_type": "populated place",
        "geoname_id": 1105834
      }
    },
    {
      "type": "Feature",
      "geometry": {
        "type": "Point",
        "coordinates": [
          20.47222,
          -10.79556
        ]
      },
      "properties": {
        "name": "Cafucufuco",
        "country": "Angola",
        "region": "Lunda Sul",
        "elevation_m": null,
        "population": 0,
        "feature_type": "populated place",
        "geoname_id": 1105835
      }
    },
    {
      "type": "Feature",
      "geometry": {
        "type": "Point",
        "coordinates": [
          20.49417,
          -10.79556
        ]
      },
      "properties": {
        "name": "Mupita",
        "country": "Angola",
        "region": "Lunda Sul",
        "elevation_m": null,
        "population": 0,
        "feature_type": "populated place",
        "geoname_id": 1105836
      }
    },
    {
      "type": "Feature",
      "geometry": {
        "type": "Point",
        "coordinates": [
          20.47333,
          -10.78417
        ]
      },
      "properties": {
        "name": "Urfique",
        "country": "Angola",
        "region": "Lunda Sul",
        "elevation_m": null,
        "population": 0,
        "feature_type": "populated place",
        "geoname_id": 1105837
      }
    },
    {
      "type": "Feature",
      "geometry": {
        "type": "Point",
        "coordinates": [
          20.47333,
          -10.78028
        ]
      },
      "properties": {
        "name": "Matezua",
        "country": "Angola",
        "region": "Lunda Sul",
        "elevation_m": null,
        "population": 0,
        "feature_type": "populated place",
        "geoname_id": 1105838
      }
    },
    {
      "type": "Feature",
      "geometry": {
        "type": "Point",
        "coordinates": [
          20.49333,
          -10.7825
        ]
      },
      "properties": {
        "name": "Jaime",
        "country": "Angola",
        "region": "Lunda Sul",
        "elevation_m": null,
        "population": 0,
        "feature_type": "populated place",
        "geoname_id": 1105839
      }
    },
    {
      "type": "Feature",
      "geometry": {
        "type": "Point",
        "coordinates": [
          15.04697,
          -6.38138
        ]
      },
      "properties": {
        "name": "Zunzo Quintoto",
        "country": "Angola",
        "region": "Uíge",
        "elevation_m": null,
        "population": 0,
        "feature_type": "populated place",
        "geoname_id": 2236169
      }
    },
    {
      "type": "Feature",
      "geometry": {
        "type": "Point",
        "coordinates": [
          15.13333,
          -6.01667
        ]
      },
      "properties": {
        "name": "Zunzo",
        "country": "Angola",
        "region": "Uíge",
        "elevation_m": null,
        "population": 0,
        "feature_type": "populated place",
        "geoname_id": 2236170
      }
    },
    {
      "type": "Feature",
      "geometry": {
        "type": "Point",
        "coordinates": [
          17.15242,
          -9.60463
        ]
      },
      "properties": {
        "name": "Zungue",
        "country": "Angola",
        "region": "Malanje",
        "elevation_m": null,
        "population": 0,
        "feature_type": "populated place",
        "geoname_id": 2236172
      }
    },
    {
      "type": "Feature",
      "geometry": {
        "type": "Point",
        "coordinates": [
          14.56667,
          -8.21667
        ]
      },
      "properties": {
        "name": "Zungo",
        "country": "Angola",
        "region": "Bengo",
        "elevation_m": null,
        "population": 0,
        "feature_type": "populated place",
        "geoname_id": 2236177
      }
    },
    {
      "type": "Feature",
      "geometry": {
        "type": "Point",
        "coordinates": [
          15.67929,
          -9.97363
        ]
      },
      "properties": {
        "name": "Zunga",
        "country": "Angola",
        "region": "Kwanza Sul",
        "elevation_m": null,
        "population": 0,
        "feature_type": "populated place",
        "geoname_id": 2236179
      }
    },
    {
      "type": "Feature",
      "geometry": {
        "type": "Point",
        "coordinates": [
          15.76667,
          -7.71667
        ]
      },
      "properties": {
        "name": "Zunga",
        "country": "Angola",
        "region": "Uíge",
        "elevation_m": null,
        "population": 0,
        "feature_type": "populated place",
        "geoname_id": 2236180
      }
    },
    {
      "type": "Feature",
      "geometry": {
        "type": "Point",
        "coordinates": [
          14.6,
          -7.48333
        ]
      },
      "properties": {
        "name": "Zunga",
        "country": "Angola",
        "region": "Uíge",
        "elevation_m": null,
        "population": 0,
        "feature_type": "populated place",
        "geoname_id": 2236181
      }
    },
    {
      "type": "Feature",
      "geometry": {
        "type": "Point",
        "coordinates": [
          14.4,
          -7.2
        ]
      },
      "properties": {
        "name": "Zunga",
        "country": "Angola",
        "region": "Uíge",
        "elevation_m": null,
        "population": 0,
        "feature_type": "populated place",
        "geoname_id": 2236182
      }
    },
    {
      "type": "Feature",
      "geometry": {
        "type": "Point",
        "coordinates": [
          14.83333,
          -6.96667
        ]
      },
      "properties": {
        "name": "Zunga",
        "country": "Angola",
        "region": "Uíge",
        "elevation_m": null,
        "population": 0,
        "feature_type": "populated place",
        "geoname_id": 2236183
      }
    },
    {
      "type": "Feature",
      "geometry": {
        "type": "Point",
        "coordinates": [
          15,
          -6.65
        ]
      },
      "properties": {
        "name": "Zunga",
        "country": "Angola",
        "region": "Uíge",
        "elevation_m": null,
        "population": 0,
        "feature_type": "populated place",
        "geoname_id": 2236184
      }
    },
    {
      "type": "Feature",
      "geometry": {
        "type": "Point",
        "coordinates": [
          15.02277,
          -6.64005
        ]
      },
      "properties": {
        "name": "Quicanga",
        "country": "Angola",
        "region": "Uíge",
        "elevation_m": null,
        "population": 0,
        "feature_type": "populated place",
        "geoname_id": 2236185
      }
    },
    {
      "type": "Feature",
      "geometry": {
        "type": "Point",
        "coordinates": [
          15.71667,
          -9.03333
        ]
      },
      "properties": {
        "name": "Zundo",
        "country": "Angola",
        "region": "Malanje",
        "elevation_m": null,
        "population": 0,
        "feature_type": "populated place",
        "geoname_id": 2236190
      }
    },
    {
      "type": "Feature",
      "geometry": {
        "type": "Point",
        "coordinates": [
          15.71437,
          -9.03344
        ]
      },
      "properties": {
        "name": "Nzundo",
        "country": "Angola",
        "region": "Malanje",
        "elevation_m": null,
        "population": 0,
        "feature_type": "populated place",
        "geoname_id": 2236191
      }
    },
    {
      "type": "Feature",
      "geometry": {
        "type": "Point",
        "coordinates": [
          15.34411,
          -6.91679
        ]
      },
      "properties": {
        "name": "Nzundo",
        "country": "Angola",
        "region": "Uíge",
        "elevation_m": null,
        "population": 0,
        "feature_type": "populated place",
        "geoname_id": 2236193
      }
    },
    {
      "type": "Feature",
      "geometry": {
        "type": "Point",
        "coordinates": [
          14.9,
          -7.28333
        ]
      },
      "properties": {
        "name": "Zumbe",
        "country": "Angola",
        "region": "Uíge",
        "elevation_m": null,
        "population": 0,
        "feature_type": "populated place",
        "geoname_id": 2236195
      }
    },
    {
      "type": "Feature",
      "geometry": {
        "type": "Point",
        "coordinates": [
          14.95,
          -7.23333
        ]
      },
      "properties": {
        "name": "Zumbe",
        "country": "Angola",
        "region": "Uíge",
        "elevation_m": null,
        "population": 0,
        "feature_type": "populated place",
        "geoname_id": 2236196
      }
    },
    {
      "type": "Feature",
      "geometry": {
        "type": "Point",
        "coordinates": [
          14.53333,
          -9.68333
        ]
      },
      "properties": {
        "name": "Zumba",
        "country": "Angola",
        "region": "Cuanza Norte",
        "elevation_m": null,
        "population": 0,
        "feature_type": "populated place",
        "geoname_id": 2236199
      }
    },
    {
      "type": "Feature",
      "geometry": {
        "type": "Point",
        "coordinates": [
          14.26667,
          -7.06667
        ]
      },
      "properties": {
        "name": "Zulumango",
        "country": "Angola",
        "region": "Uíge",
        "elevation_m": null,
        "population": 0,
        "feature_type": "populated place",
        "geoname_id": 2236200
      }
    },
    {
      "type": "Feature",
      "geometry": {
        "type": "Point",
        "coordinates": [
          14.91667,
          -5.96667
        ]
      },
      "properties": {
        "name": "Zulomango",
        "country": "Angola",
        "region": "Uíge",
        "elevation_m": null,
        "population": 0,
        "feature_type": "populated place",
        "geoname_id": 2236202
      }
    },
    {
      "type": "Feature",
      "geometry": {
        "type": "Point",
        "coordinates": [
          15.55,
          -7.56667
        ]
      },
      "properties": {
        "name": "Zulo",
        "country": "Angola",
        "region": "Uíge",
        "elevation_m": null,
        "population": 0,
        "feature_type": "populated place",
        "geoname_id": 2236205
      }
    },
    {
      "type": "Feature",
      "geometry": {
        "type": "Point",
        "coordinates": [
          15.52471,
          -7.55239
        ]
      },
      "properties": {
        "name": "Zulo",
        "country": "Angola",
        "region": "Uíge",
        "elevation_m": null,
        "population": 0,
        "feature_type": "populated place",
        "geoname_id": 2236206
      }
    },
    {
      "type": "Feature",
      "geometry": {
        "type": "Point",
        "coordinates": [
          14.36667,
          -6.55
        ]
      },
      "properties": {
        "name": "Zulo",
        "country": "Angola",
        "region": "Zaire",
        "elevation_m": null,
        "population": 0,
        "feature_type": "populated place",
        "geoname_id": 2236207
      }
    },
    {
      "type": "Feature",
      "geometry": {
        "type": "Point",
        "coordinates": [
          14.55,
          -6.51667
        ]
      },
      "properties": {
        "name": "Zulo",
        "country": "Angola",
        "region": "Zaire",
        "elevation_m": null,
        "population": 0,
        "feature_type": "populated place",
        "geoname_id": 2236208
      }
    },
    {
      "type": "Feature",
      "geometry": {
        "type": "Point",
        "coordinates": [
          15.07658,
          -6.25084
        ]
      },
      "properties": {
        "name": "Ngombe Zulo",
        "country": "Angola",
        "region": "Uíge",
        "elevation_m": null,
        "population": 0,
        "feature_type": "populated place",
        "geoname_id": 2236209
      }
    },
    {
      "type": "Feature",
      "geometry": {
        "type": "Point",
        "coordinates": [
          15.1,
          -7.2
        ]
      },
      "properties": {
        "name": "Zulemongo",
        "country": "Angola",
        "region": "Uíge",
        "elevation_m": null,
        "population": 0,
        "feature_type": "populated place",
        "geoname_id": 2236210
      }
    },
    {
      "type": "Feature",
      "geometry": {
        "type": "Point",
        "coordinates": [
          13.35,
          -6.3
        ]
      },
      "properties": {
        "name": "Zuete",
        "country": "Angola",
        "region": "Zaire",
        "elevation_m": null,
        "population": 0,
        "feature_type": "populated place",
        "geoname_id": 2236212
      }
    },
    {
      "type": "Feature",
      "geometry": {
        "type": "Point",
        "coordinates": [
          15.93949,
          -9.30208
        ]
      },
      "properties": {
        "name": "Zua Candangi",
        "country": "Angola",
        "region": "Malanje",
        "elevation_m": null,
        "population": 0,
        "feature_type": "populated place",
        "geoname_id": 2236217
      }
    },
    {
      "type": "Feature",
      "geometry": {
        "type": "Point",
        "coordinates": [
          15.6862,
          -8.05614
        ]
      },
      "properties": {
        "name": "Zua",
        "country": "Angola",
        "region": "Cuanza Norte",
        "elevation_m": null,
        "population": 0,
        "feature_type": "populated place",
        "geoname_id": 2236218
      }
    },
    {
      "type": "Feature",
      "geometry": {
        "type": "Point",
        "coordinates": [
          15.46667,
          -7.85
        ]
      },
      "properties": {
        "name": "Zua",
        "country": "Angola",
        "region": "Uíge",
        "elevation_m": null,
        "population": 0,
        "feature_type": "populated place",
        "geoname_id": 2236219
      }
    },
    {
      "type": "Feature",
      "geometry": {
        "type": "Point",
        "coordinates": [
          14.06667,
          -6.8
        ]
      },
      "properties": {
        "name": "Zua",
        "country": "Angola",
        "region": "Zaire",
        "elevation_m": null,
        "population": 0,
        "feature_type": "populated place",
        "geoname_id": 2236220
      }
    },
    {
      "type": "Feature",
      "geometry": {
        "type": "Point",
        "coordinates": [
          18.16943,
          -8.11348
        ]
      },
      "properties": {
        "name": "Nzovo",
        "country": "Angola",
        "region": "Luanda Norte",
        "elevation_m": null,
        "population": 0,
        "feature_type": "populated place",
        "geoname_id": 2236222
      }
    },
    {
      "type": "Feature",
      "geometry": {
        "type": "Point",
        "coordinates": [
          15.59651,
          -8.46856
        ]
      },
      "properties": {
        "name": "Zonzo",
        "country": "Angola",
        "region": "Cuanza Norte",
        "elevation_m": null,
        "population": 0,
        "feature_type": "populated place",
        "geoname_id": 2236224
      }
    },
    {
      "type": "Feature",
      "geometry": {
        "type": "Point",
        "coordinates": [
          15.18374,
          -6.78658
        ]
      },
      "properties": {
        "name": "Zongo uá Ngola",
        "country": "Angola",
        "region": "Uíge",
        "elevation_m": null,
        "population": 0,
        "feature_type": "populated place",
        "geoname_id": 2236228
      }
    },
    {
      "type": "Feature",
      "geometry": {
        "type": "Point",
        "coordinates": [
          15.15518,
          -6.71067
        ]
      },
      "properties": {
        "name": "Zongo",
        "country": "Angola",
        "region": "Uíge",
        "elevation_m": null,
        "population": 0,
        "feature_type": "populated place",
        "geoname_id": 2236233
      }
    },
    {
      "type": "Feature",
      "geometry": {
        "type": "Point",
        "coordinates": [
          14.93333,
          -6.68333
        ]
      },
      "properties": {
        "name": "Zongo",
        "country": "Angola",
        "region": "Uíge",
        "elevation_m": null,
        "population": 0,
        "feature_type": "populated place",
        "geoname_id": 2236234
      }
    },
    {
      "type": "Feature",
      "geometry": {
        "type": "Point",
        "coordinates": [
          15.0326,
          -6.05304
        ]
      },
      "properties": {
        "name": "Mbanza Zongo",
        "country": "Angola",
        "region": "Uíge",
        "elevation_m": null,
        "population": 0,
        "feature_type": "populated place",
        "geoname_id": 2236235
      }
    },
    {
      "type": "Feature",
      "geometry": {
        "type": "Point",
        "coordinates": [
          15.46667,
          -8.48333
        ]
      },
      "properties": {
        "name": "Zondo",
        "country": "Angola",
        "region": "Cuanza Norte",
        "elevation_m": null,
        "population": 0,
        "feature_type": "populated place",
        "geoname_id": 2236241
      }
    },
    {
      "type": "Feature",
      "geometry": {
        "type": "Point",
        "coordinates": [
          15.4,
          -8.48333
        ]
      },
      "properties": {
        "name": "Zondo",
        "country": "Angola",
        "region": "Cuanza Norte",
        "elevation_m": null,
        "population": 0,
        "feature_type": "populated place",
        "geoname_id": 2236242
      }
    },
    {
      "type": "Feature",
      "geometry": {
        "type": "Point",
        "coordinates": [
          14.76667,
          -7.75
        ]
      },
      "properties": {
        "name": "Zondo",
        "country": "Angola",
        "region": "Uíge",
        "elevation_m": null,
        "population": 0,
        "feature_type": "populated place",
        "geoname_id": 2236243
      }
    },
    {
      "type": "Feature",
      "geometry": {
        "type": "Point",
        "coordinates": [
          14.71667,
          -8.91667
        ]
      },
      "properties": {
        "name": "Zona",
        "country": "Angola",
        "region": "Cuanza Norte",
        "elevation_m": null,
        "population": 0,
        "feature_type": "populated place",
        "geoname_id": 2236244
      }
    },
    {
      "type": "Feature",
      "geometry": {
        "type": "Point",
        "coordinates": [
          15.05,
          -7.58333
        ]
      },
      "properties": {
        "name": "Zona",
        "country": "Angola",
        "region": "Uíge",
        "elevation_m": null,
        "population": 0,
        "feature_type": "populated place",
        "geoname_id": 2236245
      }
    },
    {
      "type": "Feature",
      "geometry": {
        "type": "Point",
        "coordinates": [
          14.65,
          -8.66667
        ]
      },
      "properties": {
        "name": "Zombo Muginha",
        "country": "Angola",
        "region": "Bengo",
        "elevation_m": null,
        "population": 0,
        "feature_type": "populated place",
        "geoname_id": 2236246
      }
    },
    {
      "type": "Feature",
      "geometry": {
        "type": "Point",
        "coordinates": [
          14.92033,
          -8.67396
        ]
      },
      "properties": {
        "name": "Zombo Ngola",
        "country": "Angola",
        "region": "Bengo",
        "elevation_m": null,
        "population": 0,
        "feature_type": "populated place",
        "geoname_id": 2236247
      }
    },
    {
      "type": "Feature",
      "geometry": {
        "type": "Point",
        "coordinates": [
          14.9,
          -8.61667
        ]
      },
      "properties": {
        "name": "Zombo Angola",
        "country": "Angola",
        "region": "Bengo",
        "elevation_m": null,
        "population": 0,
        "feature_type": "populated place",
        "geoname_id": 2236248
      }
    },
    {
      "type": "Feature",
      "geometry": {
        "type": "Point",
        "coordinates": [
          14.76667,
          -8.76667
        ]
      },
      "properties": {
        "name": "Zombe Eucuma",
        "country": "Angola",
        "region": "Bengo",
        "elevation_m": null,
        "population": 0,
        "feature_type": "populated place",
        "geoname_id": 2236251
      }
    },
    {
      "type": "Feature",
      "geometry": {
        "type": "Point",
        "coordinates": [
          12.33333,
          -5.4
        ]
      },
      "properties": {
        "name": "Zimuzambi",
        "country": "Angola",
        "region": "Cabinda",
        "elevation_m": null,
        "population": 0,
        "feature_type": "populated place",
        "geoname_id": 2236261
      }
    },
    {
      "type": "Feature",
      "geometry": {
        "type": "Point",
        "coordinates": [
          14.71667,
          -7.23333
        ]
      },
      "properties": {
        "name": "Zia",
        "country": "Angola",
        "region": "Uíge",
        "elevation_m": null,
        "population": 0,
        "feature_type": "populated place",
        "geoname_id": 2236263
      }
    },
    {
      "type": "Feature",
      "geometry": {
        "type": "Point",
        "coordinates": [
          15.71114,
          -8.43223
        ]
      },
      "properties": {
        "name": "Zequela",
        "country": "Angola",
        "region": "Cuanza Norte",
        "elevation_m": null,
        "population": 0,
        "feature_type": "populated place",
        "geoname_id": 2236266
      }
    },
    {
      "type": "Feature",
      "geometry": {
        "type": "Point",
        "coordinates": [
          14.81667,
          -9.78333
        ]
      },
      "properties": {
        "name": "Zenzo",
        "country": "Angola",
        "region": "Kwanza Sul",
        "elevation_m": null,
        "population": 0,
        "feature_type": "populated place",
        "geoname_id": 2236268
      }
    },
    {
      "type": "Feature",
      "geometry": {
        "type": "Point",
        "coordinates": [
          12.5,
          -5.16667
        ]
      },
      "properties": {
        "name": "Zenze do Lucula",
        "country": "Angola",
        "region": "Cabinda",
        "elevation_m": null,
        "population": 0,
        "feature_type": "populated place",
        "geoname_id": 2236270
      }
    },
    {
      "type": "Feature",
      "geometry": {
        "type": "Point",
        "coordinates": [
          15.56667,
          -8.06667
        ]
      },
      "properties": {
        "name": "Zenzeca",
        "country": "Angola",
        "region": "Cuanza Norte",
        "elevation_m": null,
        "population": 0,
        "feature_type": "populated place",
        "geoname_id": 2236271
      }
    },
    {
      "type": "Feature",
      "geometry": {
        "type": "Point",
        "coordinates": [
          14.25,
          -6.61667
        ]
      },
      "properties": {
        "name": "Zenze",
        "country": "Angola",
        "region": "Zaire",
        "elevation_m": null,
        "population": 0,
        "feature_type": "populated place",
        "geoname_id": 2236273
      }
    },
    {
      "type": "Feature",
      "geometry": {
        "type": "Point",
        "coordinates": [
          14.21138,
          -9.28726
        ]
      },
      "properties": {
        "name": "Zenza do Itombe",
        "country": "Angola",
        "region": "Cuanza Norte",
        "elevation_m": null,
        "population": 0,
        "feature_type": "seat of a third-order administrative division",
        "geoname_id": 2236274
      }
    },
    {
      "type": "Feature",
      "geometry": {
        "type": "Point",
        "coordinates": [
          14.6,
          -8.96667
        ]
      },
      "properties": {
        "name": "Zenza",
        "country": "Angola",
        "region": "Cuanza Norte",
        "elevation_m": null,
        "population": 0,
        "feature_type": "populated place",
        "geoname_id": 2236279
      }
    },
    {
      "type": "Feature",
      "geometry": {
        "type": "Point",
        "coordinates": [
          14.06667,
          -8.95
        ]
      },
      "properties": {
        "name": "Zenza",
        "country": "Angola",
        "region": "Cuanza Norte",
        "elevation_m": null,
        "population": 0,
        "feature_type": "populated place",
        "geoname_id": 2236280
      }
    },
    {
      "type": "Feature",
      "geometry": {
        "type": "Point",
        "coordinates": [
          14.85585,
          -7.10223
        ]
      },
      "properties": {
        "name": "Zenguele",
        "country": "Angola",
        "region": "Uíge",
        "elevation_m": null,
        "population": 0,
        "feature_type": "populated place",
        "geoname_id": 2236281
      }
    },
    {
      "type": "Feature",
      "geometry": {
        "type": "Point",
        "coordinates": [
          16.11667,
          -9.35
        ]
      },
      "properties": {
        "name": "Zenguel",
        "country": "Angola",
        "region": "Malanje",
        "elevation_m": null,
        "population": 0,
        "feature_type": "populated place",
        "geoname_id": 2236282
      }
    },
    {
      "type": "Feature",
      "geometry": {
        "type": "Point",
        "coordinates": [
          14.3,
          -8.73333
        ]
      },
      "properties": {
        "name": "Zengo",
        "country": "Angola",
        "region": "Bengo",
        "elevation_m": null,
        "population": 0,
        "feature_type": "populated place",
        "geoname_id": 2236285
      }
    },
    {
      "type": "Feature",
      "geometry": {
        "type": "Point",
        "coordinates": [
          14.4,
          -7.48333
        ]
      },
      "properties": {
        "name": "Zenge",
        "country": "Angola",
        "region": "Uíge",
        "elevation_m": null,
        "population": 0,
        "feature_type": "populated place",
        "geoname_id": 2236287
      }
    },
    {
      "type": "Feature",
      "geometry": {
        "type": "Point",
        "coordinates": [
          15.06562,
          -6.64726
        ]
      },
      "properties": {
        "name": "Iembo",
        "country": "Angola",
        "region": "Uíge",
        "elevation_m": null,
        "population": 0,
        "feature_type": "populated place",
        "geoname_id": 2236289
      }
    },
    {
      "type": "Feature",
      "geometry": {
        "type": "Point",
        "coordinates": [
          14.62636,
          -8.10375
        ]
      },
      "properties": {
        "name": "Zemba",
        "country": "Angola",
        "region": "Bengo",
        "elevation_m": null,
        "population": 0,
        "feature_type": "populated place",
        "geoname_id": 2236291
      }
    },
    {
      "type": "Feature",
      "geometry": {
        "type": "Point",
        "coordinates": [
          15.63667,
          -7.76218
        ]
      },
      "properties": {
        "name": "Quizemba",
        "country": "Angola",
        "region": "Uíge",
        "elevation_m": null,
        "population": 0,
        "feature_type": "populated place",
        "geoname_id": 2236292
      }
    },
    {
      "type": "Feature",
      "geometry": {
        "type": "Point",
        "coordinates": [
          14.68333,
          -6.48333
        ]
      },
      "properties": {
        "name": "Zemba",
        "country": "Angola",
        "region": "Zaire",
        "elevation_m": null,
        "population": 0,
        "feature_type": "populated place",
        "geoname_id": 2236293
      }
    },
    {
      "type": "Feature",
      "geometry": {
        "type": "Point",
        "coordinates": [
          14.78664,
          -9.90518
        ]
      },
      "properties": {
        "name": "Zele",
        "country": "Angola",
        "region": "Kwanza Sul",
        "elevation_m": null,
        "population": 0,
        "feature_type": "abandoned populated place",
        "geoname_id": 2236295
      }
    },
    {
      "type": "Feature",
      "geometry": {
        "type": "Point",
        "coordinates": [
          14.61667,
          -7.91667
        ]
      },
      "properties": {
        "name": "Zeia",
        "country": "Angola",
        "region": "Uíge",
        "elevation_m": null,
        "population": 0,
        "feature_type": "populated place",
        "geoname_id": 2236300
      }
    },
    {
      "type": "Feature",
      "geometry": {
        "type": "Point",
        "coordinates": [
          14.58333,
          -6.08333
        ]
      },
      "properties": {
        "name": "Zaza",
        "country": "Angola",
        "region": "Zaire",
        "elevation_m": null,
        "population": 0,
        "feature_type": "populated place",
        "geoname_id": 2236305
      }
    },
    {
      "type": "Feature",
      "geometry": {
        "type": "Point",
        "coordinates": [
          15.87192,
          -8.53145
        ]
      },
      "properties": {
        "name": "Zatula",
        "country": "Angola",
        "region": "Malanje",
        "elevation_m": null,
        "population": 0,
        "feature_type": "populated place",
        "geoname_id": 2236309
      }
    },
    {
      "type": "Feature",
      "geometry": {
        "type": "Point",
        "coordinates": [
          16.22093,
          -7.36988
        ]
      },
      "properties": {
        "name": "Zassucula",
        "country": "Angola",
        "region": "Uíge",
        "elevation_m": null,
        "population": 0,
        "feature_type": "abandoned populated place",
        "geoname_id": 2236310
      }
    },
    {
      "type": "Feature",
      "geometry": {
        "type": "Point",
        "coordinates": [
          15.5,
          -6.4
        ]
      },
      "properties": {
        "name": "Zari",
        "country": "Angola",
        "region": "Uíge",
        "elevation_m": null,
        "population": 0,
        "feature_type": "populated place",
        "geoname_id": 2236316
      }
    },
    {
      "type": "Feature",
      "geometry": {
        "type": "Point",
        "coordinates": [
          15.84197,
          -8.01042
        ]
      },
      "properties": {
        "name": "Zangula",
        "country": "Angola",
        "region": "Uíge",
        "elevation_m": null,
        "population": 0,
        "feature_type": "abandoned populated place",
        "geoname_id": 2236318
      }
    },
    {
      "type": "Feature",
      "geometry": {
        "type": "Point",
        "coordinates": [
          15.84598,
          -8.0006
        ]
      },
      "properties": {
        "name": "Zangula",
        "country": "Angola",
        "region": "Uíge",
        "elevation_m": null,
        "population": 0,
        "feature_type": "populated place",
        "geoname_id": 2236319
      }
    },
    {
      "type": "Feature",
      "geometry": {
        "type": "Point",
        "coordinates": [
          15.99099,
          -9.48052
        ]
      },
      "properties": {
        "name": "Zanga",
        "country": "Angola",
        "region": "Malanje",
        "elevation_m": null,
        "population": 0,
        "feature_type": "populated place",
        "geoname_id": 2236324
      }
    },
    {
      "type": "Feature",
      "geometry": {
        "type": "Point",
        "coordinates": [
          14.94612,
          -8.99676
        ]
      },
      "properties": {
        "name": "Zanga",
        "country": "Angola",
        "region": "Cuanza Norte",
        "elevation_m": null,
        "population": 0,
        "feature_type": "populated place",
        "geoname_id": 2236325
      }
    },
    {
      "type": "Feature",
      "geometry": {
        "type": "Point",
        "coordinates": [
          14.98333,
          -9.2
        ]
      },
      "properties": {
        "name": "Zanga",
        "country": "Angola",
        "region": "Cuanza Norte",
        "elevation_m": null,
        "population": 0,
        "feature_type": "populated place",
        "geoname_id": 2236326
      }
    },
    {
      "type": "Feature",
      "geometry": {
        "type": "Point",
        "coordinates": [
          15.75,
          -8.65
        ]
      },
      "properties": {
        "name": "Zanga",
        "country": "Angola",
        "region": "Malanje",
        "elevation_m": null,
        "population": 0,
        "feature_type": "populated place",
        "geoname_id": 2236327
      }
    },
    {
      "type": "Feature",
      "geometry": {
        "type": "Point",
        "coordinates": [
          14.55,
          -5.93333
        ]
      },
      "properties": {
        "name": "Zanga",
        "country": "Angola",
        "region": "Zaire",
        "elevation_m": null,
        "population": 0,
        "feature_type": "populated place",
        "geoname_id": 2236328
      }
    },
    {
      "type": "Feature",
      "geometry": {
        "type": "Point",
        "coordinates": [
          15.52437,
          -8.00279
        ]
      },
      "properties": {
        "name": "Zanda",
        "country": "Angola",
        "region": "Uíge",
        "elevation_m": null,
        "population": 0,
        "feature_type": "populated place",
        "geoname_id": 2236329
      }
    },
    {
      "type": "Feature",
      "geometry": {
        "type": "Point",
        "coordinates": [
          15.21685,
          -7.63918
        ]
      },
      "properties": {
        "name": "Nzambi",
        "country": "Angola",
        "region": "Uíge",
        "elevation_m": null,
        "population": 0,
        "feature_type": "populated place",
        "geoname_id": 2236332
      }
    },
    {
      "type": "Feature",
      "geometry": {
        "type": "Point",
        "coordinates": [
          14.621,
          -8.93432
        ]
      },
      "properties": {
        "name": "Nzambi iá Luquem",
        "country": "Angola",
        "region": "Cuanza Norte",
        "elevation_m": null,
        "population": 0,
        "feature_type": "abandoned populated place",
        "geoname_id": 2236333
      }
    },
    {
      "type": "Feature",
      "geometry": {
        "type": "Point",
        "coordinates": [
          15.3,
          -8.5
        ]
      },
      "properties": {
        "name": "Zambe",
        "country": "Angola",
        "region": "Cuanza Norte",
        "elevation_m": null,
        "population": 0,
        "feature_type": "populated place",
        "geoname_id": 2236334
      }
    },
    {
      "type": "Feature",
      "geometry": {
        "type": "Point",
        "coordinates": [
          14.61667,
          -7.96667
        ]
      },
      "properties": {
        "name": "Zambache",
        "country": "Angola",
        "region": "Bengo",
        "elevation_m": null,
        "population": 0,
        "feature_type": "populated place",
        "geoname_id": 2236335
      }
    },
    {
      "type": "Feature",
      "geometry": {
        "type": "Point",
        "coordinates": [
          15.42192,
          -8.78415
        ]
      },
      "properties": {
        "name": "Nzamba",
        "country": "Angola",
        "region": "Cuanza Norte",
        "elevation_m": null,
        "population": 0,
        "feature_type": "populated place",
        "geoname_id": 2236341
      }
    },
    {
      "type": "Feature",
      "geometry": {
        "type": "Point",
        "coordinates": [
          15.82711,
          -8.51136
        ]
      },
      "properties": {
        "name": "Nzamba",
        "country": "Angola",
        "region": "Malanje",
        "elevation_m": null,
        "population": 0,
        "feature_type": "populated place",
        "geoname_id": 2236342
      }
    },
    {
      "type": "Feature",
      "geometry": {
        "type": "Point",
        "coordinates": [
          14.33333,
          -6.48333
        ]
      },
      "properties": {
        "name": "Zamba",
        "country": "Angola",
        "region": "Zaire",
        "elevation_m": null,
        "population": 0,
        "feature_type": "populated place",
        "geoname_id": 2236343
      }
    },
    {
      "type": "Feature",
      "geometry": {
        "type": "Point",
        "coordinates": [
          14.26667,
          -6.28333
        ]
      },
      "properties": {
        "name": "Zamba",
        "country": "Angola",
        "region": "Zaire",
        "elevation_m": null,
        "population": 0,
        "feature_type": "populated place",
        "geoname_id": 2236344
      }
    },
    {
      "type": "Feature",
      "geometry": {
        "type": "Point",
        "coordinates": [
          14.5419,
          -6.14845
        ]
      },
      "properties": {
        "name": "Nzamba",
        "country": "Angola",
        "region": "Zaire",
        "elevation_m": null,
        "population": 0,
        "feature_type": "populated place",
        "geoname_id": 2236345
      }
    },
    {
      "type": "Feature",
      "geometry": {
        "type": "Point",
        "coordinates": [
          14.8,
          -5.96667
        ]
      },
      "properties": {
        "name": "Zamba",
        "country": "Angola",
        "region": "Zaire",
        "elevation_m": null,
        "population": 0,
        "feature_type": "populated place",
        "geoname_id": 2236346
      }
    },
    {
      "type": "Feature",
      "geometry": {
        "type": "Point",
        "coordinates": [
          15.34989,
          -8.70283
        ]
      },
      "properties": {
        "name": "Zalata",
        "country": "Angola",
        "region": "Cuanza Norte",
        "elevation_m": null,
        "population": 0,
        "feature_type": "abandoned populated place",
        "geoname_id": 2236349
      }
    },
    {
      "type": "Feature",
      "geometry": {
        "type": "Point",
        "coordinates": [
          15.27457,
          -8.55144
        ]
      },
      "properties": {
        "name": "Zala",
        "country": "Angola",
        "region": "Cuanza Norte",
        "elevation_m": null,
        "population": 0,
        "feature_type": "populated place",
        "geoname_id": 2236353
      }
    },
    {
      "type": "Feature",
      "geometry": {
        "type": "Point",
        "coordinates": [
          16.0548,
          -8.68353
        ]
      },
      "properties": {
        "name": "Mbando",
        "country": "Angola",
        "region": "Malanje",
        "elevation_m": null,
        "population": 0,
        "feature_type": "populated place",
        "geoname_id": 2236357
      }
    },
    {
      "type": "Feature",
      "geometry": {
        "type": "Point",
        "coordinates": [
          17.15,
          -9.15
        ]
      },
      "properties": {
        "name": "Zage",
        "country": "Angola",
        "region": "Malanje",
        "elevation_m": null,
        "population": 0,
        "feature_type": "populated place",
        "geoname_id": 2236359
      }
    },
    {
      "type": "Feature",
      "geometry": {
        "type": "Point",
        "coordinates": [
          15.89572,
          -8.22423
        ]
      },
      "properties": {
        "name": "Nzagi",
        "country": "Angola",
        "region": "Uíge",
        "elevation_m": null,
        "population": 0,
        "feature_type": "populated place",
        "geoname_id": 2236361
      }
    },
    {
      "type": "Feature",
      "geometry": {
        "type": "Point",
        "coordinates": [
          16.75,
          -9.53333
        ]
      },
      "properties": {
        "name": "Zafl",
        "country": "Angola",
        "region": "Malanje",
        "elevation_m": null,
        "population": 0,
        "feature_type": "populated place",
        "geoname_id": 2236362
      }
    },
    {
      "type": "Feature",
      "geometry": {
        "type": "Point",
        "coordinates": [
          14.81667,
          -6.96667
        ]
      },
      "properties": {
        "name": "Zadi",
        "country": "Angola",
        "region": "Uíge",
        "elevation_m": null,
        "population": 0,
        "feature_type": "populated place",
        "geoname_id": 2236369
      }
    },
    {
      "type": "Feature",
      "geometry": {
        "type": "Point",
        "coordinates": [
          14.7,
          -6.8
        ]
      },
      "properties": {
        "name": "Zádi",
        "country": "Angola",
        "region": "Uíge",
        "elevation_m": null,
        "population": 0,
        "feature_type": "populated place",
        "geoname_id": 2236370
      }
    },
    {
      "type": "Feature",
      "geometry": {
        "type": "Point",
        "coordinates": [
          14.53333,
          -9.15
        ]
      },
      "properties": {
        "name": "Zaca",
        "country": "Angola",
        "region": "Cuanza Norte",
        "elevation_m": null,
        "population": 0,
        "feature_type": "populated place",
        "geoname_id": 2236372
      }
    },
    {
      "type": "Feature",
      "geometry": {
        "type": "Point",
        "coordinates": [
          15.8,
          -8.85
        ]
      },
      "properties": {
        "name": "Xiquita",
        "country": "Angola",
        "region": "Malanje",
        "elevation_m": null,
        "population": 0,
        "feature_type": "populated place",
        "geoname_id": 2236376
      }
    },
    {
      "type": "Feature",
      "geometry": {
        "type": "Point",
        "coordinates": [
          15.31667,
          -7.68333
        ]
      },
      "properties": {
        "name": "Xipau",
        "country": "Angola",
        "region": "Uíge",
        "elevation_m": null,
        "population": 0,
        "feature_type": "populated place",
        "geoname_id": 2236377
      }
    },
    {
      "type": "Feature",
      "geometry": {
        "type": "Point",
        "coordinates": [
          19.13644,
          -9.77609
        ]
      },
      "properties": {
        "name": "Xinge",
        "country": "Angola",
        "region": "Luanda Norte",
        "elevation_m": null,
        "population": 0,
        "feature_type": "seat of a third-order administrative division",
        "geoname_id": 2236380
      }
    },
    {
      "type": "Feature",
      "geometry": {
        "type": "Point",
        "coordinates": [
          15.9013,
          -9.17476
        ]
      },
      "properties": {
        "name": "Chinganeca",
        "country": "Angola",
        "region": "Malanje",
        "elevation_m": null,
        "population": 0,
        "feature_type": "destroyed populated place",
        "geoname_id": 2236381
      }
    },
    {
      "type": "Feature",
      "geometry": {
        "type": "Point",
        "coordinates": [
          15.88333,
          -9.15
        ]
      },
      "properties": {
        "name": "Xinganeca",
        "country": "Angola",
        "region": "Malanje",
        "elevation_m": null,
        "population": 0,
        "feature_type": "populated place",
        "geoname_id": 2236382
      }
    },
    {
      "type": "Feature",
      "geometry": {
        "type": "Point",
        "coordinates": [
          14.28333,
          -7.1
        ]
      },
      "properties": {
        "name": "Xinga",
        "country": "Angola",
        "region": "Uíge",
        "elevation_m": null,
        "population": 0,
        "feature_type": "populated place",
        "geoname_id": 2236384
      }
    },
    {
      "type": "Feature",
      "geometry": {
        "type": "Point",
        "coordinates": [
          14.91667,
          -5.96667
        ]
      },
      "properties": {
        "name": "Xindo",
        "country": "Angola",
        "region": "Uíge",
        "elevation_m": null,
        "population": 0,
        "feature_type": "populated place",
        "geoname_id": 2236385
      }
    },
    {
      "type": "Feature",
      "geometry": {
        "type": "Point",
        "coordinates": [
          18.3,
          -9.4
        ]
      },
      "properties": {
        "name": "Ximba",
        "country": "Angola",
        "region": "Luanda Norte",
        "elevation_m": null,
        "population": 0,
        "feature_type": "populated place",
        "geoname_id": 2236388
      }
    },
    {
      "type": "Feature",
      "geometry": {
        "type": "Point",
        "coordinates": [
          15.95434,
          -8.88335
        ]
      },
      "properties": {
        "name": "Xirimbimbi",
        "country": "Angola",
        "region": "Malanje",
        "elevation_m": null,
        "population": 0,
        "feature_type": "populated place",
        "geoname_id": 2236389
      }
    },
    {
      "type": "Feature",
      "geometry": {
        "type": "Point",
        "coordinates": [
          19.41667,
          -7.65
        ]
      },
      "properties": {
        "name": "Xaundo",
        "country": "Angola",
        "region": "Luanda Norte",
        "elevation_m": null,
        "population": 0,
        "feature_type": "populated place",
        "geoname_id": 2236391
      }
    },
    {
      "type": "Feature",
      "geometry": {
        "type": "Point",
        "coordinates": [
          19.95,
          -7.65
        ]
      },
      "properties": {
        "name": "Xatengo",
        "country": "Angola",
        "region": "Luanda Norte",
        "elevation_m": null,
        "population": 0,
        "feature_type": "populated place",
        "geoname_id": 2236392
      }
    },
    {
      "type": "Feature",
      "geometry": {
        "type": "Point",
        "coordinates": [
          19.91667,
          -7.7
        ]
      },
      "properties": {
        "name": "Xangulo",
        "country": "Angola",
        "region": "Luanda Norte",
        "elevation_m": null,
        "population": 0,
        "feature_type": "populated place",
        "geoname_id": 2236393
      }
    },
    {
      "type": "Feature",
      "geometry": {
        "type": "Point",
        "coordinates": [
          15.95,
          -9.01667
        ]
      },
      "properties": {
        "name": "Xanga",
        "country": "Angola",
        "region": "Malanje",
        "elevation_m": null,
        "population": 0,
        "feature_type": "populated place",
        "geoname_id": 2236394
      }
    },
    {
      "type": "Feature",
      "geometry": {
        "type": "Point",
        "coordinates": [
          17.19425,
          -9.3864
        ]
      },
      "properties": {
        "name": "Xandel",
        "country": "Angola",
        "region": "Malanje",
        "elevation_m": null,
        "population": 0,
        "feature_type": "seat of a second-order administrative division",
        "geoname_id": 2236395
      }
    },
    {
      "type": "Feature",
      "geometry": {
        "type": "Point",
        "coordinates": [
          17.80839,
          -9.52337
        ]
      },
      "properties": {
        "name": "Xá Muteba",
        "country": "Angola",
        "region": "Luanda Norte",
        "elevation_m": null,
        "population": 0,
        "feature_type": "seat of a second-order administrative division",
        "geoname_id": 2236397
      }
    },
    {
      "type": "Feature",
      "geometry": {
        "type": "Point",
        "coordinates": [
          13.81667,
          -6.66667
        ]
      },
      "properties": {
        "name": "Xamindele",
        "country": "Angola",
        "region": "Zaire",
        "elevation_m": null,
        "population": 0,
        "feature_type": "populated place",
        "geoname_id": 2236400
      }
    },
    {
      "type": "Feature",
      "geometry": {
        "type": "Point",
        "coordinates": [
          18.78333,
          -8.11667
        ]
      },
      "properties": {
        "name": "Xamazaca",
        "country": "Angola",
        "region": "Luanda Norte",
        "elevation_m": null,
        "population": 0,
        "feature_type": "populated place",
        "geoname_id": 2236401
      }
    },
    {
      "type": "Feature",
      "geometry": {
        "type": "Point",
        "coordinates": [
          18.25,
          -8.21667
        ]
      },
      "properties": {
        "name": "Xamamariata Nova",
        "country": "Angola",
        "region": "Luanda Norte",
        "elevation_m": null,
        "population": 0,
        "feature_type": "populated place",
        "geoname_id": 2236402
      }
    },
    {
      "type": "Feature",
      "geometry": {
        "type": "Point",
        "coordinates": [
          19.36667,
          -8.78333
        ]
      },
      "properties": {
        "name": "Xabimbe",
        "country": "Angola",
        "region": "Luanda Norte",
        "elevation_m": null,
        "population": 0,
        "feature_type": "populated place",
        "geoname_id": 2236404
      }
    },
    {
      "type": "Feature",
      "geometry": {
        "type": "Point",
        "coordinates": [
          17.54189,
          -8.4008
        ]
      },
      "properties": {
        "name": "Vungula",
        "country": "Angola",
        "region": "Luanda Norte",
        "elevation_m": null,
        "population": 0,
        "feature_type": "populated place",
        "geoname_id": 2236409
      }
    },
    {
      "type": "Feature",
      "geometry": {
        "type": "Point",
        "coordinates": [
          12.91667,
          -7.35
        ]
      },
      "properties": {
        "name": "Vungo",
        "country": "Angola",
        "region": "Zaire",
        "elevation_m": null,
        "population": 0,
        "feature_type": "populated place",
        "geoname_id": 2236414
      }
    },
    {
      "type": "Feature",
      "geometry": {
        "type": "Point",
        "coordinates": [
          14.25,
          -7.31667
        ]
      },
      "properties": {
        "name": "Vungo",
        "country": "Angola",
        "region": "Uíge",
        "elevation_m": null,
        "population": 0,
        "feature_type": "populated place",
        "geoname_id": 2236415
      }
    },
    {
      "type": "Feature",
      "geometry": {
        "type": "Point",
        "coordinates": [
          15.83333,
          -8.11667
        ]
      },
      "properties": {
        "name": "Vunge",
        "country": "Angola",
        "region": "Uíge",
        "elevation_m": null,
        "population": 0,
        "feature_type": "populated place",
        "geoname_id": 2236417
      }
    },
    {
      "type": "Feature",
      "geometry": {
        "type": "Point",
        "coordinates": [
          15.44616,
          -7.82945
        ]
      },
      "properties": {
        "name": "Nvungi",
        "country": "Angola",
        "region": "Uíge",
        "elevation_m": null,
        "population": 0,
        "feature_type": "populated place",
        "geoname_id": 2236418
      }
    },
    {
      "type": "Feature",
      "geometry": {
        "type": "Point",
        "coordinates": [
          15.41667,
          -7.81667
        ]
      },
      "properties": {
        "name": "Vunda",
        "country": "Angola",
        "region": "Uíge",
        "elevation_m": null,
        "population": 0,
        "feature_type": "populated place",
        "geoname_id": 2236426
      }
    },
    {
      "type": "Feature",
      "geometry": {
        "type": "Point",
        "coordinates": [
          15.05,
          -6.43333
        ]
      },
      "properties": {
        "name": "Vunda",
        "country": "Angola",
        "region": "Uíge",
        "elevation_m": null,
        "population": 0,
        "feature_type": "populated place",
        "geoname_id": 2236427
      }
    },
    {
      "type": "Feature",
      "geometry": {
        "type": "Point",
        "coordinates": [
          14.28333,
          -6.13333
        ]
      },
      "properties": {
        "name": "Vunda",
        "country": "Angola",
        "region": "Zaire",
        "elevation_m": null,
        "population": 0,
        "feature_type": "populated place",
        "geoname_id": 2236428
      }
    },
    {
      "type": "Feature",
      "geometry": {
        "type": "Point",
        "coordinates": [
          14.36667,
          -5.91667
        ]
      },
      "properties": {
        "name": "Vunda",
        "country": "Angola",
        "region": "Zaire",
        "elevation_m": null,
        "population": 0,
        "feature_type": "populated place",
        "geoname_id": 2236429
      }
    },
    {
      "type": "Feature",
      "geometry": {
        "type": "Point",
        "coordinates": [
          13.78333,
          -7.03333
        ]
      },
      "properties": {
        "name": "Vunciri",
        "country": "Angola",
        "region": "Zaire",
        "elevation_m": null,
        "population": 0,
        "feature_type": "populated place",
        "geoname_id": 2236430
      }
    },
    {
      "type": "Feature",
      "geometry": {
        "type": "Point",
        "coordinates": [
          13.33333,
          -6.03333
        ]
      },
      "properties": {
        "name": "Vumputo",
        "country": "Angola",
        "region": "Zaire",
        "elevation_m": null,
        "population": 0,
        "feature_type": "populated place",
        "geoname_id": 2236431
      }
    },
    {
      "type": "Feature",
      "geometry": {
        "type": "Point",
        "coordinates": [
          14.91667,
          -5.86667
        ]
      },
      "properties": {
        "name": "Vuma",
        "country": "Angola",
        "region": "Uíge",
        "elevation_m": null,
        "population": 0,
        "feature_type": "populated place",
        "geoname_id": 2236434
      }
    },
    {
      "type": "Feature",
      "geometry": {
        "type": "Point",
        "coordinates": [
          15.07423,
          -6.55429
        ]
      },
      "properties": {
        "name": "Ngando Quincau",
        "country": "Angola",
        "region": "Uíge",
        "elevation_m": null,
        "population": 0,
        "feature_type": "populated place",
        "geoname_id": 2236435
      }
    },
    {
      "type": "Feature",
      "geometry": {
        "type": "Point",
        "coordinates": [
          16.24722,
          -9.64222
        ]
      },
      "properties": {
        "name": "Vulangombe",
        "country": "Angola",
        "region": "Malanje",
        "elevation_m": null,
        "population": 0,
        "feature_type": "populated place",
        "geoname_id": 2236439
      }
    },
    {
      "type": "Feature",
      "geometry": {
        "type": "Point",
        "coordinates": [
          15.28333,
          -5.86667
        ]
      },
      "properties": {
        "name": "Vulage",
        "country": "Angola",
        "region": "Uíge",
        "elevation_m": null,
        "population": 0,
        "feature_type": "populated place",
        "geoname_id": 2236441
      }
    },
    {
      "type": "Feature",
      "geometry": {
        "type": "Point",
        "coordinates": [
          14.3,
          -7.01667
        ]
      },
      "properties": {
        "name": "Vui",
        "country": "Angola",
        "region": "Uíge",
        "elevation_m": null,
        "population": 0,
        "feature_type": "populated place",
        "geoname_id": 2236448
      }
    },
    {
      "type": "Feature",
      "geometry": {
        "type": "Point",
        "coordinates": [
          14.18333,
          -7.21667
        ]
      },
      "properties": {
        "name": "Vudi",
        "country": "Angola",
        "region": "Uíge",
        "elevation_m": null,
        "population": 0,
        "feature_type": "populated place",
        "geoname_id": 2236451
      }
    },
    {
      "type": "Feature",
      "geometry": {
        "type": "Point",
        "coordinates": [
          15.5,
          -6.96667
        ]
      },
      "properties": {
        "name": "Vuanga",
        "country": "Angola",
        "region": "Uíge",
        "elevation_m": null,
        "population": 0,
        "feature_type": "populated place",
        "geoname_id": 2236457
      }
    },
    {
      "type": "Feature",
      "geometry": {
        "type": "Point",
        "coordinates": [
          15.35,
          -6.51667
        ]
      },
      "properties": {
        "name": "Vuanga",
        "country": "Angola",
        "region": "Uíge",
        "elevation_m": null,
        "population": 0,
        "feature_type": "populated place",
        "geoname_id": 2236458
      }
    },
    {
      "type": "Feature",
      "geometry": {
        "type": "Point",
        "coordinates": [
          15.55,
          -8.15
        ]
      },
      "properties": {
        "name": "Vota",
        "country": "Angola",
        "region": "Cuanza Norte",
        "elevation_m": null,
        "population": 0,
        "feature_type": "populated place",
        "geoname_id": 2236462
      }
    },
    {
      "type": "Feature",
      "geometry": {
        "type": "Point",
        "coordinates": [
          14.61667,
          -6.78333
        ]
      },
      "properties": {
        "name": "Vondo",
        "country": "Angola",
        "region": "Uíge",
        "elevation_m": null,
        "population": 0,
        "feature_type": "populated place",
        "geoname_id": 2236464
      }
    },
    {
      "type": "Feature",
      "geometry": {
        "type": "Point",
        "coordinates": [
          15.01818,
          -6.02727
        ]
      },
      "properties": {
        "name": "Vululu",
        "country": "Angola",
        "region": "Uíge",
        "elevation_m": null,
        "population": 0,
        "feature_type": "populated place",
        "geoname_id": 2236466
      }
    },
    {
      "type": "Feature",
      "geometry": {
        "type": "Point",
        "coordinates": [
          15.23333,
          -6.05
        ]
      },
      "properties": {
        "name": "Voge",
        "country": "Angola",
        "region": "Uíge",
        "elevation_m": null,
        "population": 0,
        "feature_type": "populated place",
        "geoname_id": 2236472
      }
    },
    {
      "type": "Feature",
      "geometry": {
        "type": "Point",
        "coordinates": [
          12.48333,
          -4.93333
        ]
      },
      "properties": {
        "name": "Vito",
        "country": "Angola",
        "region": "Cabinda",
        "elevation_m": null,
        "population": 0,
        "feature_type": "populated place",
        "geoname_id": 2236477
      }
    },
    {
      "type": "Feature",
      "geometry": {
        "type": "Point",
        "coordinates": [
          14.2,
          -7.95
        ]
      },
      "properties": {
        "name": "Vinte-e-oito de Maio",
        "country": "Angola",
        "region": "Bengo",
        "elevation_m": null,
        "population": 0,
        "feature_type": "populated place",
        "geoname_id": 2236478
      }
    },
    {
      "type": "Feature",
      "geometry": {
        "type": "Point",
        "coordinates": [
          15.08333,
          -6.3
        ]
      },
      "properties": {
        "name": "Vinte-e-oito de Maio",
        "country": "Angola",
        "region": "Uíge",
        "elevation_m": null,
        "population": 0,
        "feature_type": "populated place",
        "geoname_id": 2236479
      }
    },
    {
      "type": "Feature",
      "geometry": {
        "type": "Point",
        "coordinates": [
          15.99475,
          -7.30333
        ]
      },
      "properties": {
        "name": "Quivinte",
        "country": "Angola",
        "region": "Uíge",
        "elevation_m": null,
        "population": 0,
        "feature_type": "populated place",
        "geoname_id": 2236480
      }
    },
    {
      "type": "Feature",
      "geometry": {
        "type": "Point",
        "coordinates": [
          15.21667,
          -6.95
        ]
      },
      "properties": {
        "name": "Vinda",
        "country": "Angola",
        "region": "Uíge",
        "elevation_m": null,
        "population": 0,
        "feature_type": "populated place",
        "geoname_id": 2236482
      }
    },
    {
      "type": "Feature",
      "geometry": {
        "type": "Point",
        "coordinates": [
          13.73333,
          -6.36667
        ]
      },
      "properties": {
        "name": "Vinda",
        "country": "Angola",
        "region": "Zaire",
        "elevation_m": null,
        "population": 0,
        "feature_type": "populated place",
        "geoname_id": 2236483
      }
    },
    {
      "type": "Feature",
      "geometry": {
        "type": "Point",
        "coordinates": [
          14.59179,
          -6.09587
        ]
      },
      "properties": {
        "name": "Vinda",
        "country": "Angola",
        "region": "Zaire",
        "elevation_m": null,
        "population": 0,
        "feature_type": "populated place",
        "geoname_id": 2236484
      }
    },
    {
      "type": "Feature",
      "geometry": {
        "type": "Point",
        "coordinates": [
          15.00625,
          -6.01948
        ]
      },
      "properties": {
        "name": "Vinda",
        "country": "Angola",
        "region": "Uíge",
        "elevation_m": null,
        "population": 0,
        "feature_type": "populated place",
        "geoname_id": 2236485
      }
    },
    {
      "type": "Feature",
      "geometry": {
        "type": "Point",
        "coordinates": [
          14.98333,
          -6.01667
        ]
      },
      "properties": {
        "name": "Vinda",
        "country": "Angola",
        "region": "Uíge",
        "elevation_m": null,
        "population": 0,
        "feature_type": "populated place",
        "geoname_id": 2236486
      }
    },
    {
      "type": "Feature",
      "geometry": {
        "type": "Point",
        "coordinates": [
          13.66667,
          -6.58333
        ]
      },
      "properties": {
        "name": "Vina",
        "country": "Angola",
        "region": "Zaire",
        "elevation_m": null,
        "population": 0,
        "feature_type": "populated place",
        "geoname_id": 2236487
      }
    },
    {
      "type": "Feature",
      "geometry": {
        "type": "Point",
        "coordinates": [
          14.53333,
          -6.55
        ]
      },
      "properties": {
        "name": "Vimpe",
        "country": "Angola",
        "region": "Zaire",
        "elevation_m": null,
        "population": 0,
        "feature_type": "populated place",
        "geoname_id": 2236488
      }
    },
    {
      "type": "Feature",
      "geometry": {
        "type": "Point",
        "coordinates": [
          15.1637,
          -6.23862
        ]
      },
      "properties": {
        "name": "Vilau",
        "country": "Angola",
        "region": "Uíge",
        "elevation_m": null,
        "population": 0,
        "feature_type": "populated place",
        "geoname_id": 2236490
      }
    },
    {
      "type": "Feature",
      "geometry": {
        "type": "Point",
        "coordinates": [
          15.15,
          -6.23333
        ]
      },
      "properties": {
        "name": "Vilau",
        "country": "Angola",
        "region": "Uíge",
        "elevation_m": null,
        "population": 0,
        "feature_type": "populated place",
        "geoname_id": 2236491
      }
    },
    {
      "type": "Feature",
      "geometry": {
        "type": "Point",
        "coordinates": [
          14.78333,
          -9.76667
        ]
      },
      "properties": {
        "name": "Vila Etelvina",
        "country": "Angola",
        "region": "Kwanza Sul",
        "elevation_m": null,
        "population": 0,
        "feature_type": "populated place",
        "geoname_id": 2236493
      }
    },
    {
      "type": "Feature",
      "geometry": {
        "type": "Point",
        "coordinates": [
          14.3,
          -9.53333
        ]
      },
      "properties": {
        "name": "Vila Cândida",
        "country": "Angola",
        "region": "Cuanza Norte",
        "elevation_m": null,
        "population": 0,
        "feature_type": "populated place",
        "geoname_id": 2236494
      }
    },
    {
      "type": "Feature",
      "geometry": {
        "type": "Point",
        "coordinates": [
          12.75,
          -4.81667
        ]
      },
      "properties": {
        "name": "Viede",
        "country": "Angola",
        "region": "Cabinda",
        "elevation_m": null,
        "population": 0,
        "feature_type": "populated place",
        "geoname_id": 2236498
      }
    },
    {
      "type": "Feature",
      "geometry": {
        "type": "Point",
        "coordinates": [
          14.11667,
          -5.93333
        ]
      },
      "properties": {
        "name": "Veve",
        "country": "Angola",
        "region": "Zaire",
        "elevation_m": null,
        "population": 0,
        "feature_type": "populated place",
        "geoname_id": 2236501
      }
    },
    {
      "type": "Feature",
      "geometry": {
        "type": "Point",
        "coordinates": [
          15.81465,
          -8.00117
        ]
      },
      "properties": {
        "name": "Vengueta",
        "country": "Angola",
        "region": "Uíge",
        "elevation_m": null,
        "population": 0,
        "feature_type": "populated place",
        "geoname_id": 2236506
      }
    },
    {
      "type": "Feature",
      "geometry": {
        "type": "Point",
        "coordinates": [
          14.63333,
          -6.83333
        ]
      },
      "properties": {
        "name": "Vatu",
        "country": "Angola",
        "region": "Uíge",
        "elevation_m": null,
        "population": 0,
        "feature_type": "populated place",
        "geoname_id": 2236512
      }
    },
    {
      "type": "Feature",
      "geometry": {
        "type": "Point",
        "coordinates": [
          14.6,
          -9.06667
        ]
      },
      "properties": {
        "name": "Vasco",
        "country": "Angola",
        "region": "Cuanza Norte",
        "elevation_m": null,
        "population": 0,
        "feature_type": "populated place",
        "geoname_id": 2236513
      }
    },
    {
      "type": "Feature",
      "geometry": {
        "type": "Point",
        "coordinates": [
          14.78333,
          -6.88333
        ]
      },
      "properties": {
        "name": "Vanguemba",
        "country": "Angola",
        "region": "Uíge",
        "elevation_m": null,
        "population": 0,
        "feature_type": "populated place",
        "geoname_id": 2236517
      }
    },
    {
      "type": "Feature",
      "geometry": {
        "type": "Point",
        "coordinates": [
          12.96667,
          -6.05
        ]
      },
      "properties": {
        "name": "Vandembo",
        "country": "Angola",
        "region": "Zaire",
        "elevation_m": null,
        "population": 0,
        "feature_type": "populated place",
        "geoname_id": 2236519
      }
    },
    {
      "type": "Feature",
      "geometry": {
        "type": "Point",
        "coordinates": [
          14.33333,
          -6.48333
        ]
      },
      "properties": {
        "name": "Vampa",
        "country": "Angola",
        "region": "Zaire",
        "elevation_m": null,
        "population": 0,
        "feature_type": "populated place",
        "geoname_id": 2236520
      }
    },
    {
      "type": "Feature",
      "geometry": {
        "type": "Point",
        "coordinates": [
          13.58333,
          -7.23333
        ]
      },
      "properties": {
        "name": "Vambe",
        "country": "Angola",
        "region": "Zaire",
        "elevation_m": null,
        "population": 0,
        "feature_type": "populated place",
        "geoname_id": 2236521
      }
    },
    {
      "type": "Feature",
      "geometry": {
        "type": "Point",
        "coordinates": [
          15.95,
          -9.46667
        ]
      },
      "properties": {
        "name": "Valussengue",
        "country": "Angola",
        "region": "Malanje",
        "elevation_m": null,
        "population": 0,
        "feature_type": "populated place",
        "geoname_id": 2236531
      }
    },
    {
      "type": "Feature",
      "geometry": {
        "type": "Point",
        "coordinates": [
          12.23333,
          -5.55
        ]
      },
      "properties": {
        "name": "Vala",
        "country": "Angola",
        "region": "Cabinda",
        "elevation_m": null,
        "population": 0,
        "feature_type": "populated place",
        "geoname_id": 2236534
      }
    },
    {
      "type": "Feature",
      "geometry": {
        "type": "Point",
        "coordinates": [
          14.53333,
          -6.4
        ]
      },
      "properties": {
        "name": "Vacala",
        "country": "Angola",
        "region": "Zaire",
        "elevation_m": null,
        "population": 0,
        "feature_type": "populated place",
        "geoname_id": 2236536
      }
    },
    {
      "type": "Feature",
      "geometry": {
        "type": "Point",
        "coordinates": [
          15.45,
          -7.83333
        ]
      },
      "properties": {
        "name": "Utucala",
        "country": "Angola",
        "region": "Uíge",
        "elevation_m": null,
        "population": 0,
        "feature_type": "populated place",
        "geoname_id": 2236543
      }
    },
    {
      "type": "Feature",
      "geometry": {
        "type": "Point",
        "coordinates": [
          12.76667,
          -6.7
        ]
      },
      "properties": {
        "name": "Uondo",
        "country": "Angola",
        "region": "Zaire",
        "elevation_m": null,
        "population": 0,
        "feature_type": "populated place",
        "geoname_id": 2236545
      }
    },
    {
      "type": "Feature",
      "geometry": {
        "type": "Point",
        "coordinates": [
          14.01667,
          -7.5
        ]
      },
      "properties": {
        "name": "Uonde",
        "country": "Angola",
        "region": "Uíge",
        "elevation_m": null,
        "population": 0,
        "feature_type": "populated place",
        "geoname_id": 2236546
      }
    },
    {
      "type": "Feature",
      "geometry": {
        "type": "Point",
        "coordinates": [
          14.11667,
          -7.23333
        ]
      },
      "properties": {
        "name": "Uonde",
        "country": "Angola",
        "region": "Uíge",
        "elevation_m": null,
        "population": 0,
        "feature_type": "populated place",
        "geoname_id": 2236547
      }
    },
    {
      "type": "Feature",
      "geometry": {
        "type": "Point",
        "coordinates": [
          14.45155,
          -6.09918
        ]
      },
      "properties": {
        "name": "Undze",
        "country": "Angola",
        "region": "Zaire",
        "elevation_m": null,
        "population": 0,
        "feature_type": "populated place",
        "geoname_id": 2236548
      }
    },
    {
      "type": "Feature",
      "geometry": {
        "type": "Point",
        "coordinates": [
          17.93333,
          -8.06667
        ]
      },
      "properties": {
        "name": "Unda",
        "country": "Angola",
        "region": "Luanda Norte",
        "elevation_m": null,
        "population": 0,
        "feature_type": "populated place",
        "geoname_id": 2236553
      }
    },
    {
      "type": "Feature",
      "geometry": {
        "type": "Point",
        "coordinates": [
          14.93333,
          -6.85
        ]
      },
      "properties": {
        "name": "Umbo",
        "country": "Angola",
        "region": "Uíge",
        "elevation_m": null,
        "population": 0,
        "feature_type": "populated place",
        "geoname_id": 2236558
      }
    },
    {
      "type": "Feature",
      "geometry": {
        "type": "Point",
        "coordinates": [
          14.22969,
          -9.80018
        ]
      },
      "properties": {
        "name": "Umba",
        "country": "Angola",
        "region": "Bengo",
        "elevation_m": null,
        "population": 0,
        "feature_type": "populated place",
        "geoname_id": 2236560
      }
    },
    {
      "type": "Feature",
      "geometry": {
        "type": "Point",
        "coordinates": [
          15.17452,
          -6.69452
        ]
      },
      "properties": {
        "name": "Ulundo",
        "country": "Angola",
        "region": "Uíge",
        "elevation_m": null,
        "population": 0,
        "feature_type": "populated place",
        "geoname_id": 2236561
      }
    },
    {
      "type": "Feature",
      "geometry": {
        "type": "Point",
        "coordinates": [
          15.38333,
          -9.98333
        ]
      },
      "properties": {
        "name": "Ulumbo",
        "country": "Angola",
        "region": "Kwanza Sul",
        "elevation_m": null,
        "population": 0,
        "feature_type": "populated place",
        "geoname_id": 2236562
      }
    },
    {
      "type": "Feature",
      "geometry": {
        "type": "Point",
        "coordinates": [
          14.81667,
          -6.56667
        ]
      },
      "properties": {
        "name": "Ula",
        "country": "Angola",
        "region": "Uíge",
        "elevation_m": null,
        "population": 0,
        "feature_type": "populated place",
        "geoname_id": 2236563
      }
    },
    {
      "type": "Feature",
      "geometry": {
        "type": "Point",
        "coordinates": [
          15.23682,
          -8.17539
        ]
      },
      "properties": {
        "name": "Quibendo",
        "country": "Angola",
        "region": "Cuanza Norte",
        "elevation_m": null,
        "population": 0,
        "feature_type": "populated place",
        "geoname_id": 2236569
      }
    },
    {
      "type": "Feature",
      "geometry": {
        "type": "Point",
        "coordinates": [
          15.3757,
          -8.68944
        ]
      },
      "properties": {
        "name": "Uiangombe",
        "country": "Angola",
        "region": "Cuanza Norte",
        "elevation_m": null,
        "population": 0,
        "feature_type": "populated place",
        "geoname_id": 2236570
      }
    },
    {
      "type": "Feature",
      "geometry": {
        "type": "Point",
        "coordinates": [
          14.15,
          -9.88333
        ]
      },
      "properties": {
        "name": "Uiacongo",
        "country": "Angola",
        "region": "Bengo",
        "elevation_m": null,
        "population": 0,
        "feature_type": "populated place",
        "geoname_id": 2236571
      }
    },
    {
      "type": "Feature",
      "geometry": {
        "type": "Point",
        "coordinates": [
          15.4,
          -9.05
        ]
      },
      "properties": {
        "name": "Uiacava",
        "country": "Angola",
        "region": "Cuanza Norte",
        "elevation_m": null,
        "population": 0,
        "feature_type": "populated place",
        "geoname_id": 2236572
      }
    },
    {
      "type": "Feature",
      "geometry": {
        "type": "Point",
        "coordinates": [
          14.7,
          -5.98333
        ]
      },
      "properties": {
        "name": "Uene",
        "country": "Angola",
        "region": "Zaire",
        "elevation_m": null,
        "population": 0,
        "feature_type": "populated place",
        "geoname_id": 2236575
      }
    },
    {
      "type": "Feature",
      "geometry": {
        "type": "Point",
        "coordinates": [
          14.1,
          -5.88333
        ]
      },
      "properties": {
        "name": "Uene",
        "country": "Angola",
        "region": "Zaire",
        "elevation_m": null,
        "population": 0,
        "feature_type": "populated place",
        "geoname_id": 2236576
      }
    },
    {
      "type": "Feature",
      "geometry": {
        "type": "Point",
        "coordinates": [
          15.85089,
          -8.00123
        ]
      },
      "properties": {
        "name": "Uemita",
        "country": "Angola",
        "region": "Uíge",
        "elevation_m": null,
        "population": 0,
        "feature_type": "populated place",
        "geoname_id": 2236578
      }
    },
    {
      "type": "Feature",
      "geometry": {
        "type": "Point",
        "coordinates": [
          15.17952,
          -6.73188
        ]
      },
      "properties": {
        "name": "Uembo",
        "country": "Angola",
        "region": "Uíge",
        "elevation_m": null,
        "population": 0,
        "feature_type": "populated place",
        "geoname_id": 2236580
      }
    },
    {
      "type": "Feature",
      "geometry": {
        "type": "Point",
        "coordinates": [
          15.11667,
          -6.06667
        ]
      },
      "properties": {
        "name": "Uembo",
        "country": "Angola",
        "region": "Uíge",
        "elevation_m": null,
        "population": 0,
        "feature_type": "populated place",
        "geoname_id": 2236581
      }
    },
    {
      "type": "Feature",
      "geometry": {
        "type": "Point",
        "coordinates": [
          12.21667,
          -5.05
        ]
      },
      "properties": {
        "name": "Uega",
        "country": "Angola",
        "region": "Cabinda",
        "elevation_m": null,
        "population": 0,
        "feature_type": "populated place",
        "geoname_id": 2236583
      }
    },
    {
      "type": "Feature",
      "geometry": {
        "type": "Point",
        "coordinates": [
          14.35,
          -6.5
        ]
      },
      "properties": {
        "name": "Uauani",
        "country": "Angola",
        "region": "Zaire",
        "elevation_m": null,
        "population": 0,
        "feature_type": "populated place",
        "geoname_id": 2236590
      }
    },
    {
      "type": "Feature",
      "geometry": {
        "type": "Point",
        "coordinates": [
          15.46359,
          -6.30614
        ]
      },
      "properties": {
        "name": "Uau",
        "country": "Angola",
        "region": "Uíge",
        "elevation_m": null,
        "population": 0,
        "feature_type": "populated place",
        "geoname_id": 2236592
      }
    },
    {
      "type": "Feature",
      "geometry": {
        "type": "Point",
        "coordinates": [
          12.48333,
          -5.16667
        ]
      },
      "properties": {
        "name": "Uãngulo",
        "country": "Angola",
        "region": "Cabinda",
        "elevation_m": null,
        "population": 0,
        "feature_type": "populated place",
        "geoname_id": 2236594
      }
    },
    {
      "type": "Feature",
      "geometry": {
        "type": "Point",
        "coordinates": [
          14.61667,
          -9.66667
        ]
      },
      "properties": {
        "name": "Uanga",
        "country": "Angola",
        "region": "Cuanza Norte",
        "elevation_m": null,
        "population": 0,
        "feature_type": "populated place",
        "geoname_id": 2236595
      }
    },
    {
      "type": "Feature",
      "geometry": {
        "type": "Point",
        "coordinates": [
          16.1671,
          -7.31992
        ]
      },
      "properties": {
        "name": "Uamba",
        "country": "Angola",
        "region": "Uíge",
        "elevation_m": null,
        "population": 0,
        "feature_type": "seat of a third-order administrative division",
        "geoname_id": 2236601
      }
    },
    {
      "type": "Feature",
      "geometry": {
        "type": "Point",
        "coordinates": [
          15.31667,
          -9.31667
        ]
      },
      "properties": {
        "name": "Tuto",
        "country": "Angola",
        "region": "Cuanza Norte",
        "elevation_m": null,
        "population": 0,
        "feature_type": "populated place",
        "geoname_id": 2236612
      }
    },
    {
      "type": "Feature",
      "geometry": {
        "type": "Point",
        "coordinates": [
          15.51667,
          -7.88333
        ]
      },
      "properties": {
        "name": "Tuti",
        "country": "Angola",
        "region": "Uíge",
        "elevation_m": null,
        "population": 0,
        "feature_type": "populated place",
        "geoname_id": 2236613
      }
    },
    {
      "type": "Feature",
      "geometry": {
        "type": "Point",
        "coordinates": [
          15.48478,
          -7.88366
        ]
      },
      "properties": {
        "name": "Túti",
        "country": "Angola",
        "region": "Uíge",
        "elevation_m": null,
        "population": 0,
        "feature_type": "populated place",
        "geoname_id": 2236614
      }
    },
    {
      "type": "Feature",
      "geometry": {
        "type": "Point",
        "coordinates": [
          15.5,
          -8.48333
        ]
      },
      "properties": {
        "name": "Tuta",
        "country": "Angola",
        "region": "Cuanza Norte",
        "elevation_m": null,
        "population": 0,
        "feature_type": "populated place",
        "geoname_id": 2236616
      }
    },
    {
      "type": "Feature",
      "geometry": {
        "type": "Point",
        "coordinates": [
          16.23333,
          -9.66667
        ]
      },
      "properties": {
        "name": "Turige",
        "country": "Angola",
        "region": "Malanje",
        "elevation_m": null,
        "population": 0,
        "feature_type": "populated place",
        "geoname_id": 2236618
      }
    },
    {
      "type": "Feature",
      "geometry": {
        "type": "Point",
        "coordinates": [
          14.81667,
          -5.96667
        ]
      },
      "properties": {
        "name": "Tungo",
        "country": "Angola",
        "region": "Zaire",
        "elevation_m": null,
        "population": 0,
        "feature_type": "populated place",
        "geoname_id": 2236622
      }
    },
    {
      "type": "Feature",
      "geometry": {
        "type": "Point",
        "coordinates": [
          14.33333,
          -6.48333
        ]
      },
      "properties": {
        "name": "Tundo",
        "country": "Angola",
        "region": "Zaire",
        "elevation_m": null,
        "population": 0,
        "feature_type": "populated place",
        "geoname_id": 2236624
      }
    },
    {
      "type": "Feature",
      "geometry": {
        "type": "Point",
        "coordinates": [
          14.3,
          -6.41667
        ]
      },
      "properties": {
        "name": "Tundo",
        "country": "Angola",
        "region": "Zaire",
        "elevation_m": null,
        "population": 0,
        "feature_type": "populated place",
        "geoname_id": 2236625
      }
    },
    {
      "type": "Feature",
      "geometry": {
        "type": "Point",
        "coordinates": [
          15.53333,
          -7.93333
        ]
      },
      "properties": {
        "name": "Tundila",
        "country": "Angola",
        "region": "Uíge",
        "elevation_m": null,
        "population": 0,
        "feature_type": "populated place",
        "geoname_id": 2236626
      }
    },
    {
      "type": "Feature",
      "geometry": {
        "type": "Point",
        "coordinates": [
          14.86114,
          -9.89817
        ]
      },
      "properties": {
        "name": "Tunda",
        "country": "Angola",
        "region": "Kwanza Sul",
        "elevation_m": null,
        "population": 0,
        "feature_type": "destroyed populated place",
        "geoname_id": 2236627
      }
    },
    {
      "type": "Feature",
      "geometry": {
        "type": "Point",
        "coordinates": [
          15.90072,
          -8.81642
        ]
      },
      "properties": {
        "name": "Tunda Camizai",
        "country": "Angola",
        "region": "Malanje",
        "elevation_m": null,
        "population": 0,
        "feature_type": "populated place",
        "geoname_id": 2236628
      }
    },
    {
      "type": "Feature",
      "geometry": {
        "type": "Point",
        "coordinates": [
          16.3534,
          -8.78796
        ]
      },
      "properties": {
        "name": "Tunda",
        "country": "Angola",
        "region": "Malanje",
        "elevation_m": null,
        "population": 0,
        "feature_type": "populated place",
        "geoname_id": 2236629
      }
    },
    {
      "type": "Feature",
      "geometry": {
        "type": "Point",
        "coordinates": [
          15.62803,
          -8.69496
        ]
      },
      "properties": {
        "name": "Tunda",
        "country": "Angola",
        "region": "Cuanza Norte",
        "elevation_m": null,
        "population": 0,
        "feature_type": "populated place",
        "geoname_id": 2236630
      }
    },
    {
      "type": "Feature",
      "geometry": {
        "type": "Point",
        "coordinates": [
          15.79399,
          -8.47918
        ]
      },
      "properties": {
        "name": "Tunda Cuíca",
        "country": "Angola",
        "region": "Malanje",
        "elevation_m": null,
        "population": 0,
        "feature_type": "populated place",
        "geoname_id": 2236631
      }
    },
    {
      "type": "Feature",
      "geometry": {
        "type": "Point",
        "coordinates": [
          15.88132,
          -8.3323
        ]
      },
      "properties": {
        "name": "Tunda Calelamo",
        "country": "Angola",
        "region": "Malanje",
        "elevation_m": null,
        "population": 0,
        "feature_type": "populated place",
        "geoname_id": 2236632
      }
    },
    {
      "type": "Feature",
      "geometry": {
        "type": "Point",
        "coordinates": [
          15.94479,
          -8.16192
        ]
      },
      "properties": {
        "name": "Tundo",
        "country": "Angola",
        "region": "Uíge",
        "elevation_m": null,
        "population": 0,
        "feature_type": "populated place",
        "geoname_id": 2236633
      }
    },
    {
      "type": "Feature",
      "geometry": {
        "type": "Point",
        "coordinates": [
          15.62024,
          -8.09305
        ]
      },
      "properties": {
        "name": "Tunda",
        "country": "Angola",
        "region": "Cuanza Norte",
        "elevation_m": null,
        "population": 0,
        "feature_type": "populated place",
        "geoname_id": 2236634
      }
    },
    {
      "type": "Feature",
      "geometry": {
        "type": "Point",
        "coordinates": [
          15.01112,
          -6.01981
        ]
      },
      "properties": {
        "name": "Mbanza Tunda",
        "country": "Angola",
        "region": "Uíge",
        "elevation_m": null,
        "population": 0,
        "feature_type": "populated place",
        "geoname_id": 2236635
      }
    },
    {
      "type": "Feature",
      "geometry": {
        "type": "Point",
        "coordinates": [
          14.71667,
          -6.43333
        ]
      },
      "properties": {
        "name": "Tumbi",
        "country": "Angola",
        "region": "Zaire",
        "elevation_m": null,
        "population": 0,
        "feature_type": "populated place",
        "geoname_id": 2236639
      }
    },
    {
      "type": "Feature",
      "geometry": {
        "type": "Point",
        "coordinates": [
          15.31667,
          -6.26667
        ]
      },
      "properties": {
        "name": "Tumbi",
        "country": "Angola",
        "region": "Uíge",
        "elevation_m": null,
        "population": 0,
        "feature_type": "populated place",
        "geoname_id": 2236640
      }
    },
    {
      "type": "Feature",
      "geometry": {
        "type": "Point",
        "coordinates": [
          14.2,
          -6.13333
        ]
      },
      "properties": {
        "name": "Tumbi",
        "country": "Angola",
        "region": "Zaire",
        "elevation_m": null,
        "population": 0,
        "feature_type": "populated place",
        "geoname_id": 2236641
      }
    },
    {
      "type": "Feature",
      "geometry": {
        "type": "Point",
        "coordinates": [
          14.67623,
          -9.95594
        ]
      },
      "properties": {
        "name": "Tumba Pequena",
        "country": "Angola",
        "region": "Kwanza Sul",
        "elevation_m": null,
        "population": 0,
        "feature_type": "populated place",
        "geoname_id": 2236643
      }
    },
    {
      "type": "Feature",
      "geometry": {
        "type": "Point",
        "coordinates": [
          15.21667,
          -6.98333
        ]
      },
      "properties": {
        "name": "Tumba",
        "country": "Angola",
        "region": "Uíge",
        "elevation_m": null,
        "population": 0,
        "feature_type": "populated place",
        "geoname_id": 2236649
      }
    },
    {
      "type": "Feature",
      "geometry": {
        "type": "Point",
        "coordinates": [
          14.94973,
          -6.676
        ]
      },
      "properties": {
        "name": "Mbanza Tumba",
        "country": "Angola",
        "region": "Uíge",
        "elevation_m": null,
        "population": 0,
        "feature_type": "populated place",
        "geoname_id": 2236650
      }
    },
    {
      "type": "Feature",
      "geometry": {
        "type": "Point",
        "coordinates": [
          12.33333,
          -5.71667
        ]
      },
      "properties": {
        "name": "Tumba",
        "country": "Angola",
        "region": "Cabinda",
        "elevation_m": null,
        "population": 0,
        "feature_type": "populated place",
        "geoname_id": 2236651
      }
    },
    {
      "type": "Feature",
      "geometry": {
        "type": "Point",
        "coordinates": [
          14.93316,
          -7.22121
        ]
      },
      "properties": {
        "name": "Tuco",
        "country": "Angola",
        "region": "Uíge",
        "elevation_m": null,
        "population": 0,
        "feature_type": "populated place",
        "geoname_id": 2236660
      }
    },
    {
      "type": "Feature",
      "geometry": {
        "type": "Point",
        "coordinates": [
          14.91667,
          -7.2
        ]
      },
      "properties": {
        "name": "Tuco",
        "country": "Angola",
        "region": "Uíge",
        "elevation_m": null,
        "population": 0,
        "feature_type": "populated place",
        "geoname_id": 2236661
      }
    },
    {
      "type": "Feature",
      "geometry": {
        "type": "Point",
        "coordinates": [
          12.68333,
          -6.78333
        ]
      },
      "properties": {
        "name": "Tuco",
        "country": "Angola",
        "region": "Zaire",
        "elevation_m": null,
        "population": 0,
        "feature_type": "populated place",
        "geoname_id": 2236662
      }
    },
    {
      "type": "Feature",
      "geometry": {
        "type": "Point",
        "coordinates": [
          14.3,
          -6.36667
        ]
      },
      "properties": {
        "name": "Tuco",
        "country": "Angola",
        "region": "Zaire",
        "elevation_m": null,
        "population": 0,
        "feature_type": "populated place",
        "geoname_id": 2236663
      }
    },
    {
      "type": "Feature",
      "geometry": {
        "type": "Point",
        "coordinates": [
          14.14729,
          -6.32134
        ]
      },
      "properties": {
        "name": "Ntuco",
        "country": "Angola",
        "region": "Zaire",
        "elevation_m": null,
        "population": 0,
        "feature_type": "populated place",
        "geoname_id": 2236664
      }
    },
    {
      "type": "Feature",
      "geometry": {
        "type": "Point",
        "coordinates": [
          15.09243,
          -6.08953
        ]
      },
      "properties": {
        "name": "Tucu Maza",
        "country": "Angola",
        "region": "Uíge",
        "elevation_m": null,
        "population": 0,
        "feature_type": "populated place",
        "geoname_id": 2236665
      }
    },
    {
      "type": "Feature",
      "geometry": {
        "type": "Point",
        "coordinates": [
          12.16667,
          -5.3
        ]
      },
      "properties": {
        "name": "Tubo",
        "country": "Angola",
        "region": "Cabinda",
        "elevation_m": null,
        "population": 0,
        "feature_type": "populated place",
        "geoname_id": 2236668
      }
    },
    {
      "type": "Feature",
      "geometry": {
        "type": "Point",
        "coordinates": [
          14.6,
          -9.18333
        ]
      },
      "properties": {
        "name": "Trombeta",
        "country": "Angola",
        "region": "Cuanza Norte",
        "elevation_m": null,
        "population": 0,
        "feature_type": "populated place",
        "geoname_id": 2236676
      }
    },
    {
      "type": "Feature",
      "geometry": {
        "type": "Point",
        "coordinates": [
          15.31704,
          -6.89832
        ]
      },
      "properties": {
        "name": "Nsosso",
        "country": "Angola",
        "region": "Uíge",
        "elevation_m": null,
        "population": 0,
        "feature_type": "seat of a second-order administrative division",
        "geoname_id": 2236677
      }
    },
    {
      "type": "Feature",
      "geometry": {
        "type": "Point",
        "coordinates": [
          15.00388,
          -9.25876
        ]
      },
      "properties": {
        "name": "Quilômetro Treze",
        "country": "Angola",
        "region": "Cuanza Norte",
        "elevation_m": null,
        "population": 0,
        "feature_type": "populated place",
        "geoname_id": 2236678
      }
    },
    {
      "type": "Feature",
      "geometry": {
        "type": "Point",
        "coordinates": [
          15.09295,
          -7.90004
        ]
      },
      "properties": {
        "name": "Trás-os-Montes",
        "country": "Angola",
        "region": "Uíge",
        "elevation_m": null,
        "population": 0,
        "feature_type": "abandoned populated place",
        "geoname_id": 2236680
      }
    },
    {
      "type": "Feature",
      "geometry": {
        "type": "Point",
        "coordinates": [
          14.26787,
          -7.15676
        ]
      },
      "properties": {
        "name": "Toto",
        "country": "Angola",
        "region": "Uíge",
        "elevation_m": null,
        "population": 0,
        "feature_type": "populated place",
        "geoname_id": 2236684
      }
    },
    {
      "type": "Feature",
      "geometry": {
        "type": "Point",
        "coordinates": [
          14.78333,
          -6.33333
        ]
      },
      "properties": {
        "name": "Toto",
        "country": "Angola",
        "region": "Zaire",
        "elevation_m": null,
        "population": 0,
        "feature_type": "populated place",
        "geoname_id": 2236685
      }
    },
    {
      "type": "Feature",
      "geometry": {
        "type": "Point",
        "coordinates": [
          14.91667,
          -6.91667
        ]
      },
      "properties": {
        "name": "Tosundo",
        "country": "Angola",
        "region": "Uíge",
        "elevation_m": null,
        "population": 0,
        "feature_type": "populated place",
        "geoname_id": 2236690
      }
    },
    {
      "type": "Feature",
      "geometry": {
        "type": "Point",
        "coordinates": [
          14.06667,
          -6.41667
        ]
      },
      "properties": {
        "name": "Toni",
        "country": "Angola",
        "region": "Zaire",
        "elevation_m": null,
        "population": 0,
        "feature_type": "populated place",
        "geoname_id": 2236695
      }
    },
    {
      "type": "Feature",
      "geometry": {
        "type": "Point",
        "coordinates": [
          14.70229,
          -8.59667
        ]
      },
      "properties": {
        "name": "Tonho Ngola",
        "country": "Angola",
        "region": "Bengo",
        "elevation_m": null,
        "population": 0,
        "feature_type": "populated place",
        "geoname_id": 2236696
      }
    },
    {
      "type": "Feature",
      "geometry": {
        "type": "Point",
        "coordinates": [
          14.00222,
          -9.09655
        ]
      },
      "properties": {
        "name": "Tonhachiri",
        "country": "Angola",
        "region": "Bengo",
        "elevation_m": null,
        "population": 0,
        "feature_type": "populated place",
        "geoname_id": 2236697
      }
    },
    {
      "type": "Feature",
      "geometry": {
        "type": "Point",
        "coordinates": [
          15.66175,
          -9.00839
        ]
      },
      "properties": {
        "name": "Tongo",
        "country": "Angola",
        "region": "Malanje",
        "elevation_m": null,
        "population": 0,
        "feature_type": "populated place",
        "geoname_id": 2236700
      }
    },
    {
      "type": "Feature",
      "geometry": {
        "type": "Point",
        "coordinates": [
          13.51493,
          -5.95791
        ]
      },
      "properties": {
        "name": "Lengue",
        "country": "Angola",
        "region": "Zaire",
        "elevation_m": null,
        "population": 0,
        "feature_type": "populated place",
        "geoname_id": 2236701
      }
    },
    {
      "type": "Feature",
      "geometry": {
        "type": "Point",
        "coordinates": [
          15.3,
          -9.31667
        ]
      },
      "properties": {
        "name": "Tondo",
        "country": "Angola",
        "region": "Cuanza Norte",
        "elevation_m": null,
        "population": 0,
        "feature_type": "populated place",
        "geoname_id": 2236705
      }
    },
    {
      "type": "Feature",
      "geometry": {
        "type": "Point",
        "coordinates": [
          14.96667,
          -9.18333
        ]
      },
      "properties": {
        "name": "Tondo",
        "country": "Angola",
        "region": "Cuanza Norte",
        "elevation_m": null,
        "population": 0,
        "feature_type": "populated place",
        "geoname_id": 2236706
      }
    },
    {
      "type": "Feature",
      "geometry": {
        "type": "Point",
        "coordinates": [
          13.31667,
          -5.96667
        ]
      },
      "properties": {
        "name": "Tondo",
        "country": "Angola",
        "region": "Zaire",
        "elevation_m": null,
        "population": 0,
        "feature_type": "populated place",
        "geoname_id": 2236707
      }
    },
    {
      "type": "Feature",
      "geometry": {
        "type": "Point",
        "coordinates": [
          15.68333,
          -9.38333
        ]
      },
      "properties": {
        "name": "Tome",
        "country": "Angola",
        "region": "Malanje",
        "elevation_m": null,
        "population": 0,
        "feature_type": "populated place",
        "geoname_id": 2236709
      }
    },
    {
      "type": "Feature",
      "geometry": {
        "type": "Point",
        "coordinates": [
          15.68333,
          -9.36667
        ]
      },
      "properties": {
        "name": "Tóme",
        "country": "Angola",
        "region": "Malanje",
        "elevation_m": null,
        "population": 0,
        "feature_type": "populated place",
        "geoname_id": 2236710
      }
    },
    {
      "type": "Feature",
      "geometry": {
        "type": "Point",
        "coordinates": [
          14.53333,
          -5.95
        ]
      },
      "properties": {
        "name": "Tome",
        "country": "Angola",
        "region": "Zaire",
        "elevation_m": null,
        "population": 0,
        "feature_type": "populated place",
        "geoname_id": 2236711
      }
    },
    {
      "type": "Feature",
      "geometry": {
        "type": "Point",
        "coordinates": [
          14.55,
          -5.93333
        ]
      },
      "properties": {
        "name": "Tome",
        "country": "Angola",
        "region": "Zaire",
        "elevation_m": null,
        "population": 0,
        "feature_type": "populated place",
        "geoname_id": 2236712
      }
    },
    {
      "type": "Feature",
      "geometry": {
        "type": "Point",
        "coordinates": [
          14.36667,
          -7.5
        ]
      },
      "properties": {
        "name": "Tombôco",
        "country": "Angola",
        "region": "Uíge",
        "elevation_m": null,
        "population": 0,
        "feature_type": "populated place",
        "geoname_id": 2236715
      }
    },
    {
      "type": "Feature",
      "geometry": {
        "type": "Point",
        "coordinates": [
          13.24672,
          -9.18044
        ]
      },
      "properties": {
        "name": "Tombo",
        "country": "Angola",
        "region": "Luanda",
        "elevation_m": null,
        "population": 0,
        "feature_type": "populated place",
        "geoname_id": 2236718
      }
    },
    {
      "type": "Feature",
      "geometry": {
        "type": "Point",
        "coordinates": [
          14.8,
          -9.35
        ]
      },
      "properties": {
        "name": "Tombinga",
        "country": "Angola",
        "region": "Cuanza Norte",
        "elevation_m": null,
        "population": 0,
        "feature_type": "populated place",
        "geoname_id": 2236719
      }
    },
    {
      "type": "Feature",
      "geometry": {
        "type": "Point",
        "coordinates": [
          15.01667,
          -9.18333
        ]
      },
      "properties": {
        "name": "Tombe",
        "country": "Angola",
        "region": "Cuanza Norte",
        "elevation_m": null,
        "population": 0,
        "feature_type": "populated place",
        "geoname_id": 2236726
      }
    },
    {
      "type": "Feature",
      "geometry": {
        "type": "Point",
        "coordinates": [
          14.1,
          -8.45
        ]
      },
      "properties": {
        "name": "Tombe",
        "country": "Angola",
        "region": "Bengo",
        "elevation_m": null,
        "population": 0,
        "feature_type": "populated place",
        "geoname_id": 2236727
      }
    },
    {
      "type": "Feature",
      "geometry": {
        "type": "Point",
        "coordinates": [
          17.36667,
          -8.26667
        ]
      },
      "properties": {
        "name": "Tombe",
        "country": "Angola",
        "region": "Malanje",
        "elevation_m": null,
        "population": 0,
        "feature_type": "populated place",
        "geoname_id": 2236728
      }
    },
    {
      "type": "Feature",
      "geometry": {
        "type": "Point",
        "coordinates": [
          14.03333,
          -6.45
        ]
      },
      "properties": {
        "name": "Tombe",
        "country": "Angola",
        "region": "Zaire",
        "elevation_m": null,
        "population": 0,
        "feature_type": "populated place",
        "geoname_id": 2236729
      }
    },
    {
      "type": "Feature",
      "geometry": {
        "type": "Point",
        "coordinates": [
          12.46152,
          -6.41141
        ]
      },
      "properties": {
        "name": "Tombe",
        "country": "Angola",
        "region": "Zaire",
        "elevation_m": null,
        "population": 0,
        "feature_type": "populated place",
        "geoname_id": 2236730
      }
    },
    {
      "type": "Feature",
      "geometry": {
        "type": "Point",
        "coordinates": [
          14.1,
          -7.4
        ]
      },
      "properties": {
        "name": "Tomba",
        "country": "Angola",
        "region": "Uíge",
        "elevation_m": null,
        "population": 0,
        "feature_type": "populated place",
        "geoname_id": 2236735
      }
    },
    {
      "type": "Feature",
      "geometry": {
        "type": "Point",
        "coordinates": [
          15.76667,
          -8.06667
        ]
      },
      "properties": {
        "name": "Tolambila",
        "country": "Angola",
        "region": "Uíge",
        "elevation_m": null,
        "population": 0,
        "feature_type": "populated place",
        "geoname_id": 2236737
      }
    },
    {
      "type": "Feature",
      "geometry": {
        "type": "Point",
        "coordinates": [
          15.68333,
          -9.15
        ]
      },
      "properties": {
        "name": "Tóe",
        "country": "Angola",
        "region": "Malanje",
        "elevation_m": null,
        "population": 0,
        "feature_type": "populated place",
        "geoname_id": 2236740
      }
    },
    {
      "type": "Feature",
      "geometry": {
        "type": "Point",
        "coordinates": [
          15.66667,
          -9.15
        ]
      },
      "properties": {
        "name": "Toé",
        "country": "Angola",
        "region": "Malanje",
        "elevation_m": null,
        "population": 0,
        "feature_type": "populated place",
        "geoname_id": 2236741
      }
    },
    {
      "type": "Feature",
      "geometry": {
        "type": "Point",
        "coordinates": [
          15.65,
          -9.15
        ]
      },
      "properties": {
        "name": "Tóe",
        "country": "Angola",
        "region": "Malanje",
        "elevation_m": null,
        "population": 0,
        "feature_type": "populated place",
        "geoname_id": 2236742
      }
    },
    {
      "type": "Feature",
      "geometry": {
        "type": "Point",
        "coordinates": [
          14.11857,
          -6.04534
        ]
      },
      "properties": {
        "name": "Tiva",
        "country": "Angola",
        "region": "Zaire",
        "elevation_m": null,
        "population": 0,
        "feature_type": "populated place",
        "geoname_id": 2236757
      }
    },
    {
      "type": "Feature",
      "geometry": {
        "type": "Point",
        "coordinates": [
          15.64693,
          -8.80755
        ]
      },
      "properties": {
        "name": "Titila",
        "country": "Angola",
        "region": "Cuanza Norte",
        "elevation_m": null,
        "population": 0,
        "feature_type": "populated place",
        "geoname_id": 2236758
      }
    },
    {
      "type": "Feature",
      "geometry": {
        "type": "Point",
        "coordinates": [
          15.27565,
          -8.5327
        ]
      },
      "properties": {
        "name": "Tita",
        "country": "Angola",
        "region": "Cuanza Norte",
        "elevation_m": null,
        "population": 0,
        "feature_type": "populated place",
        "geoname_id": 2236759
      }
    },
    {
      "type": "Feature",
      "geometry": {
        "type": "Point",
        "coordinates": [
          15.68739,
          -8.32361
        ]
      },
      "properties": {
        "name": "Tinda",
        "country": "Angola",
        "region": "Cuanza Norte",
        "elevation_m": null,
        "population": 0,
        "feature_type": "populated place",
        "geoname_id": 2236760
      }
    },
    {
      "type": "Feature",
      "geometry": {
        "type": "Point",
        "coordinates": [
          14.91667,
          -6.66667
        ]
      },
      "properties": {
        "name": "Tiaputo",
        "country": "Angola",
        "region": "Uíge",
        "elevation_m": null,
        "population": 0,
        "feature_type": "populated place",
        "geoname_id": 2236761
      }
    },
    {
      "type": "Feature",
      "geometry": {
        "type": "Point",
        "coordinates": [
          15.60593,
          -6.44296
        ]
      },
      "properties": {
        "name": "Tiama-Metiama",
        "country": "Angola",
        "region": "Uíge",
        "elevation_m": null,
        "population": 0,
        "feature_type": "populated place",
        "geoname_id": 2236763
      }
    },
    {
      "type": "Feature",
      "geometry": {
        "type": "Point",
        "coordinates": [
          13.63333,
          -9.5
        ]
      },
      "properties": {
        "name": "Tiale",
        "country": "Angola",
        "region": "Bengo",
        "elevation_m": null,
        "population": 0,
        "feature_type": "populated place",
        "geoname_id": 2236764
      }
    },
    {
      "type": "Feature",
      "geometry": {
        "type": "Point",
        "coordinates": [
          15.41667,
          -7.18333
        ]
      },
      "properties": {
        "name": "Tessangui",
        "country": "Angola",
        "region": "Uíge",
        "elevation_m": null,
        "population": 0,
        "feature_type": "populated place",
        "geoname_id": 2236770
      }
    },
    {
      "type": "Feature",
      "geometry": {
        "type": "Point",
        "coordinates": [
          15.10648,
          -8.43239
        ]
      },
      "properties": {
        "name": "Terreiro",
        "country": "Angola",
        "region": "Cuanza Norte",
        "elevation_m": null,
        "population": 0,
        "feature_type": "seat of a second-order administrative division",
        "geoname_id": 2236772
      }
    },
    {
      "type": "Feature",
      "geometry": {
        "type": "Point",
        "coordinates": [
          15.03333,
          -7.93333
        ]
      },
      "properties": {
        "name": "Terra Nova",
        "country": "Angola",
        "region": "Uíge",
        "elevation_m": null,
        "population": 0,
        "feature_type": "populated place",
        "geoname_id": 2236773
      }
    },
    {
      "type": "Feature",
      "geometry": {
        "type": "Point",
        "coordinates": [
          14.93333,
          -8.1
        ]
      },
      "properties": {
        "name": "Teodoro",
        "country": "Angola",
        "region": "Uíge",
        "elevation_m": null,
        "population": 0,
        "feature_type": "populated place",
        "geoname_id": 2236776
      }
    },
    {
      "type": "Feature",
      "geometry": {
        "type": "Point",
        "coordinates": [
          13.55,
          -7.06667
        ]
      },
      "properties": {
        "name": "Tenvo",
        "country": "Angola",
        "region": "Zaire",
        "elevation_m": null,
        "population": 0,
        "feature_type": "populated place",
        "geoname_id": 2236777
      }
    },
    {
      "type": "Feature",
      "geometry": {
        "type": "Point",
        "coordinates": [
          13.61667,
          -8.6
        ]
      },
      "properties": {
        "name": "Tentativa",
        "country": "Angola",
        "region": "Bengo",
        "elevation_m": null,
        "population": 0,
        "feature_type": "populated place",
        "geoname_id": 2236778
      }
    },
    {
      "type": "Feature",
      "geometry": {
        "type": "Point",
        "coordinates": [
          14.61667,
          -6.4
        ]
      },
      "properties": {
        "name": "Tenga",
        "country": "Angola",
        "region": "Zaire",
        "elevation_m": null,
        "population": 0,
        "feature_type": "populated place",
        "geoname_id": 2236780
      }
    },
    {
      "type": "Feature",
      "geometry": {
        "type": "Point",
        "coordinates": [
          12.43333,
          -5.73333
        ]
      },
      "properties": {
        "name": "Tendequela",
        "country": "Angola",
        "region": "Cabinda",
        "elevation_m": null,
        "population": 0,
        "feature_type": "populated place",
        "geoname_id": 2236781
      }
    },
    {
      "type": "Feature",
      "geometry": {
        "type": "Point",
        "coordinates": [
          18.4,
          -9.35
        ]
      },
      "properties": {
        "name": "Tenda Chimba",
        "country": "Angola",
        "region": "Luanda Norte",
        "elevation_m": null,
        "population": 0,
        "feature_type": "populated place",
        "geoname_id": 2236784
      }
    },
    {
      "type": "Feature",
      "geometry": {
        "type": "Point",
        "coordinates": [
          13.18333,
          -7.06667
        ]
      },
      "properties": {
        "name": "Tenda",
        "country": "Angola",
        "region": "Zaire",
        "elevation_m": null,
        "population": 0,
        "feature_type": "populated place",
        "geoname_id": 2236790
      }
    },
    {
      "type": "Feature",
      "geometry": {
        "type": "Point",
        "coordinates": [
          12.15,
          -5.25
        ]
      },
      "properties": {
        "name": "Tenda",
        "country": "Angola",
        "region": "Cabinda",
        "elevation_m": null,
        "population": 0,
        "feature_type": "populated place",
        "geoname_id": 2236791
      }
    },
    {
      "type": "Feature",
      "geometry": {
        "type": "Point",
        "coordinates": [
          15.55,
          -8.03333
        ]
      },
      "properties": {
        "name": "Tena",
        "country": "Angola",
        "region": "Uíge",
        "elevation_m": null,
        "population": 0,
        "feature_type": "populated place",
        "geoname_id": 2236792
      }
    },
    {
      "type": "Feature",
      "geometry": {
        "type": "Point",
        "coordinates": [
          13.43333,
          -6.18333
        ]
      },
      "properties": {
        "name": "Tena",
        "country": "Angola",
        "region": "Zaire",
        "elevation_m": null,
        "population": 0,
        "feature_type": "populated place",
        "geoname_id": 2236793
      }
    },
    {
      "type": "Feature",
      "geometry": {
        "type": "Point",
        "coordinates": [
          14.65,
          -8.48333
        ]
      },
      "properties": {
        "name": "Temotaia",
        "country": "Angola",
        "region": "Bengo",
        "elevation_m": null,
        "population": 0,
        "feature_type": "populated place",
        "geoname_id": 2236796
      }
    },
    {
      "type": "Feature",
      "geometry": {
        "type": "Point",
        "coordinates": [
          17.27348,
          -7.70645
        ]
      },
      "properties": {
        "name": "Tembo Aluma",
        "country": "Angola",
        "region": "Malanje",
        "elevation_m": null,
        "population": 0,
        "feature_type": "populated place",
        "geoname_id": 2236798
      }
    },
    {
      "type": "Feature",
      "geometry": {
        "type": "Point",
        "coordinates": [
          17.50794,
          -8.2376
        ]
      },
      "properties": {
        "name": "Caiongo Tembo",
        "country": "Angola",
        "region": "Malanje",
        "elevation_m": null,
        "population": 0,
        "feature_type": "populated place",
        "geoname_id": 2236799
      }
    },
    {
      "type": "Feature",
      "geometry": {
        "type": "Point",
        "coordinates": [
          15.91667,
          -8.81667
        ]
      },
      "properties": {
        "name": "Tema",
        "country": "Angola",
        "region": "Malanje",
        "elevation_m": null,
        "population": 0,
        "feature_type": "populated place",
        "geoname_id": 2236802
      }
    },
    {
      "type": "Feature",
      "geometry": {
        "type": "Point",
        "coordinates": [
          14.57504,
          -7.92163
        ]
      },
      "properties": {
        "name": "Tema",
        "country": "Angola",
        "region": "Uíge",
        "elevation_m": null,
        "population": 0,
        "feature_type": "populated place",
        "geoname_id": 2236803
      }
    },
    {
      "type": "Feature",
      "geometry": {
        "type": "Point",
        "coordinates": [
          15.98333,
          -7.68333
        ]
      },
      "properties": {
        "name": "Tema",
        "country": "Angola",
        "region": "Uíge",
        "elevation_m": null,
        "population": 0,
        "feature_type": "populated place",
        "geoname_id": 2236804
      }
    },
    {
      "type": "Feature",
      "geometry": {
        "type": "Point",
        "coordinates": [
          15.45,
          -7.65
        ]
      },
      "properties": {
        "name": "Tema",
        "country": "Angola",
        "region": "Uíge",
        "elevation_m": null,
        "population": 0,
        "feature_type": "populated place",
        "geoname_id": 2236805
      }
    },
    {
      "type": "Feature",
      "geometry": {
        "type": "Point",
        "coordinates": [
          15.46667,
          -7.63333
        ]
      },
      "properties": {
        "name": "Tema",
        "country": "Angola",
        "region": "Uíge",
        "elevation_m": null,
        "population": 0,
        "feature_type": "populated place",
        "geoname_id": 2236806
      }
    },
    {
      "type": "Feature",
      "geometry": {
        "type": "Point",
        "coordinates": [
          14.73893,
          -7.08037
        ]
      },
      "properties": {
        "name": "Tema",
        "country": "Angola",
        "region": "Uíge",
        "elevation_m": null,
        "population": 0,
        "feature_type": "populated place",
        "geoname_id": 2236807
      }
    },
    {
      "type": "Feature",
      "geometry": {
        "type": "Point",
        "coordinates": [
          14.36667,
          -6.58333
        ]
      },
      "properties": {
        "name": "Tema",
        "country": "Angola",
        "region": "Zaire",
        "elevation_m": null,
        "population": 0,
        "feature_type": "populated place",
        "geoname_id": 2236808
      }
    },
    {
      "type": "Feature",
      "geometry": {
        "type": "Point",
        "coordinates": [
          14.61667,
          -6.88333
        ]
      },
      "properties": {
        "name": "Tele",
        "country": "Angola",
        "region": "Uíge",
        "elevation_m": null,
        "population": 0,
        "feature_type": "populated place",
        "geoname_id": 2236809
      }
    },
    {
      "type": "Feature",
      "geometry": {
        "type": "Point",
        "coordinates": [
          14.8,
          -9.95
        ]
      },
      "properties": {
        "name": "Teixeira",
        "country": "Angola",
        "region": "Kwanza Sul",
        "elevation_m": null,
        "population": 0,
        "feature_type": "populated place",
        "geoname_id": 2236812
      }
    },
    {
      "type": "Feature",
      "geometry": {
        "type": "Point",
        "coordinates": [
          14.83333,
          -9.88333
        ]
      },
      "properties": {
        "name": "Teixeira",
        "country": "Angola",
        "region": "Kwanza Sul",
        "elevation_m": null,
        "population": 0,
        "feature_type": "populated place",
        "geoname_id": 2236813
      }
    },
    {
      "type": "Feature",
      "geometry": {
        "type": "Point",
        "coordinates": [
          15.58333,
          -9.38333
        ]
      },
      "properties": {
        "name": "Teixeira",
        "country": "Angola",
        "region": "Malanje",
        "elevation_m": null,
        "population": 0,
        "feature_type": "populated place",
        "geoname_id": 2236814
      }
    },
    {
      "type": "Feature",
      "geometry": {
        "type": "Point",
        "coordinates": [
          13.91667,
          -8.48333
        ]
      },
      "properties": {
        "name": "Tege",
        "country": "Angola",
        "region": "Bengo",
        "elevation_m": null,
        "population": 0,
        "feature_type": "populated place",
        "geoname_id": 2236815
      }
    },
    {
      "type": "Feature",
      "geometry": {
        "type": "Point",
        "coordinates": [
          18.76667,
          -8.06667
        ]
      },
      "properties": {
        "name": "Tegangadi",
        "country": "Angola",
        "region": "Luanda Norte",
        "elevation_m": null,
        "population": 0,
        "feature_type": "populated place",
        "geoname_id": 2236816
      }
    },
    {
      "type": "Feature",
      "geometry": {
        "type": "Point",
        "coordinates": [
          15.3,
          -6.88333
        ]
      },
      "properties": {
        "name": "Tecamataia",
        "country": "Angola",
        "region": "Uíge",
        "elevation_m": null,
        "population": 0,
        "feature_type": "populated place",
        "geoname_id": 2236818
      }
    },
    {
      "type": "Feature",
      "geometry": {
        "type": "Point",
        "coordinates": [
          14.78333,
          -8.88333
        ]
      },
      "properties": {
        "name": "Tebe",
        "country": "Angola",
        "region": "Cuanza Norte",
        "elevation_m": null,
        "population": 0,
        "feature_type": "populated place",
        "geoname_id": 2236822
      }
    },
    {
      "type": "Feature",
      "geometry": {
        "type": "Point",
        "coordinates": [
          14.2,
          -8.76667
        ]
      },
      "properties": {
        "name": "Teba",
        "country": "Angola",
        "region": "Bengo",
        "elevation_m": null,
        "population": 0,
        "feature_type": "populated place",
        "geoname_id": 2236825
      }
    },
    {
      "type": "Feature",
      "geometry": {
        "type": "Point",
        "coordinates": [
          12.18333,
          -4.95
        ]
      },
      "properties": {
        "name": "Tchissanga",
        "country": "Angola",
        "region": "Cabinda",
        "elevation_m": null,
        "population": 0,
        "feature_type": "populated place",
        "geoname_id": 2236828
      }
    },
    {
      "type": "Feature",
      "geometry": {
        "type": "Point",
        "coordinates": [
          12.43333,
          -5.7
        ]
      },
      "properties": {
        "name": "Tchinzaze",
        "country": "Angola",
        "region": "Cabinda",
        "elevation_m": null,
        "population": 0,
        "feature_type": "populated place",
        "geoname_id": 2236829
      }
    },
    {
      "type": "Feature",
      "geometry": {
        "type": "Point",
        "coordinates": [
          12.13333,
          -4.93333
        ]
      },
      "properties": {
        "name": "Tchibuti",
        "country": "Angola",
        "region": "Cabinda",
        "elevation_m": null,
        "population": 0,
        "feature_type": "populated place",
        "geoname_id": 2236831
      }
    },
    {
      "type": "Feature",
      "geometry": {
        "type": "Point",
        "coordinates": [
          12.2,
          -5.26667
        ]
      },
      "properties": {
        "name": "Tchibedeca",
        "country": "Angola",
        "region": "Cabinda",
        "elevation_m": null,
        "population": 0,
        "feature_type": "populated place",
        "geoname_id": 2236832
      }
    },
    {
      "type": "Feature",
      "geometry": {
        "type": "Point",
        "coordinates": [
          14.56667,
          -6.66667
        ]
      },
      "properties": {
        "name": "Tavares",
        "country": "Angola",
        "region": "Uíge",
        "elevation_m": null,
        "population": 0,
        "feature_type": "populated place",
        "geoname_id": 2236837
      }
    },
    {
      "type": "Feature",
      "geometry": {
        "type": "Point",
        "coordinates": [
          14.63333,
          -6.46667
        ]
      },
      "properties": {
        "name": "Tauquire",
        "country": "Angola",
        "region": "Zaire",
        "elevation_m": null,
        "population": 0,
        "feature_type": "populated place",
        "geoname_id": 2236838
      }
    },
    {
      "type": "Feature",
      "geometry": {
        "type": "Point",
        "coordinates": [
          14.35221,
          -8.148
        ]
      },
      "properties": {
        "name": "Tari",
        "country": "Angola",
        "region": "Bengo",
        "elevation_m": null,
        "population": 0,
        "feature_type": "populated place",
        "geoname_id": 2236841
      }
    },
    {
      "type": "Feature",
      "geometry": {
        "type": "Point",
        "coordinates": [
          14.76667,
          -6.4
        ]
      },
      "properties": {
        "name": "Tanvo",
        "country": "Angola",
        "region": "Zaire",
        "elevation_m": null,
        "population": 0,
        "feature_type": "populated place",
        "geoname_id": 2236843
      }
    },
    {
      "type": "Feature",
      "geometry": {
        "type": "Point",
        "coordinates": [
          13.63333,
          -6.2
        ]
      },
      "properties": {
        "name": "Tanue",
        "country": "Angola",
        "region": "Zaire",
        "elevation_m": null,
        "population": 0,
        "feature_type": "populated place",
        "geoname_id": 2236844
      }
    },
    {
      "type": "Feature",
      "geometry": {
        "type": "Point",
        "coordinates": [
          15.83817,
          -8.15676
        ]
      },
      "properties": {
        "name": "Tangamo",
        "country": "Angola",
        "region": "Uíge",
        "elevation_m": null,
        "population": 0,
        "feature_type": "populated place",
        "geoname_id": 2236845
      }
    },
    {
      "type": "Feature",
      "geometry": {
        "type": "Point",
        "coordinates": [
          15.83681,
          -8.12263
        ]
      },
      "properties": {
        "name": "Tango",
        "country": "Angola",
        "region": "Uíge",
        "elevation_m": null,
        "population": 0,
        "feature_type": "populated place",
        "geoname_id": 2236849
      }
    },
    {
      "type": "Feature",
      "geometry": {
        "type": "Point",
        "coordinates": [
          15.6349,
          -8.09419
        ]
      },
      "properties": {
        "name": "Tango",
        "country": "Angola",
        "region": "Cuanza Norte",
        "elevation_m": null,
        "population": 0,
        "feature_type": "seat of a second-order administrative division",
        "geoname_id": 2236850
      }
    },
    {
      "type": "Feature",
      "geometry": {
        "type": "Point",
        "coordinates": [
          14.35,
          -6.23333
        ]
      },
      "properties": {
        "name": "Tanga",
        "country": "Angola",
        "region": "Zaire",
        "elevation_m": null,
        "population": 0,
        "feature_type": "populated place",
        "geoname_id": 2236851
      }
    },
    {
      "type": "Feature",
      "geometry": {
        "type": "Point",
        "coordinates": [
          12.5,
          -5.36667
        ]
      },
      "properties": {
        "name": "Tando Zinze",
        "country": "Angola",
        "region": "Cabinda",
        "elevation_m": null,
        "population": 0,
        "feature_type": "seat of a second-order administrative division",
        "geoname_id": 2236852
      }
    },
    {
      "type": "Feature",
      "geometry": {
        "type": "Point",
        "coordinates": [
          12.33333,
          -4.81667
        ]
      },
      "properties": {
        "name": "Tando Limbo",
        "country": "Angola",
        "region": "Cabinda",
        "elevation_m": null,
        "population": 0,
        "feature_type": "populated place",
        "geoname_id": 2236853
      }
    },
    {
      "type": "Feature",
      "geometry": {
        "type": "Point",
        "coordinates": [
          12.74835,
          -6.13326
        ]
      },
      "properties": {
        "name": "Tandococo",
        "country": "Angola",
        "region": "Zaire",
        "elevation_m": null,
        "population": 0,
        "feature_type": "populated place",
        "geoname_id": 2236854
      }
    },
    {
      "type": "Feature",
      "geometry": {
        "type": "Point",
        "coordinates": [
          14.75,
          -6.31667
        ]
      },
      "properties": {
        "name": "Tandi",
        "country": "Angola",
        "region": "Zaire",
        "elevation_m": null,
        "population": 0,
        "feature_type": "populated place",
        "geoname_id": 2236856
      }
    },
    {
      "type": "Feature",
      "geometry": {
        "type": "Point",
        "coordinates": [
          14.78333,
          -9.01667
        ]
      },
      "properties": {
        "name": "Tande",
        "country": "Angola",
        "region": "Cuanza Norte",
        "elevation_m": null,
        "population": 0,
        "feature_type": "populated place",
        "geoname_id": 2236858
      }
    },
    {
      "type": "Feature",
      "geometry": {
        "type": "Point",
        "coordinates": [
          12.71667,
          -4.76667
        ]
      },
      "properties": {
        "name": "Tanda Matiaba",
        "country": "Angola",
        "region": "Cabinda",
        "elevation_m": null,
        "population": 0,
        "feature_type": "populated place",
        "geoname_id": 2236859
      }
    },
    {
      "type": "Feature",
      "geometry": {
        "type": "Point",
        "coordinates": [
          13.86667,
          -9.9
        ]
      },
      "properties": {
        "name": "Tandala",
        "country": "Angola",
        "region": "Bengo",
        "elevation_m": null,
        "population": 0,
        "feature_type": "populated place",
        "geoname_id": 2236860
      }
    },
    {
      "type": "Feature",
      "geometry": {
        "type": "Point",
        "coordinates": [
          17.5,
          -9.06667
        ]
      },
      "properties": {
        "name": "Tandala",
        "country": "Angola",
        "region": "Malanje",
        "elevation_m": null,
        "population": 0,
        "feature_type": "populated place",
        "geoname_id": 2236861
      }
    },
    {
      "type": "Feature",
      "geometry": {
        "type": "Point",
        "coordinates": [
          14.11667,
          -6.98333
        ]
      },
      "properties": {
        "name": "Tanda",
        "country": "Angola",
        "region": "Uíge",
        "elevation_m": null,
        "population": 0,
        "feature_type": "populated place",
        "geoname_id": 2236864
      }
    },
    {
      "type": "Feature",
      "geometry": {
        "type": "Point",
        "coordinates": [
          14.76667,
          -6.2
        ]
      },
      "properties": {
        "name": "Tamba",
        "country": "Angola",
        "region": "Zaire",
        "elevation_m": null,
        "population": 0,
        "feature_type": "populated place",
        "geoname_id": 2236869
      }
    },
    {
      "type": "Feature",
      "geometry": {
        "type": "Point",
        "coordinates": [
          14.78333,
          -6.06667
        ]
      },
      "properties": {
        "name": "Tamba",
        "country": "Angola",
        "region": "Zaire",
        "elevation_m": null,
        "population": 0,
        "feature_type": "populated place",
        "geoname_id": 2236870
      }
    },
    {
      "type": "Feature",
      "geometry": {
        "type": "Point",
        "coordinates": [
          14.68333,
          -6.03333
        ]
      },
      "properties": {
        "name": "Tamba",
        "country": "Angola",
        "region": "Zaire",
        "elevation_m": null,
        "population": 0,
        "feature_type": "populated place",
        "geoname_id": 2236871
      }
    },
    {
      "type": "Feature",
      "geometry": {
        "type": "Point",
        "coordinates": [
          12.43333,
          -5.26667
        ]
      },
      "properties": {
        "name": "Tamba",
        "country": "Angola",
        "region": "Cabinda",
        "elevation_m": null,
        "population": 0,
        "feature_type": "populated place",
        "geoname_id": 2236872
      }
    },
    {
      "type": "Feature",
      "geometry": {
        "type": "Point",
        "coordinates": [
          15.3,
          -6.31667
        ]
      },
      "properties": {
        "name": "Taloma",
        "country": "Angola",
        "region": "Uíge",
        "elevation_m": null,
        "population": 0,
        "feature_type": "populated place",
        "geoname_id": 2236874
      }
    },
    {
      "type": "Feature",
      "geometry": {
        "type": "Point",
        "coordinates": [
          14.9,
          -9.25
        ]
      },
      "properties": {
        "name": "Tala Seque",
        "country": "Angola",
        "region": "Cuanza Norte",
        "elevation_m": null,
        "population": 0,
        "feature_type": "populated place",
        "geoname_id": 2236878
      }
    },
    {
      "type": "Feature",
      "geometry": {
        "type": "Point",
        "coordinates": [
          15.2481,
          -9.08298
        ]
      },
      "properties": {
        "name": "Talanzambi",
        "country": "Angola",
        "region": "Cuanza Norte",
        "elevation_m": null,
        "population": 0,
        "feature_type": "populated place",
        "geoname_id": 2236879
      }
    },
    {
      "type": "Feature",
      "geometry": {
        "type": "Point",
        "coordinates": [
          14.23333,
          -7.66667
        ]
      },
      "properties": {
        "name": "Talani",
        "country": "Angola",
        "region": "Uíge",
        "elevation_m": null,
        "population": 0,
        "feature_type": "populated place",
        "geoname_id": 2236880
      }
    },
    {
      "type": "Feature",
      "geometry": {
        "type": "Point",
        "coordinates": [
          17.22563,
          -9.71032
        ]
      },
      "properties": {
        "name": "Tala Mungongo",
        "country": "Angola",
        "region": "Malanje",
        "elevation_m": null,
        "population": 0,
        "feature_type": "populated place",
        "geoname_id": 2236881
      }
    },
    {
      "type": "Feature",
      "geometry": {
        "type": "Point",
        "coordinates": [
          15.04291,
          -7.92187
        ]
      },
      "properties": {
        "name": "Talambanza",
        "country": "Angola",
        "region": "Uíge",
        "elevation_m": null,
        "population": 0,
        "feature_type": "populated place",
        "geoname_id": 2236882
      }
    },
    {
      "type": "Feature",
      "geometry": {
        "type": "Point",
        "coordinates": [
          14.61667,
          -7.78333
        ]
      },
      "properties": {
        "name": "Tala Cabuco",
        "country": "Angola",
        "region": "Uíge",
        "elevation_m": null,
        "population": 0,
        "feature_type": "populated place",
        "geoname_id": 2236888
      }
    },
    {
      "type": "Feature",
      "geometry": {
        "type": "Point",
        "coordinates": [
          15.33333,
          -8.38333
        ]
      },
      "properties": {
        "name": "Tala",
        "country": "Angola",
        "region": "Cuanza Norte",
        "elevation_m": null,
        "population": 0,
        "feature_type": "populated place",
        "geoname_id": 2236891
      }
    },
    {
      "type": "Feature",
      "geometry": {
        "type": "Point",
        "coordinates": [
          14.37409,
          -6.59577
        ]
      },
      "properties": {
        "name": "Tala",
        "country": "Angola",
        "region": "Zaire",
        "elevation_m": null,
        "population": 0,
        "feature_type": "populated place",
        "geoname_id": 2236892
      }
    },
    {
      "type": "Feature",
      "geometry": {
        "type": "Point",
        "coordinates": [
          13.53333,
          -6.03333
        ]
      },
      "properties": {
        "name": "Tala",
        "country": "Angola",
        "region": "Zaire",
        "elevation_m": null,
        "population": 0,
        "feature_type": "populated place",
        "geoname_id": 2236893
      }
    },
    {
      "type": "Feature",
      "geometry": {
        "type": "Point",
        "coordinates": [
          15.08512,
          -6.10699
        ]
      },
      "properties": {
        "name": "Tadi",
        "country": "Angola",
        "region": "Uíge",
        "elevation_m": null,
        "population": 0,
        "feature_type": "populated place",
        "geoname_id": 2236904
      }
    },
    {
      "type": "Feature",
      "geometry": {
        "type": "Point",
        "coordinates": [
          15.3,
          -5.88333
        ]
      },
      "properties": {
        "name": "Tadi",
        "country": "Angola",
        "region": "Uíge",
        "elevation_m": null,
        "population": 0,
        "feature_type": "populated place",
        "geoname_id": 2236905
      }
    },
    {
      "type": "Feature",
      "geometry": {
        "type": "Point",
        "coordinates": [
          15.93356,
          -7.28011
        ]
      },
      "properties": {
        "name": "Quiteca Bunga",
        "country": "Angola",
        "region": "Uíge",
        "elevation_m": null,
        "population": 0,
        "feature_type": "populated place",
        "geoname_id": 2236907
      }
    },
    {
      "type": "Feature",
      "geometry": {
        "type": "Point",
        "coordinates": [
          14.08333,
          -7.98333
        ]
      },
      "properties": {
        "name": "Taca",
        "country": "Angola",
        "region": "Bengo",
        "elevation_m": null,
        "population": 0,
        "feature_type": "populated place",
        "geoname_id": 2236911
      }
    },
    {
      "type": "Feature",
      "geometry": {
        "type": "Point",
        "coordinates": [
          14.78333,
          -8.13333
        ]
      },
      "properties": {
        "name": "Tabi",
        "country": "Angola",
        "region": "Uíge",
        "elevation_m": null,
        "population": 0,
        "feature_type": "populated place",
        "geoname_id": 2236914
      }
    },
    {
      "type": "Feature",
      "geometry": {
        "type": "Point",
        "coordinates": [
          15.09256,
          -8.03594
        ]
      },
      "properties": {
        "name": "Tabi",
        "country": "Angola",
        "region": "Uíge",
        "elevation_m": null,
        "population": 0,
        "feature_type": "populated place",
        "geoname_id": 2236915
      }
    },
    {
      "type": "Feature",
      "geometry": {
        "type": "Point",
        "coordinates": [
          15.71667,
          -6.05
        ]
      },
      "properties": {
        "name": "Sunza",
        "country": "Angola",
        "region": "Uíge",
        "elevation_m": null,
        "population": 0,
        "feature_type": "populated place",
        "geoname_id": 2236923
      }
    },
    {
      "type": "Feature",
      "geometry": {
        "type": "Point",
        "coordinates": [
          15.5,
          -5.86667
        ]
      },
      "properties": {
        "name": "Sunza",
        "country": "Angola",
        "region": "Uíge",
        "elevation_m": null,
        "population": 0,
        "feature_type": "populated place",
        "geoname_id": 2236924
      }
    },
    {
      "type": "Feature",
      "geometry": {
        "type": "Point",
        "coordinates": [
          16.79719,
          -8.82435
        ]
      },
      "properties": {
        "name": "Sungingi",
        "country": "Angola",
        "region": "Malanje",
        "elevation_m": null,
        "population": 0,
        "feature_type": "populated place",
        "geoname_id": 2236927
      }
    },
    {
      "type": "Feature",
      "geometry": {
        "type": "Point",
        "coordinates": [
          12.63247,
          -6.14986
        ]
      },
      "properties": {
        "name": "Sumba",
        "country": "Angola",
        "region": "Zaire",
        "elevation_m": null,
        "population": 0,
        "feature_type": "populated place",
        "geoname_id": 2236939
      }
    },
    {
      "type": "Feature",
      "geometry": {
        "type": "Point",
        "coordinates": [
          12.61667,
          -6.13333
        ]
      },
      "properties": {
        "name": "Sumba",
        "country": "Angola",
        "region": "Zaire",
        "elevation_m": null,
        "population": 0,
        "feature_type": "populated place",
        "geoname_id": 2236940
      }
    },
    {
      "type": "Feature",
      "geometry": {
        "type": "Point",
        "coordinates": [
          19.28062,
          -9.39082
        ]
      },
      "properties": {
        "name": "Sucumuna",
        "country": "Angola",
        "region": "Luanda Norte",
        "elevation_m": null,
        "population": 0,
        "feature_type": "populated place",
        "geoname_id": 2236947
      }
    },
    {
      "type": "Feature",
      "geometry": {
        "type": "Point",
        "coordinates": [
          17.29479,
          -9.56256
        ]
      },
      "properties": {
        "name": "Suco",
        "country": "Angola",
        "region": "Malanje",
        "elevation_m": null,
        "population": 0,
        "feature_type": "populated place",
        "geoname_id": 2236955
      }
    },
    {
      "type": "Feature",
      "geometry": {
        "type": "Point",
        "coordinates": [
          16.66667,
          -6.4
        ]
      },
      "properties": {
        "name": "Suaitari",
        "country": "Angola",
        "region": "Uíge",
        "elevation_m": null,
        "population": 0,
        "feature_type": "populated place",
        "geoname_id": 2236960
      }
    },
    {
      "type": "Feature",
      "geometry": {
        "type": "Point",
        "coordinates": [
          16.7,
          -6.16667
        ]
      },
      "properties": {
        "name": "Suá Ienga",
        "country": "Angola",
        "region": "Uíge",
        "elevation_m": null,
        "population": 0,
        "feature_type": "populated place",
        "geoname_id": 2236961
      }
    },
    {
      "type": "Feature",
      "geometry": {
        "type": "Point",
        "coordinates": [
          16.42599,
          -5.9153
        ]
      },
      "properties": {
        "name": "Suaicomba",
        "country": "Angola",
        "region": "Uíge",
        "elevation_m": null,
        "population": 0,
        "feature_type": "populated place",
        "geoname_id": 2236962
      }
    },
    {
      "type": "Feature",
      "geometry": {
        "type": "Point",
        "coordinates": [
          15.69981,
          -8.69414
        ]
      },
      "properties": {
        "name": "Sosso",
        "country": "Angola",
        "region": "Malanje",
        "elevation_m": null,
        "population": 0,
        "feature_type": "populated place",
        "geoname_id": 2236968
      }
    },
    {
      "type": "Feature",
      "geometry": {
        "type": "Point",
        "coordinates": [
          15.11667,
          -7.18333
        ]
      },
      "properties": {
        "name": "Sosso",
        "country": "Angola",
        "region": "Uíge",
        "elevation_m": null,
        "population": 0,
        "feature_type": "populated place",
        "geoname_id": 2236969
      }
    },
    {
      "type": "Feature",
      "geometry": {
        "type": "Point",
        "coordinates": [
          15.6566,
          -8.44109
        ]
      },
      "properties": {
        "name": "Soquessa",
        "country": "Angola",
        "region": "Cuanza Norte",
        "elevation_m": null,
        "population": 0,
        "feature_type": "populated place",
        "geoname_id": 2236970
      }
    },
    {
      "type": "Feature",
      "geometry": {
        "type": "Point",
        "coordinates": [
          15.80962,
          -9.26243
        ]
      },
      "properties": {
        "name": "Soqueco",
        "country": "Angola",
        "region": "Malanje",
        "elevation_m": null,
        "population": 0,
        "feature_type": "seat of a second-order administrative division",
        "geoname_id": 2236971
      }
    },
    {
      "type": "Feature",
      "geometry": {
        "type": "Point",
        "coordinates": [
          15.8,
          -9.25
        ]
      },
      "properties": {
        "name": "Soqueco",
        "country": "Angola",
        "region": "Malanje",
        "elevation_m": null,
        "population": 0,
        "feature_type": "populated place",
        "geoname_id": 2236972
      }
    },
    {
      "type": "Feature",
      "geometry": {
        "type": "Point",
        "coordinates": [
          15.81667,
          -9.23333
        ]
      },
      "properties": {
        "name": "Soqueco",
        "country": "Angola",
        "region": "Malanje",
        "elevation_m": null,
        "population": 0,
        "feature_type": "populated place",
        "geoname_id": 2236973
      }
    },
    {
      "type": "Feature",
      "geometry": {
        "type": "Point",
        "coordinates": [
          15.86667,
          -8.35
        ]
      },
      "properties": {
        "name": "Sonhe",
        "country": "Angola",
        "region": "Malanje",
        "elevation_m": null,
        "population": 0,
        "feature_type": "populated place",
        "geoname_id": 2236977
      }
    },
    {
      "type": "Feature",
      "geometry": {
        "type": "Point",
        "coordinates": [
          15.95,
          -7.83333
        ]
      },
      "properties": {
        "name": "Sonhe",
        "country": "Angola",
        "region": "Uíge",
        "elevation_m": null,
        "population": 0,
        "feature_type": "populated place",
        "geoname_id": 2236978
      }
    },
    {
      "type": "Feature",
      "geometry": {
        "type": "Point",
        "coordinates": [
          14.63666,
          -9.90798
        ]
      },
      "properties": {
        "name": "Songue",
        "country": "Angola",
        "region": "Kwanza Sul",
        "elevation_m": null,
        "population": 0,
        "feature_type": "destroyed populated place",
        "geoname_id": 2236982
      }
    },
    {
      "type": "Feature",
      "geometry": {
        "type": "Point",
        "coordinates": [
          14.96507,
          -6.65765
        ]
      },
      "properties": {
        "name": "Songue",
        "country": "Angola",
        "region": "Uíge",
        "elevation_m": null,
        "population": 0,
        "feature_type": "populated place",
        "geoname_id": 2236983
      }
    },
    {
      "type": "Feature",
      "geometry": {
        "type": "Point",
        "coordinates": [
          15.02384,
          -6.52536
        ]
      },
      "properties": {
        "name": "Zongo",
        "country": "Angola",
        "region": "Uíge",
        "elevation_m": null,
        "population": 0,
        "feature_type": "populated place",
        "geoname_id": 2236993
      }
    },
    {
      "type": "Feature",
      "geometry": {
        "type": "Point",
        "coordinates": [
          16.23333,
          -9.45
        ]
      },
      "properties": {
        "name": "Sona",
        "country": "Angola",
        "region": "Malanje",
        "elevation_m": null,
        "population": 0,
        "feature_type": "populated place",
        "geoname_id": 2236998
      }
    },
    {
      "type": "Feature",
      "geometry": {
        "type": "Point",
        "coordinates": [
          13.7,
          -9.63333
        ]
      },
      "properties": {
        "name": "Sombe",
        "country": "Angola",
        "region": "Bengo",
        "elevation_m": null,
        "population": 0,
        "feature_type": "populated place",
        "geoname_id": 2236999
      }
    },
    {
      "type": "Feature",
      "geometry": {
        "type": "Point",
        "coordinates": [
          14.11667,
          -6.31667
        ]
      },
      "properties": {
        "name": "Sole",
        "country": "Angola",
        "region": "Zaire",
        "elevation_m": null,
        "population": 0,
        "feature_type": "populated place",
        "geoname_id": 2237001
      }
    },
    {
      "type": "Feature",
      "geometry": {
        "type": "Point",
        "coordinates": [
          15.0186,
          -6.03003
        ]
      },
      "properties": {
        "name": "Sole",
        "country": "Angola",
        "region": "Uíge",
        "elevation_m": null,
        "population": 0,
        "feature_type": "populated place",
        "geoname_id": 2237002
      }
    },
    {
      "type": "Feature",
      "geometry": {
        "type": "Point",
        "coordinates": [
          15.33333,
          -5.88333
        ]
      },
      "properties": {
        "name": "Sole",
        "country": "Angola",
        "region": "Uíge",
        "elevation_m": null,
        "population": 0,
        "feature_type": "populated place",
        "geoname_id": 2237003
      }
    },
    {
      "type": "Feature",
      "geometry": {
        "type": "Point",
        "coordinates": [
          14.1,
          -5.9
        ]
      },
      "properties": {
        "name": "Soco",
        "country": "Angola",
        "region": "Zaire",
        "elevation_m": null,
        "population": 0,
        "feature_type": "populated place",
        "geoname_id": 2237007
      }
    },
    {
      "type": "Feature",
      "geometry": {
        "type": "Point",
        "coordinates": [
          15.99676,
          -9.59311
        ]
      },
      "properties": {
        "name": "Soba Mundo",
        "country": "Angola",
        "region": "Malanje",
        "elevation_m": null,
        "population": 0,
        "feature_type": "populated place",
        "geoname_id": 2237011
      }
    },
    {
      "type": "Feature",
      "geometry": {
        "type": "Point",
        "coordinates": [
          13.61667,
          -9.38333
        ]
      },
      "properties": {
        "name": "Soba Hansa",
        "country": "Angola",
        "region": "Bengo",
        "elevation_m": null,
        "population": 0,
        "feature_type": "populated place",
        "geoname_id": 2237012
      }
    },
    {
      "type": "Feature",
      "geometry": {
        "type": "Point",
        "coordinates": [
          13.6,
          -9.33333
        ]
      },
      "properties": {
        "name": "Soba Bimba",
        "country": "Angola",
        "region": "Bengo",
        "elevation_m": null,
        "population": 0,
        "feature_type": "populated place",
        "geoname_id": 2237013
      }
    },
    {
      "type": "Feature",
      "geometry": {
        "type": "Point",
        "coordinates": [
          12.65,
          -4.73333
        ]
      },
      "properties": {
        "name": "Sindo",
        "country": "Angola",
        "region": "Cabinda",
        "elevation_m": null,
        "population": 0,
        "feature_type": "populated place",
        "geoname_id": 2237017
      }
    },
    {
      "type": "Feature",
      "geometry": {
        "type": "Point",
        "coordinates": [
          12.23333,
          -5.51667
        ]
      },
      "properties": {
        "name": "Simulambuco",
        "country": "Angola",
        "region": "Cabinda",
        "elevation_m": null,
        "population": 0,
        "feature_type": "populated place",
        "geoname_id": 2237020
      }
    },
    {
      "type": "Feature",
      "geometry": {
        "type": "Point",
        "coordinates": [
          12.51667,
          -5.03333
        ]
      },
      "properties": {
        "name": "Seva",
        "country": "Angola",
        "region": "Cabinda",
        "elevation_m": null,
        "population": 0,
        "feature_type": "populated place",
        "geoname_id": 2237023
      }
    },
    {
      "type": "Feature",
      "geometry": {
        "type": "Point",
        "coordinates": [
          14.4,
          -9.63333
        ]
      },
      "properties": {
        "name": "Sete",
        "country": "Angola",
        "region": "Cuanza Norte",
        "elevation_m": null,
        "population": 0,
        "feature_type": "populated place",
        "geoname_id": 2237025
      }
    },
    {
      "type": "Feature",
      "geometry": {
        "type": "Point",
        "coordinates": [
          14.16667,
          -7.21667
        ]
      },
      "properties": {
        "name": "Sessa",
        "country": "Angola",
        "region": "Uíge",
        "elevation_m": null,
        "population": 0,
        "feature_type": "populated place",
        "geoname_id": 2237027
      }
    },
    {
      "type": "Feature",
      "geometry": {
        "type": "Point",
        "coordinates": [
          15.99121,
          -7.32157
        ]
      },
      "properties": {
        "name": "Serrador",
        "country": "Angola",
        "region": "Uíge",
        "elevation_m": null,
        "population": 0,
        "feature_type": "populated place",
        "geoname_id": 2237029
      }
    },
    {
      "type": "Feature",
      "geometry": {
        "type": "Point",
        "coordinates": [
          13.45,
          -7.26667
        ]
      },
      "properties": {
        "name": "Seque",
        "country": "Angola",
        "region": "Zaire",
        "elevation_m": null,
        "population": 0,
        "feature_type": "populated place",
        "geoname_id": 2237033
      }
    },
    {
      "type": "Feature",
      "geometry": {
        "type": "Point",
        "coordinates": [
          14.91667,
          -6.71667
        ]
      },
      "properties": {
        "name": "Senzela",
        "country": "Angola",
        "region": "Uíge",
        "elevation_m": null,
        "population": 0,
        "feature_type": "populated place",
        "geoname_id": 2237041
      }
    },
    {
      "type": "Feature",
      "geometry": {
        "type": "Point",
        "coordinates": [
          15.31667,
          -9.88333
        ]
      },
      "properties": {
        "name": "Sengue",
        "country": "Angola",
        "region": "Kwanza Sul",
        "elevation_m": null,
        "population": 0,
        "feature_type": "populated place",
        "geoname_id": 2237058
      }
    },
    {
      "type": "Feature",
      "geometry": {
        "type": "Point",
        "coordinates": [
          13.01667,
          -7.65
        ]
      },
      "properties": {
        "name": "Sengue",
        "country": "Angola",
        "region": "Zaire",
        "elevation_m": null,
        "population": 0,
        "feature_type": "populated place",
        "geoname_id": 2237060
      }
    },
    {
      "type": "Feature",
      "geometry": {
        "type": "Point",
        "coordinates": [
          14.1,
          -7.3
        ]
      },
      "properties": {
        "name": "Sengue",
        "country": "Angola",
        "region": "Uíge",
        "elevation_m": null,
        "population": 0,
        "feature_type": "populated place",
        "geoname_id": 2237061
      }
    },
    {
      "type": "Feature",
      "geometry": {
        "type": "Point",
        "coordinates": [
          14.31667,
          -6.43333
        ]
      },
      "properties": {
        "name": "Sengue",
        "country": "Angola",
        "region": "Zaire",
        "elevation_m": null,
        "population": 0,
        "feature_type": "populated place",
        "geoname_id": 2237062
      }
    },
    {
      "type": "Feature",
      "geometry": {
        "type": "Point",
        "coordinates": [
          13.7,
          -6.26667
        ]
      },
      "properties": {
        "name": "Sengue",
        "country": "Angola",
        "region": "Zaire",
        "elevation_m": null,
        "population": 0,
        "feature_type": "populated place",
        "geoname_id": 2237063
      }
    },
    {
      "type": "Feature",
      "geometry": {
        "type": "Point",
        "coordinates": [
          15.1,
          -6.1
        ]
      },
      "properties": {
        "name": "Sengue",
        "country": "Angola",
        "region": "Uíge",
        "elevation_m": null,
        "population": 0,
        "feature_type": "populated place",
        "geoname_id": 2237064
      }
    },
    {
      "type": "Feature",
      "geometry": {
        "type": "Point",
        "coordinates": [
          14.91667,
          -9.18333
        ]
      },
      "properties": {
        "name": "Senga",
        "country": "Angola",
        "region": "Cuanza Norte",
        "elevation_m": null,
        "population": 0,
        "feature_type": "populated place",
        "geoname_id": 2237070
      }
    },
    {
      "type": "Feature",
      "geometry": {
        "type": "Point",
        "coordinates": [
          15.19451,
          -7.66424
        ]
      },
      "properties": {
        "name": "Senga",
        "country": "Angola",
        "region": "Uíge",
        "elevation_m": null,
        "population": 0,
        "feature_type": "populated place",
        "geoname_id": 2237071
      }
    },
    {
      "type": "Feature",
      "geometry": {
        "type": "Point",
        "coordinates": [
          12.88333,
          -7.03333
        ]
      },
      "properties": {
        "name": "Senga",
        "country": "Angola",
        "region": "Zaire",
        "elevation_m": null,
        "population": 0,
        "feature_type": "populated place",
        "geoname_id": 2237072
      }
    },
    {
      "type": "Feature",
      "geometry": {
        "type": "Point",
        "coordinates": [
          14.6,
          -6.1
        ]
      },
      "properties": {
        "name": "Senga",
        "country": "Angola",
        "region": "Zaire",
        "elevation_m": null,
        "population": 0,
        "feature_type": "populated place",
        "geoname_id": 2237073
      }
    },
    {
      "type": "Feature",
      "geometry": {
        "type": "Point",
        "coordinates": [
          14.68333,
          -9.03333
        ]
      },
      "properties": {
        "name": "Sende",
        "country": "Angola",
        "region": "Cuanza Norte",
        "elevation_m": null,
        "population": 0,
        "feature_type": "populated place",
        "geoname_id": 2237076
      }
    },
    {
      "type": "Feature",
      "geometry": {
        "type": "Point",
        "coordinates": [
          12.73333,
          -6.5
        ]
      },
      "properties": {
        "name": "Sende",
        "country": "Angola",
        "region": "Zaire",
        "elevation_m": null,
        "population": 0,
        "feature_type": "populated place",
        "geoname_id": 2237077
      }
    },
    {
      "type": "Feature",
      "geometry": {
        "type": "Point",
        "coordinates": [
          15.53479,
          -8.47637
        ]
      },
      "properties": {
        "name": "Senda",
        "country": "Angola",
        "region": "Cuanza Norte",
        "elevation_m": null,
        "population": 0,
        "feature_type": "populated place",
        "geoname_id": 2237078
      }
    },
    {
      "type": "Feature",
      "geometry": {
        "type": "Point",
        "coordinates": [
          14.18333,
          -6.08333
        ]
      },
      "properties": {
        "name": "Semo",
        "country": "Angola",
        "region": "Zaire",
        "elevation_m": null,
        "population": 0,
        "feature_type": "populated place",
        "geoname_id": 2237080
      }
    },
    {
      "type": "Feature",
      "geometry": {
        "type": "Point",
        "coordinates": [
          16.73333,
          -9.55
        ]
      },
      "properties": {
        "name": "Seléca",
        "country": "Angola",
        "region": "Malanje",
        "elevation_m": null,
        "population": 0,
        "feature_type": "populated place",
        "geoname_id": 2237083
      }
    },
    {
      "type": "Feature",
      "geometry": {
        "type": "Point",
        "coordinates": [
          15.43333,
          -6.38333
        ]
      },
      "properties": {
        "name": "Secula",
        "country": "Angola",
        "region": "Uíge",
        "elevation_m": null,
        "population": 0,
        "feature_type": "populated place",
        "geoname_id": 2237088
      }
    },
    {
      "type": "Feature",
      "geometry": {
        "type": "Point",
        "coordinates": [
          15.95,
          -7.93333
        ]
      },
      "properties": {
        "name": "Sêco",
        "country": "Angola",
        "region": "Uíge",
        "elevation_m": null,
        "population": 0,
        "feature_type": "populated place",
        "geoname_id": 2237090
      }
    },
    {
      "type": "Feature",
      "geometry": {
        "type": "Point",
        "coordinates": [
          14.28333,
          -8.71667
        ]
      },
      "properties": {
        "name": "Sebastião José",
        "country": "Angola",
        "region": "Bengo",
        "elevation_m": null,
        "population": 0,
        "feature_type": "populated place",
        "geoname_id": 2237091
      }
    },
    {
      "type": "Feature",
      "geometry": {
        "type": "Point",
        "coordinates": [
          19.86667,
          -7.73333
        ]
      },
      "properties": {
        "name": "Sazombuela",
        "country": "Angola",
        "region": "Luanda Norte",
        "elevation_m": null,
        "population": 0,
        "feature_type": "populated place",
        "geoname_id": 2237092
      }
    },
    {
      "type": "Feature",
      "geometry": {
        "type": "Point",
        "coordinates": [
          19,
          -8.81667
        ]
      },
      "properties": {
        "name": "Satechinguri",
        "country": "Angola",
        "region": "Luanda Norte",
        "elevation_m": null,
        "population": 0,
        "feature_type": "populated place",
        "geoname_id": 2237099
      }
    },
    {
      "type": "Feature",
      "geometry": {
        "type": "Point",
        "coordinates": [
          12.23333,
          -5.3
        ]
      },
      "properties": {
        "name": "Sassa Zau",
        "country": "Angola",
        "region": "Cabinda",
        "elevation_m": null,
        "population": 0,
        "feature_type": "populated place",
        "geoname_id": 2237101
      }
    },
    {
      "type": "Feature",
      "geometry": {
        "type": "Point",
        "coordinates": [
          13.4991,
          -8.6571
        ]
      },
      "properties": {
        "name": "Sassalemba",
        "country": "Angola",
        "region": "Bengo",
        "elevation_m": null,
        "population": 0,
        "feature_type": "populated place",
        "geoname_id": 2237102
      }
    },
    {
      "type": "Feature",
      "geometry": {
        "type": "Point",
        "coordinates": [
          14.57012,
          -8.76201
        ]
      },
      "properties": {
        "name": "Sassa Calomba",
        "country": "Angola",
        "region": "Bengo",
        "elevation_m": null,
        "population": 0,
        "feature_type": "abandoned populated place",
        "geoname_id": 2237105
      }
    },
    {
      "type": "Feature",
      "geometry": {
        "type": "Point",
        "coordinates": [
          13.68778,
          -8.55583
        ]
      },
      "properties": {
        "name": "Sassa Povoação",
        "country": "Angola",
        "region": "Bengo",
        "elevation_m": null,
        "population": 0,
        "feature_type": "populated place",
        "geoname_id": 2237106
      }
    },
    {
      "type": "Feature",
      "geometry": {
        "type": "Point",
        "coordinates": [
          13.33333,
          -7.93333
        ]
      },
      "properties": {
        "name": "Sassa",
        "country": "Angola",
        "region": "Bengo",
        "elevation_m": null,
        "population": 0,
        "feature_type": "populated place",
        "geoname_id": 2237107
      }
    },
    {
      "type": "Feature",
      "geometry": {
        "type": "Point",
        "coordinates": [
          14.68333,
          -7.7
        ]
      },
      "properties": {
        "name": "Sassa",
        "country": "Angola",
        "region": "Uíge",
        "elevation_m": null,
        "population": 0,
        "feature_type": "populated place",
        "geoname_id": 2237108
      }
    },
    {
      "type": "Feature",
      "geometry": {
        "type": "Point",
        "coordinates": [
          14.21667,
          -7.5
        ]
      },
      "properties": {
        "name": "Sassa",
        "country": "Angola",
        "region": "Uíge",
        "elevation_m": null,
        "population": 0,
        "feature_type": "populated place",
        "geoname_id": 2237109
      }
    },
    {
      "type": "Feature",
      "geometry": {
        "type": "Point",
        "coordinates": [
          14.88333,
          -7.43333
        ]
      },
      "properties": {
        "name": "Sassa",
        "country": "Angola",
        "region": "Uíge",
        "elevation_m": null,
        "population": 0,
        "feature_type": "populated place",
        "geoname_id": 2237110
      }
    },
    {
      "type": "Feature",
      "geometry": {
        "type": "Point",
        "coordinates": [
          14.63333,
          -6.86667
        ]
      },
      "properties": {
        "name": "Sassa",
        "country": "Angola",
        "region": "Uíge",
        "elevation_m": null,
        "population": 0,
        "feature_type": "populated place",
        "geoname_id": 2237111
      }
    },
    {
      "type": "Feature",
      "geometry": {
        "type": "Point",
        "coordinates": [
          15.65,
          -8.01667
        ]
      },
      "properties": {
        "name": "Saquela",
        "country": "Angola",
        "region": "Uíge",
        "elevation_m": null,
        "population": 0,
        "feature_type": "populated place",
        "geoname_id": 2237113
      }
    },
    {
      "type": "Feature",
      "geometry": {
        "type": "Point",
        "coordinates": [
          18.86667,
          -8.16667
        ]
      },
      "properties": {
        "name": "Sapungulo",
        "country": "Angola",
        "region": "Luanda Norte",
        "elevation_m": null,
        "population": 0,
        "feature_type": "populated place",
        "geoname_id": 2237114
      }
    },
    {
      "type": "Feature",
      "geometry": {
        "type": "Point",
        "coordinates": [
          15.66667,
          -9.2
        ]
      },
      "properties": {
        "name": "São Tomé",
        "country": "Angola",
        "region": "Malanje",
        "elevation_m": null,
        "population": 0,
        "feature_type": "populated place",
        "geoname_id": 2237116
      }
    },
    {
      "type": "Feature",
      "geometry": {
        "type": "Point",
        "coordinates": [
          14.78333,
          -6.73333
        ]
      },
      "properties": {
        "name": "São Tomé",
        "country": "Angola",
        "region": "Uíge",
        "elevation_m": null,
        "population": 0,
        "feature_type": "populated place",
        "geoname_id": 2237117
      }
    },
    {
      "type": "Feature",
      "geometry": {
        "type": "Point",
        "coordinates": [
          14.81667,
          -6.71667
        ]
      },
      "properties": {
        "name": "São Tomé",
        "country": "Angola",
        "region": "Uíge",
        "elevation_m": null,
        "population": 0,
        "feature_type": "populated place",
        "geoname_id": 2237118
      }
    },
    {
      "type": "Feature",
      "geometry": {
        "type": "Point",
        "coordinates": [
          12.41667,
          -4.96667
        ]
      },
      "properties": {
        "name": "São José do Luati",
        "country": "Angola",
        "region": "Cabinda",
        "elevation_m": null,
        "population": 0,
        "feature_type": "populated place",
        "geoname_id": 2237121
      }
    },
    {
      "type": "Feature",
      "geometry": {
        "type": "Point",
        "coordinates": [
          14.7,
          -7.65
        ]
      },
      "properties": {
        "name": "São José do Encoje",
        "country": "Angola",
        "region": "Uíge",
        "elevation_m": null,
        "population": 0,
        "feature_type": "populated place",
        "geoname_id": 2237122
      }
    },
    {
      "type": "Feature",
      "geometry": {
        "type": "Point",
        "coordinates": [
          14.41667,
          -6.6
        ]
      },
      "properties": {
        "name": "Sanzamo",
        "country": "Angola",
        "region": "Zaire",
        "elevation_m": null,
        "population": 0,
        "feature_type": "populated place",
        "geoname_id": 2237130
      }
    },
    {
      "type": "Feature",
      "geometry": {
        "type": "Point",
        "coordinates": [
          14.73333,
          -6.93333
        ]
      },
      "properties": {
        "name": "Sanzambe",
        "country": "Angola",
        "region": "Uíge",
        "elevation_m": null,
        "population": 0,
        "feature_type": "populated place",
        "geoname_id": 2237131
      }
    },
    {
      "type": "Feature",
      "geometry": {
        "type": "Point",
        "coordinates": [
          16.83333,
          -9.58333
        ]
      },
      "properties": {
        "name": "Sanza",
        "country": "Angola",
        "region": "Malanje",
        "elevation_m": null,
        "population": 0,
        "feature_type": "populated place",
        "geoname_id": 2237136
      }
    },
    {
      "type": "Feature",
      "geometry": {
        "type": "Point",
        "coordinates": [
          14.86667,
          -6.33333
        ]
      },
      "properties": {
        "name": "Sanza",
        "country": "Angola",
        "region": "Zaire",
        "elevation_m": null,
        "population": 0,
        "feature_type": "populated place",
        "geoname_id": 2237137
      }
    },
    {
      "type": "Feature",
      "geometry": {
        "type": "Point",
        "coordinates": [
          15.15,
          -8.01667
        ]
      },
      "properties": {
        "name": "Santos",
        "country": "Angola",
        "region": "Uíge",
        "elevation_m": null,
        "population": 0,
        "feature_type": "populated place",
        "geoname_id": 2237139
      }
    },
    {
      "type": "Feature",
      "geometry": {
        "type": "Point",
        "coordinates": [
          17.98333,
          -9.16667
        ]
      },
      "properties": {
        "name": "Santa Tito",
        "country": "Angola",
        "region": "Luanda Norte",
        "elevation_m": null,
        "population": 0,
        "feature_type": "populated place",
        "geoname_id": 2237140
      }
    },
    {
      "type": "Feature",
      "geometry": {
        "type": "Point",
        "coordinates": [
          15.41667,
          -8.66667
        ]
      },
      "properties": {
        "name": "Santana",
        "country": "Angola",
        "region": "Cuanza Norte",
        "elevation_m": null,
        "population": 0,
        "feature_type": "populated place",
        "geoname_id": 2237141
      }
    },
    {
      "type": "Feature",
      "geometry": {
        "type": "Point",
        "coordinates": [
          14.50045,
          -8.119
        ]
      },
      "properties": {
        "name": "São Eulália",
        "country": "Angola",
        "region": "Bengo",
        "elevation_m": null,
        "population": 0,
        "feature_type": "populated place",
        "geoname_id": 2237143
      }
    },
    {
      "type": "Feature",
      "geometry": {
        "type": "Point",
        "coordinates": [
          16.34934,
          -6.92489
        ]
      },
      "properties": {
        "name": "Milunga",
        "country": "Angola",
        "region": "Uíge",
        "elevation_m": null,
        "population": 0,
        "feature_type": "seat of a second-order administrative division",
        "geoname_id": 2237145
      }
    },
    {
      "type": "Feature",
      "geometry": {
        "type": "Point",
        "coordinates": [
          14.98333,
          -7.85
        ]
      },
      "properties": {
        "name": "Santa Ambuíla",
        "country": "Angola",
        "region": "Uíge",
        "elevation_m": null,
        "population": 0,
        "feature_type": "populated place",
        "geoname_id": 2237147
      }
    },
    {
      "type": "Feature",
      "geometry": {
        "type": "Point",
        "coordinates": [
          13.42373,
          -6.80045
        ]
      },
      "properties": {
        "name": "Santa",
        "country": "Angola",
        "region": "Zaire",
        "elevation_m": null,
        "population": 0,
        "feature_type": "populated place",
        "geoname_id": 2237148
      }
    },
    {
      "type": "Feature",
      "geometry": {
        "type": "Point",
        "coordinates": [
          15.01667,
          -7.71667
        ]
      },
      "properties": {
        "name": "Sangui",
        "country": "Angola",
        "region": "Uíge",
        "elevation_m": null,
        "population": 0,
        "feature_type": "populated place",
        "geoname_id": 2237156
      }
    },
    {
      "type": "Feature",
      "geometry": {
        "type": "Point",
        "coordinates": [
          14.96667,
          -6.86667
        ]
      },
      "properties": {
        "name": "Sângui",
        "country": "Angola",
        "region": "Uíge",
        "elevation_m": null,
        "population": 0,
        "feature_type": "populated place",
        "geoname_id": 2237157
      }
    },
    {
      "type": "Feature",
      "geometry": {
        "type": "Point",
        "coordinates": [
          14.01667,
          -6.45
        ]
      },
      "properties": {
        "name": "Sangui",
        "country": "Angola",
        "region": "Zaire",
        "elevation_m": null,
        "population": 0,
        "feature_type": "populated place",
        "geoname_id": 2237158
      }
    },
    {
      "type": "Feature",
      "geometry": {
        "type": "Point",
        "coordinates": [
          14.6,
          -6.41667
        ]
      },
      "properties": {
        "name": "Sangui",
        "country": "Angola",
        "region": "Zaire",
        "elevation_m": null,
        "population": 0,
        "feature_type": "populated place",
        "geoname_id": 2237159
      }
    },
    {
      "type": "Feature",
      "geometry": {
        "type": "Point",
        "coordinates": [
          14.3,
          -6.31667
        ]
      },
      "properties": {
        "name": "Sangui",
        "country": "Angola",
        "region": "Zaire",
        "elevation_m": null,
        "population": 0,
        "feature_type": "populated place",
        "geoname_id": 2237160
      }
    },
    {
      "type": "Feature",
      "geometry": {
        "type": "Point",
        "coordinates": [
          15.1,
          -7.2
        ]
      },
      "properties": {
        "name": "Sangue",
        "country": "Angola",
        "region": "Uíge",
        "elevation_m": null,
        "population": 0,
        "feature_type": "populated place",
        "geoname_id": 2237164
      }
    },
    {
      "type": "Feature",
      "geometry": {
        "type": "Point",
        "coordinates": [
          14.28474,
          -7.09915
        ]
      },
      "properties": {
        "name": "Sangui",
        "country": "Angola",
        "region": "Uíge",
        "elevation_m": null,
        "population": 0,
        "feature_type": "populated place",
        "geoname_id": 2237165
      }
    },
    {
      "type": "Feature",
      "geometry": {
        "type": "Point",
        "coordinates": [
          15.43333,
          -6.61667
        ]
      },
      "properties": {
        "name": "Sangue",
        "country": "Angola",
        "region": "Uíge",
        "elevation_m": null,
        "population": 0,
        "feature_type": "populated place",
        "geoname_id": 2237166
      }
    },
    {
      "type": "Feature",
      "geometry": {
        "type": "Point",
        "coordinates": [
          19.65,
          -7.15
        ]
      },
      "properties": {
        "name": "Sangongue",
        "country": "Angola",
        "region": "Luanda Norte",
        "elevation_m": null,
        "population": 0,
        "feature_type": "populated place",
        "geoname_id": 2237167
      }
    },
    {
      "type": "Feature",
      "geometry": {
        "type": "Point",
        "coordinates": [
          15.7,
          -9.75
        ]
      },
      "properties": {
        "name": "Sango",
        "country": "Angola",
        "region": "Kwanza Sul",
        "elevation_m": null,
        "population": 0,
        "feature_type": "populated place",
        "geoname_id": 2237172
      }
    },
    {
      "type": "Feature",
      "geometry": {
        "type": "Point",
        "coordinates": [
          13.51667,
          -6.9
        ]
      },
      "properties": {
        "name": "Sango",
        "country": "Angola",
        "region": "Zaire",
        "elevation_m": null,
        "population": 0,
        "feature_type": "populated place",
        "geoname_id": 2237173
      }
    },
    {
      "type": "Feature",
      "geometry": {
        "type": "Point",
        "coordinates": [
          13.31667,
          -6.81667
        ]
      },
      "properties": {
        "name": "Sango",
        "country": "Angola",
        "region": "Zaire",
        "elevation_m": null,
        "population": 0,
        "feature_type": "populated place",
        "geoname_id": 2237174
      }
    },
    {
      "type": "Feature",
      "geometry": {
        "type": "Point",
        "coordinates": [
          14.61667,
          -6.28333
        ]
      },
      "properties": {
        "name": "Sango",
        "country": "Angola",
        "region": "Zaire",
        "elevation_m": null,
        "population": 0,
        "feature_type": "populated place",
        "geoname_id": 2237175
      }
    },
    {
      "type": "Feature",
      "geometry": {
        "type": "Point",
        "coordinates": [
          14.96951,
          -7.50605
        ]
      },
      "properties": {
        "name": "Sange",
        "country": "Angola",
        "region": "Uíge",
        "elevation_m": null,
        "population": 0,
        "feature_type": "populated place",
        "geoname_id": 2237179
      }
    },
    {
      "type": "Feature",
      "geometry": {
        "type": "Point",
        "coordinates": [
          13.66667,
          -6.16667
        ]
      },
      "properties": {
        "name": "Sange",
        "country": "Angola",
        "region": "Zaire",
        "elevation_m": null,
        "population": 0,
        "feature_type": "populated place",
        "geoname_id": 2237180
      }
    },
    {
      "type": "Feature",
      "geometry": {
        "type": "Point",
        "coordinates": [
          12.46667,
          -4.65
        ]
      },
      "properties": {
        "name": "Sanga Mongo",
        "country": "Angola",
        "region": "Cabinda",
        "elevation_m": null,
        "population": 0,
        "feature_type": "populated place",
        "geoname_id": 2237185
      }
    },
    {
      "type": "Feature",
      "geometry": {
        "type": "Point",
        "coordinates": [
          14.53333,
          -9.13333
        ]
      },
      "properties": {
        "name": "Sangabi",
        "country": "Angola",
        "region": "Cuanza Norte",
        "elevation_m": null,
        "population": 0,
        "feature_type": "populated place",
        "geoname_id": 2237187
      }
    },
    {
      "type": "Feature",
      "geometry": {
        "type": "Point",
        "coordinates": [
          13.73333,
          -9.8
        ]
      },
      "properties": {
        "name": "Sanga",
        "country": "Angola",
        "region": "Bengo",
        "elevation_m": null,
        "population": 0,
        "feature_type": "populated place",
        "geoname_id": 2237191
      }
    },
    {
      "type": "Feature",
      "geometry": {
        "type": "Point",
        "coordinates": [
          14.33333,
          -6.46667
        ]
      },
      "properties": {
        "name": "Sanga",
        "country": "Angola",
        "region": "Zaire",
        "elevation_m": null,
        "population": 0,
        "feature_type": "populated place",
        "geoname_id": 2237193
      }
    },
    {
      "type": "Feature",
      "geometry": {
        "type": "Point",
        "coordinates": [
          18.2,
          -8.4
        ]
      },
      "properties": {
        "name": "Sandando",
        "country": "Angola",
        "region": "Luanda Norte",
        "elevation_m": null,
        "population": 0,
        "feature_type": "populated place",
        "geoname_id": 2237197
      }
    },
    {
      "type": "Feature",
      "geometry": {
        "type": "Point",
        "coordinates": [
          13.01667,
          -4.68333
        ]
      },
      "properties": {
        "name": "Sanda Massala",
        "country": "Angola",
        "region": "Cabinda",
        "elevation_m": null,
        "population": 0,
        "feature_type": "populated place",
        "geoname_id": 2237198
      }
    },
    {
      "type": "Feature",
      "geometry": {
        "type": "Point",
        "coordinates": [
          15.41667,
          -8.65
        ]
      },
      "properties": {
        "name": "Sanda",
        "country": "Angola",
        "region": "Cuanza Norte",
        "elevation_m": null,
        "population": 0,
        "feature_type": "populated place",
        "geoname_id": 2237202
      }
    },
    {
      "type": "Feature",
      "geometry": {
        "type": "Point",
        "coordinates": [
          14.45,
          -7.33333
        ]
      },
      "properties": {
        "name": "Sanda",
        "country": "Angola",
        "region": "Uíge",
        "elevation_m": null,
        "population": 0,
        "feature_type": "populated place",
        "geoname_id": 2237204
      }
    },
    {
      "type": "Feature",
      "geometry": {
        "type": "Point",
        "coordinates": [
          14.95,
          -6.26667
        ]
      },
      "properties": {
        "name": "Sanda",
        "country": "Angola",
        "region": "Uíge",
        "elevation_m": null,
        "population": 0,
        "feature_type": "populated place",
        "geoname_id": 2237206
      }
    },
    {
      "type": "Feature",
      "geometry": {
        "type": "Point",
        "coordinates": [
          14.55,
          -5.93333
        ]
      },
      "properties": {
        "name": "Sanda",
        "country": "Angola",
        "region": "Zaire",
        "elevation_m": null,
        "population": 0,
        "feature_type": "populated place",
        "geoname_id": 2237207
      }
    },
    {
      "type": "Feature",
      "geometry": {
        "type": "Point",
        "coordinates": [
          19.48333,
          -9.88333
        ]
      },
      "properties": {
        "name": "Samutundo",
        "country": "Angola",
        "region": "Luanda Norte",
        "elevation_m": null,
        "population": 0,
        "feature_type": "populated place",
        "geoname_id": 2237208
      }
    },
    {
      "type": "Feature",
      "geometry": {
        "type": "Point",
        "coordinates": [
          18.94843,
          -8.25463
        ]
      },
      "properties": {
        "name": "Samucuale",
        "country": "Angola",
        "region": "Luanda Norte",
        "elevation_m": null,
        "population": 0,
        "feature_type": "populated place",
        "geoname_id": 2237209
      }
    },
    {
      "type": "Feature",
      "geometry": {
        "type": "Point",
        "coordinates": [
          19.96667,
          -7.85
        ]
      },
      "properties": {
        "name": "Samongue",
        "country": "Angola",
        "region": "Luanda Norte",
        "elevation_m": null,
        "population": 0,
        "feature_type": "populated place",
        "geoname_id": 2237211
      }
    },
    {
      "type": "Feature",
      "geometry": {
        "type": "Point",
        "coordinates": [
          15.55,
          -7.9
        ]
      },
      "properties": {
        "name": "Sambula",
        "country": "Angola",
        "region": "Uíge",
        "elevation_m": null,
        "population": 0,
        "feature_type": "populated place",
        "geoname_id": 2237213
      }
    }
  ]
}