{
  "type": "FeatureCollection",
  "features": [
    {
      "type": "Feature",
      "geometry": {
        "type": "Point",
        "coordinates": [
          17.08323,
          -22.55941
        ]
      },
      "properties": {
        "name": "Windhoek",
        "country": "Namibia",
        "region": "Khomas Region",
        "elevation_m": 1700,
        "population": 386219,
        "feature_type": "capital of a political entity",
        "geoname_id": 3352136
      }
    },
    {
      "type": "Feature",
      "geometry": {
        "type": "Point",
        "coordinates": [
          19.77314,
          -17.91796
        ]
      },
      "properties": {
        "name": "Rundu",
        "country": "Namibia",
        "region": "Kavango East",
        "elevation_m": null,
        "population": 75180,
        "feature_type": "seat of a first-order administrative division",
        "geoname_id": 3353383
      }
    },
    {
      "type": "Feature",
      "geometry": {
        "type": "Point",
        "coordinates": [
          14.50528,
          -22.9575
        ]
      },
      "properties": {
        "name": "Walvis Bay",
        "country": "Namibia",
        "region": "Erongo Region",
        "elevation_m": null,
        "population": 73598,
        "feature_type": "populated place",
        "geoname_id": 3359638
      }
    },
    {
      "type": "Feature",
      "geometry": {
        "type": "Point",
        "coordinates": [
          14.52663,
          -22.67842
        ]
      },
      "properties": {
        "name": "Swakopmund",
        "country": "Namibia",
        "region": "Erongo Region",
        "elevation_m": null,
        "population": 53009,
        "feature_type": "seat of a first-order administrative division",
        "geoname_id": 3352844
      }
    },
    {
      "type": "Feature",
      "geometry": {
        "type": "Point",
        "coordinates": [
          15.70436,
          -17.78833
        ]
      },
      "properties": {
        "name": "Oshakati",
        "country": "Namibia",
        "region": "Oshana Region",
        "elevation_m": null,
        "population": 43309,
        "feature_type": "seat of a first-order administrative division",
        "geoname_id": 3354021
      }
    },
    {
      "type": "Feature",
      "geometry": {
        "type": "Point",
        "coordinates": [
          17.09,
          -23.317
        ]
      },
      "properties": {
        "name": "Rehoboth",
        "country": "Namibia",
        "region": "Hardap Region",
        "elevation_m": null,
        "population": 34185,
        "feature_type": "populated place",
        "geoname_id": 3353540
      }
    },
    {
      "type": "Feature",
      "geometry": {
        "type": "Point",
        "coordinates": [
          24.27574,
          -17.50467
        ]
      },
      "properties": {
        "name": "Katima Mulilo",
        "country": "Namibia",
        "region": "Zambezi Region",
        "elevation_m": null,
        "population": 33615,
        "feature_type": "seat of a first-order administrative division",
        "geoname_id": 877178
      }
    },
    {
      "type": "Feature",
      "geometry": {
        "type": "Point",
        "coordinates": [
          16.64772,
          -20.46369
        ]
      },
      "properties": {
        "name": "Otjiwarongo",
        "country": "Namibia",
        "region": "Otjozondjupa Region",
        "elevation_m": null,
        "population": 33481,
        "feature_type": "seat of a first-order administrative division",
        "geoname_id": 3353811
      }
    },
    {
      "type": "Feature",
      "geometry": {
        "type": "Point",
        "coordinates": [
          15.98037,
          -17.90824
        ]
      },
      "properties": {
        "name": "Ondangwa",
        "country": "Namibia",
        "region": "Oshana Region",
        "elevation_m": null,
        "population": 27049,
        "feature_type": "populated place",
        "geoname_id": 3354247
      }
    },
    {
      "type": "Feature",
      "geometry": {
        "type": "Point",
        "coordinates": [
          16.9029,
          -21.98141
        ]
      },
      "properties": {
        "name": "Okahandja",
        "country": "Namibia",
        "region": "Otjozondjupa Region",
        "elevation_m": null,
        "population": 26832,
        "feature_type": "populated place",
        "geoname_id": 3354898
      }
    },
    {
      "type": "Feature",
      "geometry": {
        "type": "Point",
        "coordinates": [
          18.1003,
          -19.57328
        ]
      },
      "properties": {
        "name": "Grootfontein",
        "country": "Namibia",
        "region": "Otjozondjupa Region",
        "elevation_m": null,
        "population": 24099,
        "feature_type": "populated place",
        "geoname_id": 3357114
      }
    },
    {
      "type": "Feature",
      "geometry": {
        "type": "Point",
        "coordinates": [
          15.76564,
          -17.77198
        ]
      },
      "properties": {
        "name": "Ongwediva",
        "country": "Namibia",
        "region": "Oshana Region",
        "elevation_m": null,
        "population": 24012,
        "feature_type": "populated place",
        "geoname_id": 3354147
      }
    },
    {
      "type": "Feature",
      "geometry": {
        "type": "Point",
        "coordinates": [
          18.13359,
          -26.57654
        ]
      },
      "properties": {
        "name": "Keetmanshoop",
        "country": "Namibia",
        "region": "Karas Region",
        "elevation_m": null,
        "population": 23049,
        "feature_type": "seat of a first-order administrative division",
        "geoname_id": 3356264
      }
    },
    {
      "type": "Feature",
      "geometry": {
        "type": "Point",
        "coordinates": [
          15.89107,
          -17.39321
        ]
      },
      "properties": {
        "name": "Helao Nafidi",
        "country": "Namibia",
        "region": "Ohangwena Region",
        "elevation_m": null,
        "population": 22963,
        "feature_type": "populated place",
        "geoname_id": 12718704
      }
    },
    {
      "type": "Feature",
      "geometry": {
        "type": "Point",
        "coordinates": [
          17.71345,
          -19.24842
        ]
      },
      "properties": {
        "name": "Tsumeb",
        "country": "Namibia",
        "region": "Oshikoto Region",
        "elevation_m": null,
        "population": 22845,
        "feature_type": "populated place",
        "geoname_id": 3352593
      }
    },
    {
      "type": "Feature",
      "geometry": {
        "type": "Point",
        "coordinates": [
          18.97159,
          -22.45338
        ]
      },
      "properties": {
        "name": "Gobabis",
        "country": "Namibia",
        "region": "Omaheke Region",
        "elevation_m": null,
        "population": 22639,
        "feature_type": "seat of a first-order administrative division",
        "geoname_id": 3357247
      }
    },
    {
      "type": "Feature",
      "geometry": {
        "type": "Point",
        "coordinates": [
          17.06028,
          -22.52306
        ]
      },
      "properties": {
        "name": "Katutura",
        "country": "Namibia",
        "region": "Khomas Region",
        "elevation_m": null,
        "population": 21243,
        "feature_type": "section of populated place",
        "geoname_id": 3356294
      }
    },
    {
      "type": "Feature",
      "geometry": {
        "type": "Point",
        "coordinates": [
          20.70058,
          -18.03892
        ]
      },
      "properties": {
        "name": "Ndiyona",
        "country": "Namibia",
        "region": "Kavango East",
        "elevation_m": null,
        "population": 20633,
        "feature_type": "populated place",
        "geoname_id": 876961
      }
    },
    {
      "type": "Feature",
      "geometry": {
        "type": "Point",
        "coordinates": [
          15.15383,
          -26.64807
        ]
      },
      "properties": {
        "name": "Lüderitz",
        "country": "Namibia",
        "region": "Karas Region",
        "elevation_m": null,
        "population": 15137,
        "feature_type": "populated place",
        "geoname_id": 3355672
      }
    },
    {
      "type": "Feature",
      "geometry": {
        "type": "Point",
        "coordinates": [
          17.96471,
          -24.62705
        ]
      },
      "properties": {
        "name": "Mariental",
        "country": "Namibia",
        "region": "Hardap Region",
        "elevation_m": null,
        "population": 14789,
        "feature_type": "seat of a first-order administrative division",
        "geoname_id": 3355595
      }
    },
    {
      "type": "Feature",
      "geometry": {
        "type": "Point",
        "coordinates": [
          14.96203,
          -20.37711
        ]
      },
      "properties": {
        "name": "Khorixas",
        "country": "Namibia",
        "region": "Kunene Region",
        "elevation_m": null,
        "population": 12021,
        "feature_type": "populated place",
        "geoname_id": 3356213
      }
    },
    {
      "type": "Feature",
      "geometry": {
        "type": "Point",
        "coordinates": [
          15.94611,
          -21.42403
        ]
      },
      "properties": {
        "name": "Omaruru",
        "country": "Namibia",
        "region": "Erongo Region",
        "elevation_m": null,
        "population": 11547,
        "feature_type": "populated place",
        "geoname_id": 3354540
      }
    },
    {
      "type": "Feature",
      "geometry": {
        "type": "Point",
        "coordinates": [
          17.1599,
          -26.49958
        ]
      },
      "properties": {
        "name": "Bethanie",
        "country": "Namibia",
        "region": "Karas Region",
        "elevation_m": null,
        "population": 10363,
        "feature_type": "populated place",
        "geoname_id": 3358416
      }
    },
    {
      "type": "Feature",
      "geometry": {
        "type": "Point",
        "coordinates": [
          16.15415,
          -20.10691
        ]
      },
      "properties": {
        "name": "Outjo",
        "country": "Namibia",
        "region": "Kunene Region",
        "elevation_m": null,
        "population": 10009,
        "feature_type": "populated place",
        "geoname_id": 3353715
      }
    },
    {
      "type": "Feature",
      "geometry": {
        "type": "Point",
        "coordinates": [
          15.58601,
          -22.00219
        ]
      },
      "properties": {
        "name": "Usakos",
        "country": "Namibia",
        "region": "Erongo Region",
        "elevation_m": null,
        "population": 9147,
        "feature_type": "populated place",
        "geoname_id": 3352461
      }
    },
    {
      "type": "Feature",
      "geometry": {
        "type": "Point",
        "coordinates": [
          13.83998,
          -18.06068
        ]
      },
      "properties": {
        "name": "Opuwo",
        "country": "Namibia",
        "region": "Kunene Region",
        "elevation_m": null,
        "population": 9075,
        "feature_type": "seat of a first-order administrative division",
        "geoname_id": 3354077
      }
    },
    {
      "type": "Feature",
      "geometry": {
        "type": "Point",
        "coordinates": [
          16.42728,
          -28.55153
        ]
      },
      "properties": {
        "name": "Oranjemund",
        "country": "Namibia",
        "region": "Karas Region",
        "elevation_m": null,
        "population": 8496,
        "feature_type": "populated place",
        "geoname_id": 3354071
      }
    },
    {
      "type": "Feature",
      "geometry": {
        "type": "Point",
        "coordinates": [
          16.12883,
          -22.35536
        ]
      },
      "properties": {
        "name": "Otjimbingwe",
        "country": "Namibia",
        "region": "Erongo Region",
        "elevation_m": null,
        "population": 7677,
        "feature_type": "populated place",
        "geoname_id": 3353871
      }
    },
    {
      "type": "Feature",
      "geometry": {
        "type": "Point",
        "coordinates": [
          14.98383,
          -17.50375
        ]
      },
      "properties": {
        "name": "Outapi",
        "country": "Namibia",
        "region": "Omusati Region",
        "elevation_m": null,
        "population": 7629,
        "feature_type": "seat of a first-order administrative division",
        "geoname_id": 3371197
      }
    },
    {
      "type": "Feature",
      "geometry": {
        "type": "Point",
        "coordinates": [
          15.06677,
          -17.88758
        ]
      },
      "properties": {
        "name": "Okahao",
        "country": "Namibia",
        "region": "Omusati Region",
        "elevation_m": null,
        "population": 7000,
        "feature_type": "seat of a second-order administrative division",
        "geoname_id": 3354897
      }
    },
    {
      "type": "Feature",
      "geometry": {
        "type": "Point",
        "coordinates": [
          15.85654,
          -21.93554
        ]
      },
      "properties": {
        "name": "Karibib",
        "country": "Namibia",
        "region": "Erongo Region",
        "elevation_m": null,
        "population": 6898,
        "feature_type": "populated place",
        "geoname_id": 3356332
      }
    },
    {
      "type": "Feature",
      "geometry": {
        "type": "Point",
        "coordinates": [
          18.73569,
          -28.44611
        ]
      },
      "properties": {
        "name": "Warmbad",
        "country": "Namibia",
        "region": "Karas Region",
        "elevation_m": null,
        "population": 6700,
        "feature_type": "populated place",
        "geoname_id": 3352263
      }
    },
    {
      "type": "Feature",
      "geometry": {
        "type": "Point",
        "coordinates": [
          16.3294,
          -17.48535
        ]
      },
      "properties": {
        "name": "Eenhana",
        "country": "Namibia",
        "region": "Ohangwena Region",
        "elevation_m": null,
        "population": 6551,
        "feature_type": "seat of a first-order administrative division",
        "geoname_id": 3357804
      }
    },
    {
      "type": "Feature",
      "geometry": {
        "type": "Point",
        "coordinates": [
          16.76136,
          -27.96605
        ]
      },
      "properties": {
        "name": "Rosh Pinah",
        "country": "Namibia",
        "region": "Karas Region",
        "elevation_m": null,
        "population": 6540,
        "feature_type": "populated locality",
        "geoname_id": 7116015
      }
    },
    {
      "type": "Feature",
      "geometry": {
        "type": "Point",
        "coordinates": [
          17.33986,
          -19.63805
        ]
      },
      "properties": {
        "name": "Otavi",
        "country": "Namibia",
        "region": "Otjozondjupa Region",
        "elevation_m": null,
        "population": 6213,
        "feature_type": "populated place",
        "geoname_id": 3353934
      }
    },
    {
      "type": "Feature",
      "geometry": {
        "type": "Point",
        "coordinates": [
          14.97385,
          -22.41749
        ]
      },
      "properties": {
        "name": "Arandis",
        "country": "Namibia",
        "region": "Erongo Region",
        "elevation_m": null,
        "population": 6127,
        "feature_type": "populated place",
        "geoname_id": 3358670
      }
    },
    {
      "type": "Feature",
      "geometry": {
        "type": "Point",
        "coordinates": [
          18.74797,
          -28.01658
        ]
      },
      "properties": {
        "name": "Karasburg",
        "country": "Namibia",
        "region": "Karas Region",
        "elevation_m": null,
        "population": 6054,
        "feature_type": "populated place",
        "geoname_id": 3356343
      }
    },
    {
      "type": "Feature",
      "geometry": {
        "type": "Point",
        "coordinates": [
          17.36599,
          -21.07391
        ]
      },
      "properties": {
        "name": "Osire",
        "country": "Namibia",
        "region": "Otjozondjupa Region",
        "elevation_m": null,
        "population": 5941,
        "feature_type": "populated place",
        "geoname_id": 12718706
      }
    },
    {
      "type": "Feature",
      "geometry": {
        "type": "Point",
        "coordinates": [
          16.0172,
          -17.93021
        ]
      },
      "properties": {
        "name": "Ondangwa East",
        "country": "Namibia",
        "region": "Oshikoto Region",
        "elevation_m": null,
        "population": 5742,
        "feature_type": "populated place",
        "geoname_id": 12718705
      }
    },
    {
      "type": "Feature",
      "geometry": {
        "type": "Point",
        "coordinates": [
          14.28394,
          -22.11609
        ]
      },
      "properties": {
        "name": "Henties Bay",
        "country": "Namibia",
        "region": "Erongo Region",
        "elevation_m": null,
        "population": 5594,
        "feature_type": "populated place",
        "geoname_id": 3356832
      }
    },
    {
      "type": "Feature",
      "geometry": {
        "type": "Point",
        "coordinates": [
          17.45942,
          -20.58755
        ]
      },
      "properties": {
        "name": "Okakarara",
        "country": "Namibia",
        "region": "Otjozondjupa Region",
        "elevation_m": null,
        "population": 5581,
        "feature_type": "populated place",
        "geoname_id": 3354876
      }
    },
    {
      "type": "Feature",
      "geometry": {
        "type": "Point",
        "coordinates": [
          17.41272,
          -28.36274
        ]
      },
      "properties": {
        "name": "Aussenkehr",
        "country": "Namibia",
        "region": "Karas Region",
        "elevation_m": null,
        "population": 5359,
        "feature_type": "populated place",
        "geoname_id": 12718702
      }
    },
    {
      "type": "Feature",
      "geometry": {
        "type": "Point",
        "coordinates": [
          16.58146,
          -18.36463
        ]
      },
      "properties": {
        "name": "Omuthiya",
        "country": "Namibia",
        "region": "Oshikoto Region",
        "elevation_m": null,
        "population": 5000,
        "feature_type": "seat of a first-order administrative division",
        "geoname_id": 3354367
      }
    },
    {
      "type": "Feature",
      "geometry": {
        "type": "Point",
        "coordinates": [
          16.03333,
          -17.91667
        ]
      },
      "properties": {
        "name": "Oniipa",
        "country": "Namibia",
        "region": "Oshikoto Region",
        "elevation_m": null,
        "population": 4740,
        "feature_type": "populated place",
        "geoname_id": 3354130
      }
    },
    {
      "type": "Feature",
      "geometry": {
        "type": "Point",
        "coordinates": [
          19.11754,
          -24.14126
        ]
      },
      "properties": {
        "name": "Aranos",
        "country": "Namibia",
        "region": "Hardap Region",
        "elevation_m": null,
        "population": 4365,
        "feature_type": "populated place",
        "geoname_id": 3358666
      }
    },
    {
      "type": "Feature",
      "geometry": {
        "type": "Point",
        "coordinates": [
          17.9629,
          -18.76936
        ]
      },
      "properties": {
        "name": "Tsintsabis",
        "country": "Namibia",
        "region": "Oshikoto Region",
        "elevation_m": null,
        "population": 4000,
        "feature_type": "populated place",
        "geoname_id": 3352604
      }
    },
    {
      "type": "Feature",
      "geometry": {
        "type": "Point",
        "coordinates": [
          14.41504,
          -17.42817
        ]
      },
      "properties": {
        "name": "Ruacana",
        "country": "Namibia",
        "region": "Kunene Region",
        "elevation_m": null,
        "population": 3537,
        "feature_type": "populated place",
        "geoname_id": 3353400
      }
    },
    {
      "type": "Feature",
      "geometry": {
        "type": "Point",
        "coordinates": [
          17.19534,
          -22.9385
        ]
      },
      "properties": {
        "name": "Groot Aub",
        "country": "Namibia",
        "region": "Khomas Region",
        "elevation_m": null,
        "population": 3452,
        "feature_type": "populated place",
        "geoname_id": 3357124
      }
    },
    {
      "type": "Feature",
      "geometry": {
        "type": "Point",
        "coordinates": [
          15.48173,
          -17.63584
        ]
      },
      "properties": {
        "name": "Oshikuku",
        "country": "Namibia",
        "region": "Omusati Region",
        "elevation_m": null,
        "population": 3272,
        "feature_type": "populated place",
        "geoname_id": 3353989
      }
    },
    {
      "type": "Feature",
      "geometry": {
        "type": "Point",
        "coordinates": [
          17.76935,
          -25.12213
        ]
      },
      "properties": {
        "name": "Gibeon",
        "country": "Namibia",
        "region": "Hardap Region",
        "elevation_m": null,
        "population": 3118,
        "feature_type": "populated place",
        "geoname_id": 3357293
      }
    },
    {
      "type": "Feature",
      "geometry": {
        "type": "Point",
        "coordinates": [
          18.05328,
          -23.92109
        ]
      },
      "properties": {
        "name": "Hoachanas",
        "country": "Namibia",
        "region": "Hardap Region",
        "elevation_m": null,
        "population": 3000,
        "feature_type": "populated place",
        "geoname_id": 3356802
      }
    },
    {
      "type": "Feature",
      "geometry": {
        "type": "Point",
        "coordinates": [
          16.9859,
          -24.83923
        ]
      },
      "properties": {
        "name": "Maltahöhe",
        "country": "Namibia",
        "region": "Hardap Region",
        "elevation_m": null,
        "population": 2819,
        "feature_type": "populated place",
        "geoname_id": 3355624
      }
    },
    {
      "type": "Feature",
      "geometry": {
        "type": "Point",
        "coordinates": [
          15.06961,
          -17.87847
        ]
      },
      "properties": {
        "name": "Ongandjera",
        "country": "Namibia",
        "region": "Omusati Region",
        "elevation_m": null,
        "population": 2719,
        "feature_type": "populated place",
        "geoname_id": 3354178
      }
    },
    {
      "type": "Feature",
      "geometry": {
        "type": "Point",
        "coordinates": [
          15.89077,
          -17.40161
        ]
      },
      "properties": {
        "name": "Oshikango",
        "country": "Namibia",
        "region": "Ohangwena Region",
        "elevation_m": null,
        "population": 2658,
        "feature_type": "populated place",
        "geoname_id": 3353996
      }
    },
    {
      "type": "Feature",
      "geometry": {
        "type": "Point",
        "coordinates": [
          17.21667,
          -17.56667
        ]
      },
      "properties": {
        "name": "Okongo",
        "country": "Namibia",
        "region": "Ohangwena Region",
        "elevation_m": null,
        "population": 2650,
        "feature_type": "populated place",
        "geoname_id": 3354650
      }
    },
    {
      "type": "Feature",
      "geometry": {
        "type": "Point",
        "coordinates": [
          18.7836,
          -21.13889
        ]
      },
      "properties": {
        "name": "Otjinene",
        "country": "Namibia",
        "region": "Omaheke Region",
        "elevation_m": null,
        "population": 2491,
        "feature_type": "populated place",
        "geoname_id": 3353863
      }
    },
    {
      "type": "Feature",
      "geometry": {
        "type": "Point",
        "coordinates": [
          17.62147,
          -28.71817
        ]
      },
      "properties": {
        "name": "Noordoewer",
        "country": "Namibia",
        "region": "Karas Region",
        "elevation_m": null,
        "population": 2401,
        "feature_type": "populated place",
        "geoname_id": 3355099
      }
    },
    {
      "type": "Feature",
      "geometry": {
        "type": "Point",
        "coordinates": [
          18.40464,
          -24.34494
        ]
      },
      "properties": {
        "name": "Stampriet",
        "country": "Namibia",
        "region": "Hardap Region",
        "elevation_m": null,
        "population": 2307,
        "feature_type": "populated place",
        "geoname_id": 3352934
      }
    },
    {
      "type": "Feature",
      "geometry": {
        "type": "Point",
        "coordinates": [
          17.16743,
          -18.61972
        ]
      },
      "properties": {
        "name": "Oshivelo",
        "country": "Namibia",
        "region": "Oshikoto Region",
        "elevation_m": null,
        "population": 2287,
        "feature_type": "populated place",
        "geoname_id": 3353962
      }
    },
    {
      "type": "Feature",
      "geometry": {
        "type": "Point",
        "coordinates": [
          14.8452,
          -19.62882
        ]
      },
      "properties": {
        "name": "Kamanjab",
        "country": "Namibia",
        "region": "Kunene Region",
        "elevation_m": null,
        "population": 2127,
        "feature_type": "populated place",
        "geoname_id": 3356469
      }
    },
    {
      "type": "Feature",
      "geometry": {
        "type": "Point",
        "coordinates": [
          18.49359,
          -22.41039
        ]
      },
      "properties": {
        "name": "Witvlei",
        "country": "Namibia",
        "region": "Omaheke Region",
        "elevation_m": null,
        "population": 2095,
        "feature_type": "populated place",
        "geoname_id": 3352083
      }
    },
    {
      "type": "Feature",
      "geometry": {
        "type": "Point",
        "coordinates": [
          21.61645,
          -18.11065
        ]
      },
      "properties": {
        "name": "Bagani",
        "country": "Namibia",
        "region": "Zambezi Region",
        "elevation_m": null,
        "population": 2000,
        "feature_type": "populated place",
        "geoname_id": 877349
      }
    },
    {
      "type": "Feature",
      "geometry": {
        "type": "Point",
        "coordinates": [
          18.12469,
          -25.88489
        ]
      },
      "properties": {
        "name": "Tses",
        "country": "Namibia",
        "region": "Karas Region",
        "elevation_m": null,
        "population": 2000,
        "feature_type": "populated place",
        "geoname_id": 3352609
      }
    },
    {
      "type": "Feature",
      "geometry": {
        "type": "Point",
        "coordinates": [
          19.6527,
          -26.79744
        ]
      },
      "properties": {
        "name": "Aroab",
        "country": "Namibia",
        "region": "Karas Region",
        "elevation_m": null,
        "population": 1967,
        "feature_type": "populated place",
        "geoname_id": 3358610
      }
    },
    {
      "type": "Feature",
      "geometry": {
        "type": "Point",
        "coordinates": [
          19.12814,
          -25.93091
        ]
      },
      "properties": {
        "name": "Koës",
        "country": "Namibia",
        "region": "Karas Region",
        "elevation_m": null,
        "population": 1813,
        "feature_type": "populated place",
        "geoname_id": 3356049
      }
    },
    {
      "type": "Feature",
      "geometry": {
        "type": "Point",
        "coordinates": [
          14.86569,
          -21.2177
        ]
      },
      "properties": {
        "name": "Uis",
        "country": "Namibia",
        "region": "Erongo Region",
        "elevation_m": null,
        "population": 1771,
        "feature_type": "populated place",
        "geoname_id": 3352523
      }
    },
    {
      "type": "Feature",
      "geometry": {
        "type": "Point",
        "coordinates": [
          20.50203,
          -19.59363
        ]
      },
      "properties": {
        "name": "Tsumkwe",
        "country": "Namibia",
        "region": "Otjozondjupa Region",
        "elevation_m": null,
        "population": 1664,
        "feature_type": "populated place",
        "geoname_id": 876747
      }
    },
    {
      "type": "Feature",
      "geometry": {
        "type": "Point",
        "coordinates": [
          16.19038,
          -20.88719
        ]
      },
      "properties": {
        "name": "Kalkfeld",
        "country": "Namibia",
        "region": "Otjozondjupa Region",
        "elevation_m": null,
        "population": 1656,
        "feature_type": "populated place",
        "geoname_id": 3356487
      }
    },
    {
      "type": "Feature",
      "geometry": {
        "type": "Point",
        "coordinates": [
          17.58635,
          -24.07367
        ]
      },
      "properties": {
        "name": "Kalkrand",
        "country": "Namibia",
        "region": "Hardap Region",
        "elevation_m": null,
        "population": 1467,
        "feature_type": "populated place",
        "geoname_id": 3356477
      }
    },
    {
      "type": "Feature",
      "geometry": {
        "type": "Point",
        "coordinates": [
          18.7912,
          -23.50462
        ]
      },
      "properties": {
        "name": "Leonardville",
        "country": "Namibia",
        "region": "Omaheke Region",
        "elevation_m": null,
        "population": 1411,
        "feature_type": "populated place",
        "geoname_id": 3355748
      }
    },
    {
      "type": "Feature",
      "geometry": {
        "type": "Point",
        "coordinates": [
          18.22422,
          -20.98168
        ]
      },
      "properties": {
        "name": "Okondjatu",
        "country": "Namibia",
        "region": "Otjozondjupa Region",
        "elevation_m": null,
        "population": 1386,
        "feature_type": "populated place",
        "geoname_id": 3354654
      }
    },
    {
      "type": "Feature",
      "geometry": {
        "type": "Point",
        "coordinates": [
          18.80137,
          -24.85762
        ]
      },
      "properties": {
        "name": "Gochas",
        "country": "Namibia",
        "region": "Hardap Region",
        "elevation_m": null,
        "population": 1378,
        "feature_type": "populated place",
        "geoname_id": 3357234
      }
    },
    {
      "type": "Feature",
      "geometry": {
        "type": "Point",
        "coordinates": [
          15.33234,
          -17.44006
        ]
      },
      "properties": {
        "name": "Okalongo",
        "country": "Namibia",
        "region": "Omusati Region",
        "elevation_m": null,
        "population": 1320,
        "feature_type": "populated place",
        "geoname_id": 3354850
      }
    },
    {
      "type": "Feature",
      "geometry": {
        "type": "Point",
        "coordinates": [
          15.37748,
          -21.358
        ]
      },
      "properties": {
        "name": "Okombahe",
        "country": "Namibia",
        "region": "Erongo Region",
        "elevation_m": null,
        "population": 1295,
        "feature_type": "populated place",
        "geoname_id": 3354676
      }
    },
    {
      "type": "Feature",
      "geometry": {
        "type": "Point",
        "coordinates": [
          16.26109,
          -26.66557
        ]
      },
      "properties": {
        "name": "Aus",
        "country": "Namibia",
        "region": "Karas Region",
        "elevation_m": null,
        "population": 1263,
        "feature_type": "populated place",
        "geoname_id": 3358522
      }
    },
    {
      "type": "Feature",
      "geometry": {
        "type": "Point",
        "coordinates": [
          17.12844,
          -24.04631
        ]
      },
      "properties": {
        "name": "Schlip",
        "country": "Namibia",
        "region": "Hardap Region",
        "elevation_m": null,
        "population": 1141,
        "feature_type": "populated place",
        "geoname_id": 3353231
      }
    },
    {
      "type": "Feature",
      "geometry": {
        "type": "Point",
        "coordinates": [
          13.6205,
          -19.12279
        ]
      },
      "properties": {
        "name": "Sesfontein",
        "country": "Namibia",
        "region": "Kunene Region",
        "elevation_m": null,
        "population": 1088,
        "feature_type": "populated place",
        "geoname_id": 3353172
      }
    },
    {
      "type": "Feature",
      "geometry": {
        "type": "Point",
        "coordinates": [
          24.01566,
          -18.07229
        ]
      },
      "properties": {
        "name": "Linyanti",
        "country": "Namibia",
        "region": "Zambezi Region",
        "elevation_m": null,
        "population": 1061,
        "feature_type": "populated place",
        "geoname_id": 877130
      }
    },
    {
      "type": "Feature",
      "geometry": {
        "type": "Point",
        "coordinates": [
          14.88575,
          -17.74292
        ]
      },
      "properties": {
        "name": "Tsandi",
        "country": "Namibia",
        "region": "Omusati Region",
        "elevation_m": null,
        "population": 1056,
        "feature_type": "populated place",
        "geoname_id": 3352636
      }
    },
    {
      "type": "Feature",
      "geometry": {
        "type": "Point",
        "coordinates": [
          17.76817,
          -25.9969
        ]
      },
      "properties": {
        "name": "Berseba",
        "country": "Namibia",
        "region": "Karas Region",
        "elevation_m": null,
        "population": 929,
        "feature_type": "populated place",
        "geoname_id": 3358422
      }
    },
    {
      "type": "Feature",
      "geometry": {
        "type": "Point",
        "coordinates": [
          15.63421,
          -17.50684
        ]
      },
      "properties": {
        "name": "Omungwelume",
        "country": "Namibia",
        "region": "Ohangwena Region",
        "elevation_m": null,
        "population": 911,
        "feature_type": "populated place",
        "geoname_id": 3354399
      }
    },
    {
      "type": "Feature",
      "geometry": {
        "type": "Point",
        "coordinates": [
          21.54752,
          -18.0973
        ]
      },
      "properties": {
        "name": "Divundu",
        "country": "Namibia",
        "region": "Kavango East",
        "elevation_m": 0,
        "population": 884,
        "feature_type": "section of populated place",
        "geoname_id": 11048946
      }
    },
    {
      "type": "Feature",
      "geometry": {
        "type": "Point",
        "coordinates": [
          13.27324,
          -17.43639
        ]
      },
      "properties": {
        "name": "Okanguati",
        "country": "Namibia",
        "region": "Kunene Region",
        "elevation_m": null,
        "population": 856,
        "feature_type": "populated place",
        "geoname_id": 10175820
      }
    },
    {
      "type": "Feature",
      "geometry": {
        "type": "Point",
        "coordinates": [
          18.00847,
          -22.28979
        ]
      },
      "properties": {
        "name": "Omitara",
        "country": "Namibia",
        "region": "Omaheke Region",
        "elevation_m": null,
        "population": 833,
        "feature_type": "populated place",
        "geoname_id": 3354445
      }
    },
    {
      "type": "Feature",
      "geometry": {
        "type": "Point",
        "coordinates": [
          19.83612,
          -28.11895
        ]
      },
      "properties": {
        "name": "Ariamsvlei",
        "country": "Namibia",
        "region": "Karas Region",
        "elevation_m": null,
        "population": 737,
        "feature_type": "populated place",
        "geoname_id": 3358633
      }
    },
    {
      "type": "Feature",
      "geometry": {
        "type": "Point",
        "coordinates": [
          18.61966,
          -17.64182
        ]
      },
      "properties": {
        "name": "Nkurenkuru",
        "country": "Namibia",
        "region": "Kavango West",
        "elevation_m": null,
        "population": 732,
        "feature_type": "seat of a first-order administrative division",
        "geoname_id": 3355137
      }
    },
    {
      "type": "Feature",
      "geometry": {
        "type": "Point",
        "coordinates": [
          24.53049,
          -17.71799
        ]
      },
      "properties": {
        "name": "Bukalo",
        "country": "Namibia",
        "region": "Zambezi Region",
        "elevation_m": null,
        "population": 711,
        "feature_type": "populated place",
        "geoname_id": 877338
      }
    },
    {
      "type": "Feature",
      "geometry": {
        "type": "Point",
        "coordinates": [
          19.41752,
          -21.60065
        ]
      },
      "properties": {
        "name": "Omawewozonyanda",
        "country": "Namibia",
        "region": "Omaheke Region",
        "elevation_m": null,
        "population": 690,
        "feature_type": "populated place",
        "geoname_id": 3354518
      }
    },
    {
      "type": "Feature",
      "geometry": {
        "type": "Point",
        "coordinates": [
          15.01473,
          -20.21234
        ]
      },
      "properties": {
        "name": "Fransfontein",
        "country": "Namibia",
        "region": "Kunene Region",
        "elevation_m": null,
        "population": 655,
        "feature_type": "populated place",
        "geoname_id": 3357509
      }
    },
    {
      "type": "Feature",
      "geometry": {
        "type": "Point",
        "coordinates": [
          18.59454,
          -19.6409
        ]
      },
      "properties": {
        "name": "Otjituuo",
        "country": "Namibia",
        "region": "Otjozondjupa Region",
        "elevation_m": null,
        "population": 624,
        "feature_type": "populated place",
        "geoname_id": 12718707
      }
    },
    {
      "type": "Feature",
      "geometry": {
        "type": "Point",
        "coordinates": [
          15.29608,
          -17.67866
        ]
      },
      "properties": {
        "name": "Ogongo",
        "country": "Namibia",
        "region": "Omusati Region",
        "elevation_m": null,
        "population": 572,
        "feature_type": "populated place",
        "geoname_id": 3354965
      }
    },
    {
      "type": "Feature",
      "geometry": {
        "type": "Point",
        "coordinates": [
          15.67389,
          -17.44165
        ]
      },
      "properties": {
        "name": "Ongenga",
        "country": "Namibia",
        "region": "Ohangwena Region",
        "elevation_m": null,
        "population": 538,
        "feature_type": "populated place",
        "geoname_id": 3354170
      }
    },
    {
      "type": "Feature",
      "geometry": {
        "type": "Point",
        "coordinates": [
          18.38012,
          -27.7337
        ]
      },
      "properties": {
        "name": "Grünau",
        "country": "Namibia",
        "region": "Karas Region",
        "elevation_m": null,
        "population": 509,
        "feature_type": "populated place",
        "geoname_id": 3357074
      }
    },
    {
      "type": "Feature",
      "geometry": {
        "type": "Point",
        "coordinates": [
          15.61178,
          -17.79405
        ]
      },
      "properties": {
        "name": "Ehangano",
        "country": "Namibia",
        "region": "Oshana Region",
        "elevation_m": null,
        "population": 498,
        "feature_type": "populated place",
        "geoname_id": 3357782
      }
    },
    {
      "type": "Feature",
      "geometry": {
        "type": "Point",
        "coordinates": [
          18.25025,
          -19.51356
        ]
      },
      "properties": {
        "name": "Berg Aukas",
        "country": "Namibia",
        "region": "Otjozondjupa Region",
        "elevation_m": null,
        "population": 391,
        "feature_type": "populated place",
        "geoname_id": 12718703
      }
    },
    {
      "type": "Feature",
      "geometry": {
        "type": "Point",
        "coordinates": [
          14.69739,
          -17.59064
        ]
      },
      "properties": {
        "name": "Onesi",
        "country": "Namibia",
        "region": "Omusati Region",
        "elevation_m": null,
        "population": 379,
        "feature_type": "populated place",
        "geoname_id": 3354183
      }
    },
    {
      "type": "Feature",
      "geometry": {
        "type": "Point",
        "coordinates": [
          16.55935,
          -23.96731
        ]
      },
      "properties": {
        "name": "Rietoog",
        "country": "Namibia",
        "region": "Hardap Region",
        "elevation_m": null,
        "population": 369,
        "feature_type": "populated place",
        "geoname_id": 3353506
      }
    },
    {
      "type": "Feature",
      "geometry": {
        "type": "Point",
        "coordinates": [
          18.21642,
          -20.40479
        ]
      },
      "properties": {
        "name": "Okamatapati",
        "country": "Namibia",
        "region": "Otjozondjupa Region",
        "elevation_m": null,
        "population": 302,
        "feature_type": "populated place",
        "geoname_id": 3354838
      }
    },
    {
      "type": "Feature",
      "geometry": {
        "type": "Point",
        "coordinates": [
          16.65858,
          -18.24571
        ]
      },
      "properties": {
        "name": "Okashana Kelao",
        "country": "Namibia",
        "region": "Owambo",
        "elevation_m": 1116,
        "population": 50,
        "feature_type": "populated locality",
        "geoname_id": 8354661
      }
    },
    {
      "type": "Feature",
      "geometry": {
        "type": "Point",
        "coordinates": [
          24.55,
          -17.56667
        ]
      },
      "properties": {
        "name": "Kalundu",
        "country": "Namibia",
        "region": "Zambezi Region",
        "elevation_m": null,
        "population": 0,
        "feature_type": "populated place",
        "geoname_id": 877221
      }
    },
    {
      "type": "Feature",
      "geometry": {
        "type": "Point",
        "coordinates": [
          24.51024,
          -17.55364
        ]
      },
      "properties": {
        "name": "Kalimbeza",
        "country": "Namibia",
        "region": "Zambezi Region",
        "elevation_m": null,
        "population": 0,
        "feature_type": "populated place",
        "geoname_id": 877225
      }
    },
    {
      "type": "Feature",
      "geometry": {
        "type": "Point",
        "coordinates": [
          23.39313,
          -17.76889
        ]
      },
      "properties": {
        "name": "Kalubi",
        "country": "Namibia",
        "region": "Zambezi Region",
        "elevation_m": null,
        "population": 0,
        "feature_type": "populated place",
        "geoname_id": 877226
      }
    },
    {
      "type": "Feature",
      "geometry": {
        "type": "Point",
        "coordinates": [
          23.85381,
          -17.74885
        ]
      },
      "properties": {
        "name": "Kaliangile",
        "country": "Namibia",
        "region": "Zambezi Region",
        "elevation_m": null,
        "population": 0,
        "feature_type": "populated place",
        "geoname_id": 877227
      }
    },
    {
      "type": "Feature",
      "geometry": {
        "type": "Point",
        "coordinates": [
          24.33333,
          -17.48333
        ]
      },
      "properties": {
        "name": "Kalaluka",
        "country": "Namibia",
        "region": "Zambezi Region",
        "elevation_m": null,
        "population": 0,
        "feature_type": "populated place",
        "geoname_id": 877229
      }
    },
    {
      "type": "Feature",
      "geometry": {
        "type": "Point",
        "coordinates": [
          24.96667,
          -17.58333
        ]
      },
      "properties": {
        "name": "Kalala",
        "country": "Namibia",
        "region": "Zambezi Region",
        "elevation_m": null,
        "population": 0,
        "feature_type": "populated place",
        "geoname_id": 877230
      }
    },
    {
      "type": "Feature",
      "geometry": {
        "type": "Point",
        "coordinates": [
          24.86667,
          -17.53333
        ]
      },
      "properties": {
        "name": "Kalala",
        "country": "Namibia",
        "region": "Zambezi Region",
        "elevation_m": null,
        "population": 0,
        "feature_type": "populated place",
        "geoname_id": 877231
      }
    },
    {
      "type": "Feature",
      "geometry": {
        "type": "Point",
        "coordinates": [
          24.46667,
          -17.55
        ]
      },
      "properties": {
        "name": "Kakomwe",
        "country": "Namibia",
        "region": "Zambezi Region",
        "elevation_m": null,
        "population": 0,
        "feature_type": "populated place",
        "geoname_id": 877234
      }
    },
    {
      "type": "Feature",
      "geometry": {
        "type": "Point",
        "coordinates": [
          21.50639,
          -18.0888
        ]
      },
      "properties": {
        "name": "Kake",
        "country": "Namibia",
        "region": "Kavango East",
        "elevation_m": null,
        "population": 0,
        "feature_type": "populated place",
        "geoname_id": 877235
      }
    },
    {
      "type": "Feature",
      "geometry": {
        "type": "Point",
        "coordinates": [
          24.4,
          -17.51667
        ]
      },
      "properties": {
        "name": "Kakambi",
        "country": "Namibia",
        "region": "Zambezi Region",
        "elevation_m": null,
        "population": 0,
        "feature_type": "populated place",
        "geoname_id": 877236
      }
    },
    {
      "type": "Feature",
      "geometry": {
        "type": "Point",
        "coordinates": [
          20.63333,
          -18
        ]
      },
      "properties": {
        "name": "Kadedere",
        "country": "Namibia",
        "region": "Kavango East",
        "elevation_m": null,
        "population": 0,
        "feature_type": "populated place",
        "geoname_id": 877240
      }
    },
    {
      "type": "Feature",
      "geometry": {
        "type": "Point",
        "coordinates": [
          25.06667,
          -17.8
        ]
      },
      "properties": {
        "name": "Kabulabula",
        "country": "Namibia",
        "region": "Zambezi Region",
        "elevation_m": null,
        "population": 0,
        "feature_type": "populated place",
        "geoname_id": 877241
      }
    },
    {
      "type": "Feature",
      "geometry": {
        "type": "Point",
        "coordinates": [
          24.98452,
          -17.80412
        ]
      },
      "properties": {
        "name": "Kabulabula",
        "country": "Namibia",
        "region": "Zambezi Region",
        "elevation_m": null,
        "population": 0,
        "feature_type": "populated place",
        "geoname_id": 877242
      }
    },
    {
      "type": "Feature",
      "geometry": {
        "type": "Point",
        "coordinates": [
          24.81837,
          -17.82463
        ]
      },
      "properties": {
        "name": "Kabula",
        "country": "Namibia",
        "region": "Zambezi Region",
        "elevation_m": null,
        "population": 0,
        "feature_type": "populated place",
        "geoname_id": 877243
      }
    },
    {
      "type": "Feature",
      "geometry": {
        "type": "Point",
        "coordinates": [
          24.41667,
          -17.93333
        ]
      },
      "properties": {
        "name": "Kabolissa",
        "country": "Namibia",
        "region": "Zambezi Region",
        "elevation_m": null,
        "population": 0,
        "feature_type": "populated place",
        "geoname_id": 877244
      }
    },
    {
      "type": "Feature",
      "geometry": {
        "type": "Point",
        "coordinates": [
          24.93333,
          -17.55
        ]
      },
      "properties": {
        "name": "Kabebi",
        "country": "Namibia",
        "region": "Zambezi Region",
        "elevation_m": null,
        "population": 0,
        "feature_type": "populated place",
        "geoname_id": 877245
      }
    },
    {
      "type": "Feature",
      "geometry": {
        "type": "Point",
        "coordinates": [
          24.63378,
          -17.72057
        ]
      },
      "properties": {
        "name": "Kabbe",
        "country": "Namibia",
        "region": "Zambezi Region",
        "elevation_m": null,
        "population": 0,
        "feature_type": "populated place",
        "geoname_id": 877246
      }
    },
    {
      "type": "Feature",
      "geometry": {
        "type": "Point",
        "coordinates": [
          24.48333,
          -17.96667
        ]
      },
      "properties": {
        "name": "Kabala",
        "country": "Namibia",
        "region": "Zambezi Region",
        "elevation_m": null,
        "population": 0,
        "feature_type": "populated place",
        "geoname_id": 877247
      }
    },
    {
      "type": "Feature",
      "geometry": {
        "type": "Point",
        "coordinates": [
          24.33333,
          -17.48333
        ]
      },
      "properties": {
        "name": "Jude",
        "country": "Namibia",
        "region": "Zambezi Region",
        "elevation_m": null,
        "population": 0,
        "feature_type": "populated place",
        "geoname_id": 877248
      }
    },
    {
      "type": "Feature",
      "geometry": {
        "type": "Point",
        "coordinates": [
          24.62631,
          -17.92616
        ]
      },
      "properties": {
        "name": "Ioma",
        "country": "Namibia",
        "region": "Zambezi Region",
        "elevation_m": null,
        "population": 0,
        "feature_type": "populated place",
        "geoname_id": 877250
      }
    },
    {
      "type": "Feature",
      "geometry": {
        "type": "Point",
        "coordinates": [
          24.90337,
          -17.69059
        ]
      },
      "properties": {
        "name": "Itomba",
        "country": "Namibia",
        "region": "Zambezi Region",
        "elevation_m": null,
        "population": 0,
        "feature_type": "populated place",
        "geoname_id": 877251
      }
    },
    {
      "type": "Feature",
      "geometry": {
        "type": "Point",
        "coordinates": [
          24.35403,
          -17.49957
        ]
      },
      "properties": {
        "name": "Imukusi",
        "country": "Namibia",
        "region": "Zambezi Region",
        "elevation_m": null,
        "population": 0,
        "feature_type": "populated place",
        "geoname_id": 877255
      }
    },
    {
      "type": "Feature",
      "geometry": {
        "type": "Point",
        "coordinates": [
          24.48333,
          -17.6
        ]
      },
      "properties": {
        "name": "Ilumba",
        "country": "Namibia",
        "region": "Zambezi Region",
        "elevation_m": null,
        "population": 0,
        "feature_type": "populated place",
        "geoname_id": 877257
      }
    },
    {
      "type": "Feature",
      "geometry": {
        "type": "Point",
        "coordinates": [
          24.96667,
          -17.61667
        ]
      },
      "properties": {
        "name": "Ikaba",
        "country": "Namibia",
        "region": "Zambezi Region",
        "elevation_m": null,
        "population": 0,
        "feature_type": "populated place",
        "geoname_id": 877260
      }
    },
    {
      "type": "Feature",
      "geometry": {
        "type": "Point",
        "coordinates": [
          24.87444,
          -17.80909
        ]
      },
      "properties": {
        "name": "Ihaha",
        "country": "Namibia",
        "region": "Zambezi Region",
        "elevation_m": null,
        "population": 0,
        "feature_type": "populated place",
        "geoname_id": 877261
      }
    },
    {
      "type": "Feature",
      "geometry": {
        "type": "Point",
        "coordinates": [
          24.40541,
          -17.79551
        ]
      },
      "properties": {
        "name": "Ivoloqua",
        "country": "Namibia",
        "region": "Zambezi Region",
        "elevation_m": null,
        "population": 0,
        "feature_type": "populated place",
        "geoname_id": 877262
      }
    },
    {
      "type": "Feature",
      "geometry": {
        "type": "Point",
        "coordinates": [
          24.51572,
          -17.96479
        ]
      },
      "properties": {
        "name": "Ibbu",
        "country": "Namibia",
        "region": "Zambezi Region",
        "elevation_m": null,
        "population": 0,
        "feature_type": "populated place",
        "geoname_id": 877263
      }
    },
    {
      "type": "Feature",
      "geometry": {
        "type": "Point",
        "coordinates": [
          24.33333,
          -17.71667
        ]
      },
      "properties": {
        "name": "Gunkwe",
        "country": "Namibia",
        "region": "Zambezi Region",
        "elevation_m": null,
        "population": 0,
        "feature_type": "populated place",
        "geoname_id": 877273
      }
    },
    {
      "type": "Feature",
      "geometry": {
        "type": "Point",
        "coordinates": [
          20.66667,
          -18
        ]
      },
      "properties": {
        "name": "Guma",
        "country": "Namibia",
        "region": "Kavango East",
        "elevation_m": null,
        "population": 0,
        "feature_type": "populated place",
        "geoname_id": 877274
      }
    },
    {
      "type": "Feature",
      "geometry": {
        "type": "Point",
        "coordinates": [
          20.06032,
          -17.90895
        ]
      },
      "properties": {
        "name": "Gove",
        "country": "Namibia",
        "region": "Kavango East",
        "elevation_m": null,
        "population": 0,
        "feature_type": "populated place",
        "geoname_id": 877276
      }
    },
    {
      "type": "Feature",
      "geometry": {
        "type": "Point",
        "coordinates": [
          22.78333,
          -17.81667
        ]
      },
      "properties": {
        "name": "Geusha",
        "country": "Namibia",
        "region": "Zambezi Region",
        "elevation_m": null,
        "population": 0,
        "feature_type": "populated place",
        "geoname_id": 877280
      }
    },
    {
      "type": "Feature",
      "geometry": {
        "type": "Point",
        "coordinates": [
          20.65,
          -18.33333
        ]
      },
      "properties": {
        "name": "Gcude",
        "country": "Namibia",
        "region": "Kavango East",
        "elevation_m": null,
        "population": 0,
        "feature_type": "populated place",
        "geoname_id": 877283
      }
    },
    {
      "type": "Feature",
      "geometry": {
        "type": "Point",
        "coordinates": [
          22.83333,
          -17.81667
        ]
      },
      "properties": {
        "name": "Gaucha",
        "country": "Namibia",
        "region": "Zambezi Region",
        "elevation_m": null,
        "population": 0,
        "feature_type": "populated place",
        "geoname_id": 877287
      }
    },
    {
      "type": "Feature",
      "geometry": {
        "type": "Point",
        "coordinates": [
          20.19097,
          -17.97461
        ]
      },
      "properties": {
        "name": "Fumbe",
        "country": "Namibia",
        "region": "Kavango East",
        "elevation_m": null,
        "population": 0,
        "feature_type": "populated place",
        "geoname_id": 877291
      }
    },
    {
      "type": "Feature",
      "geometry": {
        "type": "Point",
        "coordinates": [
          24.45,
          -17.88333
        ]
      },
      "properties": {
        "name": "Formanastat",
        "country": "Namibia",
        "region": "Zambezi Region",
        "elevation_m": null,
        "population": 0,
        "feature_type": "populated place",
        "geoname_id": 877292
      }
    },
    {
      "type": "Feature",
      "geometry": {
        "type": "Point",
        "coordinates": [
          21.46499,
          -18.07518
        ]
      },
      "properties": {
        "name": "Dyapanga",
        "country": "Namibia",
        "region": "Kavango East",
        "elevation_m": null,
        "population": 0,
        "feature_type": "populated place",
        "geoname_id": 877297
      }
    },
    {
      "type": "Feature",
      "geometry": {
        "type": "Point",
        "coordinates": [
          20.87618,
          -18.23811
        ]
      },
      "properties": {
        "name": "Dumushi",
        "country": "Namibia",
        "region": "Kavango East",
        "elevation_m": null,
        "population": 0,
        "feature_type": "populated place",
        "geoname_id": 877300
      }
    },
    {
      "type": "Feature",
      "geometry": {
        "type": "Point",
        "coordinates": [
          20.85026,
          -18.22022
        ]
      },
      "properties": {
        "name": "Dosa",
        "country": "Namibia",
        "region": "Kavango East",
        "elevation_m": null,
        "population": 0,
        "feature_type": "populated place",
        "geoname_id": 877302
      }
    },
    {
      "type": "Feature",
      "geometry": {
        "type": "Point",
        "coordinates": [
          20.83333,
          -18.23333
        ]
      },
      "properties": {
        "name": "Zazasi",
        "country": "Namibia",
        "region": "Kavango East",
        "elevation_m": null,
        "population": 0,
        "feature_type": "populated place",
        "geoname_id": 877304
      }
    },
    {
      "type": "Feature",
      "geometry": {
        "type": "Point",
        "coordinates": [
          21.47131,
          -18.08706
        ]
      },
      "properties": {
        "name": "Diyogha",
        "country": "Namibia",
        "region": "Kavango East",
        "elevation_m": null,
        "population": 0,
        "feature_type": "populated place",
        "geoname_id": 877305
      }
    },
    {
      "type": "Feature",
      "geometry": {
        "type": "Point",
        "coordinates": [
          23.55,
          -18.23333
        ]
      },
      "properties": {
        "name": "Dipito",
        "country": "Namibia",
        "region": "Zambezi Region",
        "elevation_m": null,
        "population": 0,
        "feature_type": "populated place",
        "geoname_id": 877307
      }
    },
    {
      "type": "Feature",
      "geometry": {
        "type": "Point",
        "coordinates": [
          21.31598,
          -18.13858
        ]
      },
      "properties": {
        "name": "Dikundu",
        "country": "Namibia",
        "region": "Kavango East",
        "elevation_m": null,
        "population": 0,
        "feature_type": "populated place",
        "geoname_id": 877309
      }
    },
    {
      "type": "Feature",
      "geometry": {
        "type": "Point",
        "coordinates": [
          20.62269,
          -18.33038
        ]
      },
      "properties": {
        "name": "Dancence",
        "country": "Namibia",
        "region": "Kavango East",
        "elevation_m": null,
        "population": 0,
        "feature_type": "populated place",
        "geoname_id": 877314
      }
    },
    {
      "type": "Feature",
      "geometry": {
        "type": "Point",
        "coordinates": [
          20.97187,
          -18.14083
        ]
      },
      "properties": {
        "name": "Cwa",
        "country": "Namibia",
        "region": "Kavango East",
        "elevation_m": null,
        "population": 0,
        "feature_type": "populated place",
        "geoname_id": 877316
      }
    },
    {
      "type": "Feature",
      "geometry": {
        "type": "Point",
        "coordinates": [
          20.89779,
          -18.13633
        ]
      },
      "properties": {
        "name": "Cakuma",
        "country": "Namibia",
        "region": "Kavango East",
        "elevation_m": null,
        "population": 0,
        "feature_type": "populated place",
        "geoname_id": 877317
      }
    },
    {
      "type": "Feature",
      "geometry": {
        "type": "Point",
        "coordinates": [
          21.61667,
          -18.1
        ]
      },
      "properties": {
        "name": "Cowenga",
        "country": "Namibia",
        "region": "Kavango East",
        "elevation_m": null,
        "population": 0,
        "feature_type": "populated place",
        "geoname_id": 877318
      }
    },
    {
      "type": "Feature",
      "geometry": {
        "type": "Point",
        "coordinates": [
          24.11815,
          -17.9811
        ]
      },
      "properties": {
        "name": "Chinchimane",
        "country": "Namibia",
        "region": "Zambezi Region",
        "elevation_m": null,
        "population": 0,
        "feature_type": "populated place",
        "geoname_id": 877322
      }
    },
    {
      "type": "Feature",
      "geometry": {
        "type": "Point",
        "coordinates": [
          23.85,
          -17.73333
        ]
      },
      "properties": {
        "name": "Chengere",
        "country": "Namibia",
        "region": "Zambezi Region",
        "elevation_m": null,
        "population": 0,
        "feature_type": "populated place",
        "geoname_id": 877324
      }
    },
    {
      "type": "Feature",
      "geometry": {
        "type": "Point",
        "coordinates": [
          24.26667,
          -17.56667
        ]
      },
      "properties": {
        "name": "Chefuzwe",
        "country": "Namibia",
        "region": "Zambezi Region",
        "elevation_m": null,
        "population": 0,
        "feature_type": "populated place",
        "geoname_id": 877325
      }
    },
    {
      "type": "Feature",
      "geometry": {
        "type": "Point",
        "coordinates": [
          24.4,
          -17.86667
        ]
      },
      "properties": {
        "name": "Charley",
        "country": "Namibia",
        "region": "Zambezi Region",
        "elevation_m": null,
        "population": 0,
        "feature_type": "populated place",
        "geoname_id": 877328
      }
    },
    {
      "type": "Feature",
      "geometry": {
        "type": "Point",
        "coordinates": [
          24.4,
          -17.88333
        ]
      },
      "properties": {
        "name": "Chaka",
        "country": "Namibia",
        "region": "Zambezi Region",
        "elevation_m": null,
        "population": 0,
        "feature_type": "populated place",
        "geoname_id": 877329
      }
    },
    {
      "type": "Feature",
      "geometry": {
        "type": "Point",
        "coordinates": [
          21.6,
          -18.1
        ]
      },
      "properties": {
        "name": "Catjo",
        "country": "Namibia",
        "region": "Kavango East",
        "elevation_m": null,
        "population": 0,
        "feature_type": "populated place",
        "geoname_id": 877331
      }
    },
    {
      "type": "Feature",
      "geometry": {
        "type": "Point",
        "coordinates": [
          22.57721,
          -17.81747
        ]
      },
      "properties": {
        "name": "Bwabwata",
        "country": "Namibia",
        "region": "Zambezi Region",
        "elevation_m": null,
        "population": 0,
        "feature_type": "populated place",
        "geoname_id": 877335
      }
    },
    {
      "type": "Feature",
      "geometry": {
        "type": "Point",
        "coordinates": [
          24.36667,
          -17.85
        ]
      },
      "properties": {
        "name": "Butjana",
        "country": "Namibia",
        "region": "Zambezi Region",
        "elevation_m": null,
        "population": 0,
        "feature_type": "populated place",
        "geoname_id": 877336
      }
    },
    {
      "type": "Feature",
      "geometry": {
        "type": "Point",
        "coordinates": [
          24.23333,
          -17.85
        ]
      },
      "properties": {
        "name": "Buchani",
        "country": "Namibia",
        "region": "Zambezi Region",
        "elevation_m": null,
        "population": 0,
        "feature_type": "populated place",
        "geoname_id": 877340
      }
    },
    {
      "type": "Feature",
      "geometry": {
        "type": "Point",
        "coordinates": [
          21.31667,
          -17.98333
        ]
      },
      "properties": {
        "name": "Biro",
        "country": "Namibia",
        "region": "Kavango East",
        "elevation_m": null,
        "population": 0,
        "feature_type": "populated place",
        "geoname_id": 877344
      }
    },
    {
      "type": "Feature",
      "geometry": {
        "type": "Point",
        "coordinates": [
          23.87299,
          -18.20609
        ]
      },
      "properties": {
        "name": "Batubaja",
        "country": "Namibia",
        "region": "Zambezi Region",
        "elevation_m": null,
        "population": 0,
        "feature_type": "populated place",
        "geoname_id": 877347
      }
    },
    {
      "type": "Feature",
      "geometry": {
        "type": "Point",
        "coordinates": [
          24.7,
          -17.51667
        ]
      },
      "properties": {
        "name": "Asikuli",
        "country": "Namibia",
        "region": "Zambezi Region",
        "elevation_m": null,
        "population": 0,
        "feature_type": "populated place",
        "geoname_id": 877351
      }
    },
    {
      "type": "Feature",
      "geometry": {
        "type": "Point",
        "coordinates": [
          21.45,
          -18.06667
        ]
      },
      "properties": {
        "name": "Andara",
        "country": "Namibia",
        "region": "Kavango East",
        "elevation_m": null,
        "population": 0,
        "feature_type": "populated place",
        "geoname_id": 877352
      }
    },
    {
      "type": "Feature",
      "geometry": {
        "type": "Point",
        "coordinates": [
          20.81188,
          -20.23843
        ]
      },
      "properties": {
        "name": "Gam",
        "country": "Namibia",
        "region": "Otjozondjupa Region",
        "elevation_m": null,
        "population": 0,
        "feature_type": "populated place",
        "geoname_id": 1089464
      }
    },
    {
      "type": "Feature",
      "geometry": {
        "type": "Point",
        "coordinates": [
          24.39969,
          -17.82934
        ]
      },
      "properties": {
        "name": "Zilitene",
        "country": "Namibia",
        "region": "Zambezi Region",
        "elevation_m": null,
        "population": 0,
        "feature_type": "populated place",
        "geoname_id": 876727
      }
    },
    {
      "type": "Feature",
      "geometry": {
        "type": "Point",
        "coordinates": [
          22.81667,
          -17.75
        ]
      },
      "properties": {
        "name": "Yishesha",
        "country": "Namibia",
        "region": "Zambezi Region",
        "elevation_m": null,
        "population": 0,
        "feature_type": "populated place",
        "geoname_id": 876730
      }
    },
    {
      "type": "Feature",
      "geometry": {
        "type": "Point",
        "coordinates": [
          23.41667,
          -17.68333
        ]
      },
      "properties": {
        "name": "Wenela",
        "country": "Namibia",
        "region": "Zambezi Region",
        "elevation_m": null,
        "population": 0,
        "feature_type": "populated place",
        "geoname_id": 876737
      }
    },
    {
      "type": "Feature",
      "geometry": {
        "type": "Point",
        "coordinates": [
          23.35,
          -17.81667
        ]
      },
      "properties": {
        "name": "Wauwu",
        "country": "Namibia",
        "region": "Zambezi Region",
        "elevation_m": null,
        "population": 0,
        "feature_type": "populated place",
        "geoname_id": 876739
      }
    },
    {
      "type": "Feature",
      "geometry": {
        "type": "Point",
        "coordinates": [
          24.38333,
          -17.81667
        ]
      },
      "properties": {
        "name": "Wande",
        "country": "Namibia",
        "region": "Zambezi Region",
        "elevation_m": null,
        "population": 0,
        "feature_type": "populated place",
        "geoname_id": 876740
      }
    },
    {
      "type": "Feature",
      "geometry": {
        "type": "Point",
        "coordinates": [
          20.02574,
          -17.94294
        ]
      },
      "properties": {
        "name": "Utokota",
        "country": "Namibia",
        "region": "Kavango East",
        "elevation_m": null,
        "population": 0,
        "feature_type": "populated place",
        "geoname_id": 876741
      }
    },
    {
      "type": "Feature",
      "geometry": {
        "type": "Point",
        "coordinates": [
          20.05333,
          -18.06413
        ]
      },
      "properties": {
        "name": "Magcuva",
        "country": "Namibia",
        "region": "Kavango East",
        "elevation_m": null,
        "population": 0,
        "feature_type": "populated place",
        "geoname_id": 876742
      }
    },
    {
      "type": "Feature",
      "geometry": {
        "type": "Point",
        "coordinates": [
          20.51667,
          -17.98333
        ]
      },
      "properties": {
        "name": "Uparara",
        "country": "Namibia",
        "region": "Kavango East",
        "elevation_m": null,
        "population": 0,
        "feature_type": "populated place",
        "geoname_id": 876743
      }
    },
    {
      "type": "Feature",
      "geometry": {
        "type": "Point",
        "coordinates": [
          24.58333,
          -17.96667
        ]
      },
      "properties": {
        "name": "Tshisau",
        "country": "Namibia",
        "region": "Zambezi Region",
        "elevation_m": null,
        "population": 0,
        "feature_type": "populated place",
        "geoname_id": 876748
      }
    },
    {
      "type": "Feature",
      "geometry": {
        "type": "Point",
        "coordinates": [
          24.76667,
          -17.53333
        ]
      },
      "properties": {
        "name": "Tom",
        "country": "Namibia",
        "region": "Zambezi Region",
        "elevation_m": null,
        "population": 0,
        "feature_type": "populated place",
        "geoname_id": 876751
      }
    },
    {
      "type": "Feature",
      "geometry": {
        "type": "Point",
        "coordinates": [
          21.08956,
          -17.95542
        ]
      },
      "properties": {
        "name": "Tjova",
        "country": "Namibia",
        "region": "Kavango East",
        "elevation_m": null,
        "population": 0,
        "feature_type": "populated place",
        "geoname_id": 876752
      }
    },
    {
      "type": "Feature",
      "geometry": {
        "type": "Point",
        "coordinates": [
          20.08598,
          -17.91186
        ]
      },
      "properties": {
        "name": "Tjeye",
        "country": "Namibia",
        "region": "Kavango East",
        "elevation_m": null,
        "population": 0,
        "feature_type": "populated place",
        "geoname_id": 876753
      }
    },
    {
      "type": "Feature",
      "geometry": {
        "type": "Point",
        "coordinates": [
          20.83327,
          -18.20001
        ]
      },
      "properties": {
        "name": "Twitwima",
        "country": "Namibia",
        "region": "Kavango East",
        "elevation_m": null,
        "population": 0,
        "feature_type": "populated place",
        "geoname_id": 876757
      }
    },
    {
      "type": "Feature",
      "geometry": {
        "type": "Point",
        "coordinates": [
          21.68333,
          -18.15
        ]
      },
      "properties": {
        "name": "Thovega",
        "country": "Namibia",
        "region": "Kavango East",
        "elevation_m": null,
        "population": 0,
        "feature_type": "populated place",
        "geoname_id": 876758
      }
    },
    {
      "type": "Feature",
      "geometry": {
        "type": "Point",
        "coordinates": [
          21.65,
          -18.11667
        ]
      },
      "properties": {
        "name": "Thipapo",
        "country": "Namibia",
        "region": "Kavango East",
        "elevation_m": null,
        "population": 0,
        "feature_type": "populated place",
        "geoname_id": 876759
      }
    },
    {
      "type": "Feature",
      "geometry": {
        "type": "Point",
        "coordinates": [
          21.28333,
          -17.98333
        ]
      },
      "properties": {
        "name": "Thinyemba",
        "country": "Namibia",
        "region": "Kavango East",
        "elevation_m": null,
        "population": 0,
        "feature_type": "populated place",
        "geoname_id": 876761
      }
    },
    {
      "type": "Feature",
      "geometry": {
        "type": "Point",
        "coordinates": [
          21.20837,
          -17.93408
        ]
      },
      "properties": {
        "name": "Thikanduka",
        "country": "Namibia",
        "region": "Kavango East",
        "elevation_m": null,
        "population": 0,
        "feature_type": "populated place",
        "geoname_id": 876765
      }
    },
    {
      "type": "Feature",
      "geometry": {
        "type": "Point",
        "coordinates": [
          20.93333,
          -18
        ]
      },
      "properties": {
        "name": "Tavauka",
        "country": "Namibia",
        "region": "Kavango East",
        "elevation_m": null,
        "population": 0,
        "feature_type": "populated place",
        "geoname_id": 876769
      }
    },
    {
      "type": "Feature",
      "geometry": {
        "type": "Point",
        "coordinates": [
          23.71667,
          -17.83333
        ]
      },
      "properties": {
        "name": "Taulo",
        "country": "Namibia",
        "region": "Zambezi Region",
        "elevation_m": null,
        "population": 0,
        "feature_type": "populated place",
        "geoname_id": 876770
      }
    },
    {
      "type": "Feature",
      "geometry": {
        "type": "Point",
        "coordinates": [
          20.32251,
          -18.21076
        ]
      },
      "properties": {
        "name": "Tara-tara",
        "country": "Namibia",
        "region": "Kavango East",
        "elevation_m": null,
        "population": 0,
        "feature_type": "populated place",
        "geoname_id": 876771
      }
    },
    {
      "type": "Feature",
      "geometry": {
        "type": "Point",
        "coordinates": [
          20.56393,
          -18.5824
        ]
      },
      "properties": {
        "name": "Tamsu",
        "country": "Namibia",
        "region": "Kavango East",
        "elevation_m": null,
        "population": 0,
        "feature_type": "populated place",
        "geoname_id": 876774
      }
    },
    {
      "type": "Feature",
      "geometry": {
        "type": "Point",
        "coordinates": [
          20.74912,
          -21.84374
        ]
      },
      "properties": {
        "name": "Tallismanus",
        "country": "Namibia",
        "region": "Omaheke Region",
        "elevation_m": null,
        "population": 0,
        "feature_type": "populated place",
        "geoname_id": 876775
      }
    },
    {
      "type": "Feature",
      "geometry": {
        "type": "Point",
        "coordinates": [
          20.25715,
          -17.89055
        ]
      },
      "properties": {
        "name": "Takwasa",
        "country": "Namibia",
        "region": "Kavango East",
        "elevation_m": null,
        "population": 0,
        "feature_type": "populated place",
        "geoname_id": 876776
      }
    },
    {
      "type": "Feature",
      "geometry": {
        "type": "Point",
        "coordinates": [
          24.55,
          -17.58333
        ]
      },
      "properties": {
        "name": "Siunda",
        "country": "Namibia",
        "region": "Zambezi Region",
        "elevation_m": null,
        "population": 0,
        "feature_type": "populated place",
        "geoname_id": 876780
      }
    },
    {
      "type": "Feature",
      "geometry": {
        "type": "Point",
        "coordinates": [
          23.75,
          -17.83333
        ]
      },
      "properties": {
        "name": "Situmba",
        "country": "Namibia",
        "region": "Zambezi Region",
        "elevation_m": null,
        "population": 0,
        "feature_type": "populated place",
        "geoname_id": 876781
      }
    },
    {
      "type": "Feature",
      "geometry": {
        "type": "Point",
        "coordinates": [
          23.35,
          -17.83333
        ]
      },
      "properties": {
        "name": "Sitongwani",
        "country": "Namibia",
        "region": "Zambezi Region",
        "elevation_m": null,
        "population": 0,
        "feature_type": "populated place",
        "geoname_id": 876782
      }
    },
    {
      "type": "Feature",
      "geometry": {
        "type": "Point",
        "coordinates": [
          24.6,
          -17.88333
        ]
      },
      "properties": {
        "name": "Sishekesabanyia",
        "country": "Namibia",
        "region": "Zambezi Region",
        "elevation_m": null,
        "population": 0,
        "feature_type": "populated place",
        "geoname_id": 876784
      }
    },
    {
      "type": "Feature",
      "geometry": {
        "type": "Point",
        "coordinates": [
          24.75,
          -17.51667
        ]
      },
      "properties": {
        "name": "Sipula",
        "country": "Namibia",
        "region": "Zambezi Region",
        "elevation_m": null,
        "population": 0,
        "feature_type": "populated place",
        "geoname_id": 876786
      }
    },
    {
      "type": "Feature",
      "geometry": {
        "type": "Point",
        "coordinates": [
          23.38333,
          -17.8
        ]
      },
      "properties": {
        "name": "Siongo",
        "country": "Namibia",
        "region": "Zambezi Region",
        "elevation_m": null,
        "population": 0,
        "feature_type": "populated place",
        "geoname_id": 876788
      }
    },
    {
      "type": "Feature",
      "geometry": {
        "type": "Point",
        "coordinates": [
          24.03333,
          -18.03333
        ]
      },
      "properties": {
        "name": "Siomboko",
        "country": "Namibia",
        "region": "Zambezi Region",
        "elevation_m": null,
        "population": 0,
        "feature_type": "populated place",
        "geoname_id": 876789
      }
    },
    {
      "type": "Feature",
      "geometry": {
        "type": "Point",
        "coordinates": [
          24.9,
          -17.61667
        ]
      },
      "properties": {
        "name": "Sinjala",
        "country": "Namibia",
        "region": "Zambezi Region",
        "elevation_m": null,
        "population": 0,
        "feature_type": "populated place",
        "geoname_id": 876791
      }
    },
    {
      "type": "Feature",
      "geometry": {
        "type": "Point",
        "coordinates": [
          23.41793,
          -17.69328
        ]
      },
      "properties": {
        "name": "Singalamwe",
        "country": "Namibia",
        "region": "Zambezi Region",
        "elevation_m": null,
        "population": 0,
        "feature_type": "populated place",
        "geoname_id": 876793
      }
    },
    {
      "type": "Feature",
      "geometry": {
        "type": "Point",
        "coordinates": [
          24.9,
          -17.55
        ]
      },
      "properties": {
        "name": "Simobe",
        "country": "Namibia",
        "region": "Zambezi Region",
        "elevation_m": null,
        "population": 0,
        "feature_type": "populated place",
        "geoname_id": 876794
      }
    },
    {
      "type": "Feature",
      "geometry": {
        "type": "Point",
        "coordinates": [
          24.68333,
          -17.51667
        ]
      },
      "properties": {
        "name": "Simbwaye",
        "country": "Namibia",
        "region": "Zambezi Region",
        "elevation_m": null,
        "population": 0,
        "feature_type": "populated place",
        "geoname_id": 876795
      }
    },
    {
      "type": "Feature",
      "geometry": {
        "type": "Point",
        "coordinates": [
          24.5,
          -17.55
        ]
      },
      "properties": {
        "name": "Simataa",
        "country": "Namibia",
        "region": "Zambezi Region",
        "elevation_m": null,
        "population": 0,
        "feature_type": "populated place",
        "geoname_id": 876796
      }
    },
    {
      "type": "Feature",
      "geometry": {
        "type": "Point",
        "coordinates": [
          24.85,
          -17.76667
        ]
      },
      "properties": {
        "name": "Simassiku",
        "country": "Namibia",
        "region": "Zambezi Region",
        "elevation_m": null,
        "population": 0,
        "feature_type": "populated place",
        "geoname_id": 876797
      }
    },
    {
      "type": "Feature",
      "geometry": {
        "type": "Point",
        "coordinates": [
          24.63333,
          -17.55
        ]
      },
      "properties": {
        "name": "Simassiku",
        "country": "Namibia",
        "region": "Zambezi Region",
        "elevation_m": null,
        "population": 0,
        "feature_type": "populated place",
        "geoname_id": 876798
      }
    },
    {
      "type": "Feature",
      "geometry": {
        "type": "Point",
        "coordinates": [
          24.71667,
          -17.58333
        ]
      },
      "properties": {
        "name": "Simana",
        "country": "Namibia",
        "region": "Zambezi Region",
        "elevation_m": null,
        "population": 0,
        "feature_type": "populated place",
        "geoname_id": 876799
      }
    },
    {
      "type": "Feature",
      "geometry": {
        "type": "Point",
        "coordinates": [
          23.95,
          -17.73333
        ]
      },
      "properties": {
        "name": "Simajumbulas",
        "country": "Namibia",
        "region": "Zambezi Region",
        "elevation_m": null,
        "population": 0,
        "feature_type": "populated place",
        "geoname_id": 876800
      }
    },
    {
      "type": "Feature",
      "geometry": {
        "type": "Point",
        "coordinates": [
          24.50528,
          -17.77065
        ]
      },
      "properties": {
        "name": "Silumbi",
        "country": "Namibia",
        "region": "Zambezi Region",
        "elevation_m": null,
        "population": 0,
        "feature_type": "populated place",
        "geoname_id": 876802
      }
    },
    {
      "type": "Feature",
      "geometry": {
        "type": "Point",
        "coordinates": [
          23.81667,
          -18.25
        ]
      },
      "properties": {
        "name": "Silonga",
        "country": "Namibia",
        "region": "Zambezi Region",
        "elevation_m": null,
        "population": 0,
        "feature_type": "populated place",
        "geoname_id": 876803
      }
    },
    {
      "type": "Feature",
      "geometry": {
        "type": "Point",
        "coordinates": [
          23.98333,
          -17.71667
        ]
      },
      "properties": {
        "name": "Silenge",
        "country": "Namibia",
        "region": "Zambezi Region",
        "elevation_m": null,
        "population": 0,
        "feature_type": "populated place",
        "geoname_id": 876805
      }
    },
    {
      "type": "Feature",
      "geometry": {
        "type": "Point",
        "coordinates": [
          23.46667,
          -17.96667
        ]
      },
      "properties": {
        "name": "Silenga",
        "country": "Namibia",
        "region": "Zambezi Region",
        "elevation_m": null,
        "population": 0,
        "feature_type": "populated place",
        "geoname_id": 876806
      }
    },
    {
      "type": "Feature",
      "geometry": {
        "type": "Point",
        "coordinates": [
          23.35,
          -17.85
        ]
      },
      "properties": {
        "name": "Sikwekwe",
        "country": "Namibia",
        "region": "Zambezi Region",
        "elevation_m": null,
        "population": 0,
        "feature_type": "populated place",
        "geoname_id": 876807
      }
    },
    {
      "type": "Feature",
      "geometry": {
        "type": "Point",
        "coordinates": [
          23.35205,
          -17.87738
        ]
      },
      "properties": {
        "name": "Sikwanyi",
        "country": "Namibia",
        "region": "Zambezi Region",
        "elevation_m": null,
        "population": 0,
        "feature_type": "populated place",
        "geoname_id": 876808
      }
    },
    {
      "type": "Feature",
      "geometry": {
        "type": "Point",
        "coordinates": [
          23.85,
          -18.21667
        ]
      },
      "properties": {
        "name": "Sikwalo",
        "country": "Namibia",
        "region": "Zambezi Region",
        "elevation_m": null,
        "population": 0,
        "feature_type": "populated place",
        "geoname_id": 876809
      }
    },
    {
      "type": "Feature",
      "geometry": {
        "type": "Point",
        "coordinates": [
          23.3,
          -17.98333
        ]
      },
      "properties": {
        "name": "Sikosi",
        "country": "Namibia",
        "region": "Zambezi Region",
        "elevation_m": null,
        "population": 0,
        "feature_type": "populated place",
        "geoname_id": 876811
      }
    },
    {
      "type": "Feature",
      "geometry": {
        "type": "Point",
        "coordinates": [
          20.70437,
          -19.09954
        ]
      },
      "properties": {
        "name": "Sikereti",
        "country": "Namibia",
        "region": "Kavango East",
        "elevation_m": null,
        "population": 0,
        "feature_type": "populated place",
        "geoname_id": 876812
      }
    },
    {
      "type": "Feature",
      "geometry": {
        "type": "Point",
        "coordinates": [
          23.41667,
          -17.7
        ]
      },
      "properties": {
        "name": "Sikabelezi",
        "country": "Namibia",
        "region": "Zambezi Region",
        "elevation_m": null,
        "population": 0,
        "feature_type": "populated place",
        "geoname_id": 876813
      }
    },
    {
      "type": "Feature",
      "geometry": {
        "type": "Point",
        "coordinates": [
          24.9,
          -17.78333
        ]
      },
      "properties": {
        "name": "Sihope",
        "country": "Namibia",
        "region": "Zambezi Region",
        "elevation_m": null,
        "population": 0,
        "feature_type": "populated place",
        "geoname_id": 876814
      }
    },
    {
      "type": "Feature",
      "geometry": {
        "type": "Point",
        "coordinates": [
          23.36667,
          -17.65
        ]
      },
      "properties": {
        "name": "Sifuma",
        "country": "Namibia",
        "region": "Zambezi Region",
        "elevation_m": null,
        "population": 0,
        "feature_type": "populated place",
        "geoname_id": 876815
      }
    },
    {
      "type": "Feature",
      "geometry": {
        "type": "Point",
        "coordinates": [
          24.58287,
          -17.59902
        ]
      },
      "properties": {
        "name": "Sifuha",
        "country": "Namibia",
        "region": "Zambezi Region",
        "elevation_m": null,
        "population": 0,
        "feature_type": "populated place",
        "geoname_id": 876816
      }
    },
    {
      "type": "Feature",
      "geometry": {
        "type": "Point",
        "coordinates": [
          24.68333,
          -17.51667
        ]
      },
      "properties": {
        "name": "Sichimwa",
        "country": "Namibia",
        "region": "Zambezi Region",
        "elevation_m": null,
        "population": 0,
        "feature_type": "populated place",
        "geoname_id": 876818
      }
    },
    {
      "type": "Feature",
      "geometry": {
        "type": "Point",
        "coordinates": [
          24.5,
          -17.46667
        ]
      },
      "properties": {
        "name": "Sibungu",
        "country": "Namibia",
        "region": "Zambezi Region",
        "elevation_m": null,
        "population": 0,
        "feature_type": "populated place",
        "geoname_id": 876820
      }
    },
    {
      "type": "Feature",
      "geometry": {
        "type": "Point",
        "coordinates": [
          24.61667,
          -17.91667
        ]
      },
      "properties": {
        "name": "Sibulwe",
        "country": "Namibia",
        "region": "Zambezi Region",
        "elevation_m": null,
        "population": 0,
        "feature_type": "populated place",
        "geoname_id": 876821
      }
    },
    {
      "type": "Feature",
      "geometry": {
        "type": "Point",
        "coordinates": [
          23.82684,
          -17.76967
        ]
      },
      "properties": {
        "name": "Sibinda",
        "country": "Namibia",
        "region": "Zambezi Region",
        "elevation_m": null,
        "population": 0,
        "feature_type": "populated place",
        "geoname_id": 876822
      }
    },
    {
      "type": "Feature",
      "geometry": {
        "type": "Point",
        "coordinates": [
          24.76667,
          -17.71667
        ]
      },
      "properties": {
        "name": "Sibali",
        "country": "Namibia",
        "region": "Zambezi Region",
        "elevation_m": null,
        "population": 0,
        "feature_type": "populated place",
        "geoname_id": 876827
      }
    },
    {
      "type": "Feature",
      "geometry": {
        "type": "Point",
        "coordinates": [
          23.38333,
          -18.15
        ]
      },
      "properties": {
        "name": "Siambisso",
        "country": "Namibia",
        "region": "Zambezi Region",
        "elevation_m": null,
        "population": 0,
        "feature_type": "populated place",
        "geoname_id": 876828
      }
    },
    {
      "type": "Feature",
      "geometry": {
        "type": "Point",
        "coordinates": [
          20.54346,
          -17.98469
        ]
      },
      "properties": {
        "name": "Shitemo",
        "country": "Namibia",
        "region": "Kavango East",
        "elevation_m": null,
        "population": 0,
        "feature_type": "populated place",
        "geoname_id": 876830
      }
    },
    {
      "type": "Feature",
      "geometry": {
        "type": "Point",
        "coordinates": [
          20.61501,
          -18.27267
        ]
      },
      "properties": {
        "name": "Shishidjo",
        "country": "Namibia",
        "region": "Kavango East",
        "elevation_m": null,
        "population": 0,
        "feature_type": "populated place",
        "geoname_id": 876831
      }
    },
    {
      "type": "Feature",
      "geometry": {
        "type": "Point",
        "coordinates": [
          20.79685,
          -18.23751
        ]
      },
      "properties": {
        "name": "Shipakupaku",
        "country": "Namibia",
        "region": "Kavango East",
        "elevation_m": null,
        "population": 0,
        "feature_type": "populated place",
        "geoname_id": 876832
      }
    },
    {
      "type": "Feature",
      "geometry": {
        "type": "Point",
        "coordinates": [
          20.90053,
          -18.02353
        ]
      },
      "properties": {
        "name": "Shinyungwe",
        "country": "Namibia",
        "region": "Kavango East",
        "elevation_m": null,
        "population": 0,
        "feature_type": "populated place",
        "geoname_id": 876833
      }
    },
    {
      "type": "Feature",
      "geometry": {
        "type": "Point",
        "coordinates": [
          20.26667,
          -17.86667
        ]
      },
      "properties": {
        "name": "Shimweghe",
        "country": "Namibia",
        "region": "Kavango East",
        "elevation_m": null,
        "population": 0,
        "feature_type": "populated place",
        "geoname_id": 876835
      }
    },
    {
      "type": "Feature",
      "geometry": {
        "type": "Point",
        "coordinates": [
          24.83333,
          -17.55
        ]
      },
      "properties": {
        "name": "Shilling",
        "country": "Namibia",
        "region": "Zambezi Region",
        "elevation_m": null,
        "population": 0,
        "feature_type": "populated place",
        "geoname_id": 876836
      }
    },
    {
      "type": "Feature",
      "geometry": {
        "type": "Point",
        "coordinates": [
          20.42117,
          -17.9133
        ]
      },
      "properties": {
        "name": "Shighuru",
        "country": "Namibia",
        "region": "Kavango East",
        "elevation_m": null,
        "population": 0,
        "feature_type": "populated place",
        "geoname_id": 876838
      }
    },
    {
      "type": "Feature",
      "geometry": {
        "type": "Point",
        "coordinates": [
          20.79297,
          -18.03551
        ]
      },
      "properties": {
        "name": "Sharuwanda",
        "country": "Namibia",
        "region": "Kavango East",
        "elevation_m": null,
        "population": 0,
        "feature_type": "populated place",
        "geoname_id": 876841
      }
    },
    {
      "type": "Feature",
      "geometry": {
        "type": "Point",
        "coordinates": [
          20.51462,
          -17.9757
        ]
      },
      "properties": {
        "name": "Shankara",
        "country": "Namibia",
        "region": "Kavango East",
        "elevation_m": null,
        "population": 0,
        "feature_type": "populated place",
        "geoname_id": 876843
      }
    },
    {
      "type": "Feature",
      "geometry": {
        "type": "Point",
        "coordinates": [
          21.67348,
          -18.11007
        ]
      },
      "properties": {
        "name": "Shangando",
        "country": "Namibia",
        "region": "Kavango East",
        "elevation_m": null,
        "population": 0,
        "feature_type": "populated place",
        "geoname_id": 876844
      }
    },
    {
      "type": "Feature",
      "geometry": {
        "type": "Point",
        "coordinates": [
          20.83333,
          -18.01667
        ]
      },
      "properties": {
        "name": "Shamvura",
        "country": "Namibia",
        "region": "Kavango East",
        "elevation_m": null,
        "population": 0,
        "feature_type": "populated place",
        "geoname_id": 876845
      }
    },
    {
      "type": "Feature",
      "geometry": {
        "type": "Point",
        "coordinates": [
          21.51667,
          -18.08333
        ]
      },
      "properties": {
        "name": "Shamundambo",
        "country": "Namibia",
        "region": "Kavango East",
        "elevation_m": null,
        "population": 0,
        "feature_type": "populated place",
        "geoname_id": 876847
      }
    },
    {
      "type": "Feature",
      "geometry": {
        "type": "Point",
        "coordinates": [
          20.02811,
          -17.90975
        ]
      },
      "properties": {
        "name": "Shambyu",
        "country": "Namibia",
        "region": "Kavango East",
        "elevation_m": null,
        "population": 0,
        "feature_type": "populated place",
        "geoname_id": 876848
      }
    },
    {
      "type": "Feature",
      "geometry": {
        "type": "Point",
        "coordinates": [
          20.93877,
          -18.22173
        ]
      },
      "properties": {
        "name": "Shamburu",
        "country": "Namibia",
        "region": "Kavango East",
        "elevation_m": null,
        "population": 0,
        "feature_type": "populated place",
        "geoname_id": 876849
      }
    },
    {
      "type": "Feature",
      "geometry": {
        "type": "Point",
        "coordinates": [
          21.43333,
          -18.18333
        ]
      },
      "properties": {
        "name": "Shamaturu",
        "country": "Namibia",
        "region": "Zambezi Region",
        "elevation_m": null,
        "population": 0,
        "feature_type": "populated place",
        "geoname_id": 876850
      }
    },
    {
      "type": "Feature",
      "geometry": {
        "type": "Point",
        "coordinates": [
          21.35,
          -18.16667
        ]
      },
      "properties": {
        "name": "Shamaturu",
        "country": "Namibia",
        "region": "Zambezi Region",
        "elevation_m": null,
        "population": 0,
        "feature_type": "populated place",
        "geoname_id": 876851
      }
    },
    {
      "type": "Feature",
      "geometry": {
        "type": "Point",
        "coordinates": [
          21.34775,
          -18.15893
        ]
      },
      "properties": {
        "name": "Shamatura",
        "country": "Namibia",
        "region": "Kavango East",
        "elevation_m": null,
        "population": 0,
        "feature_type": "populated place",
        "geoname_id": 876852
      }
    },
    {
      "type": "Feature",
      "geometry": {
        "type": "Point",
        "coordinates": [
          21.43333,
          -18.03333
        ]
      },
      "properties": {
        "name": "Shamaghongo",
        "country": "Namibia",
        "region": "Kavango East",
        "elevation_m": null,
        "population": 0,
        "feature_type": "populated place",
        "geoname_id": 876855
      }
    },
    {
      "type": "Feature",
      "geometry": {
        "type": "Point",
        "coordinates": [
          20.58333,
          -17.98333
        ]
      },
      "properties": {
        "name": "Shakawe",
        "country": "Namibia",
        "region": "Kavango East",
        "elevation_m": null,
        "population": 0,
        "feature_type": "populated place",
        "geoname_id": 876859
      }
    },
    {
      "type": "Feature",
      "geometry": {
        "type": "Point",
        "coordinates": [
          20.66667,
          -18.3
        ]
      },
      "properties": {
        "name": "Shakambu Oos",
        "country": "Namibia",
        "region": "Kavango East",
        "elevation_m": null,
        "population": 0,
        "feature_type": "populated place",
        "geoname_id": 876860
      }
    },
    {
      "type": "Feature",
      "geometry": {
        "type": "Point",
        "coordinates": [
          20.08368,
          -18.24742
        ]
      },
      "properties": {
        "name": "Shakambu",
        "country": "Namibia",
        "region": "Kavango East",
        "elevation_m": null,
        "population": 0,
        "feature_type": "populated place",
        "geoname_id": 876861
      }
    },
    {
      "type": "Feature",
      "geometry": {
        "type": "Point",
        "coordinates": [
          20.63001,
          -18.00464
        ]
      },
      "properties": {
        "name": "Shaghaya",
        "country": "Namibia",
        "region": "Kavango East",
        "elevation_m": null,
        "population": 0,
        "feature_type": "populated place",
        "geoname_id": 876862
      }
    },
    {
      "type": "Feature",
      "geometry": {
        "type": "Point",
        "coordinates": [
          21.38869,
          -18.03651
        ]
      },
      "properties": {
        "name": "Shadjunu",
        "country": "Namibia",
        "region": "Kavango East",
        "elevation_m": null,
        "population": 0,
        "feature_type": "populated place",
        "geoname_id": 876864
      }
    },
    {
      "type": "Feature",
      "geometry": {
        "type": "Point",
        "coordinates": [
          21.37463,
          -18.01352
        ]
      },
      "properties": {
        "name": "Shadikongoro",
        "country": "Namibia",
        "region": "Kavango East",
        "elevation_m": null,
        "population": 0,
        "feature_type": "populated place",
        "geoname_id": 876867
      }
    },
    {
      "type": "Feature",
      "geometry": {
        "type": "Point",
        "coordinates": [
          23.31667,
          -17.95
        ]
      },
      "properties": {
        "name": "Setefani",
        "country": "Namibia",
        "region": "Zambezi Region",
        "elevation_m": null,
        "population": 0,
        "feature_type": "populated place",
        "geoname_id": 876868
      }
    },
    {
      "type": "Feature",
      "geometry": {
        "type": "Point",
        "coordinates": [
          23.40641,
          -17.74896
        ]
      },
      "properties": {
        "name": "Sesheke",
        "country": "Namibia",
        "region": "Zambezi Region",
        "elevation_m": null,
        "population": 0,
        "feature_type": "populated place",
        "geoname_id": 876869
      }
    },
    {
      "type": "Feature",
      "geometry": {
        "type": "Point",
        "coordinates": [
          23.95,
          -17.71667
        ]
      },
      "properties": {
        "name": "Sekubis",
        "country": "Namibia",
        "region": "Zambezi Region",
        "elevation_m": null,
        "population": 0,
        "feature_type": "populated place",
        "geoname_id": 876870
      }
    },
    {
      "type": "Feature",
      "geometry": {
        "type": "Point",
        "coordinates": [
          23.41667,
          -17.73333
        ]
      },
      "properties": {
        "name": "Sekrige",
        "country": "Namibia",
        "region": "Zambezi Region",
        "elevation_m": null,
        "population": 0,
        "feature_type": "populated place",
        "geoname_id": 876871
      }
    },
    {
      "type": "Feature",
      "geometry": {
        "type": "Point",
        "coordinates": [
          24.83333,
          -17.55
        ]
      },
      "properties": {
        "name": "Luhonono",
        "country": "Namibia",
        "region": "Zambezi Region",
        "elevation_m": null,
        "population": 0,
        "feature_type": "populated place",
        "geoname_id": 876872
      }
    },
    {
      "type": "Feature",
      "geometry": {
        "type": "Point",
        "coordinates": [
          23.85,
          -17.75
        ]
      },
      "properties": {
        "name": "Sapelapela",
        "country": "Namibia",
        "region": "Zambezi Region",
        "elevation_m": null,
        "population": 0,
        "feature_type": "populated place",
        "geoname_id": 876874
      }
    },
    {
      "type": "Feature",
      "geometry": {
        "type": "Point",
        "coordinates": [
          23.43282,
          -17.70578
        ]
      },
      "properties": {
        "name": "Suntusela",
        "country": "Namibia",
        "region": "Zambezi Region",
        "elevation_m": null,
        "population": 0,
        "feature_type": "populated place",
        "geoname_id": 876876
      }
    },
    {
      "type": "Feature",
      "geometry": {
        "type": "Point",
        "coordinates": [
          24.36667,
          -17.81667
        ]
      },
      "properties": {
        "name": "Sankwassa",
        "country": "Namibia",
        "region": "Zambezi Region",
        "elevation_m": null,
        "population": 0,
        "feature_type": "populated place",
        "geoname_id": 876877
      }
    },
    {
      "type": "Feature",
      "geometry": {
        "type": "Point",
        "coordinates": [
          23.64384,
          -18.25772
        ]
      },
      "properties": {
        "name": "Sangwali",
        "country": "Namibia",
        "region": "Zambezi Region",
        "elevation_m": null,
        "population": 0,
        "feature_type": "populated place",
        "geoname_id": 876878
      }
    },
    {
      "type": "Feature",
      "geometry": {
        "type": "Point",
        "coordinates": [
          23.93711,
          -18.14544
        ]
      },
      "properties": {
        "name": "Samulandela",
        "country": "Namibia",
        "region": "Zambezi Region",
        "elevation_m": null,
        "population": 0,
        "feature_type": "populated place",
        "geoname_id": 876879
      }
    },
    {
      "type": "Feature",
      "geometry": {
        "type": "Point",
        "coordinates": [
          23.5,
          -17.95
        ]
      },
      "properties": {
        "name": "Sambiso",
        "country": "Namibia",
        "region": "Zambezi Region",
        "elevation_m": null,
        "population": 0,
        "feature_type": "populated place",
        "geoname_id": 876881
      }
    },
    {
      "type": "Feature",
      "geometry": {
        "type": "Point",
        "coordinates": [
          20.15,
          -17.9
        ]
      },
      "properties": {
        "name": "Samakapi",
        "country": "Namibia",
        "region": "Kavango East",
        "elevation_m": null,
        "population": 0,
        "feature_type": "populated place",
        "geoname_id": 876882
      }
    },
    {
      "type": "Feature",
      "geometry": {
        "type": "Point",
        "coordinates": [
          24.38333,
          -17.93333
        ]
      },
      "properties": {
        "name": "Sakfweba",
        "country": "Namibia",
        "region": "Zambezi Region",
        "elevation_m": null,
        "population": 0,
        "feature_type": "populated place",
        "geoname_id": 876884
      }
    },
    {
      "type": "Feature",
      "geometry": {
        "type": "Point",
        "coordinates": [
          24.68333,
          -17.66667
        ]
      },
      "properties": {
        "name": "Sakatuka",
        "country": "Namibia",
        "region": "Zambezi Region",
        "elevation_m": null,
        "population": 0,
        "feature_type": "populated place",
        "geoname_id": 876885
      }
    },
    {
      "type": "Feature",
      "geometry": {
        "type": "Point",
        "coordinates": [
          24.45,
          -17.51667
        ]
      },
      "properties": {
        "name": "Sakapupwe",
        "country": "Namibia",
        "region": "Zambezi Region",
        "elevation_m": null,
        "population": 0,
        "feature_type": "populated place",
        "geoname_id": 876886
      }
    },
    {
      "type": "Feature",
      "geometry": {
        "type": "Point",
        "coordinates": [
          23.43761,
          -17.95473
        ]
      },
      "properties": {
        "name": "Sachona",
        "country": "Namibia",
        "region": "Zambezi Region",
        "elevation_m": null,
        "population": 0,
        "feature_type": "populated place",
        "geoname_id": 876888
      }
    },
    {
      "type": "Feature",
      "geometry": {
        "type": "Point",
        "coordinates": [
          23.33333,
          -17.93333
        ]
      },
      "properties": {
        "name": "Sachona",
        "country": "Namibia",
        "region": "Zambezi Region",
        "elevation_m": null,
        "population": 0,
        "feature_type": "populated place",
        "geoname_id": 876889
      }
    },
    {
      "type": "Feature",
      "geometry": {
        "type": "Point",
        "coordinates": [
          20.23333,
          -17.9
        ]
      },
      "properties": {
        "name": "Rundjarara",
        "country": "Namibia",
        "region": "Kavango East",
        "elevation_m": null,
        "population": 0,
        "feature_type": "populated place",
        "geoname_id": 876891
      }
    },
    {
      "type": "Feature",
      "geometry": {
        "type": "Point",
        "coordinates": [
          20.46667,
          -17.93333
        ]
      },
      "properties": {
        "name": "Ruhuru",
        "country": "Namibia",
        "region": "Kavango East",
        "elevation_m": null,
        "population": 0,
        "feature_type": "populated place",
        "geoname_id": 876893
      }
    },
    {
      "type": "Feature",
      "geometry": {
        "type": "Point",
        "coordinates": [
          21.41667,
          -18.01667
        ]
      },
      "properties": {
        "name": "Rughongo",
        "country": "Namibia",
        "region": "Kavango East",
        "elevation_m": null,
        "population": 0,
        "feature_type": "populated place",
        "geoname_id": 876894
      }
    },
    {
      "type": "Feature",
      "geometry": {
        "type": "Point",
        "coordinates": [
          21.37137,
          -17.99778
        ]
      },
      "properties": {
        "name": "Rudhiva",
        "country": "Namibia",
        "region": "Kavango East",
        "elevation_m": null,
        "population": 0,
        "feature_type": "populated place",
        "geoname_id": 876895
      }
    },
    {
      "type": "Feature",
      "geometry": {
        "type": "Point",
        "coordinates": [
          20.7336,
          -18.0186
        ]
      },
      "properties": {
        "name": "Rucara",
        "country": "Namibia",
        "region": "Kavango East",
        "elevation_m": null,
        "population": 0,
        "feature_type": "populated place",
        "geoname_id": 876896
      }
    },
    {
      "type": "Feature",
      "geometry": {
        "type": "Point",
        "coordinates": [
          20.90945,
          -21.90912
        ]
      },
      "properties": {
        "name": "Rietfontein",
        "country": "Namibia",
        "region": "Omaheke Region",
        "elevation_m": null,
        "population": 0,
        "feature_type": "populated place",
        "geoname_id": 876900
      }
    },
    {
      "type": "Feature",
      "geometry": {
        "type": "Point",
        "coordinates": [
          23.46667,
          -17.95
        ]
      },
      "properties": {
        "name": "Pwani",
        "country": "Namibia",
        "region": "Zambezi Region",
        "elevation_m": null,
        "population": 0,
        "feature_type": "populated place",
        "geoname_id": 876911
      }
    },
    {
      "type": "Feature",
      "geometry": {
        "type": "Point",
        "coordinates": [
          25.1,
          -17.78333
        ]
      },
      "properties": {
        "name": "Punga",
        "country": "Namibia",
        "region": "Zambezi Region",
        "elevation_m": null,
        "population": 0,
        "feature_type": "populated place",
        "geoname_id": 876913
      }
    },
    {
      "type": "Feature",
      "geometry": {
        "type": "Point",
        "coordinates": [
          21.59048,
          -18.12196
        ]
      },
      "properties": {
        "name": "Popa",
        "country": "Namibia",
        "region": "Kavango East",
        "elevation_m": null,
        "population": 0,
        "feature_type": "populated place",
        "geoname_id": 876915
      }
    },
    {
      "type": "Feature",
      "geometry": {
        "type": "Point",
        "coordinates": [
          23.6,
          -18.41667
        ]
      },
      "properties": {
        "name": "Photo",
        "country": "Namibia",
        "region": "Zambezi Region",
        "elevation_m": null,
        "population": 0,
        "feature_type": "populated place",
        "geoname_id": 876916
      }
    },
    {
      "type": "Feature",
      "geometry": {
        "type": "Point",
        "coordinates": [
          24.93333,
          -17.65
        ]
      },
      "properties": {
        "name": "Perepere",
        "country": "Namibia",
        "region": "Zambezi Region",
        "elevation_m": null,
        "population": 0,
        "feature_type": "populated place",
        "geoname_id": 876917
      }
    },
    {
      "type": "Feature",
      "geometry": {
        "type": "Point",
        "coordinates": [
          20.61354,
          -18.00187
        ]
      },
      "properties": {
        "name": "Nyondo",
        "country": "Namibia",
        "region": "Kavango East",
        "elevation_m": null,
        "population": 0,
        "feature_type": "populated place",
        "geoname_id": 876927
      }
    },
    {
      "type": "Feature",
      "geometry": {
        "type": "Point",
        "coordinates": [
          20.67771,
          -18.00274
        ]
      },
      "properties": {
        "name": "Nyangana",
        "country": "Namibia",
        "region": "Kavango East",
        "elevation_m": null,
        "population": 0,
        "feature_type": "populated place",
        "geoname_id": 876928
      }
    },
    {
      "type": "Feature",
      "geometry": {
        "type": "Point",
        "coordinates": [
          24.66667,
          -17.68333
        ]
      },
      "properties": {
        "name": "Nuwe Kabbe",
        "country": "Namibia",
        "region": "Zambezi Region",
        "elevation_m": null,
        "population": 0,
        "feature_type": "populated place",
        "geoname_id": 876930
      }
    },
    {
      "type": "Feature",
      "geometry": {
        "type": "Point",
        "coordinates": [
          24.85,
          -17.53333
        ]
      },
      "properties": {
        "name": "Ntonde",
        "country": "Namibia",
        "region": "Zambezi Region",
        "elevation_m": null,
        "population": 0,
        "feature_type": "populated place",
        "geoname_id": 876933
      }
    },
    {
      "type": "Feature",
      "geometry": {
        "type": "Point",
        "coordinates": [
          20.05,
          -17.88333
        ]
      },
      "properties": {
        "name": "Ntenta",
        "country": "Namibia",
        "region": "Kavango East",
        "elevation_m": null,
        "population": 0,
        "feature_type": "populated place",
        "geoname_id": 876935
      }
    },
    {
      "type": "Feature",
      "geometry": {
        "type": "Point",
        "coordinates": [
          24.8,
          -17.73333
        ]
      },
      "properties": {
        "name": "Ntela",
        "country": "Namibia",
        "region": "Zambezi Region",
        "elevation_m": null,
        "population": 0,
        "feature_type": "populated place",
        "geoname_id": 876936
      }
    },
    {
      "type": "Feature",
      "geometry": {
        "type": "Point",
        "coordinates": [
          21.78333,
          -18.23333
        ]
      },
      "properties": {
        "name": "Nossiko",
        "country": "Namibia",
        "region": "Kavango East",
        "elevation_m": null,
        "population": 0,
        "feature_type": "populated place",
        "geoname_id": 876940
      }
    },
    {
      "type": "Feature",
      "geometry": {
        "type": "Point",
        "coordinates": [
          23.36667,
          -17.85
        ]
      },
      "properties": {
        "name": "Nkwazi",
        "country": "Namibia",
        "region": "Zambezi Region",
        "elevation_m": null,
        "population": 0,
        "feature_type": "populated place",
        "geoname_id": 876942
      }
    },
    {
      "type": "Feature",
      "geometry": {
        "type": "Point",
        "coordinates": [
          20.93333,
          -18.91667
        ]
      },
      "properties": {
        "name": "Nhoma",
        "country": "Namibia",
        "region": "Kavango East",
        "elevation_m": null,
        "population": 0,
        "feature_type": "populated place",
        "geoname_id": 876945
      }
    },
    {
      "type": "Feature",
      "geometry": {
        "type": "Point",
        "coordinates": [
          20.55,
          -17.98333
        ]
      },
      "properties": {
        "name": "Ngumbo",
        "country": "Namibia",
        "region": "Kavango East",
        "elevation_m": null,
        "population": 0,
        "feature_type": "populated place",
        "geoname_id": 876949
      }
    },
    {
      "type": "Feature",
      "geometry": {
        "type": "Point",
        "coordinates": [
          24.71038,
          -17.91659
        ]
      },
      "properties": {
        "name": "Ngoma",
        "country": "Namibia",
        "region": "Zambezi Region",
        "elevation_m": null,
        "population": 0,
        "feature_type": "populated place",
        "geoname_id": 876952
      }
    },
    {
      "type": "Feature",
      "geometry": {
        "type": "Point",
        "coordinates": [
          23.43333,
          -17.7
        ]
      },
      "properties": {
        "name": "Ngenda",
        "country": "Namibia",
        "region": "Zambezi Region",
        "elevation_m": null,
        "population": 0,
        "feature_type": "populated place",
        "geoname_id": 876953
      }
    },
    {
      "type": "Feature",
      "geometry": {
        "type": "Point",
        "coordinates": [
          24.41667,
          -17.95
        ]
      },
      "properties": {
        "name": "Ngala",
        "country": "Namibia",
        "region": "Zambezi Region",
        "elevation_m": null,
        "population": 0,
        "feature_type": "populated place",
        "geoname_id": 876954
      }
    },
    {
      "type": "Feature",
      "geometry": {
        "type": "Point",
        "coordinates": [
          21.56179,
          -18.11581
        ]
      },
      "properties": {
        "name": "Ndongo",
        "country": "Namibia",
        "region": "Kavango East",
        "elevation_m": null,
        "population": 0,
        "feature_type": "populated place",
        "geoname_id": 876958
      }
    },
    {
      "type": "Feature",
      "geometry": {
        "type": "Point",
        "coordinates": [
          20.46903,
          -17.95138
        ]
      },
      "properties": {
        "name": "Ndonga",
        "country": "Namibia",
        "region": "Kavango East",
        "elevation_m": null,
        "population": 0,
        "feature_type": "populated place",
        "geoname_id": 876960
      }
    },
    {
      "type": "Feature",
      "geometry": {
        "type": "Point",
        "coordinates": [
          20.7,
          -18
        ]
      },
      "properties": {
        "name": "Ndiyona",
        "country": "Namibia",
        "region": "Kavango East",
        "elevation_m": null,
        "population": 0,
        "feature_type": "populated place",
        "geoname_id": 876962
      }
    },
    {
      "type": "Feature",
      "geometry": {
        "type": "Point",
        "coordinates": [
          20.36721,
          -18.13206
        ]
      },
      "properties": {
        "name": "Kapupahedi",
        "country": "Namibia",
        "region": "Kavango East",
        "elevation_m": null,
        "population": 0,
        "feature_type": "populated place",
        "geoname_id": 876963
      }
    },
    {
      "type": "Feature",
      "geometry": {
        "type": "Point",
        "coordinates": [
          20.69694,
          -18.196
        ]
      },
      "properties": {
        "name": "Ncame",
        "country": "Namibia",
        "region": "Kavango East",
        "elevation_m": null,
        "population": 0,
        "feature_type": "populated place",
        "geoname_id": 876965
      }
    },
    {
      "type": "Feature",
      "geometry": {
        "type": "Point",
        "coordinates": [
          20.01667,
          -17.9
        ]
      },
      "properties": {
        "name": "Nayita",
        "country": "Namibia",
        "region": "Kavango East",
        "elevation_m": null,
        "population": 0,
        "feature_type": "populated place",
        "geoname_id": 876966
      }
    },
    {
      "type": "Feature",
      "geometry": {
        "type": "Point",
        "coordinates": [
          25.05,
          -17.63333
        ]
      },
      "properties": {
        "name": "Nantungu",
        "country": "Namibia",
        "region": "Zambezi Region",
        "elevation_m": null,
        "population": 0,
        "feature_type": "populated place",
        "geoname_id": 876970
      }
    },
    {
      "type": "Feature",
      "geometry": {
        "type": "Point",
        "coordinates": [
          24.41667,
          -17.48333
        ]
      },
      "properties": {
        "name": "Nantungu",
        "country": "Namibia",
        "region": "Zambezi Region",
        "elevation_m": null,
        "population": 0,
        "feature_type": "populated place",
        "geoname_id": 876971
      }
    },
    {
      "type": "Feature",
      "geometry": {
        "type": "Point",
        "coordinates": [
          24.85179,
          -17.8212
        ]
      },
      "properties": {
        "name": "Nakomba",
        "country": "Namibia",
        "region": "Zambezi Region",
        "elevation_m": null,
        "population": 0,
        "feature_type": "populated place",
        "geoname_id": 876974
      }
    },
    {
      "type": "Feature",
      "geometry": {
        "type": "Point",
        "coordinates": [
          24.85546,
          -17.72982
        ]
      },
      "properties": {
        "name": "Nandu",
        "country": "Namibia",
        "region": "Zambezi Region",
        "elevation_m": null,
        "population": 0,
        "feature_type": "populated place",
        "geoname_id": 876975
      }
    },
    {
      "type": "Feature",
      "geometry": {
        "type": "Point",
        "coordinates": [
          20.28939,
          -17.95216
        ]
      },
      "properties": {
        "name": "Namuwawa",
        "country": "Namibia",
        "region": "Kavango East",
        "elevation_m": null,
        "population": 0,
        "feature_type": "populated place",
        "geoname_id": 876977
      }
    },
    {
      "type": "Feature",
      "geometry": {
        "type": "Point",
        "coordinates": [
          21.60912,
          -18.08972
        ]
      },
      "properties": {
        "name": "Matjiku",
        "country": "Namibia",
        "region": "Kavango East",
        "elevation_m": null,
        "population": 0,
        "feature_type": "populated place",
        "geoname_id": 876985
      }
    },
    {
      "type": "Feature",
      "geometry": {
        "type": "Point",
        "coordinates": [
          24.76667,
          -17.51667
        ]
      },
      "properties": {
        "name": "Mwilima",
        "country": "Namibia",
        "region": "Zambezi Region",
        "elevation_m": null,
        "population": 0,
        "feature_type": "populated place",
        "geoname_id": 876986
      }
    },
    {
      "type": "Feature",
      "geometry": {
        "type": "Point",
        "coordinates": [
          24.88333,
          -17.63333
        ]
      },
      "properties": {
        "name": "Mvuvu",
        "country": "Namibia",
        "region": "Zambezi Region",
        "elevation_m": null,
        "population": 0,
        "feature_type": "populated place",
        "geoname_id": 876989
      }
    },
    {
      "type": "Feature",
      "geometry": {
        "type": "Point",
        "coordinates": [
          24.32034,
          -17.79427
        ]
      },
      "properties": {
        "name": "Muyoba",
        "country": "Namibia",
        "region": "Zambezi Region",
        "elevation_m": null,
        "population": 0,
        "feature_type": "populated place",
        "geoname_id": 876990
      }
    },
    {
      "type": "Feature",
      "geometry": {
        "type": "Point",
        "coordinates": [
          24.61667,
          -17.66667
        ]
      },
      "properties": {
        "name": "Muyoba",
        "country": "Namibia",
        "region": "Zambezi Region",
        "elevation_m": null,
        "population": 0,
        "feature_type": "populated place",
        "geoname_id": 876991
      }
    },
    {
      "type": "Feature",
      "geometry": {
        "type": "Point",
        "coordinates": [
          24.40077,
          -17.88938
        ]
      },
      "properties": {
        "name": "Muyako",
        "country": "Namibia",
        "region": "Zambezi Region",
        "elevation_m": null,
        "population": 0,
        "feature_type": "populated place",
        "geoname_id": 876992
      }
    },
    {
      "type": "Feature",
      "geometry": {
        "type": "Point",
        "coordinates": [
          24.78333,
          -17.55
        ]
      },
      "properties": {
        "name": "Mutwi",
        "country": "Namibia",
        "region": "Zambezi Region",
        "elevation_m": null,
        "population": 0,
        "feature_type": "populated place",
        "geoname_id": 876993
      }
    },
    {
      "type": "Feature",
      "geometry": {
        "type": "Point",
        "coordinates": [
          24.68333,
          -17.51667
        ]
      },
      "properties": {
        "name": "Mutonga",
        "country": "Namibia",
        "region": "Zambezi Region",
        "elevation_m": null,
        "population": 0,
        "feature_type": "populated place",
        "geoname_id": 876995
      }
    },
    {
      "type": "Feature",
      "geometry": {
        "type": "Point",
        "coordinates": [
          24.5879,
          -17.96767
        ]
      },
      "properties": {
        "name": "Mutikitila",
        "country": "Namibia",
        "region": "Zambezi Region",
        "elevation_m": null,
        "population": 0,
        "feature_type": "populated place",
        "geoname_id": 876996
      }
    },
    {
      "type": "Feature",
      "geometry": {
        "type": "Point",
        "coordinates": [
          25.08333,
          -17.68333
        ]
      },
      "properties": {
        "name": "Muteto",
        "country": "Namibia",
        "region": "Zambezi Region",
        "elevation_m": null,
        "population": 0,
        "feature_type": "populated place",
        "geoname_id": 876999
      }
    },
    {
      "type": "Feature",
      "geometry": {
        "type": "Point",
        "coordinates": [
          23.88333,
          -18.2
        ]
      },
      "properties": {
        "name": "Mutau",
        "country": "Namibia",
        "region": "Zambezi Region",
        "elevation_m": null,
        "population": 0,
        "feature_type": "populated place",
        "geoname_id": 877000
      }
    },
    {
      "type": "Feature",
      "geometry": {
        "type": "Point",
        "coordinates": [
          24.4,
          -17.81667
        ]
      },
      "properties": {
        "name": "Musuwilwa",
        "country": "Namibia",
        "region": "Zambezi Region",
        "elevation_m": null,
        "population": 0,
        "feature_type": "populated place",
        "geoname_id": 877001
      }
    },
    {
      "type": "Feature",
      "geometry": {
        "type": "Point",
        "coordinates": [
          24.65,
          -17.65
        ]
      },
      "properties": {
        "name": "Musunzi",
        "country": "Namibia",
        "region": "Zambezi Region",
        "elevation_m": null,
        "population": 0,
        "feature_type": "populated place",
        "geoname_id": 877002
      }
    },
    {
      "type": "Feature",
      "geometry": {
        "type": "Point",
        "coordinates": [
          23.35,
          -18.08333
        ]
      },
      "properties": {
        "name": "Musukubili",
        "country": "Namibia",
        "region": "Zambezi Region",
        "elevation_m": null,
        "population": 0,
        "feature_type": "populated place",
        "geoname_id": 877004
      }
    },
    {
      "type": "Feature",
      "geometry": {
        "type": "Point",
        "coordinates": [
          24.91667,
          -17.76667
        ]
      },
      "properties": {
        "name": "Musipili",
        "country": "Namibia",
        "region": "Zambezi Region",
        "elevation_m": null,
        "population": 0,
        "feature_type": "populated place",
        "geoname_id": 877005
      }
    },
    {
      "type": "Feature",
      "geometry": {
        "type": "Point",
        "coordinates": [
          21.33333,
          -18.16667
        ]
      },
      "properties": {
        "name": "Musiluku",
        "country": "Namibia",
        "region": "Kavango East",
        "elevation_m": null,
        "population": 0,
        "feature_type": "populated place",
        "geoname_id": 877006
      }
    },
    {
      "type": "Feature",
      "geometry": {
        "type": "Point",
        "coordinates": [
          20.08333,
          -17.91667
        ]
      },
      "properties": {
        "name": "Mushovoyi",
        "country": "Namibia",
        "region": "Kavango East",
        "elevation_m": null,
        "population": 0,
        "feature_type": "populated place",
        "geoname_id": 877007
      }
    },
    {
      "type": "Feature",
      "geometry": {
        "type": "Point",
        "coordinates": [
          20.16873,
          -17.89182
        ]
      },
      "properties": {
        "name": "Muroro",
        "country": "Namibia",
        "region": "Kavango East",
        "elevation_m": null,
        "population": 0,
        "feature_type": "populated place",
        "geoname_id": 877011
      }
    },
    {
      "type": "Feature",
      "geometry": {
        "type": "Point",
        "coordinates": [
          20.23333,
          -17.9
        ]
      },
      "properties": {
        "name": "Mupapama",
        "country": "Namibia",
        "region": "Kavango East",
        "elevation_m": null,
        "population": 0,
        "feature_type": "populated place",
        "geoname_id": 877012
      }
    },
    {
      "type": "Feature",
      "geometry": {
        "type": "Point",
        "coordinates": [
          20.26667,
          -17.88333
        ]
      },
      "properties": {
        "name": "Mupapama",
        "country": "Namibia",
        "region": "Kavango East",
        "elevation_m": null,
        "population": 0,
        "feature_type": "populated place",
        "geoname_id": 877013
      }
    },
    {
      "type": "Feature",
      "geometry": {
        "type": "Point",
        "coordinates": [
          24.96667,
          -17.63333
        ]
      },
      "properties": {
        "name": "Muoyeta",
        "country": "Namibia",
        "region": "Zambezi Region",
        "elevation_m": null,
        "population": 0,
        "feature_type": "populated place",
        "geoname_id": 877014
      }
    },
    {
      "type": "Feature",
      "geometry": {
        "type": "Point",
        "coordinates": [
          23.43333,
          -17.96667
        ]
      },
      "properties": {
        "name": "Munuma",
        "country": "Namibia",
        "region": "Zambezi Region",
        "elevation_m": null,
        "population": 0,
        "feature_type": "populated place",
        "geoname_id": 877015
      }
    },
    {
      "type": "Feature",
      "geometry": {
        "type": "Point",
        "coordinates": [
          24.65,
          -17.55
        ]
      },
      "properties": {
        "name": "Munsu",
        "country": "Namibia",
        "region": "Zambezi Region",
        "elevation_m": null,
        "population": 0,
        "feature_type": "populated place",
        "geoname_id": 877016
      }
    },
    {
      "type": "Feature",
      "geometry": {
        "type": "Point",
        "coordinates": [
          23.4,
          -17.98333
        ]
      },
      "properties": {
        "name": "Munjewe",
        "country": "Namibia",
        "region": "Zambezi Region",
        "elevation_m": null,
        "population": 0,
        "feature_type": "populated place",
        "geoname_id": 877017
      }
    },
    {
      "type": "Feature",
      "geometry": {
        "type": "Point",
        "coordinates": [
          20.08679,
          -17.9756
        ]
      },
      "properties": {
        "name": "Mungunda",
        "country": "Namibia",
        "region": "Kavango East",
        "elevation_m": null,
        "population": 0,
        "feature_type": "populated place",
        "geoname_id": 877019
      }
    },
    {
      "type": "Feature",
      "geometry": {
        "type": "Point",
        "coordinates": [
          23.4,
          -18.11667
        ]
      },
      "properties": {
        "name": "Muneambuanas",
        "country": "Namibia",
        "region": "Zambezi Region",
        "elevation_m": null,
        "population": 0,
        "feature_type": "populated place",
        "geoname_id": 877020
      }
    },
    {
      "type": "Feature",
      "geometry": {
        "type": "Point",
        "coordinates": [
          24.41667,
          -17.53333
        ]
      },
      "properties": {
        "name": "Mumboni",
        "country": "Namibia",
        "region": "Zambezi Region",
        "elevation_m": null,
        "population": 0,
        "feature_type": "populated place",
        "geoname_id": 877021
      }
    },
    {
      "type": "Feature",
      "geometry": {
        "type": "Point",
        "coordinates": [
          21.42527,
          -18.03826
        ]
      },
      "properties": {
        "name": "Mukwe",
        "country": "Namibia",
        "region": "Kavango East",
        "elevation_m": null,
        "population": 0,
        "feature_type": "populated place",
        "geoname_id": 877022
      }
    },
    {
      "type": "Feature",
      "geometry": {
        "type": "Point",
        "coordinates": [
          20.99901,
          -17.97408
        ]
      },
      "properties": {
        "name": "Mukuvi",
        "country": "Namibia",
        "region": "Kavango East",
        "elevation_m": null,
        "population": 0,
        "feature_type": "populated place",
        "geoname_id": 877024
      }
    },
    {
      "type": "Feature",
      "geometry": {
        "type": "Point",
        "coordinates": [
          24.07812,
          -17.99036
        ]
      },
      "properties": {
        "name": "Muketela",
        "country": "Namibia",
        "region": "Zambezi Region",
        "elevation_m": null,
        "population": 0,
        "feature_type": "populated place",
        "geoname_id": 877025
      }
    },
    {
      "type": "Feature",
      "geometry": {
        "type": "Point",
        "coordinates": [
          24.21667,
          -17.83333
        ]
      },
      "properties": {
        "name": "Mukawa",
        "country": "Namibia",
        "region": "Zambezi Region",
        "elevation_m": null,
        "population": 0,
        "feature_type": "populated place",
        "geoname_id": 877026
      }
    },
    {
      "type": "Feature",
      "geometry": {
        "type": "Point",
        "coordinates": [
          24.49231,
          -17.79402
        ]
      },
      "properties": {
        "name": "Mukasa",
        "country": "Namibia",
        "region": "Zambezi Region",
        "elevation_m": null,
        "population": 0,
        "feature_type": "populated place",
        "geoname_id": 877028
      }
    },
    {
      "type": "Feature",
      "geometry": {
        "type": "Point",
        "coordinates": [
          21.1391,
          -17.94286
        ]
      },
      "properties": {
        "name": "Mpapuka",
        "country": "Namibia",
        "region": "Kavango East",
        "elevation_m": null,
        "population": 0,
        "feature_type": "populated place",
        "geoname_id": 877031
      }
    },
    {
      "type": "Feature",
      "geometry": {
        "type": "Point",
        "coordinates": [
          24.15,
          -17.95
        ]
      },
      "properties": {
        "name": "Mopolilo",
        "country": "Namibia",
        "region": "Zambezi Region",
        "elevation_m": null,
        "population": 0,
        "feature_type": "populated place",
        "geoname_id": 877035
      }
    },
    {
      "type": "Feature",
      "geometry": {
        "type": "Point",
        "coordinates": [
          20.85,
          -18.01667
        ]
      },
      "properties": {
        "name": "Mbwata",
        "country": "Namibia",
        "region": "Kavango East",
        "elevation_m": null,
        "population": 0,
        "feature_type": "populated place",
        "geoname_id": 877038
      }
    },
    {
      "type": "Feature",
      "geometry": {
        "type": "Point",
        "coordinates": [
          23.7,
          -17.85
        ]
      },
      "properties": {
        "name": "Mbozi",
        "country": "Namibia",
        "region": "Zambezi Region",
        "elevation_m": null,
        "population": 0,
        "feature_type": "populated place",
        "geoname_id": 877039
      }
    },
    {
      "type": "Feature",
      "geometry": {
        "type": "Point",
        "coordinates": [
          23.38333,
          -17.76667
        ]
      },
      "properties": {
        "name": "Mbomande",
        "country": "Namibia",
        "region": "Zambezi Region",
        "elevation_m": null,
        "population": 0,
        "feature_type": "populated place",
        "geoname_id": 877040
      }
    },
    {
      "type": "Feature",
      "geometry": {
        "type": "Point",
        "coordinates": [
          25.1,
          -17.7
        ]
      },
      "properties": {
        "name": "Mbanga",
        "country": "Namibia",
        "region": "Zambezi Region",
        "elevation_m": null,
        "population": 0,
        "feature_type": "populated place",
        "geoname_id": 877041
      }
    },
    {
      "type": "Feature",
      "geometry": {
        "type": "Point",
        "coordinates": [
          21.01565,
          -17.96362
        ]
      },
      "properties": {
        "name": "Mbambi",
        "country": "Namibia",
        "region": "Kavango East",
        "elevation_m": null,
        "population": 0,
        "feature_type": "populated place",
        "geoname_id": 877042
      }
    },
    {
      "type": "Feature",
      "geometry": {
        "type": "Point",
        "coordinates": [
          25.02041,
          -17.78987
        ]
      },
      "properties": {
        "name": "Mbalasinte",
        "country": "Namibia",
        "region": "Zambezi Region",
        "elevation_m": null,
        "population": 0,
        "feature_type": "populated place",
        "geoname_id": 877044
      }
    },
    {
      "type": "Feature",
      "geometry": {
        "type": "Point",
        "coordinates": [
          24.85,
          -17.58333
        ]
      },
      "properties": {
        "name": "Mazaza",
        "country": "Namibia",
        "region": "Zambezi Region",
        "elevation_m": null,
        "population": 0,
        "feature_type": "populated place",
        "geoname_id": 877045
      }
    },
    {
      "type": "Feature",
      "geometry": {
        "type": "Point",
        "coordinates": [
          24.78333,
          -17.56667
        ]
      },
      "properties": {
        "name": "Mazambani",
        "country": "Namibia",
        "region": "Zambezi Region",
        "elevation_m": null,
        "population": 0,
        "feature_type": "populated place",
        "geoname_id": 877046
      }
    },
    {
      "type": "Feature",
      "geometry": {
        "type": "Point",
        "coordinates": [
          23.35,
          -17.85
        ]
      },
      "properties": {
        "name": "Mayuni",
        "country": "Namibia",
        "region": "Zambezi Region",
        "elevation_m": null,
        "population": 0,
        "feature_type": "populated place",
        "geoname_id": 877047
      }
    },
    {
      "type": "Feature",
      "geometry": {
        "type": "Point",
        "coordinates": [
          20.6,
          -17.98333
        ]
      },
      "properties": {
        "name": "Mayowe",
        "country": "Namibia",
        "region": "Kavango East",
        "elevation_m": null,
        "population": 0,
        "feature_type": "populated place",
        "geoname_id": 877048
      }
    },
    {
      "type": "Feature",
      "geometry": {
        "type": "Point",
        "coordinates": [
          21.2299,
          -17.96458
        ]
      },
      "properties": {
        "name": "Mayara",
        "country": "Namibia",
        "region": "Kavango East",
        "elevation_m": null,
        "population": 0,
        "feature_type": "populated place",
        "geoname_id": 877049
      }
    },
    {
      "type": "Feature",
      "geometry": {
        "type": "Point",
        "coordinates": [
          24.16667,
          -17.73333
        ]
      },
      "properties": {
        "name": "Maulukupeka",
        "country": "Namibia",
        "region": "Zambezi Region",
        "elevation_m": null,
        "population": 0,
        "feature_type": "populated place",
        "geoname_id": 877050
      }
    },
    {
      "type": "Feature",
      "geometry": {
        "type": "Point",
        "coordinates": [
          23.88333,
          -17.73333
        ]
      },
      "properties": {
        "name": "Matongos",
        "country": "Namibia",
        "region": "Zambezi Region",
        "elevation_m": null,
        "population": 0,
        "feature_type": "populated place",
        "geoname_id": 877051
      }
    },
    {
      "type": "Feature",
      "geometry": {
        "type": "Point",
        "coordinates": [
          23.90361,
          -18.1751
        ]
      },
      "properties": {
        "name": "Maunga",
        "country": "Namibia",
        "region": "Zambezi Region",
        "elevation_m": null,
        "population": 0,
        "feature_type": "populated place",
        "geoname_id": 877052
      }
    },
    {
      "type": "Feature",
      "geometry": {
        "type": "Point",
        "coordinates": [
          24.31667,
          -17.48333
        ]
      },
      "properties": {
        "name": "Matengu",
        "country": "Namibia",
        "region": "Zambezi Region",
        "elevation_m": null,
        "population": 0,
        "feature_type": "populated place",
        "geoname_id": 877053
      }
    },
    {
      "type": "Feature",
      "geometry": {
        "type": "Point",
        "coordinates": [
          23.79826,
          -18.28017
        ]
      },
      "properties": {
        "name": "Matemwa",
        "country": "Namibia",
        "region": "Zambezi Region",
        "elevation_m": null,
        "population": 0,
        "feature_type": "populated place",
        "geoname_id": 877054
      }
    },
    {
      "type": "Feature",
      "geometry": {
        "type": "Point",
        "coordinates": [
          24.25,
          -17.8
        ]
      },
      "properties": {
        "name": "Mate",
        "country": "Namibia",
        "region": "Zambezi Region",
        "elevation_m": null,
        "population": 0,
        "feature_type": "populated place",
        "geoname_id": 877055
      }
    },
    {
      "type": "Feature",
      "geometry": {
        "type": "Point",
        "coordinates": [
          24.36667,
          -17.93333
        ]
      },
      "properties": {
        "name": "Matanga",
        "country": "Namibia",
        "region": "Zambezi Region",
        "elevation_m": null,
        "population": 0,
        "feature_type": "populated place",
        "geoname_id": 877056
      }
    },
    {
      "type": "Feature",
      "geometry": {
        "type": "Point",
        "coordinates": [
          25.08333,
          -17.75
        ]
      },
      "properties": {
        "name": "Masule",
        "country": "Namibia",
        "region": "Zambezi Region",
        "elevation_m": null,
        "population": 0,
        "feature_type": "populated place",
        "geoname_id": 877057
      }
    },
    {
      "type": "Feature",
      "geometry": {
        "type": "Point",
        "coordinates": [
          24.77818,
          -17.85589
        ]
      },
      "properties": {
        "name": "Masikili",
        "country": "Namibia",
        "region": "Zambezi Region",
        "elevation_m": null,
        "population": 0,
        "feature_type": "populated place",
        "geoname_id": 877060
      }
    },
    {
      "type": "Feature",
      "geometry": {
        "type": "Point",
        "coordinates": [
          23.70278,
          -17.85557
        ]
      },
      "properties": {
        "name": "Masida",
        "country": "Namibia",
        "region": "Zambezi Region",
        "elevation_m": null,
        "population": 0,
        "feature_type": "populated place",
        "geoname_id": 877061
      }
    },
    {
      "type": "Feature",
      "geometry": {
        "type": "Point",
        "coordinates": [
          20.97693,
          -17.9813
        ]
      },
      "properties": {
        "name": "Mashivi",
        "country": "Namibia",
        "region": "Kavango East",
        "elevation_m": null,
        "population": 0,
        "feature_type": "populated place",
        "geoname_id": 877062
      }
    },
    {
      "type": "Feature",
      "geometry": {
        "type": "Point",
        "coordinates": [
          20.2,
          -17.88333
        ]
      },
      "properties": {
        "name": "Mashika",
        "country": "Namibia",
        "region": "Kavango East",
        "elevation_m": null,
        "population": 0,
        "feature_type": "populated place",
        "geoname_id": 877063
      }
    },
    {
      "type": "Feature",
      "geometry": {
        "type": "Point",
        "coordinates": [
          20.13842,
          -17.90404
        ]
      },
      "properties": {
        "name": "Mashare",
        "country": "Namibia",
        "region": "Kavango East",
        "elevation_m": null,
        "population": 0,
        "feature_type": "populated place",
        "geoname_id": 877064
      }
    },
    {
      "type": "Feature",
      "geometry": {
        "type": "Point",
        "coordinates": [
          20.21667,
          -17.88333
        ]
      },
      "properties": {
        "name": "Mashari",
        "country": "Namibia",
        "region": "Kavango East",
        "elevation_m": null,
        "population": 0,
        "feature_type": "populated place",
        "geoname_id": 877065
      }
    },
    {
      "type": "Feature",
      "geometry": {
        "type": "Point",
        "coordinates": [
          24.11667,
          -17.98333
        ]
      },
      "properties": {
        "name": "Marulakuta",
        "country": "Namibia",
        "region": "Zambezi Region",
        "elevation_m": null,
        "population": 0,
        "feature_type": "populated place",
        "geoname_id": 877068
      }
    },
    {
      "type": "Feature",
      "geometry": {
        "type": "Point",
        "coordinates": [
          23.35,
          -17.86667
        ]
      },
      "properties": {
        "name": "Mapulanga",
        "country": "Namibia",
        "region": "Zambezi Region",
        "elevation_m": null,
        "population": 0,
        "feature_type": "populated place",
        "geoname_id": 877069
      }
    },
    {
      "type": "Feature",
      "geometry": {
        "type": "Point",
        "coordinates": [
          23.35,
          -17.85
        ]
      },
      "properties": {
        "name": "Manunga",
        "country": "Namibia",
        "region": "Zambezi Region",
        "elevation_m": null,
        "population": 0,
        "feature_type": "populated place",
        "geoname_id": 877071
      }
    },
    {
      "type": "Feature",
      "geometry": {
        "type": "Point",
        "coordinates": [
          20.06667,
          -17.9
        ]
      },
      "properties": {
        "name": "Mantjenya",
        "country": "Namibia",
        "region": "Kavango East",
        "elevation_m": null,
        "population": 0,
        "feature_type": "populated place",
        "geoname_id": 877072
      }
    },
    {
      "type": "Feature",
      "geometry": {
        "type": "Point",
        "coordinates": [
          23.77203,
          -17.81858
        ]
      },
      "properties": {
        "name": "Makanga",
        "country": "Namibia",
        "region": "Zambezi Region",
        "elevation_m": null,
        "population": 0,
        "feature_type": "populated place",
        "geoname_id": 877073
      }
    },
    {
      "type": "Feature",
      "geometry": {
        "type": "Point",
        "coordinates": [
          20.58977,
          -17.99775
        ]
      },
      "properties": {
        "name": "Mangandu",
        "country": "Namibia",
        "region": "Kavango East",
        "elevation_m": null,
        "population": 0,
        "feature_type": "populated place",
        "geoname_id": 877076
      }
    },
    {
      "type": "Feature",
      "geometry": {
        "type": "Point",
        "coordinates": [
          23.38333,
          -17.78333
        ]
      },
      "properties": {
        "name": "Manda",
        "country": "Namibia",
        "region": "Zambezi Region",
        "elevation_m": null,
        "population": 0,
        "feature_type": "populated place",
        "geoname_id": 877078
      }
    },
    {
      "type": "Feature",
      "geometry": {
        "type": "Point",
        "coordinates": [
          21.34516,
          -17.99174
        ]
      },
      "properties": {
        "name": "Momona",
        "country": "Namibia",
        "region": "Kavango East",
        "elevation_m": null,
        "population": 0,
        "feature_type": "populated place",
        "geoname_id": 877079
      }
    },
    {
      "type": "Feature",
      "geometry": {
        "type": "Point",
        "coordinates": [
          24.01667,
          -18.03333
        ]
      },
      "properties": {
        "name": "Mamili",
        "country": "Namibia",
        "region": "Zambezi Region",
        "elevation_m": null,
        "population": 0,
        "feature_type": "populated place",
        "geoname_id": 877080
      }
    },
    {
      "type": "Feature",
      "geometry": {
        "type": "Point",
        "coordinates": [
          24.15416,
          -17.90599
        ]
      },
      "properties": {
        "name": "Malundu",
        "country": "Namibia",
        "region": "Zambezi Region",
        "elevation_m": null,
        "population": 0,
        "feature_type": "populated place",
        "geoname_id": 877082
      }
    },
    {
      "type": "Feature",
      "geometry": {
        "type": "Point",
        "coordinates": [
          24.69888,
          -17.56945
        ]
      },
      "properties": {
        "name": "Malindi",
        "country": "Namibia",
        "region": "Zambezi Region",
        "elevation_m": null,
        "population": 0,
        "feature_type": "populated place",
        "geoname_id": 877086
      }
    },
    {
      "type": "Feature",
      "geometry": {
        "type": "Point",
        "coordinates": [
          24.68333,
          -17.75
        ]
      },
      "properties": {
        "name": "Malimina",
        "country": "Namibia",
        "region": "Zambezi Region",
        "elevation_m": null,
        "population": 0,
        "feature_type": "populated place",
        "geoname_id": 877087
      }
    },
    {
      "type": "Feature",
      "geometry": {
        "type": "Point",
        "coordinates": [
          24.48333,
          -17.55
        ]
      },
      "properties": {
        "name": "Malesu",
        "country": "Namibia",
        "region": "Zambezi Region",
        "elevation_m": null,
        "population": 0,
        "feature_type": "populated place",
        "geoname_id": 877088
      }
    },
    {
      "type": "Feature",
      "geometry": {
        "type": "Point",
        "coordinates": [
          23.83333,
          -17.76667
        ]
      },
      "properties": {
        "name": "Malambo",
        "country": "Namibia",
        "region": "Zambezi Region",
        "elevation_m": null,
        "population": 0,
        "feature_type": "populated place",
        "geoname_id": 877090
      }
    },
    {
      "type": "Feature",
      "geometry": {
        "type": "Point",
        "coordinates": [
          24.91667,
          -17.55
        ]
      },
      "properties": {
        "name": "Makuni",
        "country": "Namibia",
        "region": "Zambezi Region",
        "elevation_m": null,
        "population": 0,
        "feature_type": "populated place",
        "geoname_id": 877092
      }
    },
    {
      "type": "Feature",
      "geometry": {
        "type": "Point",
        "coordinates": [
          23.41667,
          -17.95
        ]
      },
      "properties": {
        "name": "Makundu",
        "country": "Namibia",
        "region": "Zambezi Region",
        "elevation_m": null,
        "population": 0,
        "feature_type": "populated place",
        "geoname_id": 877093
      }
    },
    {
      "type": "Feature",
      "geometry": {
        "type": "Point",
        "coordinates": [
          20.84637,
          -18.04214
        ]
      },
      "properties": {
        "name": "Makena",
        "country": "Namibia",
        "region": "Kavango East",
        "elevation_m": null,
        "population": 0,
        "feature_type": "populated place",
        "geoname_id": 877094
      }
    },
    {
      "type": "Feature",
      "geometry": {
        "type": "Point",
        "coordinates": [
          24.4,
          -17.93333
        ]
      },
      "properties": {
        "name": "Makata",
        "country": "Namibia",
        "region": "Zambezi Region",
        "elevation_m": null,
        "population": 0,
        "feature_type": "populated place",
        "geoname_id": 877095
      }
    },
    {
      "type": "Feature",
      "geometry": {
        "type": "Point",
        "coordinates": [
          20.45808,
          -17.9757
        ]
      },
      "properties": {
        "name": "Makando",
        "country": "Namibia",
        "region": "Kavango East",
        "elevation_m": null,
        "population": 0,
        "feature_type": "populated place",
        "geoname_id": 877096
      }
    },
    {
      "type": "Feature",
      "geometry": {
        "type": "Point",
        "coordinates": [
          24.446,
          -17.93052
        ]
      },
      "properties": {
        "name": "Mahundu",
        "country": "Namibia",
        "region": "Zambezi Region",
        "elevation_m": null,
        "population": 0,
        "feature_type": "populated place",
        "geoname_id": 877099
      }
    },
    {
      "type": "Feature",
      "geometry": {
        "type": "Point",
        "coordinates": [
          21.67046,
          -18.14223
        ]
      },
      "properties": {
        "name": "Kamutjonga",
        "country": "Namibia",
        "region": "Kavango East",
        "elevation_m": null,
        "population": 0,
        "feature_type": "populated place",
        "geoname_id": 877100
      }
    },
    {
      "type": "Feature",
      "geometry": {
        "type": "Point",
        "coordinates": [
          23.78333,
          -17.8
        ]
      },
      "properties": {
        "name": "Mahachana",
        "country": "Namibia",
        "region": "Zambezi Region",
        "elevation_m": null,
        "population": 0,
        "feature_type": "populated place",
        "geoname_id": 877101
      }
    },
    {
      "type": "Feature",
      "geometry": {
        "type": "Point",
        "coordinates": [
          20.68333,
          -18
        ]
      },
      "properties": {
        "name": "Magongo",
        "country": "Namibia",
        "region": "Kavango East",
        "elevation_m": null,
        "population": 0,
        "feature_type": "populated place",
        "geoname_id": 877103
      }
    },
    {
      "type": "Feature",
      "geometry": {
        "type": "Point",
        "coordinates": [
          24.76209,
          -17.54379
        ]
      },
      "properties": {
        "name": "Mafube",
        "country": "Namibia",
        "region": "Zambezi Region",
        "elevation_m": null,
        "population": 0,
        "feature_type": "populated place",
        "geoname_id": 877104
      }
    },
    {
      "type": "Feature",
      "geometry": {
        "type": "Point",
        "coordinates": [
          20.35622,
          -17.89717
        ]
      },
      "properties": {
        "name": "Mabushe",
        "country": "Namibia",
        "region": "Kavango East",
        "elevation_m": null,
        "population": 0,
        "feature_type": "populated place",
        "geoname_id": 877106
      }
    },
    {
      "type": "Feature",
      "geometry": {
        "type": "Point",
        "coordinates": [
          25.06667,
          -17.71667
        ]
      },
      "properties": {
        "name": "Mabele",
        "country": "Namibia",
        "region": "Zambezi Region",
        "elevation_m": null,
        "population": 0,
        "feature_type": "populated place",
        "geoname_id": 877107
      }
    },
    {
      "type": "Feature",
      "geometry": {
        "type": "Point",
        "coordinates": [
          25.01667,
          -17.71667
        ]
      },
      "properties": {
        "name": "Mabasi",
        "country": "Namibia",
        "region": "Zambezi Region",
        "elevation_m": null,
        "population": 0,
        "feature_type": "populated place",
        "geoname_id": 877108
      }
    },
    {
      "type": "Feature",
      "geometry": {
        "type": "Point",
        "coordinates": [
          25.01667,
          -17.6
        ]
      },
      "properties": {
        "name": "Mabala",
        "country": "Namibia",
        "region": "Zambezi Region",
        "elevation_m": null,
        "population": 0,
        "feature_type": "populated place",
        "geoname_id": 877110
      }
    },
    {
      "type": "Feature",
      "geometry": {
        "type": "Point",
        "coordinates": [
          23.35,
          -18.05
        ]
      },
      "properties": {
        "name": "Luzibalule",
        "country": "Namibia",
        "region": "Zambezi Region",
        "elevation_m": null,
        "population": 0,
        "feature_type": "populated place",
        "geoname_id": 877111
      }
    },
    {
      "type": "Feature",
      "geometry": {
        "type": "Point",
        "coordinates": [
          24.18927,
          -17.87996
        ]
      },
      "properties": {
        "name": "Lusu",
        "country": "Namibia",
        "region": "Zambezi Region",
        "elevation_m": null,
        "population": 0,
        "feature_type": "populated place",
        "geoname_id": 877112
      }
    },
    {
      "type": "Feature",
      "geometry": {
        "type": "Point",
        "coordinates": [
          24.44811,
          -17.55416
        ]
      },
      "properties": {
        "name": "Lisikili",
        "country": "Namibia",
        "region": "Zambezi Region",
        "elevation_m": null,
        "population": 0,
        "feature_type": "populated place",
        "geoname_id": 877113
      }
    },
    {
      "type": "Feature",
      "geometry": {
        "type": "Point",
        "coordinates": [
          24.78779,
          -17.74097
        ]
      },
      "properties": {
        "name": "Old Lusese",
        "country": "Namibia",
        "region": "Zambezi Region",
        "elevation_m": null,
        "population": 0,
        "feature_type": "populated place",
        "geoname_id": 877114
      }
    },
    {
      "type": "Feature",
      "geometry": {
        "type": "Point",
        "coordinates": [
          23.36667,
          -17.83333
        ]
      },
      "properties": {
        "name": "Lupenbwe",
        "country": "Namibia",
        "region": "Zambezi Region",
        "elevation_m": null,
        "population": 0,
        "feature_type": "populated place",
        "geoname_id": 877115
      }
    },
    {
      "type": "Feature",
      "geometry": {
        "type": "Point",
        "coordinates": [
          24.4,
          -17.91667
        ]
      },
      "properties": {
        "name": "Lukuto",
        "country": "Namibia",
        "region": "Zambezi Region",
        "elevation_m": null,
        "population": 0,
        "feature_type": "populated place",
        "geoname_id": 877118
      }
    },
    {
      "type": "Feature",
      "geometry": {
        "type": "Point",
        "coordinates": [
          24.26667,
          -17.8
        ]
      },
      "properties": {
        "name": "Lukulo",
        "country": "Namibia",
        "region": "Zambezi Region",
        "elevation_m": null,
        "population": 0,
        "feature_type": "populated place",
        "geoname_id": 877119
      }
    },
    {
      "type": "Feature",
      "geometry": {
        "type": "Point",
        "coordinates": [
          24.5,
          -17.48333
        ]
      },
      "properties": {
        "name": "Luhopi",
        "country": "Namibia",
        "region": "Zambezi Region",
        "elevation_m": null,
        "population": 0,
        "feature_type": "populated place",
        "geoname_id": 877121
      }
    },
    {
      "type": "Feature",
      "geometry": {
        "type": "Point",
        "coordinates": [
          23.35307,
          -18.04446
        ]
      },
      "properties": {
        "name": "Lizauli",
        "country": "Namibia",
        "region": "Zambezi Region",
        "elevation_m": null,
        "population": 0,
        "feature_type": "populated place",
        "geoname_id": 877122
      }
    },
    {
      "type": "Feature",
      "geometry": {
        "type": "Point",
        "coordinates": [
          24.35,
          -17.48333
        ]
      },
      "properties": {
        "name": "Liwakala",
        "country": "Namibia",
        "region": "Zambezi Region",
        "elevation_m": null,
        "population": 0,
        "feature_type": "populated place",
        "geoname_id": 877123
      }
    },
    {
      "type": "Feature",
      "geometry": {
        "type": "Point",
        "coordinates": [
          20.91667,
          -18
        ]
      },
      "properties": {
        "name": "Livuyu",
        "country": "Namibia",
        "region": "Kavango East",
        "elevation_m": null,
        "population": 0,
        "feature_type": "populated place",
        "geoname_id": 877124
      }
    },
    {
      "type": "Feature",
      "geometry": {
        "type": "Point",
        "coordinates": [
          23.35,
          -18.06667
        ]
      },
      "properties": {
        "name": "Litaba",
        "country": "Namibia",
        "region": "Zambezi Region",
        "elevation_m": null,
        "population": 0,
        "feature_type": "populated place",
        "geoname_id": 877126
      }
    },
    {
      "type": "Feature",
      "geometry": {
        "type": "Point",
        "coordinates": [
          23.73333,
          -18.3
        ]
      },
      "properties": {
        "name": "Lionga",
        "country": "Namibia",
        "region": "Zambezi Region",
        "elevation_m": null,
        "population": 0,
        "feature_type": "populated place",
        "geoname_id": 877127
      }
    },
    {
      "type": "Feature",
      "geometry": {
        "type": "Point",
        "coordinates": [
          20.38421,
          -18.10186
        ]
      },
      "properties": {
        "name": "Lilira",
        "country": "Namibia",
        "region": "Kavango East",
        "elevation_m": null,
        "population": 0,
        "feature_type": "populated place",
        "geoname_id": 877132
      }
    },
    {
      "type": "Feature",
      "geometry": {
        "type": "Point",
        "coordinates": [
          23.75,
          -17.8
        ]
      },
      "properties": {
        "name": "Likubangwa",
        "country": "Namibia",
        "region": "Zambezi Region",
        "elevation_m": null,
        "population": 0,
        "feature_type": "populated place",
        "geoname_id": 877133
      }
    },
    {
      "type": "Feature",
      "geometry": {
        "type": "Point",
        "coordinates": [
          24.53333,
          -17.55
        ]
      },
      "properties": {
        "name": "Lifumbela",
        "country": "Namibia",
        "region": "Zambezi Region",
        "elevation_m": null,
        "population": 0,
        "feature_type": "populated place",
        "geoname_id": 877134
      }
    },
    {
      "type": "Feature",
      "geometry": {
        "type": "Point",
        "coordinates": [
          24.41667,
          -17.85
        ]
      },
      "properties": {
        "name": "Lickulu",
        "country": "Namibia",
        "region": "Zambezi Region",
        "elevation_m": null,
        "population": 0,
        "feature_type": "populated place",
        "geoname_id": 877135
      }
    },
    {
      "type": "Feature",
      "geometry": {
        "type": "Point",
        "coordinates": [
          23.33333,
          -18.03333
        ]
      },
      "properties": {
        "name": "Libetse",
        "country": "Namibia",
        "region": "Zambezi Region",
        "elevation_m": null,
        "population": 0,
        "feature_type": "populated place",
        "geoname_id": 877136
      }
    },
    {
      "type": "Feature",
      "geometry": {
        "type": "Point",
        "coordinates": [
          23.52336,
          -18.21766
        ]
      },
      "properties": {
        "name": "Lianshulu",
        "country": "Namibia",
        "region": "Zambezi Region",
        "elevation_m": null,
        "population": 0,
        "feature_type": "populated place",
        "geoname_id": 877137
      }
    },
    {
      "type": "Feature",
      "geometry": {
        "type": "Point",
        "coordinates": [
          23.31667,
          -17.96667
        ]
      },
      "properties": {
        "name": "Lianjunga",
        "country": "Namibia",
        "region": "Zambezi Region",
        "elevation_m": null,
        "population": 0,
        "feature_type": "populated place",
        "geoname_id": 877138
      }
    },
    {
      "type": "Feature",
      "geometry": {
        "type": "Point",
        "coordinates": [
          24.26667,
          -17.81667
        ]
      },
      "properties": {
        "name": "Liamissa",
        "country": "Namibia",
        "region": "Zambezi Region",
        "elevation_m": null,
        "population": 0,
        "feature_type": "populated place",
        "geoname_id": 877139
      }
    },
    {
      "type": "Feature",
      "geometry": {
        "type": "Point",
        "coordinates": [
          24.36542,
          -17.77536
        ]
      },
      "properties": {
        "name": "Kwena",
        "country": "Namibia",
        "region": "Zambezi Region",
        "elevation_m": null,
        "population": 0,
        "feature_type": "populated place",
        "geoname_id": 877144
      }
    },
    {
      "type": "Feature",
      "geometry": {
        "type": "Point",
        "coordinates": [
          21.79636,
          -18.24926
        ]
      },
      "properties": {
        "name": "Kwaviyi",
        "country": "Namibia",
        "region": "Kavango East",
        "elevation_m": null,
        "population": 0,
        "feature_type": "populated place",
        "geoname_id": 877145
      }
    },
    {
      "type": "Feature",
      "geometry": {
        "type": "Point",
        "coordinates": [
          23.48013,
          -17.70181
        ]
      },
      "properties": {
        "name": "Kwando",
        "country": "Namibia",
        "region": "Zambezi Region",
        "elevation_m": null,
        "population": 0,
        "feature_type": "populated place",
        "geoname_id": 877146
      }
    },
    {
      "type": "Feature",
      "geometry": {
        "type": "Point",
        "coordinates": [
          24.6,
          -17.65
        ]
      },
      "properties": {
        "name": "Kwalala",
        "country": "Namibia",
        "region": "Zambezi Region",
        "elevation_m": null,
        "population": 0,
        "feature_type": "populated place",
        "geoname_id": 877147
      }
    },
    {
      "type": "Feature",
      "geometry": {
        "type": "Point",
        "coordinates": [
          23.31667,
          -18
        ]
      },
      "properties": {
        "name": "Kushalula",
        "country": "Namibia",
        "region": "Zambezi Region",
        "elevation_m": null,
        "population": 0,
        "feature_type": "populated place",
        "geoname_id": 877148
      }
    },
    {
      "type": "Feature",
      "geometry": {
        "type": "Point",
        "coordinates": [
          23.83333,
          -17.76667
        ]
      },
      "properties": {
        "name": "Kubona",
        "country": "Namibia",
        "region": "Zambezi Region",
        "elevation_m": null,
        "population": 0,
        "feature_type": "populated place",
        "geoname_id": 877151
      }
    },
    {
      "type": "Feature",
      "geometry": {
        "type": "Point",
        "coordinates": [
          24.12474,
          -17.66773
        ]
      },
      "properties": {
        "name": "Kasheshe",
        "country": "Namibia",
        "region": "Zambezi Region",
        "elevation_m": null,
        "population": 0,
        "feature_type": "populated place",
        "geoname_id": 877153
      }
    },
    {
      "type": "Feature",
      "geometry": {
        "type": "Point",
        "coordinates": [
          20.94424,
          -17.9932
        ]
      },
      "properties": {
        "name": "Korokoko",
        "country": "Namibia",
        "region": "Kavango East",
        "elevation_m": null,
        "population": 0,
        "feature_type": "populated place",
        "geoname_id": 877154
      }
    },
    {
      "type": "Feature",
      "geometry": {
        "type": "Point",
        "coordinates": [
          20.36212,
          -18.04532
        ]
      },
      "properties": {
        "name": "Koro",
        "country": "Namibia",
        "region": "Kavango East",
        "elevation_m": null,
        "population": 0,
        "feature_type": "populated place",
        "geoname_id": 877155
      }
    },
    {
      "type": "Feature",
      "geometry": {
        "type": "Point",
        "coordinates": [
          23.39344,
          -17.78877
        ]
      },
      "properties": {
        "name": "Kongola",
        "country": "Namibia",
        "region": "Zambezi Region",
        "elevation_m": null,
        "population": 0,
        "feature_type": "populated place",
        "geoname_id": 877157
      }
    },
    {
      "type": "Feature",
      "geometry": {
        "type": "Point",
        "coordinates": [
          21.78333,
          -18.2
        ]
      },
      "properties": {
        "name": "Khance",
        "country": "Namibia",
        "region": "Kavango East",
        "elevation_m": null,
        "population": 0,
        "feature_type": "populated place",
        "geoname_id": 877158
      }
    },
    {
      "type": "Feature",
      "geometry": {
        "type": "Point",
        "coordinates": [
          24.08333,
          -18
        ]
      },
      "properties": {
        "name": "Kazinzila",
        "country": "Namibia",
        "region": "Zambezi Region",
        "elevation_m": null,
        "population": 0,
        "feature_type": "populated place",
        "geoname_id": 877161
      }
    },
    {
      "type": "Feature",
      "geometry": {
        "type": "Point",
        "coordinates": [
          24.41667,
          -17.81667
        ]
      },
      "properties": {
        "name": "Kazi",
        "country": "Namibia",
        "region": "Zambezi Region",
        "elevation_m": null,
        "population": 0,
        "feature_type": "populated place",
        "geoname_id": 877162
      }
    },
    {
      "type": "Feature",
      "geometry": {
        "type": "Point",
        "coordinates": [
          23.38333,
          -17.83333
        ]
      },
      "properties": {
        "name": "Kayuo",
        "country": "Namibia",
        "region": "Zambezi Region",
        "elevation_m": null,
        "population": 0,
        "feature_type": "populated place",
        "geoname_id": 877163
      }
    },
    {
      "type": "Feature",
      "geometry": {
        "type": "Point",
        "coordinates": [
          20.83333,
          -18.03333
        ]
      },
      "properties": {
        "name": "Kayaru",
        "country": "Namibia",
        "region": "Kavango East",
        "elevation_m": null,
        "population": 0,
        "feature_type": "populated place",
        "geoname_id": 877164
      }
    },
    {
      "type": "Feature",
      "geometry": {
        "type": "Point",
        "coordinates": [
          21.30579,
          -17.98061
        ]
      },
      "properties": {
        "name": "Kayanga",
        "country": "Namibia",
        "region": "Kavango East",
        "elevation_m": null,
        "population": 0,
        "feature_type": "populated place",
        "geoname_id": 877165
      }
    },
    {
      "type": "Feature",
      "geometry": {
        "type": "Point",
        "coordinates": [
          25.0449,
          -17.68766
        ]
      },
      "properties": {
        "name": "Kayanga",
        "country": "Namibia",
        "region": "Zambezi Region",
        "elevation_m": null,
        "population": 0,
        "feature_type": "populated place",
        "geoname_id": 877166
      }
    },
    {
      "type": "Feature",
      "geometry": {
        "type": "Point",
        "coordinates": [
          20.43333,
          -17.98333
        ]
      },
      "properties": {
        "name": "Kaundu Kavambanda",
        "country": "Namibia",
        "region": "Kavango East",
        "elevation_m": null,
        "population": 0,
        "feature_type": "populated place",
        "geoname_id": 877168
      }
    },
    {
      "type": "Feature",
      "geometry": {
        "type": "Point",
        "coordinates": [
          24.03333,
          -17.71667
        ]
      },
      "properties": {
        "name": "Katungu",
        "country": "Namibia",
        "region": "Zambezi Region",
        "elevation_m": null,
        "population": 0,
        "feature_type": "populated place",
        "geoname_id": 877172
      }
    },
    {
      "type": "Feature",
      "geometry": {
        "type": "Point",
        "coordinates": [
          24.01667,
          -17.71667
        ]
      },
      "properties": {
        "name": "Katungu",
        "country": "Namibia",
        "region": "Zambezi Region",
        "elevation_m": null,
        "population": 0,
        "feature_type": "populated place",
        "geoname_id": 877173
      }
    },
    {
      "type": "Feature",
      "geometry": {
        "type": "Point",
        "coordinates": [
          20.13333,
          -17.9
        ]
      },
      "properties": {
        "name": "Katondo",
        "country": "Namibia",
        "region": "Kavango East",
        "elevation_m": null,
        "population": 0,
        "feature_type": "populated place",
        "geoname_id": 877175
      }
    },
    {
      "type": "Feature",
      "geometry": {
        "type": "Point",
        "coordinates": [
          20,
          -17.9
        ]
      },
      "properties": {
        "name": "Katimba",
        "country": "Namibia",
        "region": "Kavango East",
        "elevation_m": null,
        "population": 0,
        "feature_type": "populated place",
        "geoname_id": 877176
      }
    },
    {
      "type": "Feature",
      "geometry": {
        "type": "Point",
        "coordinates": [
          20.77185,
          -18.0252
        ]
      },
      "properties": {
        "name": "Katere",
        "country": "Namibia",
        "region": "Kavango East",
        "elevation_m": null,
        "population": 0,
        "feature_type": "populated place",
        "geoname_id": 877182
      }
    },
    {
      "type": "Feature",
      "geometry": {
        "type": "Point",
        "coordinates": [
          23.43333,
          -17.96667
        ]
      },
      "properties": {
        "name": "Katembo",
        "country": "Namibia",
        "region": "Zambezi Region",
        "elevation_m": null,
        "population": 0,
        "feature_type": "populated place",
        "geoname_id": 877184
      }
    },
    {
      "type": "Feature",
      "geometry": {
        "type": "Point",
        "coordinates": [
          25,
          -17.61667
        ]
      },
      "properties": {
        "name": "Katanga",
        "country": "Namibia",
        "region": "Zambezi Region",
        "elevation_m": null,
        "population": 0,
        "feature_type": "populated place",
        "geoname_id": 877185
      }
    },
    {
      "type": "Feature",
      "geometry": {
        "type": "Point",
        "coordinates": [
          23.86667,
          -17.81667
        ]
      },
      "properties": {
        "name": "Kasulwe",
        "country": "Namibia",
        "region": "Zambezi Region",
        "elevation_m": null,
        "population": 0,
        "feature_type": "populated place",
        "geoname_id": 877187
      }
    },
    {
      "type": "Feature",
      "geometry": {
        "type": "Point",
        "coordinates": [
          24.4,
          -17.51667
        ]
      },
      "properties": {
        "name": "Kasulwe",
        "country": "Namibia",
        "region": "Zambezi Region",
        "elevation_m": null,
        "population": 0,
        "feature_type": "populated place",
        "geoname_id": 877188
      }
    },
    {
      "type": "Feature",
      "geometry": {
        "type": "Point",
        "coordinates": [
          24.45,
          -17.48333
        ]
      },
      "properties": {
        "name": "Kasokonga",
        "country": "Namibia",
        "region": "Zambezi Region",
        "elevation_m": null,
        "population": 0,
        "feature_type": "populated place",
        "geoname_id": 877190
      }
    },
    {
      "type": "Feature",
      "geometry": {
        "type": "Point",
        "coordinates": [
          24.81667,
          -17.61667
        ]
      },
      "properties": {
        "name": "Kasimbo",
        "country": "Namibia",
        "region": "Zambezi Region",
        "elevation_m": null,
        "population": 0,
        "feature_type": "populated place",
        "geoname_id": 877191
      }
    },
    {
      "type": "Feature",
      "geometry": {
        "type": "Point",
        "coordinates": [
          24.61667,
          -17.96667
        ]
      },
      "properties": {
        "name": "Kasikili",
        "country": "Namibia",
        "region": "Zambezi Region",
        "elevation_m": null,
        "population": 0,
        "feature_type": "populated place",
        "geoname_id": 877192
      }
    },
    {
      "type": "Feature",
      "geometry": {
        "type": "Point",
        "coordinates": [
          25.11667,
          -17.73333
        ]
      },
      "properties": {
        "name": "Kasikili",
        "country": "Namibia",
        "region": "Zambezi Region",
        "elevation_m": null,
        "population": 0,
        "feature_type": "populated place",
        "geoname_id": 877193
      }
    },
    {
      "type": "Feature",
      "geometry": {
        "type": "Point",
        "coordinates": [
          25.10307,
          -17.81419
        ]
      },
      "properties": {
        "name": "Kasika",
        "country": "Namibia",
        "region": "Zambezi Region",
        "elevation_m": null,
        "population": 0,
        "feature_type": "populated place",
        "geoname_id": 877194
      }
    },
    {
      "type": "Feature",
      "geometry": {
        "type": "Point",
        "coordinates": [
          20.08333,
          -17.9
        ]
      },
      "properties": {
        "name": "Kashivi",
        "country": "Namibia",
        "region": "Kavango East",
        "elevation_m": null,
        "population": 0,
        "feature_type": "populated place",
        "geoname_id": 877195
      }
    },
    {
      "type": "Feature",
      "geometry": {
        "type": "Point",
        "coordinates": [
          23.36667,
          -18.03333
        ]
      },
      "properties": {
        "name": "Kashiana",
        "country": "Namibia",
        "region": "Zambezi Region",
        "elevation_m": null,
        "population": 0,
        "feature_type": "populated place",
        "geoname_id": 877196
      }
    },
    {
      "type": "Feature",
      "geometry": {
        "type": "Point",
        "coordinates": [
          20.58016,
          -17.99447
        ]
      },
      "properties": {
        "name": "Karakuta",
        "country": "Namibia",
        "region": "Kavango East",
        "elevation_m": null,
        "population": 0,
        "feature_type": "populated place",
        "geoname_id": 877199
      }
    },
    {
      "type": "Feature",
      "geometry": {
        "type": "Point",
        "coordinates": [
          20.65778,
          -18.00541
        ]
      },
      "properties": {
        "name": "Karuci",
        "country": "Namibia",
        "region": "Kavango East",
        "elevation_m": null,
        "population": 0,
        "feature_type": "populated place",
        "geoname_id": 877200
      }
    },
    {
      "type": "Feature",
      "geometry": {
        "type": "Point",
        "coordinates": [
          20.35199,
          -18.15177
        ]
      },
      "properties": {
        "name": "Kapupahedi",
        "country": "Namibia",
        "region": "Kavango East",
        "elevation_m": null,
        "population": 0,
        "feature_type": "populated place",
        "geoname_id": 877204
      }
    },
    {
      "type": "Feature",
      "geometry": {
        "type": "Point",
        "coordinates": [
          24.43333,
          -17.81667
        ]
      },
      "properties": {
        "name": "Kapolota",
        "country": "Namibia",
        "region": "Zambezi Region",
        "elevation_m": null,
        "population": 0,
        "feature_type": "populated place",
        "geoname_id": 877205
      }
    },
    {
      "type": "Feature",
      "geometry": {
        "type": "Point",
        "coordinates": [
          24.47782,
          -17.80965
        ]
      },
      "properties": {
        "name": "Kapanda",
        "country": "Namibia",
        "region": "Zambezi Region",
        "elevation_m": null,
        "population": 0,
        "feature_type": "populated place",
        "geoname_id": 877206
      }
    },
    {
      "type": "Feature",
      "geometry": {
        "type": "Point",
        "coordinates": [
          21.38333,
          -18.01667
        ]
      },
      "properties": {
        "name": "Kapako",
        "country": "Namibia",
        "region": "Kavango East",
        "elevation_m": null,
        "population": 0,
        "feature_type": "populated place",
        "geoname_id": 877207
      }
    },
    {
      "type": "Feature",
      "geometry": {
        "type": "Point",
        "coordinates": [
          24.14367,
          -17.9387
        ]
      },
      "properties": {
        "name": "Kanono",
        "country": "Namibia",
        "region": "Zambezi Region",
        "elevation_m": null,
        "population": 0,
        "feature_type": "populated place",
        "geoname_id": 877210
      }
    },
    {
      "type": "Feature",
      "geometry": {
        "type": "Point",
        "coordinates": [
          20.68989,
          -18.01135
        ]
      },
      "properties": {
        "name": "Kangwenu",
        "country": "Namibia",
        "region": "Kavango East",
        "elevation_m": null,
        "population": 0,
        "feature_type": "populated place",
        "geoname_id": 877211
      }
    },
    {
      "type": "Feature",
      "geometry": {
        "type": "Point",
        "coordinates": [
          21.1,
          -17.93333
        ]
      },
      "properties": {
        "name": "Kangongo",
        "country": "Namibia",
        "region": "Zambezi Region",
        "elevation_m": null,
        "population": 0,
        "feature_type": "populated place",
        "geoname_id": 877212
      }
    },
    {
      "type": "Feature",
      "geometry": {
        "type": "Point",
        "coordinates": [
          20.7769,
          -18.19988
        ]
      },
      "properties": {
        "name": "Kandjara",
        "country": "Namibia",
        "region": "Kavango East",
        "elevation_m": null,
        "population": 0,
        "feature_type": "populated place",
        "geoname_id": 877215
      }
    },
    {
      "type": "Feature",
      "geometry": {
        "type": "Point",
        "coordinates": [
          20.6,
          -18
        ]
      },
      "properties": {
        "name": "Kandenga",
        "country": "Namibia",
        "region": "Kavango East",
        "elevation_m": null,
        "population": 0,
        "feature_type": "populated place",
        "geoname_id": 877216
      }
    },
    {
      "type": "Feature",
      "geometry": {
        "type": "Point",
        "coordinates": [
          20.95,
          -18.15
        ]
      },
      "properties": {
        "name": "Kambu",
        "country": "Namibia",
        "region": "Kavango East",
        "elevation_m": null,
        "population": 0,
        "feature_type": "populated place",
        "geoname_id": 877217
      }
    },
    {
      "type": "Feature",
      "geometry": {
        "type": "Point",
        "coordinates": [
          14.48333,
          -22.98333
        ]
      },
      "properties": {
        "name": "Meersig",
        "country": "Namibia",
        "region": "",
        "elevation_m": null,
        "population": 0,
        "feature_type": "populated place",
        "geoname_id": 3364236
      }
    },
    {
      "type": "Feature",
      "geometry": {
        "type": "Point",
        "coordinates": [
          14.52639,
          -22.93639
        ]
      },
      "properties": {
        "name": "Kuisebmond",
        "country": "Namibia",
        "region": "Erongo Region",
        "elevation_m": null,
        "population": 0,
        "feature_type": "populated place",
        "geoname_id": 3364933
      }
    },
    {
      "type": "Feature",
      "geometry": {
        "type": "Point",
        "coordinates": [
          14.6581,
          -22.98332
        ]
      },
      "properties": {
        "name": "Rooikop",
        "country": "Namibia",
        "region": "Erongo Region",
        "elevation_m": null,
        "population": 0,
        "feature_type": "populated place",
        "geoname_id": 3362111
      }
    },
    {
      "type": "Feature",
      "geometry": {
        "type": "Point",
        "coordinates": [
          14.6497,
          -23.18
        ]
      },
      "properties": {
        "name": "Rooibank",
        "country": "Namibia",
        "region": "",
        "elevation_m": null,
        "population": 0,
        "feature_type": "populated place",
        "geoname_id": 3362209
      }
    },
    {
      "type": "Feature",
      "geometry": {
        "type": "Point",
        "coordinates": [
          14.54278,
          -22.82833
        ]
      },
      "properties": {
        "name": "Rand Rifles",
        "country": "Namibia",
        "region": "Erongo Region",
        "elevation_m": null,
        "population": 0,
        "feature_type": "populated place",
        "geoname_id": 3362593
      }
    },
    {
      "type": "Feature",
      "geometry": {
        "type": "Point",
        "coordinates": [
          14.53722,
          -22.95167
        ]
      },
      "properties": {
        "name": "Narraville",
        "country": "Namibia",
        "region": "Erongo Region",
        "elevation_m": null,
        "population": 0,
        "feature_type": "populated place",
        "geoname_id": 3363754
      }
    },
    {
      "type": "Feature",
      "geometry": {
        "type": "Point",
        "coordinates": [
          18.34611,
          -17.61537
        ]
      },
      "properties": {
        "name": "Mungomba",
        "country": "Namibia",
        "region": "Kavango West",
        "elevation_m": null,
        "population": 0,
        "feature_type": "populated place",
        "geoname_id": 3355414
      }
    },
    {
      "type": "Feature",
      "geometry": {
        "type": "Point",
        "coordinates": [
          19.55825,
          -17.95274
        ]
      },
      "properties": {
        "name": "Mukundu",
        "country": "Namibia",
        "region": "Kavango East",
        "elevation_m": null,
        "population": 0,
        "feature_type": "populated place",
        "geoname_id": 3355419
      }
    },
    {
      "type": "Feature",
      "geometry": {
        "type": "Point",
        "coordinates": [
          18.9814,
          -18.15086
        ]
      },
      "properties": {
        "name": "Muhema",
        "country": "Namibia",
        "region": "Kavango West",
        "elevation_m": null,
        "population": 0,
        "feature_type": "populated place",
        "geoname_id": 3355421
      }
    },
    {
      "type": "Feature",
      "geometry": {
        "type": "Point",
        "coordinates": [
          18.83441,
          -17.79382
        ]
      },
      "properties": {
        "name": "Mugandwizi",
        "country": "Namibia",
        "region": "Kavango West",
        "elevation_m": null,
        "population": 0,
        "feature_type": "populated place",
        "geoname_id": 3355422
      }
    },
    {
      "type": "Feature",
      "geometry": {
        "type": "Point",
        "coordinates": [
          18.23212,
          -17.66658
        ]
      },
      "properties": {
        "name": "Mpungu",
        "country": "Namibia",
        "region": "Kavango West",
        "elevation_m": null,
        "population": 0,
        "feature_type": "populated place",
        "geoname_id": 3355425
      }
    },
    {
      "type": "Feature",
      "geometry": {
        "type": "Point",
        "coordinates": [
          19.05105,
          -17.83853
        ]
      },
      "properties": {
        "name": "Mpuma",
        "country": "Namibia",
        "region": "Kavango West",
        "elevation_m": null,
        "population": 0,
        "feature_type": "populated place",
        "geoname_id": 3355426
      }
    },
    {
      "type": "Feature",
      "geometry": {
        "type": "Point",
        "coordinates": [
          19.12406,
          -18.0929
        ]
      },
      "properties": {
        "name": "Mpuku",
        "country": "Namibia",
        "region": "Kavango West",
        "elevation_m": null,
        "population": 0,
        "feature_type": "populated place",
        "geoname_id": 3355428
      }
    },
    {
      "type": "Feature",
      "geometry": {
        "type": "Point",
        "coordinates": [
          18.13359,
          -17.61987
        ]
      },
      "properties": {
        "name": "Mpoto",
        "country": "Namibia",
        "region": "Kavango West",
        "elevation_m": null,
        "population": 0,
        "feature_type": "populated place",
        "geoname_id": 3355429
      }
    },
    {
      "type": "Feature",
      "geometry": {
        "type": "Point",
        "coordinates": [
          18.61125,
          -17.78148
        ]
      },
      "properties": {
        "name": "Mpengu",
        "country": "Namibia",
        "region": "Kavango West",
        "elevation_m": null,
        "population": 0,
        "feature_type": "populated place",
        "geoname_id": 3355431
      }
    },
    {
      "type": "Feature",
      "geometry": {
        "type": "Point",
        "coordinates": [
          18.5786,
          -17.76157
        ]
      },
      "properties": {
        "name": "Mpengu",
        "country": "Namibia",
        "region": "Kavango West",
        "elevation_m": null,
        "population": 0,
        "feature_type": "populated place",
        "geoname_id": 3355432
      }
    },
    {
      "type": "Feature",
      "geometry": {
        "type": "Point",
        "coordinates": [
          19.06305,
          -17.83711
        ]
      },
      "properties": {
        "name": "Mpara",
        "country": "Namibia",
        "region": "Kavango West",
        "elevation_m": null,
        "population": 0,
        "feature_type": "populated place",
        "geoname_id": 3355433
      }
    },
    {
      "type": "Feature",
      "geometry": {
        "type": "Point",
        "coordinates": [
          18.96906,
          -18.03649
        ]
      },
      "properties": {
        "name": "Mpanda",
        "country": "Namibia",
        "region": "Kavango West",
        "elevation_m": null,
        "population": 0,
        "feature_type": "populated place",
        "geoname_id": 3355434
      }
    },
    {
      "type": "Feature",
      "geometry": {
        "type": "Point",
        "coordinates": [
          12.70926,
          -19.3726
        ]
      },
      "properties": {
        "name": "Möwe Bay",
        "country": "Namibia",
        "region": "Kunene Region",
        "elevation_m": null,
        "population": 0,
        "feature_type": "populated place",
        "geoname_id": 3355436
      }
    },
    {
      "type": "Feature",
      "geometry": {
        "type": "Point",
        "coordinates": [
          17.05971,
          -22.65361
        ]
      },
      "properties": {
        "name": "Môrester",
        "country": "Namibia",
        "region": "Khomas Region",
        "elevation_m": null,
        "population": 0,
        "feature_type": "populated place",
        "geoname_id": 3355451
      }
    },
    {
      "type": "Feature",
      "geometry": {
        "type": "Point",
        "coordinates": [
          15.06977,
          -20.2563
        ]
      },
      "properties": {
        "name": "Mopane Pos",
        "country": "Namibia",
        "region": "Kunene Region",
        "elevation_m": null,
        "population": 0,
        "feature_type": "populated place",
        "geoname_id": 3355455
      }
    },
    {
      "type": "Feature",
      "geometry": {
        "type": "Point",
        "coordinates": [
          18.73309,
          -18.84528
        ]
      },
      "properties": {
        "name": "Mooibome",
        "country": "Namibia",
        "region": "Otjozondjupa Region",
        "elevation_m": null,
        "population": 0,
        "feature_type": "populated place",
        "geoname_id": 3355469
      }
    },
    {
      "type": "Feature",
      "geometry": {
        "type": "Point",
        "coordinates": [
          18.71667,
          -18.78333
        ]
      },
      "properties": {
        "name": "Mooibome",
        "country": "Namibia",
        "region": "Otjozondjupa Region",
        "elevation_m": null,
        "population": 0,
        "feature_type": "populated place",
        "geoname_id": 3355470
      }
    },
    {
      "type": "Feature",
      "geometry": {
        "type": "Point",
        "coordinates": [
          18.03333,
          -18.48333
        ]
      },
      "properties": {
        "name": "Mongombi",
        "country": "Namibia",
        "region": "Kavango West",
        "elevation_m": null,
        "population": 0,
        "feature_type": "populated place",
        "geoname_id": 3355476
      }
    },
    {
      "type": "Feature",
      "geometry": {
        "type": "Point",
        "coordinates": [
          14.53333,
          -22.65
        ]
      },
      "properties": {
        "name": "Mondesa",
        "country": "Namibia",
        "region": "Erongo Region",
        "elevation_m": null,
        "population": 0,
        "feature_type": "section of populated place",
        "geoname_id": 3355477
      }
    },
    {
      "type": "Feature",
      "geometry": {
        "type": "Point",
        "coordinates": [
          16.13333,
          -28.35
        ]
      },
      "properties": {
        "name": "Mittag",
        "country": "Namibia",
        "region": "Karas Region",
        "elevation_m": null,
        "population": 0,
        "feature_type": "populated place",
        "geoname_id": 3355488
      }
    },
    {
      "type": "Feature",
      "geometry": {
        "type": "Point",
        "coordinates": [
          18.88333,
          -28.11667
        ]
      },
      "properties": {
        "name": "Middelpos",
        "country": "Namibia",
        "region": "Karas Region",
        "elevation_m": null,
        "population": 0,
        "feature_type": "populated place",
        "geoname_id": 3355502
      }
    },
    {
      "type": "Feature",
      "geometry": {
        "type": "Point",
        "coordinates": [
          16.63333,
          -22.78333
        ]
      },
      "properties": {
        "name": "Middelpos",
        "country": "Namibia",
        "region": "Khomas Region",
        "elevation_m": null,
        "population": 0,
        "feature_type": "populated place",
        "geoname_id": 3355503
      }
    },
    {
      "type": "Feature",
      "geometry": {
        "type": "Point",
        "coordinates": [
          17.39146,
          -20.54831
        ]
      },
      "properties": {
        "name": "Middelbult",
        "country": "Namibia",
        "region": "Otjozondjupa Region",
        "elevation_m": null,
        "population": 0,
        "feature_type": "populated place",
        "geoname_id": 3355513
      }
    },
    {
      "type": "Feature",
      "geometry": {
        "type": "Point",
        "coordinates": [
          16.65,
          -22.93333
        ]
      },
      "properties": {
        "name": "Melkpos",
        "country": "Namibia",
        "region": "Khomas Region",
        "elevation_m": null,
        "population": 0,
        "feature_type": "populated place",
        "geoname_id": 3355537
      }
    },
    {
      "type": "Feature",
      "geometry": {
        "type": "Point",
        "coordinates": [
          17.64721,
          -22.16803
        ]
      },
      "properties": {
        "name": "Mecklenburg",
        "country": "Namibia",
        "region": "Khomas Region",
        "elevation_m": null,
        "population": 0,
        "feature_type": "populated place",
        "geoname_id": 3355546
      }
    },
    {
      "type": "Feature",
      "geometry": {
        "type": "Point",
        "coordinates": [
          18.78025,
          -21.01024
        ]
      },
      "properties": {
        "name": "McIntyre",
        "country": "Namibia",
        "region": "Omaheke Region",
        "elevation_m": null,
        "population": 0,
        "feature_type": "populated place",
        "geoname_id": 3355549
      }
    },
    {
      "type": "Feature",
      "geometry": {
        "type": "Point",
        "coordinates": [
          18.73169,
          -18.06246
        ]
      },
      "properties": {
        "name": "Mburuuru",
        "country": "Namibia",
        "region": "Kavango West",
        "elevation_m": null,
        "population": 0,
        "feature_type": "populated place",
        "geoname_id": 3355550
      }
    },
    {
      "type": "Feature",
      "geometry": {
        "type": "Point",
        "coordinates": [
          18.9,
          -17.83333
        ]
      },
      "properties": {
        "name": "Mbura",
        "country": "Namibia",
        "region": "Kavango West",
        "elevation_m": null,
        "population": 0,
        "feature_type": "populated place",
        "geoname_id": 3355551
      }
    },
    {
      "type": "Feature",
      "geometry": {
        "type": "Point",
        "coordinates": [
          19.36667,
          -17.86667
        ]
      },
      "properties": {
        "name": "Mbunza",
        "country": "Namibia",
        "region": "Kavango West",
        "elevation_m": null,
        "population": 0,
        "feature_type": "populated place",
        "geoname_id": 3355552
      }
    },
    {
      "type": "Feature",
      "geometry": {
        "type": "Point",
        "coordinates": [
          19.95358,
          -18.36942
        ]
      },
      "properties": {
        "name": "Mbumbi",
        "country": "Namibia",
        "region": "Kavango East",
        "elevation_m": null,
        "population": 0,
        "feature_type": "populated place",
        "geoname_id": 3355553
      }
    },
    {
      "type": "Feature",
      "geometry": {
        "type": "Point",
        "coordinates": [
          19.42137,
          -17.93237
        ]
      },
      "properties": {
        "name": "Mbore",
        "country": "Namibia",
        "region": "Kavango West",
        "elevation_m": null,
        "population": 0,
        "feature_type": "populated place",
        "geoname_id": 3355555
      }
    },
    {
      "type": "Feature",
      "geometry": {
        "type": "Point",
        "coordinates": [
          18.78386,
          -17.8505
        ]
      },
      "properties": {
        "name": "Mbome",
        "country": "Namibia",
        "region": "Kavango West",
        "elevation_m": null,
        "population": 0,
        "feature_type": "populated place",
        "geoname_id": 3355556
      }
    },
    {
      "type": "Feature",
      "geometry": {
        "type": "Point",
        "coordinates": [
          18.71628,
          -17.81508
        ]
      },
      "properties": {
        "name": "Mbango",
        "country": "Namibia",
        "region": "Kavango West",
        "elevation_m": null,
        "population": 0,
        "feature_type": "populated place",
        "geoname_id": 3355560
      }
    },
    {
      "type": "Feature",
      "geometry": {
        "type": "Point",
        "coordinates": [
          18.46732,
          -17.46764
        ]
      },
      "properties": {
        "name": "Mbambi",
        "country": "Namibia",
        "region": "Kavango West",
        "elevation_m": null,
        "population": 0,
        "feature_type": "populated place",
        "geoname_id": 3355561
      }
    },
    {
      "type": "Feature",
      "geometry": {
        "type": "Point",
        "coordinates": [
          19.11667,
          -17.81667
        ]
      },
      "properties": {
        "name": "Mazwa",
        "country": "Namibia",
        "region": "Kavango West",
        "elevation_m": null,
        "population": 0,
        "feature_type": "populated place",
        "geoname_id": 3355563
      }
    },
    {
      "type": "Feature",
      "geometry": {
        "type": "Point",
        "coordinates": [
          19.15216,
          -17.8469
        ]
      },
      "properties": {
        "name": "Mayenzere",
        "country": "Namibia",
        "region": "Kavango West",
        "elevation_m": null,
        "population": 0,
        "feature_type": "populated place",
        "geoname_id": 3355565
      }
    },
    {
      "type": "Feature",
      "geometry": {
        "type": "Point",
        "coordinates": [
          18.63388,
          -17.65346
        ]
      },
      "properties": {
        "name": "Mayara",
        "country": "Namibia",
        "region": "Kavango West",
        "elevation_m": null,
        "population": 0,
        "feature_type": "populated place",
        "geoname_id": 3355566
      }
    },
    {
      "type": "Feature",
      "geometry": {
        "type": "Point",
        "coordinates": [
          18.51288,
          -17.51183
        ]
      },
      "properties": {
        "name": "Mavhenge",
        "country": "Namibia",
        "region": "Kavango West",
        "elevation_m": null,
        "population": 0,
        "feature_type": "populated place",
        "geoname_id": 3355568
      }
    },
    {
      "type": "Feature",
      "geometry": {
        "type": "Point",
        "coordinates": [
          19.74613,
          -17.99424
        ]
      },
      "properties": {
        "name": "Mavandje",
        "country": "Namibia",
        "region": "Kavango East",
        "elevation_m": null,
        "population": 0,
        "feature_type": "populated place",
        "geoname_id": 3355569
      }
    },
    {
      "type": "Feature",
      "geometry": {
        "type": "Point",
        "coordinates": [
          19.61513,
          -17.88094
        ]
      },
      "properties": {
        "name": "Matendee",
        "country": "Namibia",
        "region": "Kavango East",
        "elevation_m": null,
        "population": 0,
        "feature_type": "populated place",
        "geoname_id": 3355572
      }
    },
    {
      "type": "Feature",
      "geometry": {
        "type": "Point",
        "coordinates": [
          18.82468,
          -17.78503
        ]
      },
      "properties": {
        "name": "Matava",
        "country": "Namibia",
        "region": "Kavango West",
        "elevation_m": null,
        "population": 0,
        "feature_type": "populated place",
        "geoname_id": 3355574
      }
    },
    {
      "type": "Feature",
      "geometry": {
        "type": "Point",
        "coordinates": [
          18.79106,
          -19.24442
        ]
      },
      "properties": {
        "name": "Maroelaboom",
        "country": "Namibia",
        "region": "Otjozondjupa Region",
        "elevation_m": null,
        "population": 0,
        "feature_type": "populated place",
        "geoname_id": 3355583
      }
    },
    {
      "type": "Feature",
      "geometry": {
        "type": "Point",
        "coordinates": [
          18.04424,
          -19.50374
        ]
      },
      "properties": {
        "name": "Maria Bronn",
        "country": "Namibia",
        "region": "Otjozondjupa Region",
        "elevation_m": null,
        "population": 0,
        "feature_type": "populated place",
        "geoname_id": 3355602
      }
    },
    {
      "type": "Feature",
      "geometry": {
        "type": "Point",
        "coordinates": [
          18.7104,
          -17.72252
        ]
      },
      "properties": {
        "name": "Marema",
        "country": "Namibia",
        "region": "Kavango West",
        "elevation_m": null,
        "population": 0,
        "feature_type": "populated place",
        "geoname_id": 3355604
      }
    },
    {
      "type": "Feature",
      "geometry": {
        "type": "Point",
        "coordinates": [
          19.28333,
          -17.83333
        ]
      },
      "properties": {
        "name": "Manyondo",
        "country": "Namibia",
        "region": "Kavango West",
        "elevation_m": null,
        "population": 0,
        "feature_type": "populated place",
        "geoname_id": 3355614
      }
    },
    {
      "type": "Feature",
      "geometry": {
        "type": "Point",
        "coordinates": [
          19.8,
          -17.88333
        ]
      },
      "properties": {
        "name": "Mangarangandja",
        "country": "Namibia",
        "region": "Kavango East",
        "elevation_m": null,
        "population": 0,
        "feature_type": "populated place",
        "geoname_id": 3355621
      }
    },
    {
      "type": "Feature",
      "geometry": {
        "type": "Point",
        "coordinates": [
          16.92238,
          -22.57768
        ]
      },
      "properties": {
        "name": "Malabar",
        "country": "Namibia",
        "region": "Khomas Region",
        "elevation_m": null,
        "population": 0,
        "feature_type": "populated place",
        "geoname_id": 3355628
      }
    },
    {
      "type": "Feature",
      "geometry": {
        "type": "Point",
        "coordinates": [
          18.4709,
          -17.47771
        ]
      },
      "properties": {
        "name": "Makuzu",
        "country": "Namibia",
        "region": "Kavango West",
        "elevation_m": null,
        "population": 0,
        "feature_type": "populated place",
        "geoname_id": 3355629
      }
    },
    {
      "type": "Feature",
      "geometry": {
        "type": "Point",
        "coordinates": [
          18.46262,
          -17.44808
        ]
      },
      "properties": {
        "name": "Makambu",
        "country": "Namibia",
        "region": "Kavango West",
        "elevation_m": null,
        "population": 0,
        "feature_type": "populated place",
        "geoname_id": 3355632
      }
    },
    {
      "type": "Feature",
      "geometry": {
        "type": "Point",
        "coordinates": [
          19.88741,
          -18.37225
        ]
      },
      "properties": {
        "name": "Makandina",
        "country": "Namibia",
        "region": "Kavango East",
        "elevation_m": null,
        "population": 0,
        "feature_type": "populated place",
        "geoname_id": 3355635
      }
    },
    {
      "type": "Feature",
      "geometry": {
        "type": "Point",
        "coordinates": [
          16.58856,
          -23.04993
        ]
      },
      "properties": {
        "name": "Mahonda",
        "country": "Namibia",
        "region": "Khomas Region",
        "elevation_m": null,
        "population": 0,
        "feature_type": "populated place",
        "geoname_id": 3355638
      }
    },
    {
      "type": "Feature",
      "geometry": {
        "type": "Point",
        "coordinates": [
          19.75896,
          -18.12219
        ]
      },
      "properties": {
        "name": "Madudu",
        "country": "Namibia",
        "region": "Kavango West",
        "elevation_m": null,
        "population": 0,
        "feature_type": "populated place",
        "geoname_id": 3355642
      }
    },
    {
      "type": "Feature",
      "geometry": {
        "type": "Point",
        "coordinates": [
          16.1,
          -17.85
        ]
      },
      "properties": {
        "name": "Lyakahani",
        "country": "Namibia",
        "region": "Oshikoto Region",
        "elevation_m": null,
        "population": 0,
        "feature_type": "populated place",
        "geoname_id": 3355653
      }
    },
    {
      "type": "Feature",
      "geometry": {
        "type": "Point",
        "coordinates": [
          18.74491,
          -28.2463
        ]
      },
      "properties": {
        "name": "Luizelhohe",
        "country": "Namibia",
        "region": "Karas Region",
        "elevation_m": null,
        "population": 0,
        "feature_type": "populated place",
        "geoname_id": 3355654
      }
    },
    {
      "type": "Feature",
      "geometry": {
        "type": "Point",
        "coordinates": [
          18.44001,
          -28.35474
        ]
      },
      "properties": {
        "name": "Luginsland",
        "country": "Namibia",
        "region": "Karas Region",
        "elevation_m": null,
        "population": 0,
        "feature_type": "populated place",
        "geoname_id": 3355665
      }
    },
    {
      "type": "Feature",
      "geometry": {
        "type": "Point",
        "coordinates": [
          15.8556,
          -18.06944
        ]
      },
      "properties": {
        "name": "Limbandalunge",
        "country": "Namibia",
        "region": "Oshana Region",
        "elevation_m": null,
        "population": 0,
        "feature_type": "populated place",
        "geoname_id": 3355716
      }
    },
    {
      "type": "Feature",
      "geometry": {
        "type": "Point",
        "coordinates": [
          16.97304,
          -22.79229
        ]
      },
      "properties": {
        "name": "Lichtenstein Mitte",
        "country": "Namibia",
        "region": "Khomas Region",
        "elevation_m": null,
        "population": 0,
        "feature_type": "populated place",
        "geoname_id": 3355730
      }
    },
    {
      "type": "Feature",
      "geometry": {
        "type": "Point",
        "coordinates": [
          19.48333,
          -28.03333
        ]
      },
      "properties": {
        "name": "Lekkerwater",
        "country": "Namibia",
        "region": "Karas Region",
        "elevation_m": null,
        "population": 0,
        "feature_type": "populated place",
        "geoname_id": 3355759
      }
    },
    {
      "type": "Feature",
      "geometry": {
        "type": "Point",
        "coordinates": [
          18.00401,
          -18.78883
        ]
      },
      "properties": {
        "name": "Last Hope",
        "country": "Namibia",
        "region": "Oshikoto Region",
        "elevation_m": null,
        "population": 0,
        "feature_type": "populated place",
        "geoname_id": 3355787
      }
    },
    {
      "type": "Feature",
      "geometry": {
        "type": "Point",
        "coordinates": [
          17.86949,
          -28.02461
        ]
      },
      "properties": {
        "name": "Langfontein",
        "country": "Namibia",
        "region": "Karas Region",
        "elevation_m": null,
        "population": 0,
        "feature_type": "populated place",
        "geoname_id": 3355794
      }
    },
    {
      "type": "Feature",
      "geometry": {
        "type": "Point",
        "coordinates": [
          17.02681,
          -23.92307
        ]
      },
      "properties": {
        "name": "Lammerwater",
        "country": "Namibia",
        "region": "Hardap Region",
        "elevation_m": null,
        "population": 0,
        "feature_type": "populated place",
        "geoname_id": 3355808
      }
    },
    {
      "type": "Feature",
      "geometry": {
        "type": "Point",
        "coordinates": [
          16.21667,
          -17.48333
        ]
      },
      "properties": {
        "name": "Lamhedi",
        "country": "Namibia",
        "region": "Ohangwena Region",
        "elevation_m": null,
        "population": 0,
        "feature_type": "populated place",
        "geoname_id": 3355809
      }
    },
    {
      "type": "Feature",
      "geometry": {
        "type": "Point",
        "coordinates": [
          18.91801,
          -28.33639
        ]
      },
      "properties": {
        "name": "La Gratina",
        "country": "Namibia",
        "region": "Karas Region",
        "elevation_m": null,
        "population": 0,
        "feature_type": "populated place",
        "geoname_id": 3355817
      }
    },
    {
      "type": "Feature",
      "geometry": {
        "type": "Point",
        "coordinates": [
          18.37171,
          -18.83507
        ]
      },
      "properties": {
        "name": "Kyalami",
        "country": "Namibia",
        "region": "Otjozondjupa Region",
        "elevation_m": null,
        "population": 0,
        "feature_type": "populated place",
        "geoname_id": 3355821
      }
    },
    {
      "type": "Feature",
      "geometry": {
        "type": "Point",
        "coordinates": [
          16.92277,
          -23.19583
        ]
      },
      "properties": {
        "name": "Kwakwas",
        "country": "Namibia",
        "region": "Khomas Region",
        "elevation_m": null,
        "population": 0,
        "feature_type": "populated place",
        "geoname_id": 3355827
      }
    },
    {
      "type": "Feature",
      "geometry": {
        "type": "Point",
        "coordinates": [
          15.27538,
          -20.76851
        ]
      },
      "properties": {
        "name": "Kwaggaspan",
        "country": "Namibia",
        "region": "Erongo Region",
        "elevation_m": null,
        "population": 0,
        "feature_type": "populated place",
        "geoname_id": 3355828
      }
    },
    {
      "type": "Feature",
      "geometry": {
        "type": "Point",
        "coordinates": [
          19.31897,
          -18.25583
        ]
      },
      "properties": {
        "name": "Sihetekera",
        "country": "Namibia",
        "region": "Kavango West",
        "elevation_m": null,
        "population": 0,
        "feature_type": "populated place",
        "geoname_id": 3355839
      }
    },
    {
      "type": "Feature",
      "geometry": {
        "type": "Point",
        "coordinates": [
          19.77252,
          -23.77439
        ]
      },
      "properties": {
        "name": "Kumu",
        "country": "Namibia",
        "region": "Omaheke Region",
        "elevation_m": null,
        "population": 0,
        "feature_type": "populated place",
        "geoname_id": 3355858
      }
    },
    {
      "type": "Feature",
      "geometry": {
        "type": "Point",
        "coordinates": [
          19.6364,
          -28.09742
        ]
      },
      "properties": {
        "name": "Kums",
        "country": "Namibia",
        "region": "Karas Region",
        "elevation_m": null,
        "population": 0,
        "feature_type": "populated place",
        "geoname_id": 3355861
      }
    },
    {
      "type": "Feature",
      "geometry": {
        "type": "Point",
        "coordinates": [
          16.65,
          -22.75
        ]
      },
      "properties": {
        "name": "Kuisebpos",
        "country": "Namibia",
        "region": "Khomas Region",
        "elevation_m": null,
        "population": 0,
        "feature_type": "populated place",
        "geoname_id": 3355869
      }
    },
    {
      "type": "Feature",
      "geometry": {
        "type": "Point",
        "coordinates": [
          17.49403,
          -24.23204
        ]
      },
      "properties": {
        "name": "Kub",
        "country": "Namibia",
        "region": "Hardap Region",
        "elevation_m": null,
        "population": 0,
        "feature_type": "populated place",
        "geoname_id": 3355916
      }
    },
    {
      "type": "Feature",
      "geometry": {
        "type": "Point",
        "coordinates": [
          19.51272,
          -22.04437
        ]
      },
      "properties": {
        "name": "Kroonster",
        "country": "Namibia",
        "region": "Omaheke Region",
        "elevation_m": null,
        "population": 0,
        "feature_type": "populated place",
        "geoname_id": 3355924
      }
    },
    {
      "type": "Feature",
      "geometry": {
        "type": "Point",
        "coordinates": [
          18.13483,
          -26.58174
        ]
      },
      "properties": {
        "name": "Kroonlein",
        "country": "Namibia",
        "region": "Karas Region",
        "elevation_m": null,
        "population": 0,
        "feature_type": "section of populated place",
        "geoname_id": 3355926
      }
    },
    {
      "type": "Feature",
      "geometry": {
        "type": "Point",
        "coordinates": [
          15.94795,
          -23.56433
        ]
      },
      "properties": {
        "name": "Kromhoek",
        "country": "Namibia",
        "region": "Khomas Region",
        "elevation_m": null,
        "population": 0,
        "feature_type": "populated place",
        "geoname_id": 3355931
      }
    },
    {
      "type": "Feature",
      "geometry": {
        "type": "Point",
        "coordinates": [
          16.25461,
          -18.07354
        ]
      },
      "properties": {
        "name": "Kreta",
        "country": "Namibia",
        "region": "Oshikoto Region",
        "elevation_m": null,
        "population": 0,
        "feature_type": "populated place",
        "geoname_id": 3355936
      }
    },
    {
      "type": "Feature",
      "geometry": {
        "type": "Point",
        "coordinates": [
          14.51667,
          -22.66667
        ]
      },
      "properties": {
        "name": "Kramersdorf",
        "country": "Namibia",
        "region": "Erongo Region",
        "elevation_m": null,
        "population": 0,
        "feature_type": "section of populated place",
        "geoname_id": 3355944
      }
    },
    {
      "type": "Feature",
      "geometry": {
        "type": "Point",
        "coordinates": [
          15.82179,
          -23.12131
        ]
      },
      "properties": {
        "name": "Kraaipoort",
        "country": "Namibia",
        "region": "Erongo Region",
        "elevation_m": null,
        "population": 0,
        "feature_type": "populated place",
        "geoname_id": 3355950
      }
    },
    {
      "type": "Feature",
      "geometry": {
        "type": "Point",
        "coordinates": [
          14.35056,
          -19.06299
        ]
      },
      "properties": {
        "name": "Kowares",
        "country": "Namibia",
        "region": "Kunene Region",
        "elevation_m": null,
        "population": 0,
        "feature_type": "populated place",
        "geoname_id": 3355957
      }
    },
    {
      "type": "Feature",
      "geometry": {
        "type": "Point",
        "coordinates": [
          18.29459,
          -18.90356
        ]
      },
      "properties": {
        "name": "Koukuas",
        "country": "Namibia",
        "region": "Otjozondjupa Region",
        "elevation_m": null,
        "population": 0,
        "feature_type": "populated place",
        "geoname_id": 3355962
      }
    },
    {
      "type": "Feature",
      "geometry": {
        "type": "Point",
        "coordinates": [
          18.97382,
          -27.20663
        ]
      },
      "properties": {
        "name": "Kotzekous",
        "country": "Namibia",
        "region": "Karas Region",
        "elevation_m": null,
        "population": 0,
        "feature_type": "populated place",
        "geoname_id": 3355969
      }
    },
    {
      "type": "Feature",
      "geometry": {
        "type": "Point",
        "coordinates": [
          17.31974,
          -26.69506
        ]
      },
      "properties": {
        "name": "Kosis",
        "country": "Namibia",
        "region": "Karas Region",
        "elevation_m": null,
        "population": 0,
        "feature_type": "populated place",
        "geoname_id": 3355974
      }
    },
    {
      "type": "Feature",
      "geometry": {
        "type": "Point",
        "coordinates": [
          16.19506,
          -23.21658
        ]
      },
      "properties": {
        "name": "Kos",
        "country": "Namibia",
        "region": "Khomas Region",
        "elevation_m": null,
        "population": 0,
        "feature_type": "populated place",
        "geoname_id": 3355979
      }
    },
    {
      "type": "Feature",
      "geometry": {
        "type": "Point",
        "coordinates": [
          19.99,
          -23.665
        ]
      },
      "properties": {
        "name": "Korridor Pos Dertien",
        "country": "Namibia",
        "region": "Omaheke Region",
        "elevation_m": null,
        "population": 0,
        "feature_type": "populated place",
        "geoname_id": 3355980
      }
    },
    {
      "type": "Feature",
      "geometry": {
        "type": "Point",
        "coordinates": [
          19.75875,
          -18.18908
        ]
      },
      "properties": {
        "name": "Gcunda Karo",
        "country": "Namibia",
        "region": "Kavango West",
        "elevation_m": null,
        "population": 0,
        "feature_type": "populated place",
        "geoname_id": 3355985
      }
    },
    {
      "type": "Feature",
      "geometry": {
        "type": "Point",
        "coordinates": [
          17.14444,
          -22.58833
        ]
      },
      "properties": {
        "name": "Korlia",
        "country": "Namibia",
        "region": "Khomas Region",
        "elevation_m": null,
        "population": 0,
        "feature_type": "populated place",
        "geoname_id": 3355986
      }
    },
    {
      "type": "Feature",
      "geometry": {
        "type": "Point",
        "coordinates": [
          18.06332,
          -28.27123
        ]
      },
      "properties": {
        "name": "Korhaan",
        "country": "Namibia",
        "region": "Karas Region",
        "elevation_m": null,
        "population": 0,
        "feature_type": "populated place",
        "geoname_id": 3355987
      }
    },
    {
      "type": "Feature",
      "geometry": {
        "type": "Point",
        "coordinates": [
          17.87873,
          -28.49332
        ]
      },
      "properties": {
        "name": "Korabib",
        "country": "Namibia",
        "region": "Karas Region",
        "elevation_m": null,
        "population": 0,
        "feature_type": "populated place",
        "geoname_id": 3355995
      }
    },
    {
      "type": "Feature",
      "geometry": {
        "type": "Point",
        "coordinates": [
          14.95628,
          -20.16763
        ]
      },
      "properties": {
        "name": "Konobpos",
        "country": "Namibia",
        "region": "Kunene Region",
        "elevation_m": null,
        "population": 0,
        "feature_type": "populated place",
        "geoname_id": 3356006
      }
    },
    {
      "type": "Feature",
      "geometry": {
        "type": "Point",
        "coordinates": [
          18.40733,
          -25.99477
        ]
      },
      "properties": {
        "name": "Komnarib",
        "country": "Namibia",
        "region": "Karas Region",
        "elevation_m": null,
        "population": 0,
        "feature_type": "populated place",
        "geoname_id": 3356015
      }
    },
    {
      "type": "Feature",
      "geometry": {
        "type": "Point",
        "coordinates": [
          17.71293,
          -19.71192
        ]
      },
      "properties": {
        "name": "Kombat",
        "country": "Namibia",
        "region": "Otjozondjupa Region",
        "elevation_m": null,
        "population": 0,
        "feature_type": "populated place",
        "geoname_id": 3356018
      }
    },
    {
      "type": "Feature",
      "geometry": {
        "type": "Point",
        "coordinates": [
          15.23278,
          -26.70389
        ]
      },
      "properties": {
        "name": "Kolmanskop",
        "country": "Namibia",
        "region": "Karas Region",
        "elevation_m": null,
        "population": 0,
        "feature_type": "abandoned populated place",
        "geoname_id": 3356024
      }
    },
    {
      "type": "Feature",
      "geometry": {
        "type": "Point",
        "coordinates": [
          15.99497,
          -23.8127
        ]
      },
      "properties": {
        "name": "Koireb",
        "country": "Namibia",
        "region": "Khomas Region",
        "elevation_m": null,
        "population": 0,
        "feature_type": "populated place",
        "geoname_id": 3356033
      }
    },
    {
      "type": "Feature",
      "geometry": {
        "type": "Point",
        "coordinates": [
          16.67643,
          -23.58501
        ]
      },
      "properties": {
        "name": "Kobos",
        "country": "Namibia",
        "region": "Hardap Region",
        "elevation_m": null,
        "population": 0,
        "feature_type": "populated place",
        "geoname_id": 3356069
      }
    },
    {
      "type": "Feature",
      "geometry": {
        "type": "Point",
        "coordinates": [
          17.72799,
          -26.63588
        ]
      },
      "properties": {
        "name": "Kobobieb",
        "country": "Namibia",
        "region": "Karas Region",
        "elevation_m": null,
        "population": 0,
        "feature_type": "populated place",
        "geoname_id": 3356071
      }
    },
    {
      "type": "Feature",
      "geometry": {
        "type": "Point",
        "coordinates": [
          17.53145,
          -22.65971
        ]
      },
      "properties": {
        "name": "Koanus",
        "country": "Namibia",
        "region": "Khomas Region",
        "elevation_m": null,
        "population": 0,
        "feature_type": "populated place",
        "geoname_id": 3356075
      }
    },
    {
      "type": "Feature",
      "geometry": {
        "type": "Point",
        "coordinates": [
          16.242,
          -23.00644
        ]
      },
      "properties": {
        "name": "Koam",
        "country": "Namibia",
        "region": "Khomas Region",
        "elevation_m": null,
        "population": 0,
        "feature_type": "populated place",
        "geoname_id": 3356076
      }
    },
    {
      "type": "Feature",
      "geometry": {
        "type": "Point",
        "coordinates": [
          19.47832,
          -28.27697
        ]
      },
      "properties": {
        "name": "Kliprant",
        "country": "Namibia",
        "region": "Karas Region",
        "elevation_m": null,
        "population": 0,
        "feature_type": "populated place",
        "geoname_id": 3356083
      }
    },
    {
      "type": "Feature",
      "geometry": {
        "type": "Point",
        "coordinates": [
          18.03311,
          -18.99326
        ]
      },
      "properties": {
        "name": "Kliprand",
        "country": "Namibia",
        "region": "Oshikoto Region",
        "elevation_m": null,
        "population": 0,
        "feature_type": "populated place",
        "geoname_id": 3356084
      }
    },
    {
      "type": "Feature",
      "geometry": {
        "type": "Point",
        "coordinates": [
          17.2,
          -28.15
        ]
      },
      "properties": {
        "name": "Klipheuwel",
        "country": "Namibia",
        "region": "Karas Region",
        "elevation_m": null,
        "population": 0,
        "feature_type": "populated place",
        "geoname_id": 3356091
      }
    },
    {
      "type": "Feature",
      "geometry": {
        "type": "Point",
        "coordinates": [
          19.44401,
          -28.40183
        ]
      },
      "properties": {
        "name": "Klipfontein",
        "country": "Namibia",
        "region": "Karas Region",
        "elevation_m": null,
        "population": 0,
        "feature_type": "populated place",
        "geoname_id": 3356092
      }
    },
    {
      "type": "Feature",
      "geometry": {
        "type": "Point",
        "coordinates": [
          19.87322,
          -27.07845
        ]
      },
      "properties": {
        "name": "Klipdam",
        "country": "Namibia",
        "region": "Karas Region",
        "elevation_m": null,
        "population": 0,
        "feature_type": "populated place",
        "geoname_id": 3356098
      }
    },
    {
      "type": "Feature",
      "geometry": {
        "type": "Point",
        "coordinates": [
          17.10083,
          -22.57889
        ]
      },
      "properties": {
        "name": "Klein Windhoek",
        "country": "Namibia",
        "region": "Khomas Region",
        "elevation_m": null,
        "population": 0,
        "feature_type": "section of populated place",
        "geoname_id": 3356103
      }
    },
    {
      "type": "Feature",
      "geometry": {
        "type": "Point",
        "coordinates": [
          18.51482,
          -26.05556
        ]
      },
      "properties": {
        "name": "Kleinvaalgras",
        "country": "Namibia",
        "region": "Karas Region",
        "elevation_m": null,
        "population": 0,
        "feature_type": "populated place",
        "geoname_id": 3356106
      }
    },
    {
      "type": "Feature",
      "geometry": {
        "type": "Point",
        "coordinates": [
          17.84015,
          -23.32564
        ]
      },
      "properties": {
        "name": "Klein Nauas",
        "country": "Namibia",
        "region": "Khomas Region",
        "elevation_m": null,
        "population": 0,
        "feature_type": "populated place",
        "geoname_id": 3356126
      }
    },
    {
      "type": "Feature",
      "geometry": {
        "type": "Point",
        "coordinates": [
          14.35,
          -19.06667
        ]
      },
      "properties": {
        "name": "Otjokavare",
        "country": "Namibia",
        "region": "Kunene Region",
        "elevation_m": null,
        "population": 0,
        "feature_type": "populated place",
        "geoname_id": 3356135
      }
    },
    {
      "type": "Feature",
      "geometry": {
        "type": "Point",
        "coordinates": [
          14.91667,
          -23.4
        ]
      },
      "properties": {
        "name": "Klein Klipneus",
        "country": "Namibia",
        "region": "Erongo Region",
        "elevation_m": null,
        "population": 0,
        "feature_type": "populated place",
        "geoname_id": 3356136
      }
    },
    {
      "type": "Feature",
      "geometry": {
        "type": "Point",
        "coordinates": [
          18.148,
          -28.7634
        ]
      },
      "properties": {
        "name": "Klein Hakiesdoorn",
        "country": "Namibia",
        "region": "Karas Region",
        "elevation_m": null,
        "population": 0,
        "feature_type": "populated place",
        "geoname_id": 3356146
      }
    },
    {
      "type": "Feature",
      "geometry": {
        "type": "Point",
        "coordinates": [
          16.01015,
          -23.28416
        ]
      },
      "properties": {
        "name": "Klein Chausib",
        "country": "Namibia",
        "region": "Khomas Region",
        "elevation_m": null,
        "population": 0,
        "feature_type": "populated place",
        "geoname_id": 3356159
      }
    },
    {
      "type": "Feature",
      "geometry": {
        "type": "Point",
        "coordinates": [
          16.5,
          -22.96667
        ]
      },
      "properties": {
        "name": "Klein Bergveld",
        "country": "Namibia",
        "region": "Khomas Region",
        "elevation_m": null,
        "population": 0,
        "feature_type": "populated place",
        "geoname_id": 3356162
      }
    },
    {
      "type": "Feature",
      "geometry": {
        "type": "Point",
        "coordinates": [
          16.63585,
          -23.79147
        ]
      },
      "properties": {
        "name": "Klein Aub",
        "country": "Namibia",
        "region": "Hardap Region",
        "elevation_m": null,
        "population": 0,
        "feature_type": "populated place",
        "geoname_id": 3356172
      }
    },
    {
      "type": "Feature",
      "geometry": {
        "type": "Point",
        "coordinates": [
          17.00296,
          -22.66261
        ]
      },
      "properties": {
        "name": "Klein Aub",
        "country": "Namibia",
        "region": "Khomas Region",
        "elevation_m": null,
        "population": 0,
        "feature_type": "populated place",
        "geoname_id": 3356173
      }
    },
    {
      "type": "Feature",
      "geometry": {
        "type": "Point",
        "coordinates": [
          14.96667,
          -20.95
        ]
      },
      "properties": {
        "name": "Klein-Ais",
        "country": "Namibia",
        "region": "Kunene Region",
        "elevation_m": null,
        "population": 0,
        "feature_type": "populated place",
        "geoname_id": 3356176
      }
    },
    {
      "type": "Feature",
      "geometry": {
        "type": "Point",
        "coordinates": [
          17.88333,
          -22.71667
        ]
      },
      "properties": {
        "name": "Kleepforte",
        "country": "Namibia",
        "region": "Khomas Region",
        "elevation_m": null,
        "population": 0,
        "feature_type": "populated place",
        "geoname_id": 3356177
      }
    },
    {
      "type": "Feature",
      "geometry": {
        "type": "Point",
        "coordinates": [
          18.89469,
          -22.7395
        ]
      },
      "properties": {
        "name": "Kirschberg",
        "country": "Namibia",
        "region": "Omaheke Region",
        "elevation_m": null,
        "population": 0,
        "feature_type": "populated place",
        "geoname_id": 3356187
      }
    },
    {
      "type": "Feature",
      "geometry": {
        "type": "Point",
        "coordinates": [
          13.86667,
          -19.26667
        ]
      },
      "properties": {
        "name": "Khowarib",
        "country": "Namibia",
        "region": "Kunene Region",
        "elevation_m": null,
        "population": 0,
        "feature_type": "populated place",
        "geoname_id": 3356208
      }
    },
    {
      "type": "Feature",
      "geometry": {
        "type": "Point",
        "coordinates": [
          17.26667,
          -22.06667
        ]
      },
      "properties": {
        "name": "Khorusepa",
        "country": "Namibia",
        "region": "Otjozondjupa Region",
        "elevation_m": null,
        "population": 0,
        "feature_type": "populated place",
        "geoname_id": 3356211
      }
    },
    {
      "type": "Feature",
      "geometry": {
        "type": "Point",
        "coordinates": [
          17.05833,
          -22.54111
        ]
      },
      "properties": {
        "name": "Khomasdal",
        "country": "Namibia",
        "region": "Khomas Region",
        "elevation_m": null,
        "population": 0,
        "feature_type": "section of populated place",
        "geoname_id": 3356218
      }
    },
    {
      "type": "Feature",
      "geometry": {
        "type": "Point",
        "coordinates": [
          18.64386,
          -26.13564
        ]
      },
      "properties": {
        "name": "Khoexas",
        "country": "Namibia",
        "region": "Karas Region",
        "elevation_m": null,
        "population": 0,
        "feature_type": "populated place",
        "geoname_id": 3356221
      }
    },
    {
      "type": "Feature",
      "geometry": {
        "type": "Point",
        "coordinates": [
          15,
          -22.55
        ]
      },
      "properties": {
        "name": "Khan Mine",
        "country": "Namibia",
        "region": "Erongo Region",
        "elevation_m": null,
        "population": 0,
        "feature_type": "populated place",
        "geoname_id": 3356225
      }
    },
    {
      "type": "Feature",
      "geometry": {
        "type": "Point",
        "coordinates": [
          19.31754,
          -28.66883
        ]
      },
      "properties": {
        "name": "Khaais",
        "country": "Namibia",
        "region": "Karas Region",
        "elevation_m": null,
        "population": 0,
        "feature_type": "populated place",
        "geoname_id": 3356229
      }
    },
    {
      "type": "Feature",
      "geometry": {
        "type": "Point",
        "coordinates": [
          19.39808,
          -28.23632
        ]
      },
      "properties": {
        "name": "Kentucky",
        "country": "Namibia",
        "region": "Karas Region",
        "elevation_m": null,
        "population": 0,
        "feature_type": "populated place",
        "geoname_id": 3356237
      }
    },
    {
      "type": "Feature",
      "geometry": {
        "type": "Point",
        "coordinates": [
          18.29825,
          -17.7115
        ]
      },
      "properties": {
        "name": "Keni",
        "country": "Namibia",
        "region": "Kavango West",
        "elevation_m": null,
        "population": 0,
        "feature_type": "populated place",
        "geoname_id": 3356243
      }
    },
    {
      "type": "Feature",
      "geometry": {
        "type": "Point",
        "coordinates": [
          16.72211,
          -22.7279
        ]
      },
      "properties": {
        "name": "Kelpie",
        "country": "Namibia",
        "region": "Khomas Region",
        "elevation_m": null,
        "population": 0,
        "feature_type": "populated place",
        "geoname_id": 3356248
      }
    },
    {
      "type": "Feature",
      "geometry": {
        "type": "Point",
        "coordinates": [
          19.11667,
          -28.76667
        ]
      },
      "properties": {
        "name": "Keimas",
        "country": "Namibia",
        "region": "Karas Region",
        "elevation_m": null,
        "population": 0,
        "feature_type": "populated place",
        "geoname_id": 3356255
      }
    },
    {
      "type": "Feature",
      "geometry": {
        "type": "Point",
        "coordinates": [
          17.28189,
          -22.97869
        ]
      },
      "properties": {
        "name": "Keibeb",
        "country": "Namibia",
        "region": "Khomas Region",
        "elevation_m": null,
        "population": 0,
        "feature_type": "populated place",
        "geoname_id": 3356257
      }
    },
    {
      "type": "Feature",
      "geometry": {
        "type": "Point",
        "coordinates": [
          18.34584,
          -18.94059
        ]
      },
      "properties": {
        "name": "Keibeb",
        "country": "Namibia",
        "region": "Otjozondjupa Region",
        "elevation_m": null,
        "population": 0,
        "feature_type": "populated place",
        "geoname_id": 3356258
      }
    },
    {
      "type": "Feature",
      "geometry": {
        "type": "Point",
        "coordinates": [
          19.13262,
          -17.84142
        ]
      },
      "properties": {
        "name": "Kayeura",
        "country": "Namibia",
        "region": "Kavango West",
        "elevation_m": null,
        "population": 0,
        "feature_type": "populated place",
        "geoname_id": 3356272
      }
    },
    {
      "type": "Feature",
      "geometry": {
        "type": "Point",
        "coordinates": [
          19.8868,
          -17.88541
        ]
      },
      "properties": {
        "name": "Kayengona",
        "country": "Namibia",
        "region": "Kavango East",
        "elevation_m": null,
        "population": 0,
        "feature_type": "populated place",
        "geoname_id": 3356273
      }
    },
    {
      "type": "Feature",
      "geometry": {
        "type": "Point",
        "coordinates": [
          18.41345,
          -17.3967
        ]
      },
      "properties": {
        "name": "Katwitwi",
        "country": "Namibia",
        "region": "Kavango West",
        "elevation_m": null,
        "population": 0,
        "feature_type": "populated place",
        "geoname_id": 3356293
      }
    },
    {
      "type": "Feature",
      "geometry": {
        "type": "Point",
        "coordinates": [
          18.24502,
          -17.74862
        ]
      },
      "properties": {
        "name": "Katope Komugoro",
        "country": "Namibia",
        "region": "Kavango West",
        "elevation_m": null,
        "population": 0,
        "feature_type": "populated place",
        "geoname_id": 3356295
      }
    },
    {
      "type": "Feature",
      "geometry": {
        "type": "Point",
        "coordinates": [
          18.19869,
          -17.75313
        ]
      },
      "properties": {
        "name": "Katope-ko-Mbome",
        "country": "Namibia",
        "region": "Kavango West",
        "elevation_m": null,
        "population": 0,
        "feature_type": "populated place",
        "geoname_id": 3356296
      }
    },
    {
      "type": "Feature",
      "geometry": {
        "type": "Point",
        "coordinates": [
          18.45288,
          -17.69405
        ]
      },
      "properties": {
        "name": "Katope",
        "country": "Namibia",
        "region": "Kavango West",
        "elevation_m": null,
        "population": 0,
        "feature_type": "populated place",
        "geoname_id": 3356297
      }
    },
    {
      "type": "Feature",
      "geometry": {
        "type": "Point",
        "coordinates": [
          18.50643,
          -17.5007
        ]
      },
      "properties": {
        "name": "Katomeno",
        "country": "Namibia",
        "region": "Kavango West",
        "elevation_m": null,
        "population": 0,
        "feature_type": "populated place",
        "geoname_id": 3356298
      }
    },
    {
      "type": "Feature",
      "geometry": {
        "type": "Point",
        "coordinates": [
          18.91667,
          -17.83333
        ]
      },
      "properties": {
        "name": "Katara",
        "country": "Namibia",
        "region": "Kavango West",
        "elevation_m": null,
        "population": 0,
        "feature_type": "populated place",
        "geoname_id": 3356300
      }
    },
    {
      "type": "Feature",
      "geometry": {
        "type": "Point",
        "coordinates": [
          18.87852,
          -17.81452
        ]
      },
      "properties": {
        "name": "Katara",
        "country": "Namibia",
        "region": "Kavango West",
        "elevation_m": null,
        "population": 0,
        "feature_type": "populated place",
        "geoname_id": 3356301
      }
    },
    {
      "type": "Feature",
      "geometry": {
        "type": "Point",
        "coordinates": [
          18.97522,
          -17.83259
        ]
      },
      "properties": {
        "name": "Katanda",
        "country": "Namibia",
        "region": "Kavango West",
        "elevation_m": null,
        "population": 0,
        "feature_type": "populated place",
        "geoname_id": 3356302
      }
    },
    {
      "type": "Feature",
      "geometry": {
        "type": "Point",
        "coordinates": [
          19.71164,
          -17.8995
        ]
      },
      "properties": {
        "name": "Kasote",
        "country": "Namibia",
        "region": "Kavango East",
        "elevation_m": null,
        "population": 0,
        "feature_type": "populated place",
        "geoname_id": 3356304
      }
    },
    {
      "type": "Feature",
      "geometry": {
        "type": "Point",
        "coordinates": [
          18.34102,
          -17.5102
        ]
      },
      "properties": {
        "name": "Kasoro",
        "country": "Namibia",
        "region": "Kavango West",
        "elevation_m": null,
        "population": 0,
        "feature_type": "populated place",
        "geoname_id": 3356305
      }
    },
    {
      "type": "Feature",
      "geometry": {
        "type": "Point",
        "coordinates": [
          19.3015,
          -17.84913
        ]
      },
      "properties": {
        "name": "Kasivi",
        "country": "Namibia",
        "region": "Kavango West",
        "elevation_m": null,
        "population": 0,
        "feature_type": "populated place",
        "geoname_id": 3356307
      }
    },
    {
      "type": "Feature",
      "geometry": {
        "type": "Point",
        "coordinates": [
          18.10908,
          -17.83405
        ]
      },
      "properties": {
        "name": "Kasima",
        "country": "Namibia",
        "region": "Kavango West",
        "elevation_m": null,
        "population": 0,
        "feature_type": "populated place",
        "geoname_id": 3356308
      }
    },
    {
      "type": "Feature",
      "geometry": {
        "type": "Point",
        "coordinates": [
          18.26888,
          -17.73795
        ]
      },
      "properties": {
        "name": "Kasara",
        "country": "Namibia",
        "region": "Kavango West",
        "elevation_m": null,
        "population": 0,
        "feature_type": "populated place",
        "geoname_id": 3356309
      }
    },
    {
      "type": "Feature",
      "geometry": {
        "type": "Point",
        "coordinates": [
          18.31667,
          -28.23333
        ]
      },
      "properties": {
        "name": "Karuchas",
        "country": "Namibia",
        "region": "Karas Region",
        "elevation_m": null,
        "population": 0,
        "feature_type": "populated place",
        "geoname_id": 3356310
      }
    },
    {
      "type": "Feature",
      "geometry": {
        "type": "Point",
        "coordinates": [
          19.31705,
          -18.00863
        ]
      },
      "properties": {
        "name": "Karo",
        "country": "Namibia",
        "region": "Kavango West",
        "elevation_m": null,
        "population": 0,
        "feature_type": "populated place",
        "geoname_id": 3356323
      }
    },
    {
      "type": "Feature",
      "geometry": {
        "type": "Point",
        "coordinates": [
          18.55,
          -17.56667
        ]
      },
      "properties": {
        "name": "Karayi",
        "country": "Namibia",
        "region": "Kavango West",
        "elevation_m": null,
        "population": 0,
        "feature_type": "populated place",
        "geoname_id": 3356340
      }
    },
    {
      "type": "Feature",
      "geometry": {
        "type": "Point",
        "coordinates": [
          18.75,
          -17.75
        ]
      },
      "properties": {
        "name": "Karayi",
        "country": "Namibia",
        "region": "Kavango West",
        "elevation_m": null,
        "population": 0,
        "feature_type": "populated place",
        "geoname_id": 3356341
      }
    },
    {
      "type": "Feature",
      "geometry": {
        "type": "Point",
        "coordinates": [
          19.39197,
          -17.86892
        ]
      },
      "properties": {
        "name": "Karangana",
        "country": "Namibia",
        "region": "Kavango West",
        "elevation_m": null,
        "population": 0,
        "feature_type": "populated place",
        "geoname_id": 3356347
      }
    },
    {
      "type": "Feature",
      "geometry": {
        "type": "Point",
        "coordinates": [
          16.89098,
          -23.84778
        ]
      },
      "properties": {
        "name": "Karanas",
        "country": "Namibia",
        "region": "Hardap Region",
        "elevation_m": null,
        "population": 0,
        "feature_type": "populated place",
        "geoname_id": 3356349
      }
    },
    {
      "type": "Feature",
      "geometry": {
        "type": "Point",
        "coordinates": [
          16.57022,
          -22.63747
        ]
      },
      "properties": {
        "name": "Karanab",
        "country": "Namibia",
        "region": "Khomas Region",
        "elevation_m": null,
        "population": 0,
        "feature_type": "populated place",
        "geoname_id": 3356350
      }
    },
    {
      "type": "Feature",
      "geometry": {
        "type": "Point",
        "coordinates": [
          19.75756,
          -18.11717
        ]
      },
      "properties": {
        "name": "Kapupahedi",
        "country": "Namibia",
        "region": "Kavango West",
        "elevation_m": null,
        "population": 0,
        "feature_type": "populated place",
        "geoname_id": 3356362
      }
    },
    {
      "type": "Feature",
      "geometry": {
        "type": "Point",
        "coordinates": [
          18.7516,
          -17.82957
        ]
      },
      "properties": {
        "name": "Kapengwena",
        "country": "Namibia",
        "region": "Kavango West",
        "elevation_m": null,
        "population": 0,
        "feature_type": "populated place",
        "geoname_id": 3356366
      }
    },
    {
      "type": "Feature",
      "geometry": {
        "type": "Point",
        "coordinates": [
          19.31176,
          -17.85227
        ]
      },
      "properties": {
        "name": "Kapenene",
        "country": "Namibia",
        "region": "Kavango West",
        "elevation_m": null,
        "population": 0,
        "feature_type": "populated place",
        "geoname_id": 3356367
      }
    },
    {
      "type": "Feature",
      "geometry": {
        "type": "Point",
        "coordinates": [
          18.84255,
          -17.99651
        ]
      },
      "properties": {
        "name": "Kaparara",
        "country": "Namibia",
        "region": "Kavango West",
        "elevation_m": null,
        "population": 0,
        "feature_type": "populated place",
        "geoname_id": 3356368
      }
    },
    {
      "type": "Feature",
      "geometry": {
        "type": "Point",
        "coordinates": [
          19.58394,
          -17.88091
        ]
      },
      "properties": {
        "name": "Kapako",
        "country": "Namibia",
        "region": "Kavango East",
        "elevation_m": null,
        "population": 0,
        "feature_type": "populated place",
        "geoname_id": 3356369
      }
    },
    {
      "type": "Feature",
      "geometry": {
        "type": "Point",
        "coordinates": [
          13.66029,
          -18.3
        ]
      },
      "properties": {
        "name": "Kaoko Otavi",
        "country": "Namibia",
        "region": "Kunene Region",
        "elevation_m": null,
        "population": 0,
        "feature_type": "populated place",
        "geoname_id": 3356371
      }
    },
    {
      "type": "Feature",
      "geometry": {
        "type": "Point",
        "coordinates": [
          19.66667,
          -17.86667
        ]
      },
      "properties": {
        "name": "Kanzoni",
        "country": "Namibia",
        "region": "Kavango East",
        "elevation_m": null,
        "population": 0,
        "feature_type": "populated place",
        "geoname_id": 3356375
      }
    },
    {
      "type": "Feature",
      "geometry": {
        "type": "Point",
        "coordinates": [
          18.53662,
          -17.55176
        ]
      },
      "properties": {
        "name": "Kanyikama",
        "country": "Namibia",
        "region": "Kavango West",
        "elevation_m": null,
        "population": 0,
        "feature_type": "populated place",
        "geoname_id": 3356376
      }
    },
    {
      "type": "Feature",
      "geometry": {
        "type": "Point",
        "coordinates": [
          17.20253,
          -23.14632
        ]
      },
      "properties": {
        "name": "Kanubeb",
        "country": "Namibia",
        "region": "Khomas Region",
        "elevation_m": null,
        "population": 0,
        "feature_type": "populated place",
        "geoname_id": 3356383
      }
    },
    {
      "type": "Feature",
      "geometry": {
        "type": "Point",
        "coordinates": [
          18.71394,
          -17.88701
        ]
      },
      "properties": {
        "name": "Kanto",
        "country": "Namibia",
        "region": "Kavango West",
        "elevation_m": null,
        "population": 0,
        "feature_type": "populated place",
        "geoname_id": 3356384
      }
    },
    {
      "type": "Feature",
      "geometry": {
        "type": "Point",
        "coordinates": [
          19.7,
          -17.93333
        ]
      },
      "properties": {
        "name": "Kansukwa",
        "country": "Namibia",
        "region": "Kavango East",
        "elevation_m": null,
        "population": 0,
        "feature_type": "populated place",
        "geoname_id": 3356386
      }
    },
    {
      "type": "Feature",
      "geometry": {
        "type": "Point",
        "coordinates": [
          18.49888,
          -17.73635
        ]
      },
      "properties": {
        "name": "Kankudi",
        "country": "Namibia",
        "region": "Kavango West",
        "elevation_m": null,
        "population": 0,
        "feature_type": "populated place",
        "geoname_id": 3356395
      }
    },
    {
      "type": "Feature",
      "geometry": {
        "type": "Point",
        "coordinates": [
          15.05777,
          -20.16751
        ]
      },
      "properties": {
        "name": "Kaned se Pos",
        "country": "Namibia",
        "region": "Kunene Region",
        "elevation_m": null,
        "population": 0,
        "feature_type": "populated place",
        "geoname_id": 3356404
      }
    },
    {
      "type": "Feature",
      "geometry": {
        "type": "Point",
        "coordinates": [
          17.86721,
          -27.79875
        ]
      },
      "properties": {
        "name": "Kanebis",
        "country": "Namibia",
        "region": "Karas Region",
        "elevation_m": null,
        "population": 0,
        "feature_type": "populated place",
        "geoname_id": 3356406
      }
    },
    {
      "type": "Feature",
      "geometry": {
        "type": "Point",
        "coordinates": [
          18.58214,
          -17.84281
        ]
      },
      "properties": {
        "name": "Kandimbe",
        "country": "Namibia",
        "region": "Kavango West",
        "elevation_m": null,
        "population": 0,
        "feature_type": "populated place",
        "geoname_id": 3356409
      }
    },
    {
      "type": "Feature",
      "geometry": {
        "type": "Point",
        "coordinates": [
          18.70552,
          -17.71357
        ]
      },
      "properties": {
        "name": "Kananana",
        "country": "Namibia",
        "region": "Kavango West",
        "elevation_m": null,
        "population": 0,
        "feature_type": "populated place",
        "geoname_id": 3356414
      }
    },
    {
      "type": "Feature",
      "geometry": {
        "type": "Point",
        "coordinates": [
          17.01667,
          -23.58333
        ]
      },
      "properties": {
        "name": "Kamkam",
        "country": "Namibia",
        "region": "Hardap Region",
        "elevation_m": null,
        "population": 0,
        "feature_type": "populated place",
        "geoname_id": 3356428
      }
    },
    {
      "type": "Feature",
      "geometry": {
        "type": "Point",
        "coordinates": [
          18.79856,
          -17.77395
        ]
      },
      "properties": {
        "name": "Kambumbu",
        "country": "Namibia",
        "region": "Kavango West",
        "elevation_m": null,
        "population": 0,
        "feature_type": "populated place",
        "geoname_id": 3356457
      }
    },
    {
      "type": "Feature",
      "geometry": {
        "type": "Point",
        "coordinates": [
          19.97157,
          -17.9437
        ]
      },
      "properties": {
        "name": "Kambowo",
        "country": "Namibia",
        "region": "Kavango East",
        "elevation_m": null,
        "population": 0,
        "feature_type": "populated place",
        "geoname_id": 3356459
      }
    },
    {
      "type": "Feature",
      "geometry": {
        "type": "Point",
        "coordinates": [
          15.88333,
          -22.53333
        ]
      },
      "properties": {
        "name": "Kaltenhausen",
        "country": "Namibia",
        "region": "Erongo Region",
        "elevation_m": null,
        "population": 0,
        "feature_type": "populated place",
        "geoname_id": 3356472
      }
    },
    {
      "type": "Feature",
      "geometry": {
        "type": "Point",
        "coordinates": [
          14.77546,
          -20.90753
        ]
      },
      "properties": {
        "name": "Kalkbron",
        "country": "Namibia",
        "region": "Kunene Region",
        "elevation_m": null,
        "population": 0,
        "feature_type": "populated place",
        "geoname_id": 3356488
      }
    },
    {
      "type": "Feature",
      "geometry": {
        "type": "Point",
        "coordinates": [
          18.48333,
          -17.76667
        ]
      },
      "properties": {
        "name": "Kaakuwa",
        "country": "Namibia",
        "region": "Kavango West",
        "elevation_m": null,
        "population": 0,
        "feature_type": "populated place",
        "geoname_id": 3356495
      }
    },
    {
      "type": "Feature",
      "geometry": {
        "type": "Point",
        "coordinates": [
          19.03193,
          -17.83755
        ]
      },
      "properties": {
        "name": "Kakoro",
        "country": "Namibia",
        "region": "Kavango West",
        "elevation_m": null,
        "population": 0,
        "feature_type": "populated place",
        "geoname_id": 3356497
      }
    },
    {
      "type": "Feature",
      "geometry": {
        "type": "Point",
        "coordinates": [
          14.63333,
          -19.76667
        ]
      },
      "properties": {
        "name": "Kakatswa Onguati",
        "country": "Namibia",
        "region": "Kunene Region",
        "elevation_m": null,
        "population": 0,
        "feature_type": "populated place",
        "geoname_id": 3356502
      }
    },
    {
      "type": "Feature",
      "geometry": {
        "type": "Point",
        "coordinates": [
          18.91666,
          -28.46969
        ]
      },
      "properties": {
        "name": "Kais Suid",
        "country": "Namibia",
        "region": "Karas Region",
        "elevation_m": null,
        "population": 0,
        "feature_type": "populated place",
        "geoname_id": 3356508
      }
    },
    {
      "type": "Feature",
      "geometry": {
        "type": "Point",
        "coordinates": [
          19.82073,
          -17.91271
        ]
      },
      "properties": {
        "name": "Kaisosi",
        "country": "Namibia",
        "region": "Kavango East",
        "elevation_m": null,
        "population": 0,
        "feature_type": "populated place",
        "geoname_id": 3356509
      }
    },
    {
      "type": "Feature",
      "geometry": {
        "type": "Point",
        "coordinates": [
          18.85742,
          -28.38911
        ]
      },
      "properties": {
        "name": "Kais Noord",
        "country": "Namibia",
        "region": "Karas Region",
        "elevation_m": null,
        "population": 0,
        "feature_type": "populated place",
        "geoname_id": 3356510
      }
    },
    {
      "type": "Feature",
      "geometry": {
        "type": "Point",
        "coordinates": [
          18.66566,
          -17.6832
        ]
      },
      "properties": {
        "name": "Kahenge",
        "country": "Namibia",
        "region": "Kavango West",
        "elevation_m": null,
        "population": 0,
        "feature_type": "populated place",
        "geoname_id": 3356522
      }
    },
    {
      "type": "Feature",
      "geometry": {
        "type": "Point",
        "coordinates": [
          18.42802,
          -17.66479
        ]
      },
      "properties": {
        "name": "Kaguni",
        "country": "Namibia",
        "region": "Kavango West",
        "elevation_m": null,
        "population": 0,
        "feature_type": "populated place",
        "geoname_id": 3356523
      }
    },
    {
      "type": "Feature",
      "geometry": {
        "type": "Point",
        "coordinates": [
          13.9,
          -19.93333
        ]
      },
      "properties": {
        "name": "Juriesdraai",
        "country": "Namibia",
        "region": "Kunene Region",
        "elevation_m": null,
        "population": 0,
        "feature_type": "populated place",
        "geoname_id": 3356544
      }
    },
    {
      "type": "Feature",
      "geometry": {
        "type": "Point",
        "coordinates": [
          18.47067,
          -25.84926
        ]
      },
      "properties": {
        "name": "Jakkalsvlei",
        "country": "Namibia",
        "region": "Karas Region",
        "elevation_m": null,
        "population": 0,
        "feature_type": "populated place",
        "geoname_id": 3356567
      }
    },
    {
      "type": "Feature",
      "geometry": {
        "type": "Point",
        "coordinates": [
          16.51523,
          -23.42344
        ]
      },
      "properties": {
        "name": "Isabis",
        "country": "Namibia",
        "region": "Khomas Region",
        "elevation_m": null,
        "population": 0,
        "feature_type": "populated place",
        "geoname_id": 3356589
      }
    },
    {
      "type": "Feature",
      "geometry": {
        "type": "Point",
        "coordinates": [
          14.73231,
          -18.47077
        ]
      },
      "properties": {
        "name": "Ingururu",
        "country": "Namibia",
        "region": "Omusati Region",
        "elevation_m": null,
        "population": 0,
        "feature_type": "populated place",
        "geoname_id": 3356599
      }
    },
    {
      "type": "Feature",
      "geometry": {
        "type": "Point",
        "coordinates": [
          17.76053,
          -21.24888
        ]
      },
      "properties": {
        "name": "Imkerhof",
        "country": "Namibia",
        "region": "Otjozondjupa Region",
        "elevation_m": null,
        "population": 0,
        "feature_type": "populated place",
        "geoname_id": 3356608
      }
    },
    {
      "type": "Feature",
      "geometry": {
        "type": "Point",
        "coordinates": [
          16.83333,
          -17.76667
        ]
      },
      "properties": {
        "name": "Iithindi",
        "country": "Namibia",
        "region": "Oshikoto Region",
        "elevation_m": null,
        "population": 0,
        "feature_type": "populated place",
        "geoname_id": 3356611
      }
    },
    {
      "type": "Feature",
      "geometry": {
        "type": "Point",
        "coordinates": [
          16.8,
          -17.75
        ]
      },
      "properties": {
        "name": "Iithindi",
        "country": "Namibia",
        "region": "Oshikoto Region",
        "elevation_m": null,
        "population": 0,
        "feature_type": "populated place",
        "geoname_id": 3356612
      }
    },
    {
      "type": "Feature",
      "geometry": {
        "type": "Point",
        "coordinates": [
          15.0037,
          -18.16786
        ]
      },
      "properties": {
        "name": "Iitapa",
        "country": "Namibia",
        "region": "Omusati Region",
        "elevation_m": null,
        "population": 0,
        "feature_type": "populated place",
        "geoname_id": 3356613
      }
    },
    {
      "type": "Feature",
      "geometry": {
        "type": "Point",
        "coordinates": [
          15.63174,
          -17.62254
        ]
      },
      "properties": {
        "name": "Liputu",
        "country": "Namibia",
        "region": "Ohangwena Region",
        "elevation_m": null,
        "population": 0,
        "feature_type": "populated place",
        "geoname_id": 3356614
      }
    },
    {
      "type": "Feature",
      "geometry": {
        "type": "Point",
        "coordinates": [
          16.09131,
          -18.16462
        ]
      },
      "properties": {
        "name": "Iipopo",
        "country": "Namibia",
        "region": "Oshikoto Region",
        "elevation_m": null,
        "population": 0,
        "feature_type": "populated place",
        "geoname_id": 3356615
      }
    },
    {
      "type": "Feature",
      "geometry": {
        "type": "Point",
        "coordinates": [
          16.30152,
          -18.05694
        ]
      },
      "properties": {
        "name": "Iipanda",
        "country": "Namibia",
        "region": "Oshikoto Region",
        "elevation_m": null,
        "population": 0,
        "feature_type": "populated place",
        "geoname_id": 3356616
      }
    },
    {
      "type": "Feature",
      "geometry": {
        "type": "Point",
        "coordinates": [
          15.15,
          -17.68333
        ]
      },
      "properties": {
        "name": "Lipanda",
        "country": "Namibia",
        "region": "Omusati Region",
        "elevation_m": null,
        "population": 0,
        "feature_type": "populated place",
        "geoname_id": 3356617
      }
    },
    {
      "type": "Feature",
      "geometry": {
        "type": "Point",
        "coordinates": [
          15.96974,
          -17.77811
        ]
      },
      "properties": {
        "name": "Iindangungu",
        "country": "Namibia",
        "region": "Oshana Region",
        "elevation_m": null,
        "population": 0,
        "feature_type": "populated place",
        "geoname_id": 3356618
      }
    },
    {
      "type": "Feature",
      "geometry": {
        "type": "Point",
        "coordinates": [
          15.01992,
          -17.97562
        ]
      },
      "properties": {
        "name": "Lilambo",
        "country": "Namibia",
        "region": "Omusati Region",
        "elevation_m": null,
        "population": 0,
        "feature_type": "populated place",
        "geoname_id": 3356619
      }
    },
    {
      "type": "Feature",
      "geometry": {
        "type": "Point",
        "coordinates": [
          16.15,
          -17.86667
        ]
      },
      "properties": {
        "name": "Iikokla",
        "country": "Namibia",
        "region": "Oshikoto Region",
        "elevation_m": null,
        "population": 0,
        "feature_type": "populated place",
        "geoname_id": 3356620
      }
    },
    {
      "type": "Feature",
      "geometry": {
        "type": "Point",
        "coordinates": [
          15.7193,
          -17.69363
        ]
      },
      "properties": {
        "name": "Likelo",
        "country": "Namibia",
        "region": "Oshana Region",
        "elevation_m": null,
        "population": 0,
        "feature_type": "populated place",
        "geoname_id": 3356621
      }
    },
    {
      "type": "Feature",
      "geometry": {
        "type": "Point",
        "coordinates": [
          15.22545,
          -17.85689
        ]
      },
      "properties": {
        "name": "Likango",
        "country": "Namibia",
        "region": "Omusati Region",
        "elevation_m": null,
        "population": 0,
        "feature_type": "populated place",
        "geoname_id": 3356622
      }
    },
    {
      "type": "Feature",
      "geometry": {
        "type": "Point",
        "coordinates": [
          16.1579,
          -18.05036
        ]
      },
      "properties": {
        "name": "Iihongo",
        "country": "Namibia",
        "region": "Oshikoto Region",
        "elevation_m": null,
        "population": 0,
        "feature_type": "populated place",
        "geoname_id": 3356623
      }
    },
    {
      "type": "Feature",
      "geometry": {
        "type": "Point",
        "coordinates": [
          15.50496,
          -17.75189
        ]
      },
      "properties": {
        "name": "Lihanguti",
        "country": "Namibia",
        "region": "Omusati Region",
        "elevation_m": null,
        "population": 0,
        "feature_type": "populated place",
        "geoname_id": 3356624
      }
    },
    {
      "type": "Feature",
      "geometry": {
        "type": "Point",
        "coordinates": [
          15.21667,
          -17.9
        ]
      },
      "properties": {
        "name": "Lihamyorigwe",
        "country": "Namibia",
        "region": "Omusati Region",
        "elevation_m": null,
        "population": 0,
        "feature_type": "populated place",
        "geoname_id": 3356625
      }
    },
    {
      "type": "Feature",
      "geometry": {
        "type": "Point",
        "coordinates": [
          18.26545,
          -25.93501
        ]
      },
      "properties": {
        "name": "Huns",
        "country": "Namibia",
        "region": "Karas Region",
        "elevation_m": null,
        "population": 0,
        "feature_type": "populated place",
        "geoname_id": 3356640
      }
    },
    {
      "type": "Feature",
      "geometry": {
        "type": "Point",
        "coordinates": [
          18.86777,
          -28.32303
        ]
      },
      "properties": {
        "name": "Huniams West",
        "country": "Namibia",
        "region": "Karas Region",
        "elevation_m": null,
        "population": 0,
        "feature_type": "populated place",
        "geoname_id": 3356645
      }
    },
    {
      "type": "Feature",
      "geometry": {
        "type": "Point",
        "coordinates": [
          19.02608,
          -28.27984
        ]
      },
      "properties": {
        "name": "Huniam Ost",
        "country": "Namibia",
        "region": "Karas Region",
        "elevation_m": null,
        "population": 0,
        "feature_type": "populated place",
        "geoname_id": 3356646
      }
    },
    {
      "type": "Feature",
      "geometry": {
        "type": "Point",
        "coordinates": [
          18.44444,
          -18.88282
        ]
      },
      "properties": {
        "name": "Hulde",
        "country": "Namibia",
        "region": "Otjozondjupa Region",
        "elevation_m": null,
        "population": 0,
        "feature_type": "populated place",
        "geoname_id": 3356652
      }
    },
    {
      "type": "Feature",
      "geometry": {
        "type": "Point",
        "coordinates": [
          17.67892,
          -26.13115
        ]
      },
      "properties": {
        "name": "Huitsib",
        "country": "Namibia",
        "region": "Karas Region",
        "elevation_m": null,
        "population": 0,
        "feature_type": "populated place",
        "geoname_id": 3356653
      }
    },
    {
      "type": "Feature",
      "geometry": {
        "type": "Point",
        "coordinates": [
          19.3536,
          -23.78875
        ]
      },
      "properties": {
        "name": "Hugus",
        "country": "Namibia",
        "region": "Omaheke Region",
        "elevation_m": null,
        "population": 0,
        "feature_type": "populated place",
        "geoname_id": 3356657
      }
    },
    {
      "type": "Feature",
      "geometry": {
        "type": "Point",
        "coordinates": [
          19.43468,
          -27.73613
        ]
      },
      "properties": {
        "name": "Hudab Suid",
        "country": "Namibia",
        "region": "Karas Region",
        "elevation_m": null,
        "population": 0,
        "feature_type": "populated place",
        "geoname_id": 3356665
      }
    },
    {
      "type": "Feature",
      "geometry": {
        "type": "Point",
        "coordinates": [
          14.93333,
          -26.13333
        ]
      },
      "properties": {
        "name": "Hottentoten Bay",
        "country": "Namibia",
        "region": "Karas Region",
        "elevation_m": null,
        "population": 0,
        "feature_type": "populated place",
        "geoname_id": 3356691
      }
    },
    {
      "type": "Feature",
      "geometry": {
        "type": "Point",
        "coordinates": [
          18.55606,
          -18.87336
        ]
      },
      "properties": {
        "name": "Horison",
        "country": "Namibia",
        "region": "Otjozondjupa Region",
        "elevation_m": null,
        "population": 0,
        "feature_type": "populated place",
        "geoname_id": 3356702
      }
    },
    {
      "type": "Feature",
      "geometry": {
        "type": "Point",
        "coordinates": [
          16.27632,
          -23.331
        ]
      },
      "properties": {
        "name": "Hopefield",
        "country": "Namibia",
        "region": "Khomas Region",
        "elevation_m": null,
        "population": 0,
        "feature_type": "populated place",
        "geoname_id": 3356707
      }
    },
    {
      "type": "Feature",
      "geometry": {
        "type": "Point",
        "coordinates": [
          15.18072,
          -23.63606
        ]
      },
      "properties": {
        "name": "Homeb",
        "country": "Namibia",
        "region": "Erongo Region",
        "elevation_m": null,
        "population": 0,
        "feature_type": "populated place",
        "geoname_id": 3356723
      }
    },
    {
      "type": "Feature",
      "geometry": {
        "type": "Point",
        "coordinates": [
          17.95,
          -27.4
        ]
      },
      "properties": {
        "name": "Holoog",
        "country": "Namibia",
        "region": "Karas Region",
        "elevation_m": null,
        "population": 0,
        "feature_type": "populated place",
        "geoname_id": 3356733
      }
    },
    {
      "type": "Feature",
      "geometry": {
        "type": "Point",
        "coordinates": [
          18.62352,
          -21.11539
        ]
      },
      "properties": {
        "name": "Holm",
        "country": "Namibia",
        "region": "Omaheke Region",
        "elevation_m": null,
        "population": 0,
        "feature_type": "populated place",
        "geoname_id": 3356736
      }
    },
    {
      "type": "Feature",
      "geometry": {
        "type": "Point",
        "coordinates": [
          16.3902,
          -23.30394
        ]
      },
      "properties": {
        "name": "Hohenheim",
        "country": "Namibia",
        "region": "Khomas Region",
        "elevation_m": null,
        "population": 0,
        "feature_type": "populated place",
        "geoname_id": 3356754
      }
    },
    {
      "type": "Feature",
      "geometry": {
        "type": "Point",
        "coordinates": [
          16.6,
          -28.5
        ]
      },
      "properties": {
        "name": "Hohenfels",
        "country": "Namibia",
        "region": "Karas Region",
        "elevation_m": null,
        "population": 0,
        "feature_type": "populated place",
        "geoname_id": 3356755
      }
    },
    {
      "type": "Feature",
      "geometry": {
        "type": "Point",
        "coordinates": [
          19.26204,
          -28.30071
        ]
      },
      "properties": {
        "name": "Hogeis",
        "country": "Namibia",
        "region": "Karas Region",
        "elevation_m": null,
        "population": 0,
        "feature_type": "populated place",
        "geoname_id": 3356764
      }
    },
    {
      "type": "Feature",
      "geometry": {
        "type": "Point",
        "coordinates": [
          17.19706,
          -22.54121
        ]
      },
      "properties": {
        "name": "Hoffnung",
        "country": "Namibia",
        "region": "Khomas Region",
        "elevation_m": null,
        "population": 0,
        "feature_type": "populated place",
        "geoname_id": 3356770
      }
    },
    {
      "type": "Feature",
      "geometry": {
        "type": "Point",
        "coordinates": [
          18.35872,
          -28.47568
        ]
      },
      "properties": {
        "name": "Hochland",
        "country": "Namibia",
        "region": "Karas Region",
        "elevation_m": null,
        "population": 0,
        "feature_type": "populated place",
        "geoname_id": 3356779
      }
    },
    {
      "type": "Feature",
      "geometry": {
        "type": "Point",
        "coordinates": [
          18.78091,
          -28.59217
        ]
      },
      "properties": {
        "name": "Hochfeld",
        "country": "Namibia",
        "region": "Karas Region",
        "elevation_m": null,
        "population": 0,
        "feature_type": "populated place",
        "geoname_id": 3356785
      }
    },
    {
      "type": "Feature",
      "geometry": {
        "type": "Point",
        "coordinates": [
          17.85301,
          -21.49075
        ]
      },
      "properties": {
        "name": "Hochfeld",
        "country": "Namibia",
        "region": "Otjozondjupa Region",
        "elevation_m": null,
        "population": 0,
        "feature_type": "populated place",
        "geoname_id": 3356786
      }
    },
    {
      "type": "Feature",
      "geometry": {
        "type": "Point",
        "coordinates": [
          17.66465,
          -26.20299
        ]
      },
      "properties": {
        "name": "Hoapegas",
        "country": "Namibia",
        "region": "Karas Region",
        "elevation_m": null,
        "population": 0,
        "feature_type": "populated place",
        "geoname_id": 3356796
      }
    },
    {
      "type": "Feature",
      "geometry": {
        "type": "Point",
        "coordinates": [
          14.83333,
          -22.7
        ]
      },
      "properties": {
        "name": "Hildenhof",
        "country": "Namibia",
        "region": "Erongo Region",
        "elevation_m": null,
        "population": 0,
        "feature_type": "populated place",
        "geoname_id": 3356811
      }
    },
    {
      "type": "Feature",
      "geometry": {
        "type": "Point",
        "coordinates": [
          18.73333,
          -18.95
        ]
      },
      "properties": {
        "name": "Henta",
        "country": "Namibia",
        "region": "Otjozondjupa Region",
        "elevation_m": null,
        "population": 0,
        "feature_type": "populated place",
        "geoname_id": 3356833
      }
    },
    {
      "type": "Feature",
      "geometry": {
        "type": "Point",
        "coordinates": [
          16.82301,
          -25.89057
        ]
      },
      "properties": {
        "name": "Helmeringhausen",
        "country": "Namibia",
        "region": "Karas Region",
        "elevation_m": null,
        "population": 0,
        "feature_type": "populated place",
        "geoname_id": 3356838
      }
    },
    {
      "type": "Feature",
      "geometry": {
        "type": "Point",
        "coordinates": [
          17.48333,
          -22.1
        ]
      },
      "properties": {
        "name": "Helen",
        "country": "Namibia",
        "region": "Khomas Region",
        "elevation_m": null,
        "population": 0,
        "feature_type": "populated place",
        "geoname_id": 3356845
      }
    },
    {
      "type": "Feature",
      "geometry": {
        "type": "Point",
        "coordinates": [
          17.99657,
          -22.91331
        ]
      },
      "properties": {
        "name": "Heimat",
        "country": "Namibia",
        "region": "Khomas Region",
        "elevation_m": null,
        "population": 0,
        "feature_type": "populated place",
        "geoname_id": 3356855
      }
    },
    {
      "type": "Feature",
      "geometry": {
        "type": "Point",
        "coordinates": [
          19.16855,
          -18.97904
        ]
      },
      "properties": {
        "name": "Heidehof",
        "country": "Namibia",
        "region": "Otjozondjupa Region",
        "elevation_m": null,
        "population": 0,
        "feature_type": "populated place",
        "geoname_id": 3356862
      }
    },
    {
      "type": "Feature",
      "geometry": {
        "type": "Point",
        "coordinates": [
          16.69245,
          -23.1036
        ]
      },
      "properties": {
        "name": "Hefner",
        "country": "Namibia",
        "region": "Khomas Region",
        "elevation_m": null,
        "population": 0,
        "feature_type": "populated place",
        "geoname_id": 3356865
      }
    },
    {
      "type": "Feature",
      "geometry": {
        "type": "Point",
        "coordinates": [
          17.62313,
          -22.91417
        ]
      },
      "properties": {
        "name": "Hatsamas",
        "country": "Namibia",
        "region": "Khomas Region",
        "elevation_m": null,
        "population": 0,
        "feature_type": "populated place",
        "geoname_id": 3356879
      }
    },
    {
      "type": "Feature",
      "geometry": {
        "type": "Point",
        "coordinates": [
          16.4849,
          -23.02685
        ]
      },
      "properties": {
        "name": "Hartelust",
        "country": "Namibia",
        "region": "Khomas Region",
        "elevation_m": null,
        "population": 0,
        "feature_type": "populated place",
        "geoname_id": 3356897
      }
    },
    {
      "type": "Feature",
      "geometry": {
        "type": "Point",
        "coordinates": [
          19.12134,
          -20.84015
        ]
      },
      "properties": {
        "name": "Harmse",
        "country": "Namibia",
        "region": "Omaheke Region",
        "elevation_m": null,
        "population": 0,
        "feature_type": "populated place",
        "geoname_id": 3356913
      }
    },
    {
      "type": "Feature",
      "geometry": {
        "type": "Point",
        "coordinates": [
          16.86358,
          -22.7893
        ]
      },
      "properties": {
        "name": "Haris",
        "country": "Namibia",
        "region": "Khomas Region",
        "elevation_m": null,
        "population": 0,
        "feature_type": "populated place",
        "geoname_id": 3356917
      }
    },
    {
      "type": "Feature",
      "geometry": {
        "type": "Point",
        "coordinates": [
          17.53775,
          -24.61948
        ]
      },
      "properties": {
        "name": "Haribes",
        "country": "Namibia",
        "region": "Hardap Region",
        "elevation_m": null,
        "population": 0,
        "feature_type": "populated place",
        "geoname_id": 3356924
      }
    },
    {
      "type": "Feature",
      "geometry": {
        "type": "Point",
        "coordinates": [
          17.93526,
          -24.54229
        ]
      },
      "properties": {
        "name": "Hardap",
        "country": "Namibia",
        "region": "Hardap Region",
        "elevation_m": null,
        "population": 0,
        "feature_type": "populated place",
        "geoname_id": 3356934
      }
    },
    {
      "type": "Feature",
      "geometry": {
        "type": "Point",
        "coordinates": [
          18.41682,
          -18.98318
        ]
      },
      "properties": {
        "name": "Hantam",
        "country": "Namibia",
        "region": "Otjozondjupa Region",
        "elevation_m": null,
        "population": 0,
        "feature_type": "populated place",
        "geoname_id": 3356939
      }
    },
    {
      "type": "Feature",
      "geometry": {
        "type": "Point",
        "coordinates": [
          13.78333,
          -18.5
        ]
      },
      "properties": {
        "name": "Hamutenja",
        "country": "Namibia",
        "region": "Kunene Region",
        "elevation_m": null,
        "population": 0,
        "feature_type": "populated place",
        "geoname_id": 3356946
      }
    },
    {
      "type": "Feature",
      "geometry": {
        "type": "Point",
        "coordinates": [
          19.74577,
          -18.22258
        ]
      },
      "properties": {
        "name": "Hamoye",
        "country": "Namibia",
        "region": "Kavango West",
        "elevation_m": null,
        "population": 0,
        "feature_type": "populated place",
        "geoname_id": 3356948
      }
    },
    {
      "type": "Feature",
      "geometry": {
        "type": "Point",
        "coordinates": [
          16.17743,
          -24.87287
        ]
      },
      "properties": {
        "name": "Hammerstein",
        "country": "Namibia",
        "region": "Hardap Region",
        "elevation_m": null,
        "population": 0,
        "feature_type": "populated place",
        "geoname_id": 3356949
      }
    },
    {
      "type": "Feature",
      "geometry": {
        "type": "Point",
        "coordinates": [
          19.26734,
          -28.10393
        ]
      },
      "properties": {
        "name": "Groendoring",
        "country": "Namibia",
        "region": "Karas Region",
        "elevation_m": null,
        "population": 0,
        "feature_type": "populated place",
        "geoname_id": 3356956
      }
    },
    {
      "type": "Feature",
      "geometry": {
        "type": "Point",
        "coordinates": [
          19.44077,
          -17.87521
        ]
      },
      "properties": {
        "name": "Halili",
        "country": "Namibia",
        "region": "Kavango West",
        "elevation_m": null,
        "population": 0,
        "feature_type": "populated place",
        "geoname_id": 3356960
      }
    },
    {
      "type": "Feature",
      "geometry": {
        "type": "Point",
        "coordinates": [
          18.61037,
          -28.38721
        ]
      },
      "properties": {
        "name": "Haldenwang",
        "country": "Namibia",
        "region": "Karas Region",
        "elevation_m": null,
        "population": 0,
        "feature_type": "populated place",
        "geoname_id": 3356962
      }
    },
    {
      "type": "Feature",
      "geometry": {
        "type": "Point",
        "coordinates": [
          16.47031,
          -19.03616
        ]
      },
      "properties": {
        "name": "Halali",
        "country": "Namibia",
        "region": "Kunene Region",
        "elevation_m": null,
        "population": 0,
        "feature_type": "populated place",
        "geoname_id": 3356964
      }
    },
    {
      "type": "Feature",
      "geometry": {
        "type": "Point",
        "coordinates": [
          16.3631,
          -23.23579
        ]
      },
      "properties": {
        "name": "Hakos",
        "country": "Namibia",
        "region": "Khomas Region",
        "elevation_m": null,
        "population": 0,
        "feature_type": "populated place",
        "geoname_id": 3356967
      }
    },
    {
      "type": "Feature",
      "geometry": {
        "type": "Point",
        "coordinates": [
          18.23906,
          -28.88949
        ]
      },
      "properties": {
        "name": "Hakiesdoorn",
        "country": "Namibia",
        "region": "Karas Region",
        "elevation_m": null,
        "population": 0,
        "feature_type": "populated place",
        "geoname_id": 3356969
      }
    },
    {
      "type": "Feature",
      "geometry": {
        "type": "Point",
        "coordinates": [
          19.10706,
          -17.83989
        ]
      },
      "properties": {
        "name": "Haisisira",
        "country": "Namibia",
        "region": "Kavango West",
        "elevation_m": null,
        "population": 0,
        "feature_type": "populated place",
        "geoname_id": 3356970
      }
    },
    {
      "type": "Feature",
      "geometry": {
        "type": "Point",
        "coordinates": [
          14.9,
          -22.7
        ]
      },
      "properties": {
        "name": "Haigamkab",
        "country": "Namibia",
        "region": "Erongo Region",
        "elevation_m": null,
        "population": 0,
        "feature_type": "populated place",
        "geoname_id": 3356974
      }
    },
    {
      "type": "Feature",
      "geometry": {
        "type": "Point",
        "coordinates": [
          18.33333,
          -28.2
        ]
      },
      "properties": {
        "name": "Haib Rhenish Mission",
        "country": "Namibia",
        "region": "Karas Region",
        "elevation_m": null,
        "population": 0,
        "feature_type": "populated place",
        "geoname_id": 3356977
      }
    },
    {
      "type": "Feature",
      "geometry": {
        "type": "Point",
        "coordinates": [
          18.33665,
          -28.20033
        ]
      },
      "properties": {
        "name": "Haib",
        "country": "Namibia",
        "region": "Karas Region",
        "elevation_m": null,
        "population": 0,
        "feature_type": "populated place",
        "geoname_id": 3356983
      }
    },
    {
      "type": "Feature",
      "geometry": {
        "type": "Point",
        "coordinates": [
          15.32426,
          -21.39065
        ]
      },
      "properties": {
        "name": "Huni Aus",
        "country": "Namibia",
        "region": "Erongo Region",
        "elevation_m": null,
        "population": 0,
        "feature_type": "populated place",
        "geoname_id": 3356990
      }
    },
    {
      "type": "Feature",
      "geometry": {
        "type": "Point",
        "coordinates": [
          19.65219,
          -23.73961
        ]
      },
      "properties": {
        "name": "Gunkas",
        "country": "Namibia",
        "region": "Omaheke Region",
        "elevation_m": null,
        "population": 0,
        "feature_type": "populated place",
        "geoname_id": 3357028
      }
    },
    {
      "type": "Feature",
      "geometry": {
        "type": "Point",
        "coordinates": [
          18.67385,
          -19.74363
        ]
      },
      "properties": {
        "name": "Gumib",
        "country": "Namibia",
        "region": "Otjozondjupa Region",
        "elevation_m": null,
        "population": 0,
        "feature_type": "populated place",
        "geoname_id": 3357031
      }
    },
    {
      "type": "Feature",
      "geometry": {
        "type": "Point",
        "coordinates": [
          16.29347,
          -23.7694
        ]
      },
      "properties": {
        "name": "Guisis",
        "country": "Namibia",
        "region": "Khomas Region",
        "elevation_m": null,
        "population": 0,
        "feature_type": "populated place",
        "geoname_id": 3357040
      }
    },
    {
      "type": "Feature",
      "geometry": {
        "type": "Point",
        "coordinates": [
          18.44763,
          -28.03732
        ]
      },
      "properties": {
        "name": "Guichabis",
        "country": "Namibia",
        "region": "Karas Region",
        "elevation_m": null,
        "population": 0,
        "feature_type": "populated place",
        "geoname_id": 3357050
      }
    },
    {
      "type": "Feature",
      "geometry": {
        "type": "Point",
        "coordinates": [
          16.74567,
          -22.11144
        ]
      },
      "properties": {
        "name": "Gross Barmen",
        "country": "Namibia",
        "region": "Otjozondjupa Region",
        "elevation_m": null,
        "population": 0,
        "feature_type": "populated place",
        "geoname_id": 3357087
      }
    },
    {
      "type": "Feature",
      "geometry": {
        "type": "Point",
        "coordinates": [
          17.0494,
          -26.65197
        ]
      },
      "properties": {
        "name": "Groot Schwarzkuppe",
        "country": "Namibia",
        "region": "Karas Region",
        "elevation_m": null,
        "population": 0,
        "feature_type": "populated place",
        "geoname_id": 3357095
      }
    },
    {
      "type": "Feature",
      "geometry": {
        "type": "Point",
        "coordinates": [
          18.27537,
          -28.00989
        ]
      },
      "properties": {
        "name": "Grootplaats",
        "country": "Namibia",
        "region": "Karas Region",
        "elevation_m": null,
        "population": 0,
        "feature_type": "populated place",
        "geoname_id": 3357097
      }
    },
    {
      "type": "Feature",
      "geometry": {
        "type": "Point",
        "coordinates": [
          18.16204,
          -27.98987
        ]
      },
      "properties": {
        "name": "Grootplaas",
        "country": "Namibia",
        "region": "Karas Region",
        "elevation_m": null,
        "population": 0,
        "feature_type": "populated place",
        "geoname_id": 3357099
      }
    },
    {
      "type": "Feature",
      "geometry": {
        "type": "Point",
        "coordinates": [
          16.75,
          -25.01667
        ]
      },
      "properties": {
        "name": "Grootfontein",
        "country": "Namibia",
        "region": "Hardap Region",
        "elevation_m": null,
        "population": 0,
        "feature_type": "populated place",
        "geoname_id": 3357113
      }
    },
    {
      "type": "Feature",
      "geometry": {
        "type": "Point",
        "coordinates": [
          16.99063,
          -23.72844
        ]
      },
      "properties": {
        "name": "Groendraai",
        "country": "Namibia",
        "region": "Hardap Region",
        "elevation_m": null,
        "population": 0,
        "feature_type": "populated place",
        "geoname_id": 3357131
      }
    },
    {
      "type": "Feature",
      "geometry": {
        "type": "Point",
        "coordinates": [
          15.35827,
          -26.99381
        ]
      },
      "properties": {
        "name": "Grillenthal",
        "country": "Namibia",
        "region": "Karas Region",
        "elevation_m": null,
        "population": 0,
        "feature_type": "populated place",
        "geoname_id": 3357138
      }
    },
    {
      "type": "Feature",
      "geometry": {
        "type": "Point",
        "coordinates": [
          14.61667,
          -22.63333
        ]
      },
      "properties": {
        "name": "Grieserau",
        "country": "Namibia",
        "region": "Erongo Region",
        "elevation_m": null,
        "population": 0,
        "feature_type": "populated place",
        "geoname_id": 3357140
      }
    },
    {
      "type": "Feature",
      "geometry": {
        "type": "Point",
        "coordinates": [
          15.4,
          -27.36667
        ]
      },
      "properties": {
        "name": "Granitberg",
        "country": "Namibia",
        "region": "Karas Region",
        "elevation_m": null,
        "population": 0,
        "feature_type": "abandoned populated place",
        "geoname_id": 3357170
      }
    },
    {
      "type": "Feature",
      "geometry": {
        "type": "Point",
        "coordinates": [
          19.31444,
          -18.37966
        ]
      },
      "properties": {
        "name": "Cove",
        "country": "Namibia",
        "region": "Kavango West",
        "elevation_m": null,
        "population": 0,
        "feature_type": "populated place",
        "geoname_id": 3357177
      }
    },
    {
      "type": "Feature",
      "geometry": {
        "type": "Point",
        "coordinates": [
          18.63658,
          -21.00458
        ]
      },
      "properties": {
        "name": "Goroseb",
        "country": "Namibia",
        "region": "Omaheke Region",
        "elevation_m": null,
        "population": 0,
        "feature_type": "populated place",
        "geoname_id": 3357184
      }
    },
    {
      "type": "Feature",
      "geometry": {
        "type": "Point",
        "coordinates": [
          18.01105,
          -18.86807
        ]
      },
      "properties": {
        "name": "Gorooab West",
        "country": "Namibia",
        "region": "Oshikoto Region",
        "elevation_m": null,
        "population": 0,
        "feature_type": "populated place",
        "geoname_id": 3357185
      }
    },
    {
      "type": "Feature",
      "geometry": {
        "type": "Point",
        "coordinates": [
          18.04174,
          -18.86307
        ]
      },
      "properties": {
        "name": "Gorooab Ost",
        "country": "Namibia",
        "region": "Oshikoto Region",
        "elevation_m": null,
        "population": 0,
        "feature_type": "populated place",
        "geoname_id": 3357186
      }
    },
    {
      "type": "Feature",
      "geometry": {
        "type": "Point",
        "coordinates": [
          16.53755,
          -23.28064
        ]
      },
      "properties": {
        "name": "Göllschau",
        "country": "Namibia",
        "region": "Khomas Region",
        "elevation_m": null,
        "population": 0,
        "feature_type": "populated place",
        "geoname_id": 3357217
      }
    },
    {
      "type": "Feature",
      "geometry": {
        "type": "Point",
        "coordinates": [
          17.17745,
          -22.84545
        ]
      },
      "properties": {
        "name": "Gocheganas",
        "country": "Namibia",
        "region": "Khomas Region",
        "elevation_m": null,
        "population": 0,
        "feature_type": "populated place",
        "geoname_id": 3357232
      }
    },
    {
      "type": "Feature",
      "geometry": {
        "type": "Point",
        "coordinates": [
          17.12915,
          -22.80925
        ]
      },
      "properties": {
        "name": "Gocheganas",
        "country": "Namibia",
        "region": "Khomas Region",
        "elevation_m": null,
        "population": 0,
        "feature_type": "populated place",
        "geoname_id": 3357233
      }
    },
    {
      "type": "Feature",
      "geometry": {
        "type": "Point",
        "coordinates": [
          15.05421,
          -23.56513
        ]
      },
      "properties": {
        "name": "Gobabeb",
        "country": "Namibia",
        "region": "Erongo Region",
        "elevation_m": null,
        "population": 0,
        "feature_type": "populated place",
        "geoname_id": 3357249
      }
    },
    {
      "type": "Feature",
      "geometry": {
        "type": "Point",
        "coordinates": [
          14.83086,
          -22.66791
        ]
      },
      "properties": {
        "name": "Goanikontes",
        "country": "Namibia",
        "region": "Erongo Region",
        "elevation_m": null,
        "population": 0,
        "feature_type": "populated place",
        "geoname_id": 3357257
      }
    },
    {
      "type": "Feature",
      "geometry": {
        "type": "Point",
        "coordinates": [
          18.31667,
          -18.96667
        ]
      },
      "properties": {
        "name": "Goabis",
        "country": "Namibia",
        "region": "Otjozondjupa Region",
        "elevation_m": null,
        "population": 0,
        "feature_type": "populated place",
        "geoname_id": 3357265
      }
    },
    {
      "type": "Feature",
      "geometry": {
        "type": "Point",
        "coordinates": [
          17.03333,
          -21.98333
        ]
      },
      "properties": {
        "name": "Gkamboro Settlement",
        "country": "Namibia",
        "region": "Otjozondjupa Region",
        "elevation_m": null,
        "population": 0,
        "feature_type": "populated place",
        "geoname_id": 3357282
      }
    },
    {
      "type": "Feature",
      "geometry": {
        "type": "Point",
        "coordinates": [
          18.0841,
          -26.46478
        ]
      },
      "properties": {
        "name": "Gellap Ost",
        "country": "Namibia",
        "region": "Karas Region",
        "elevation_m": null,
        "population": 0,
        "feature_type": "populated place",
        "geoname_id": 3357334
      }
    },
    {
      "type": "Feature",
      "geometry": {
        "type": "Point",
        "coordinates": [
          19.75889,
          -18.49721
        ]
      },
      "properties": {
        "name": "Gcwatjinga",
        "country": "Namibia",
        "region": "Kavango East",
        "elevation_m": null,
        "population": 0,
        "feature_type": "populated place",
        "geoname_id": 3357359
      }
    },
    {
      "type": "Feature",
      "geometry": {
        "type": "Point",
        "coordinates": [
          19.15,
          -17.83333
        ]
      },
      "properties": {
        "name": "Gcwagi",
        "country": "Namibia",
        "region": "Kavango West",
        "elevation_m": null,
        "population": 0,
        "feature_type": "populated place",
        "geoname_id": 3357360
      }
    },
    {
      "type": "Feature",
      "geometry": {
        "type": "Point",
        "coordinates": [
          19.76405,
          -18.17265
        ]
      },
      "properties": {
        "name": "Gcunda",
        "country": "Namibia",
        "region": "Kavango West",
        "elevation_m": null,
        "population": 0,
        "feature_type": "populated place",
        "geoname_id": 3357361
      }
    },
    {
      "type": "Feature",
      "geometry": {
        "type": "Point",
        "coordinates": [
          19.36181,
          -18.07227
        ]
      },
      "properties": {
        "name": "Gcugcuma",
        "country": "Namibia",
        "region": "Kavango West",
        "elevation_m": null,
        "population": 0,
        "feature_type": "populated place",
        "geoname_id": 3357362
      }
    },
    {
      "type": "Feature",
      "geometry": {
        "type": "Point",
        "coordinates": [
          18.91828,
          -18.00931
        ]
      },
      "properties": {
        "name": "Gcaruhwa",
        "country": "Namibia",
        "region": "Kavango West",
        "elevation_m": null,
        "population": 0,
        "feature_type": "populated place",
        "geoname_id": 3357363
      }
    },
    {
      "type": "Feature",
      "geometry": {
        "type": "Point",
        "coordinates": [
          19.70849,
          -18.43898
        ]
      },
      "properties": {
        "name": "Gcaru",
        "country": "Namibia",
        "region": "Kavango West",
        "elevation_m": null,
        "population": 0,
        "feature_type": "populated place",
        "geoname_id": 3357365
      }
    },
    {
      "type": "Feature",
      "geometry": {
        "type": "Point",
        "coordinates": [
          19.67646,
          -18.47312
        ]
      },
      "properties": {
        "name": "Gcama",
        "country": "Namibia",
        "region": "Kavango West",
        "elevation_m": null,
        "population": 0,
        "feature_type": "populated place",
        "geoname_id": 3357367
      }
    },
    {
      "type": "Feature",
      "geometry": {
        "type": "Point",
        "coordinates": [
          19.15426,
          -18.16631
        ]
      },
      "properties": {
        "name": "Gcagcawe",
        "country": "Namibia",
        "region": "Kavango West",
        "elevation_m": null,
        "population": 0,
        "feature_type": "populated place",
        "geoname_id": 3357368
      }
    },
    {
      "type": "Feature",
      "geometry": {
        "type": "Point",
        "coordinates": [
          18.44175,
          -17.8785
        ]
      },
      "properties": {
        "name": "Gava",
        "country": "Namibia",
        "region": "Kavango West",
        "elevation_m": null,
        "population": 0,
        "feature_type": "populated place",
        "geoname_id": 3357375
      }
    },
    {
      "type": "Feature",
      "geometry": {
        "type": "Point",
        "coordinates": [
          14.92158,
          -20.21229
        ]
      },
      "properties": {
        "name": "Garettespos",
        "country": "Namibia",
        "region": "Kunene Region",
        "elevation_m": null,
        "population": 0,
        "feature_type": "populated place",
        "geoname_id": 3357398
      }
    },
    {
      "type": "Feature",
      "geometry": {
        "type": "Point",
        "coordinates": [
          17.63249,
          -23.13516
        ]
      },
      "properties": {
        "name": "Garib Ost",
        "country": "Namibia",
        "region": "Khomas Region",
        "elevation_m": null,
        "population": 0,
        "feature_type": "populated place",
        "geoname_id": 3357407
      }
    },
    {
      "type": "Feature",
      "geometry": {
        "type": "Point",
        "coordinates": [
          16.18333,
          -25.98333
        ]
      },
      "properties": {
        "name": "Garep",
        "country": "Namibia",
        "region": "Karas Region",
        "elevation_m": null,
        "population": 0,
        "feature_type": "populated place",
        "geoname_id": 3357409
      }
    },
    {
      "type": "Feature",
      "geometry": {
        "type": "Point",
        "coordinates": [
          18.35303,
          -28.7652
        ]
      },
      "properties": {
        "name": "Gaobis",
        "country": "Namibia",
        "region": "Karas Region",
        "elevation_m": null,
        "population": 0,
        "feature_type": "populated place",
        "geoname_id": 3357416
      }
    },
    {
      "type": "Feature",
      "geometry": {
        "type": "Point",
        "coordinates": [
          18.01132,
          -25.83471
        ]
      },
      "properties": {
        "name": "Ganigobes",
        "country": "Namibia",
        "region": "Karas Region",
        "elevation_m": null,
        "population": 0,
        "feature_type": "populated place",
        "geoname_id": 3357426
      }
    },
    {
      "type": "Feature",
      "geometry": {
        "type": "Point",
        "coordinates": [
          16.34208,
          -23.3335
        ]
      },
      "properties": {
        "name": "Gamsberg",
        "country": "Namibia",
        "region": "Khomas Region",
        "elevation_m": null,
        "population": 0,
        "feature_type": "populated place",
        "geoname_id": 3357444
      }
    },
    {
      "type": "Feature",
      "geometry": {
        "type": "Point",
        "coordinates": [
          17.70895,
          -25.76099
        ]
      },
      "properties": {
        "name": "Gainachas",
        "country": "Namibia",
        "region": "Karas Region",
        "elevation_m": null,
        "population": 0,
        "feature_type": "populated place",
        "geoname_id": 3357470
      }
    },
    {
      "type": "Feature",
      "geometry": {
        "type": "Point",
        "coordinates": [
          17.77369,
          -28.08262
        ]
      },
      "properties": {
        "name": "Gaibes",
        "country": "Namibia",
        "region": "Karas Region",
        "elevation_m": null,
        "population": 0,
        "feature_type": "populated place",
        "geoname_id": 3357476
      }
    },
    {
      "type": "Feature",
      "geometry": {
        "type": "Point",
        "coordinates": [
          16.6099,
          -23.18323
        ]
      },
      "properties": {
        "name": "Friedental",
        "country": "Namibia",
        "region": "Khomas Region",
        "elevation_m": null,
        "population": 0,
        "feature_type": "populated place",
        "geoname_id": 3357498
      }
    },
    {
      "type": "Feature",
      "geometry": {
        "type": "Point",
        "coordinates": [
          17.31667,
          -22.76667
        ]
      },
      "properties": {
        "name": "Falena",
        "country": "Namibia",
        "region": "Khomas Region",
        "elevation_m": null,
        "population": 0,
        "feature_type": "populated place",
        "geoname_id": 3357551
      }
    },
    {
      "type": "Feature",
      "geometry": {
        "type": "Point",
        "coordinates": [
          18.26997,
          -18.94214
        ]
      },
      "properties": {
        "name": "Fairview",
        "country": "Namibia",
        "region": "Otjozondjupa Region",
        "elevation_m": null,
        "population": 0,
        "feature_type": "populated place",
        "geoname_id": 3357553
      }
    },
    {
      "type": "Feature",
      "geometry": {
        "type": "Point",
        "coordinates": [
          14.64286,
          -17.51121
        ]
      },
      "properties": {
        "name": "Eunda",
        "country": "Namibia",
        "region": "Omusati Region",
        "elevation_m": null,
        "population": 0,
        "feature_type": "populated place",
        "geoname_id": 3357568
      }
    },
    {
      "type": "Feature",
      "geometry": {
        "type": "Point",
        "coordinates": [
          15.1066,
          -17.89613
        ]
      },
      "properties": {
        "name": "Etunda",
        "country": "Namibia",
        "region": "Omusati Region",
        "elevation_m": null,
        "population": 0,
        "feature_type": "populated place",
        "geoname_id": 3357570
      }
    },
    {
      "type": "Feature",
      "geometry": {
        "type": "Point",
        "coordinates": [
          16.8,
          -17.66667
        ]
      },
      "properties": {
        "name": "Etudilondjaba",
        "country": "Namibia",
        "region": "Ohangwena Region",
        "elevation_m": null,
        "population": 0,
        "feature_type": "populated place",
        "geoname_id": 3357573
      }
    },
    {
      "type": "Feature",
      "geometry": {
        "type": "Point",
        "coordinates": [
          14.77193,
          -17.54889
        ]
      },
      "properties": {
        "name": "Etshinga",
        "country": "Namibia",
        "region": "Omusati Region",
        "elevation_m": null,
        "population": 0,
        "feature_type": "populated place",
        "geoname_id": 3357574
      }
    },
    {
      "type": "Feature",
      "geometry": {
        "type": "Point",
        "coordinates": [
          14.11465,
          -17.62605
        ]
      },
      "properties": {
        "name": "Etoto",
        "country": "Namibia",
        "region": "Kunene Region",
        "elevation_m": null,
        "population": 0,
        "feature_type": "populated place",
        "geoname_id": 3357575
      }
    },
    {
      "type": "Feature",
      "geometry": {
        "type": "Point",
        "coordinates": [
          18.29596,
          -17.51717
        ]
      },
      "properties": {
        "name": "Etope lya simpung",
        "country": "Namibia",
        "region": "Kavango West",
        "elevation_m": null,
        "population": 0,
        "feature_type": "populated place",
        "geoname_id": 3357581
      }
    },
    {
      "type": "Feature",
      "geometry": {
        "type": "Point",
        "coordinates": [
          16.06667,
          -17.43333
        ]
      },
      "properties": {
        "name": "Etomba",
        "country": "Namibia",
        "region": "Ohangwena Region",
        "elevation_m": null,
        "population": 0,
        "feature_type": "populated place",
        "geoname_id": 3357582
      }
    },
    {
      "type": "Feature",
      "geometry": {
        "type": "Point",
        "coordinates": [
          16.53333,
          -17.81667
        ]
      },
      "properties": {
        "name": "Etjapa",
        "country": "Namibia",
        "region": "Oshikoto Region",
        "elevation_m": null,
        "population": 0,
        "feature_type": "populated place",
        "geoname_id": 3357585
      }
    },
    {
      "type": "Feature",
      "geometry": {
        "type": "Point",
        "coordinates": [
          15.1445,
          -17.9698
        ]
      },
      "properties": {
        "name": "Etilyasa",
        "country": "Namibia",
        "region": "Omusati Region",
        "elevation_m": null,
        "population": 0,
        "feature_type": "populated place",
        "geoname_id": 3357587
      }
    },
    {
      "type": "Feature",
      "geometry": {
        "type": "Point",
        "coordinates": [
          13.03447,
          -17.47367
        ]
      },
      "properties": {
        "name": "Etengwa",
        "country": "Namibia",
        "region": "Kunene Region",
        "elevation_m": null,
        "population": 0,
        "feature_type": "populated place",
        "geoname_id": 3357588
      }
    },
    {
      "type": "Feature",
      "geometry": {
        "type": "Point",
        "coordinates": [
          15.5252,
          -17.55514
        ]
      },
      "properties": {
        "name": "Etayi",
        "country": "Namibia",
        "region": "Omusati Region",
        "elevation_m": null,
        "population": 0,
        "feature_type": "populated place",
        "geoname_id": 3357592
      }
    },
    {
      "type": "Feature",
      "geometry": {
        "type": "Point",
        "coordinates": [
          13.02638,
          -17.86519
        ]
      },
      "properties": {
        "name": "Etanga",
        "country": "Namibia",
        "region": "Kunene Region",
        "elevation_m": null,
        "population": 0,
        "feature_type": "populated place",
        "geoname_id": 3357593
      }
    },
    {
      "type": "Feature",
      "geometry": {
        "type": "Point",
        "coordinates": [
          16.40123,
          -18.15007
        ]
      },
      "properties": {
        "name": "Etaneno",
        "country": "Namibia",
        "region": "Oshikoto Region",
        "elevation_m": null,
        "population": 0,
        "feature_type": "populated place",
        "geoname_id": 3357595
      }
    },
    {
      "type": "Feature",
      "geometry": {
        "type": "Point",
        "coordinates": [
          16.34578,
          -18.29354
        ]
      },
      "properties": {
        "name": "Etambo",
        "country": "Namibia",
        "region": "Oshikoto Region",
        "elevation_m": null,
        "population": 0,
        "feature_type": "populated place",
        "geoname_id": 3357596
      }
    },
    {
      "type": "Feature",
      "geometry": {
        "type": "Point",
        "coordinates": [
          16.47819,
          -18.01416
        ]
      },
      "properties": {
        "name": "Etambo",
        "country": "Namibia",
        "region": "Oshikoto Region",
        "elevation_m": null,
        "population": 0,
        "feature_type": "populated place",
        "geoname_id": 3357597
      }
    },
    {
      "type": "Feature",
      "geometry": {
        "type": "Point",
        "coordinates": [
          15.70795,
          -18.02996
        ]
      },
      "properties": {
        "name": "Lyeenguwa",
        "country": "Namibia",
        "region": "Oshana Region",
        "elevation_m": null,
        "population": 0,
        "feature_type": "populated place",
        "geoname_id": 3357598
      }
    },
    {
      "type": "Feature",
      "geometry": {
        "type": "Point",
        "coordinates": [
          15.95,
          -17.53333
        ]
      },
      "properties": {
        "name": "Etale",
        "country": "Namibia",
        "region": "Ohangwena Region",
        "elevation_m": null,
        "population": 0,
        "feature_type": "populated place",
        "geoname_id": 3357600
      }
    },
    {
      "type": "Feature",
      "geometry": {
        "type": "Point",
        "coordinates": [
          16.81667,
          -17.65
        ]
      },
      "properties": {
        "name": "Etakaya",
        "country": "Namibia",
        "region": "Ohangwena Region",
        "elevation_m": null,
        "population": 0,
        "feature_type": "populated place",
        "geoname_id": 3357601
      }
    },
    {
      "type": "Feature",
      "geometry": {
        "type": "Point",
        "coordinates": [
          16.86667,
          -17.66667
        ]
      },
      "properties": {
        "name": "Eshosho",
        "country": "Namibia",
        "region": "Ohangwena Region",
        "elevation_m": null,
        "population": 0,
        "feature_type": "populated place",
        "geoname_id": 3357607
      }
    },
    {
      "type": "Feature",
      "geometry": {
        "type": "Point",
        "coordinates": [
          16.09826,
          -18.09558
        ]
      },
      "properties": {
        "name": "Esheshete",
        "country": "Namibia",
        "region": "Oshikoto Region",
        "elevation_m": null,
        "population": 0,
        "feature_type": "populated place",
        "geoname_id": 3357608
      }
    },
    {
      "type": "Feature",
      "geometry": {
        "type": "Point",
        "coordinates": [
          15.33033,
          -18.077
        ]
      },
      "properties": {
        "name": "Esheshete",
        "country": "Namibia",
        "region": "Omusati Region",
        "elevation_m": null,
        "population": 0,
        "feature_type": "populated place",
        "geoname_id": 3357609
      }
    },
    {
      "type": "Feature",
      "geometry": {
        "type": "Point",
        "coordinates": [
          17.119,
          -17.58208
        ]
      },
      "properties": {
        "name": "Eshakeno",
        "country": "Namibia",
        "region": "Ohangwena Region",
        "elevation_m": null,
        "population": 0,
        "feature_type": "populated place",
        "geoname_id": 3357610
      }
    },
    {
      "type": "Feature",
      "geometry": {
        "type": "Point",
        "coordinates": [
          18.87541,
          -28.75891
        ]
      },
      "properties": {
        "name": "Eselsrus",
        "country": "Namibia",
        "region": "Karas Region",
        "elevation_m": null,
        "population": 0,
        "feature_type": "populated place",
        "geoname_id": 3357611
      }
    },
    {
      "type": "Feature",
      "geometry": {
        "type": "Point",
        "coordinates": [
          15.78418,
          -18.01905
        ]
      },
      "properties": {
        "name": "Esati",
        "country": "Namibia",
        "region": "Oshana Region",
        "elevation_m": null,
        "population": 0,
        "feature_type": "populated place",
        "geoname_id": 3357616
      }
    },
    {
      "type": "Feature",
      "geometry": {
        "type": "Point",
        "coordinates": [
          17.0975,
          -22.54139
        ]
      },
      "properties": {
        "name": "Erospark",
        "country": "Namibia",
        "region": "Khomas Region",
        "elevation_m": null,
        "population": 0,
        "feature_type": "section of populated place",
        "geoname_id": 3357622
      }
    },
    {
      "type": "Feature",
      "geometry": {
        "type": "Point",
        "coordinates": [
          19.12942,
          -21.1269
        ]
      },
      "properties": {
        "name": "Erindiroukambe",
        "country": "Namibia",
        "region": "Omaheke Region",
        "elevation_m": null,
        "population": 0,
        "feature_type": "populated place",
        "geoname_id": 3357632
      }
    },
    {
      "type": "Feature",
      "geometry": {
        "type": "Point",
        "coordinates": [
          17.96667,
          -20.3
        ]
      },
      "properties": {
        "name": "Erakarombi",
        "country": "Namibia",
        "region": "Otjozondjupa Region",
        "elevation_m": null,
        "population": 0,
        "feature_type": "populated place",
        "geoname_id": 3357639
      }
    },
    {
      "type": "Feature",
      "geometry": {
        "type": "Point",
        "coordinates": [
          15.93371,
          -17.72704
        ]
      },
      "properties": {
        "name": "Epyalyiipundu",
        "country": "Namibia",
        "region": "Oshana Region",
        "elevation_m": null,
        "population": 0,
        "feature_type": "populated place",
        "geoname_id": 3357640
      }
    },
    {
      "type": "Feature",
      "geometry": {
        "type": "Point",
        "coordinates": [
          15.61839,
          -20.59972
        ]
      },
      "properties": {
        "name": "Epupa",
        "country": "Namibia",
        "region": "Otjozondjupa Region",
        "elevation_m": null,
        "population": 0,
        "feature_type": "populated place",
        "geoname_id": 3357643
      }
    },
    {
      "type": "Feature",
      "geometry": {
        "type": "Point",
        "coordinates": [
          16.10764,
          -18.21508
        ]
      },
      "properties": {
        "name": "Epumbu",
        "country": "Namibia",
        "region": "Oshikoto Region",
        "elevation_m": null,
        "population": 0,
        "feature_type": "populated place",
        "geoname_id": 3357645
      }
    },
    {
      "type": "Feature",
      "geometry": {
        "type": "Point",
        "coordinates": [
          15.77614,
          -17.5635
        ]
      },
      "properties": {
        "name": "Epuku",
        "country": "Namibia",
        "region": "Ohangwena Region",
        "elevation_m": null,
        "population": 0,
        "feature_type": "populated place",
        "geoname_id": 3357646
      }
    },
    {
      "type": "Feature",
      "geometry": {
        "type": "Point",
        "coordinates": [
          19.1023,
          -21.69316
        ]
      },
      "properties": {
        "name": "Epukiro",
        "country": "Namibia",
        "region": "Omaheke Region",
        "elevation_m": null,
        "population": 0,
        "feature_type": "populated place",
        "geoname_id": 3357647
      }
    },
    {
      "type": "Feature",
      "geometry": {
        "type": "Point",
        "coordinates": [
          15.21247,
          -17.4798
        ]
      },
      "properties": {
        "name": "Epoko",
        "country": "Namibia",
        "region": "Omusati Region",
        "elevation_m": null,
        "population": 0,
        "feature_type": "populated place",
        "geoname_id": 3357649
      }
    },
    {
      "type": "Feature",
      "geometry": {
        "type": "Point",
        "coordinates": [
          16.41667,
          -17.41667
        ]
      },
      "properties": {
        "name": "Epinga",
        "country": "Namibia",
        "region": "Ohangwena Region",
        "elevation_m": null,
        "population": 0,
        "feature_type": "populated place",
        "geoname_id": 3357651
      }
    },
    {
      "type": "Feature",
      "geometry": {
        "type": "Point",
        "coordinates": [
          16.477,
          -17.781
        ]
      },
      "properties": {
        "name": "Epembe",
        "country": "Namibia",
        "region": "Ohangwena Region",
        "elevation_m": null,
        "population": 0,
        "feature_type": "populated place",
        "geoname_id": 3357653
      }
    },
    {
      "type": "Feature",
      "geometry": {
        "type": "Point",
        "coordinates": [
          16.21667,
          -18.18333
        ]
      },
      "properties": {
        "name": "Epeke",
        "country": "Namibia",
        "region": "Oshikoto Region",
        "elevation_m": null,
        "population": 0,
        "feature_type": "populated place",
        "geoname_id": 3357654
      }
    },
    {
      "type": "Feature",
      "geometry": {
        "type": "Point",
        "coordinates": [
          15.19694,
          -17.86989
        ]
      },
      "properties": {
        "name": "Epato",
        "country": "Namibia",
        "region": "Omusati Region",
        "elevation_m": null,
        "population": 0,
        "feature_type": "populated place",
        "geoname_id": 3357655
      }
    },
    {
      "type": "Feature",
      "geometry": {
        "type": "Point",
        "coordinates": [
          18.85745,
          -21.08132
        ]
      },
      "properties": {
        "name": "Epata",
        "country": "Namibia",
        "region": "Omaheke Region",
        "elevation_m": null,
        "population": 0,
        "feature_type": "populated place",
        "geoname_id": 3357656
      }
    },
    {
      "type": "Feature",
      "geometry": {
        "type": "Point",
        "coordinates": [
          16.61667,
          -17.46667
        ]
      },
      "properties": {
        "name": "Epasha",
        "country": "Namibia",
        "region": "Ohangwena Region",
        "elevation_m": null,
        "population": 0,
        "feature_type": "populated place",
        "geoname_id": 3357657
      }
    },
    {
      "type": "Feature",
      "geometry": {
        "type": "Point",
        "coordinates": [
          17.23916,
          -17.55519
        ]
      },
      "properties": {
        "name": "Epangwe",
        "country": "Namibia",
        "region": "Ohangwena Region",
        "elevation_m": null,
        "population": 0,
        "feature_type": "populated place",
        "geoname_id": 3357658
      }
    },
    {
      "type": "Feature",
      "geometry": {
        "type": "Point",
        "coordinates": [
          17.08925,
          -17.4714
        ]
      },
      "properties": {
        "name": "Epalalalinini",
        "country": "Namibia",
        "region": "Ohangwena Region",
        "elevation_m": null,
        "population": 0,
        "feature_type": "populated place",
        "geoname_id": 3357659
      }
    },
    {
      "type": "Feature",
      "geometry": {
        "type": "Point",
        "coordinates": [
          18.98333,
          -22.43333
        ]
      },
      "properties": {
        "name": "Epako",
        "country": "Namibia",
        "region": "Omaheke Region",
        "elevation_m": null,
        "population": 0,
        "feature_type": "populated place",
        "geoname_id": 3357662
      }
    },
    {
      "type": "Feature",
      "geometry": {
        "type": "Point",
        "coordinates": [
          17.60744,
          -22.22403
        ]
      },
      "properties": {
        "name": "Eorondemba",
        "country": "Namibia",
        "region": "Khomas Region",
        "elevation_m": null,
        "population": 0,
        "feature_type": "populated place",
        "geoname_id": 3357663
      }
    },
    {
      "type": "Feature",
      "geometry": {
        "type": "Point",
        "coordinates": [
          17.39516,
          -17.58862
        ]
      },
      "properties": {
        "name": "Enyana",
        "country": "Namibia",
        "region": "Ohangwena Region",
        "elevation_m": null,
        "population": 0,
        "feature_type": "populated place",
        "geoname_id": 3357665
      }
    },
    {
      "type": "Feature",
      "geometry": {
        "type": "Point",
        "coordinates": [
          15.23434,
          -18.00804
        ]
      },
      "properties": {
        "name": "Enengo",
        "country": "Namibia",
        "region": "Omusati Region",
        "elevation_m": null,
        "population": 0,
        "feature_type": "populated place",
        "geoname_id": 3357669
      }
    },
    {
      "type": "Feature",
      "geometry": {
        "type": "Point",
        "coordinates": [
          15.21281,
          -17.92652
        ]
      },
      "properties": {
        "name": "Enongo",
        "country": "Namibia",
        "region": "Omusati Region",
        "elevation_m": null,
        "population": 0,
        "feature_type": "populated place",
        "geoname_id": 3357670
      }
    },
    {
      "type": "Feature",
      "geometry": {
        "type": "Point",
        "coordinates": [
          15.55258,
          -17.51325
        ]
      },
      "properties": {
        "name": "Enoleu",
        "country": "Namibia",
        "region": "Omusati Region",
        "elevation_m": null,
        "population": 0,
        "feature_type": "populated place",
        "geoname_id": 3357672
      }
    },
    {
      "type": "Feature",
      "geometry": {
        "type": "Point",
        "coordinates": [
          18.34785,
          -25.83748
        ]
      },
      "properties": {
        "name": "Enoch",
        "country": "Namibia",
        "region": "Karas Region",
        "elevation_m": null,
        "population": 0,
        "feature_type": "populated place",
        "geoname_id": 3357674
      }
    },
    {
      "type": "Feature",
      "geometry": {
        "type": "Point",
        "coordinates": [
          15.39804,
          -17.58905
        ]
      },
      "properties": {
        "name": "Enkundi",
        "country": "Namibia",
        "region": "Omusati Region",
        "elevation_m": null,
        "population": 0,
        "feature_type": "populated place",
        "geoname_id": 3357675
      }
    },
    {
      "type": "Feature",
      "geometry": {
        "type": "Point",
        "coordinates": [
          16.01667,
          -17.55
        ]
      },
      "properties": {
        "name": "Enghandja",
        "country": "Namibia",
        "region": "Ohangwena Region",
        "elevation_m": null,
        "population": 0,
        "feature_type": "populated place",
        "geoname_id": 3357680
      }
    },
    {
      "type": "Feature",
      "geometry": {
        "type": "Point",
        "coordinates": [
          15.88112,
          -17.43434
        ]
      },
      "properties": {
        "name": "Engela",
        "country": "Namibia",
        "region": "Ohangwena Region",
        "elevation_m": null,
        "population": 0,
        "feature_type": "populated place",
        "geoname_id": 3357682
      }
    },
    {
      "type": "Feature",
      "geometry": {
        "type": "Point",
        "coordinates": [
          15.74216,
          -17.59924
        ]
      },
      "properties": {
        "name": "Endola",
        "country": "Namibia",
        "region": "Ohangwena Region",
        "elevation_m": null,
        "population": 0,
        "feature_type": "populated place",
        "geoname_id": 3357683
      }
    },
    {
      "type": "Feature",
      "geometry": {
        "type": "Point",
        "coordinates": [
          15.6531,
          -17.75236
        ]
      },
      "properties": {
        "name": "Emonso",
        "country": "Namibia",
        "region": "Oshana Region",
        "elevation_m": null,
        "population": 0,
        "feature_type": "populated place",
        "geoname_id": 3357687
      }
    },
    {
      "type": "Feature",
      "geometry": {
        "type": "Point",
        "coordinates": [
          18.19889,
          -18.9986
        ]
      },
      "properties": {
        "name": "Emmanuel",
        "country": "Namibia",
        "region": "Otjozondjupa Region",
        "elevation_m": null,
        "population": 0,
        "feature_type": "populated place",
        "geoname_id": 3357690
      }
    },
    {
      "type": "Feature",
      "geometry": {
        "type": "Point",
        "coordinates": [
          15.72012,
          -23.00212
        ]
      },
      "properties": {
        "name": "Emeritus",
        "country": "Namibia",
        "region": "Erongo Region",
        "elevation_m": null,
        "population": 0,
        "feature_type": "populated place",
        "geoname_id": 3357692
      }
    },
    {
      "type": "Feature",
      "geometry": {
        "type": "Point",
        "coordinates": [
          12.7981,
          -17.67129
        ]
      },
      "properties": {
        "name": "Embwende",
        "country": "Namibia",
        "region": "Kunene Region",
        "elevation_m": null,
        "population": 0,
        "feature_type": "populated place",
        "geoname_id": 3357693
      }
    },
    {
      "type": "Feature",
      "geometry": {
        "type": "Point",
        "coordinates": [
          17.01159,
          -17.39758
        ]
      },
      "properties": {
        "name": "Emanya",
        "country": "Namibia",
        "region": "Ohangwena Region",
        "elevation_m": null,
        "population": 0,
        "feature_type": "populated place",
        "geoname_id": 3357694
      }
    },
    {
      "type": "Feature",
      "geometry": {
        "type": "Point",
        "coordinates": [
          15.02589,
          -17.73357
        ]
      },
      "properties": {
        "name": "Elondo",
        "country": "Namibia",
        "region": "Omusati Region",
        "elevation_m": null,
        "population": 0,
        "feature_type": "populated place",
        "geoname_id": 3357699
      }
    },
    {
      "type": "Feature",
      "geometry": {
        "type": "Point",
        "coordinates": [
          16.21667,
          -17.83333
        ]
      },
      "properties": {
        "name": "Elombe",
        "country": "Namibia",
        "region": "Ohangwena Region",
        "elevation_m": null,
        "population": 0,
        "feature_type": "populated place",
        "geoname_id": 3357700
      }
    },
    {
      "type": "Feature",
      "geometry": {
        "type": "Point",
        "coordinates": [
          16.21667,
          -17.76667
        ]
      },
      "properties": {
        "name": "Elombe",
        "country": "Namibia",
        "region": "Ohangwena Region",
        "elevation_m": null,
        "population": 0,
        "feature_type": "populated place",
        "geoname_id": 3357701
      }
    },
    {
      "type": "Feature",
      "geometry": {
        "type": "Point",
        "coordinates": [
          17.53043,
          -22.81532
        ]
      },
      "properties": {
        "name": "Elizenhöhe",
        "country": "Namibia",
        "region": "Khomas Region",
        "elevation_m": null,
        "population": 0,
        "feature_type": "populated place",
        "geoname_id": 3357706
      }
    },
    {
      "type": "Feature",
      "geometry": {
        "type": "Point",
        "coordinates": [
          15.18389,
          -26.91611
        ]
      },
      "properties": {
        "name": "Elizabeth Bay",
        "country": "Namibia",
        "region": "Karas Region",
        "elevation_m": null,
        "population": 0,
        "feature_type": "abandoned populated place",
        "geoname_id": 3357710
      }
    },
    {
      "type": "Feature",
      "geometry": {
        "type": "Point",
        "coordinates": [
          15.83592,
          -23.87071
        ]
      },
      "properties": {
        "name": "Elim",
        "country": "Namibia",
        "region": "Khomas Region",
        "elevation_m": null,
        "population": 0,
        "feature_type": "populated place",
        "geoname_id": 3357715
      }
    },
    {
      "type": "Feature",
      "geometry": {
        "type": "Point",
        "coordinates": [
          15.49546,
          -17.72866
        ]
      },
      "properties": {
        "name": "Elim",
        "country": "Namibia",
        "region": "Omusati Region",
        "elevation_m": null,
        "population": 0,
        "feature_type": "populated place",
        "geoname_id": 3357716
      }
    },
    {
      "type": "Feature",
      "geometry": {
        "type": "Point",
        "coordinates": [
          15.64414,
          -17.53402
        ]
      },
      "properties": {
        "name": "Etao",
        "country": "Namibia",
        "region": "Ohangwena Region",
        "elevation_m": null,
        "population": 0,
        "feature_type": "populated place",
        "geoname_id": 3357729
      }
    },
    {
      "type": "Feature",
      "geometry": {
        "type": "Point",
        "coordinates": [
          18.56046,
          -19.94524
        ]
      },
      "properties": {
        "name": "Elandspan",
        "country": "Namibia",
        "region": "Otjozondjupa Region",
        "elevation_m": null,
        "population": 0,
        "feature_type": "populated place",
        "geoname_id": 3357731
      }
    },
    {
      "type": "Feature",
      "geometry": {
        "type": "Point",
        "coordinates": [
          19.51667,
          -28.18333
        ]
      },
      "properties": {
        "name": "Elandsdraai",
        "country": "Namibia",
        "region": "Karas Region",
        "elevation_m": null,
        "population": 0,
        "feature_type": "populated place",
        "geoname_id": 3357733
      }
    },
    {
      "type": "Feature",
      "geometry": {
        "type": "Point",
        "coordinates": [
          15.43395,
          -17.60239
        ]
      },
      "properties": {
        "name": "Elalangali",
        "country": "Namibia",
        "region": "Omusati Region",
        "elevation_m": null,
        "population": 0,
        "feature_type": "populated place",
        "geoname_id": 3357737
      }
    },
    {
      "type": "Feature",
      "geometry": {
        "type": "Point",
        "coordinates": [
          15.71455,
          -17.39963
        ]
      },
      "properties": {
        "name": "Elakalapwa",
        "country": "Namibia",
        "region": "Ohangwena Region",
        "elevation_m": null,
        "population": 0,
        "feature_type": "populated place",
        "geoname_id": 3357738
      }
    },
    {
      "type": "Feature",
      "geometry": {
        "type": "Point",
        "coordinates": [
          15.15633,
          -18.05329
        ]
      },
      "properties": {
        "name": "Ekwili",
        "country": "Namibia",
        "region": "Omusati Region",
        "elevation_m": null,
        "population": 0,
        "feature_type": "populated place",
        "geoname_id": 3357739
      }
    },
    {
      "type": "Feature",
      "geometry": {
        "type": "Point",
        "coordinates": [
          18.35222,
          -20.96581
        ]
      },
      "properties": {
        "name": "Ekwenye",
        "country": "Namibia",
        "region": "Otjozondjupa Region",
        "elevation_m": null,
        "population": 0,
        "feature_type": "populated place",
        "geoname_id": 3357740
      }
    },
    {
      "type": "Feature",
      "geometry": {
        "type": "Point",
        "coordinates": [
          18.72609,
          -17.81135
        ]
      },
      "properties": {
        "name": "Ekuli",
        "country": "Namibia",
        "region": "Kavango West",
        "elevation_m": null,
        "population": 0,
        "feature_type": "populated place",
        "geoname_id": 3357744
      }
    },
    {
      "type": "Feature",
      "geometry": {
        "type": "Point",
        "coordinates": [
          17.05268,
          -17.78103
        ]
      },
      "properties": {
        "name": "Ekoko",
        "country": "Namibia",
        "region": "Oshikoto Region",
        "elevation_m": null,
        "population": 0,
        "feature_type": "populated place",
        "geoname_id": 3357747
      }
    },
    {
      "type": "Feature",
      "geometry": {
        "type": "Point",
        "coordinates": [
          17.40555,
          -17.65734
        ]
      },
      "properties": {
        "name": "Ekokalinini",
        "country": "Namibia",
        "region": "Ohangwena Region",
        "elevation_m": null,
        "population": 0,
        "feature_type": "populated place",
        "geoname_id": 3357748
      }
    },
    {
      "type": "Feature",
      "geometry": {
        "type": "Point",
        "coordinates": [
          17.4,
          -17.68333
        ]
      },
      "properties": {
        "name": "Ekoka",
        "country": "Namibia",
        "region": "Ohangwena Region",
        "elevation_m": null,
        "population": 0,
        "feature_type": "populated place",
        "geoname_id": 3357749
      }
    },
    {
      "type": "Feature",
      "geometry": {
        "type": "Point",
        "coordinates": [
          17.3232,
          -17.52136
        ]
      },
      "properties": {
        "name": "Ekangolomuve",
        "country": "Namibia",
        "region": "Ohangwena Region",
        "elevation_m": null,
        "population": 0,
        "feature_type": "populated place",
        "geoname_id": 3357751
      }
    },
    {
      "type": "Feature",
      "geometry": {
        "type": "Point",
        "coordinates": [
          14.26382,
          -18.66515
        ]
      },
      "properties": {
        "name": "Ekango",
        "country": "Namibia",
        "region": "Kunene Region",
        "elevation_m": null,
        "population": 0,
        "feature_type": "populated place",
        "geoname_id": 3357752
      }
    },
    {
      "type": "Feature",
      "geometry": {
        "type": "Point",
        "coordinates": [
          12.99873,
          -18.01138
        ]
      },
      "properties": {
        "name": "Ekambo",
        "country": "Namibia",
        "region": "Kunene Region",
        "elevation_m": null,
        "population": 0,
        "feature_type": "populated place",
        "geoname_id": 3357753
      }
    },
    {
      "type": "Feature",
      "geometry": {
        "type": "Point",
        "coordinates": [
          12.95825,
          -17.98224
        ]
      },
      "properties": {
        "name": "Ekambo",
        "country": "Namibia",
        "region": "Kunene Region",
        "elevation_m": null,
        "population": 0,
        "feature_type": "populated place",
        "geoname_id": 3357754
      }
    },
    {
      "type": "Feature",
      "geometry": {
        "type": "Point",
        "coordinates": [
          15.56347,
          -17.78696
        ]
      },
      "properties": {
        "name": "Ekamba",
        "country": "Namibia",
        "region": "Omusati Region",
        "elevation_m": null,
        "population": 0,
        "feature_type": "populated place",
        "geoname_id": 3357755
      }
    },
    {
      "type": "Feature",
      "geometry": {
        "type": "Point",
        "coordinates": [
          16.35,
          -23.01667
        ]
      },
      "properties": {
        "name": "Eisgaubib",
        "country": "Namibia",
        "region": "Khomas Region",
        "elevation_m": null,
        "population": 0,
        "feature_type": "populated place",
        "geoname_id": 3357756
      }
    },
    {
      "type": "Feature",
      "geometry": {
        "type": "Point",
        "coordinates": [
          18.40967,
          -24.21845
        ]
      },
      "properties": {
        "name": "Eirup",
        "country": "Namibia",
        "region": "Hardap Region",
        "elevation_m": null,
        "population": 0,
        "feature_type": "populated place",
        "geoname_id": 3357761
      }
    },
    {
      "type": "Feature",
      "geometry": {
        "type": "Point",
        "coordinates": [
          16.53333,
          -17.78333
        ]
      },
      "properties": {
        "name": "Ehongo",
        "country": "Namibia",
        "region": "Oshikoto Region",
        "elevation_m": null,
        "population": 0,
        "feature_type": "populated place",
        "geoname_id": 3357776
      }
    },
    {
      "type": "Feature",
      "geometry": {
        "type": "Point",
        "coordinates": [
          13.82664,
          -17.4893
        ]
      },
      "properties": {
        "name": "Ehomba",
        "country": "Namibia",
        "region": "Kunene Region",
        "elevation_m": null,
        "population": 0,
        "feature_type": "populated place",
        "geoname_id": 3357777
      }
    },
    {
      "type": "Feature",
      "geometry": {
        "type": "Point",
        "coordinates": [
          15.02368,
          -18.34702
        ]
      },
      "properties": {
        "name": "Eholongo",
        "country": "Namibia",
        "region": "Omusati Region",
        "elevation_m": null,
        "population": 0,
        "feature_type": "populated place",
        "geoname_id": 3357779
      }
    },
    {
      "type": "Feature",
      "geometry": {
        "type": "Point",
        "coordinates": [
          14.86667,
          -17.83333
        ]
      },
      "properties": {
        "name": "Eheke",
        "country": "Namibia",
        "region": "Omusati Region",
        "elevation_m": null,
        "population": 0,
        "feature_type": "populated place",
        "geoname_id": 3357780
      }
    },
    {
      "type": "Feature",
      "geometry": {
        "type": "Point",
        "coordinates": [
          15.93007,
          -17.87978
        ]
      },
      "properties": {
        "name": "Ehangano",
        "country": "Namibia",
        "region": "Oshana Region",
        "elevation_m": null,
        "population": 0,
        "feature_type": "populated place",
        "geoname_id": 3357781
      }
    },
    {
      "type": "Feature",
      "geometry": {
        "type": "Point",
        "coordinates": [
          18.9954,
          -18.01191
        ]
      },
      "properties": {
        "name": "Ehafo",
        "country": "Namibia",
        "region": "Kavango West",
        "elevation_m": null,
        "population": 0,
        "feature_type": "populated place",
        "geoname_id": 3357785
      }
    },
    {
      "type": "Feature",
      "geometry": {
        "type": "Point",
        "coordinates": [
          15.78716,
          -17.62072
        ]
      },
      "properties": {
        "name": "Ehafo",
        "country": "Namibia",
        "region": "Ohangwena Region",
        "elevation_m": null,
        "population": 0,
        "feature_type": "populated place",
        "geoname_id": 3357786
      }
    },
    {
      "type": "Feature",
      "geometry": {
        "type": "Point",
        "coordinates": [
          17.4,
          -17.53333
        ]
      },
      "properties": {
        "name": "Olukeno",
        "country": "Namibia",
        "region": "Ohangwena Region",
        "elevation_m": null,
        "population": 0,
        "feature_type": "populated place",
        "geoname_id": 3357787
      }
    },
    {
      "type": "Feature",
      "geometry": {
        "type": "Point",
        "coordinates": [
          16.05,
          -17.48333
        ]
      },
      "properties": {
        "name": "Ehafo",
        "country": "Namibia",
        "region": "Ohangwena Region",
        "elevation_m": null,
        "population": 0,
        "feature_type": "populated place",
        "geoname_id": 3357788
      }
    },
    {
      "type": "Feature",
      "geometry": {
        "type": "Point",
        "coordinates": [
          15.80205,
          -17.57213
        ]
      },
      "properties": {
        "name": "Efululula",
        "country": "Namibia",
        "region": "Ohangwena Region",
        "elevation_m": null,
        "population": 0,
        "feature_type": "populated place",
        "geoname_id": 3357789
      }
    },
    {
      "type": "Feature",
      "geometry": {
        "type": "Point",
        "coordinates": [
          17.03331,
          -17.45252
        ]
      },
      "properties": {
        "name": "Efinde",
        "country": "Namibia",
        "region": "Ohangwena Region",
        "elevation_m": null,
        "population": 0,
        "feature_type": "populated place",
        "geoname_id": 3357790
      }
    },
    {
      "type": "Feature",
      "geometry": {
        "type": "Point",
        "coordinates": [
          16.98333,
          -17.45
        ]
      },
      "properties": {
        "name": "Efinde",
        "country": "Namibia",
        "region": "Ohangwena Region",
        "elevation_m": null,
        "population": 0,
        "feature_type": "populated place",
        "geoname_id": 3357791
      }
    },
    {
      "type": "Feature",
      "geometry": {
        "type": "Point",
        "coordinates": [
          17.17642,
          -17.58293
        ]
      },
      "properties": {
        "name": "Eeshowa",
        "country": "Namibia",
        "region": "Ohangwena Region",
        "elevation_m": null,
        "population": 0,
        "feature_type": "populated place",
        "geoname_id": 3357792
      }
    },
    {
      "type": "Feature",
      "geometry": {
        "type": "Point",
        "coordinates": [
          17.07881,
          -17.45668
        ]
      },
      "properties": {
        "name": "Eeshowa",
        "country": "Namibia",
        "region": "Ohangwena Region",
        "elevation_m": null,
        "population": 0,
        "feature_type": "populated place",
        "geoname_id": 3357793
      }
    },
    {
      "type": "Feature",
      "geometry": {
        "type": "Point",
        "coordinates": [
          17.20462,
          -17.71806
        ]
      },
      "properties": {
        "name": "Eenkombo",
        "country": "Namibia",
        "region": "Ohangwena Region",
        "elevation_m": null,
        "population": 0,
        "feature_type": "populated place",
        "geoname_id": 3357802
      }
    },
    {
      "type": "Feature",
      "geometry": {
        "type": "Point",
        "coordinates": [
          15.08955,
          -17.60205
        ]
      },
      "properties": {
        "name": "Eengolo",
        "country": "Namibia",
        "region": "Omusati Region",
        "elevation_m": null,
        "population": 0,
        "feature_type": "populated place",
        "geoname_id": 3357806
      }
    },
    {
      "type": "Feature",
      "geometry": {
        "type": "Point",
        "coordinates": [
          15.0912,
          -17.70493
        ]
      },
      "properties": {
        "name": "Eendombe",
        "country": "Namibia",
        "region": "Omusati Region",
        "elevation_m": null,
        "population": 0,
        "feature_type": "populated place",
        "geoname_id": 3357809
      }
    },
    {
      "type": "Feature",
      "geometry": {
        "type": "Point",
        "coordinates": [
          17.43333,
          -17.21667
        ]
      },
      "properties": {
        "name": "Eendobe",
        "country": "Namibia",
        "region": "Ohangwena Region",
        "elevation_m": null,
        "population": 0,
        "feature_type": "populated place",
        "geoname_id": 3357810
      }
    },
    {
      "type": "Feature",
      "geometry": {
        "type": "Point",
        "coordinates": [
          16,
          -17.5
        ]
      },
      "properties": {
        "name": "Eembidi",
        "country": "Namibia",
        "region": "Ohangwena Region",
        "elevation_m": null,
        "population": 0,
        "feature_type": "populated place",
        "geoname_id": 3357811
      }
    },
    {
      "type": "Feature",
      "geometry": {
        "type": "Point",
        "coordinates": [
          15.02744,
          -17.39657
        ]
      },
      "properties": {
        "name": "Eehama",
        "country": "Namibia",
        "region": "Omusati Region",
        "elevation_m": null,
        "population": 0,
        "feature_type": "populated place",
        "geoname_id": 3357813
      }
    },
    {
      "type": "Feature",
      "geometry": {
        "type": "Point",
        "coordinates": [
          15.98291,
          -17.43061
        ]
      },
      "properties": {
        "name": "Edundja",
        "country": "Namibia",
        "region": "Ohangwena Region",
        "elevation_m": null,
        "population": 0,
        "feature_type": "populated place",
        "geoname_id": 3357815
      }
    },
    {
      "type": "Feature",
      "geometry": {
        "type": "Point",
        "coordinates": [
          14.76334,
          -23.27482
        ]
      },
      "properties": {
        "name": "Edoseb",
        "country": "Namibia",
        "region": "Erongo Region",
        "elevation_m": null,
        "population": 0,
        "feature_type": "populated place",
        "geoname_id": 3357816
      }
    },
    {
      "type": "Feature",
      "geometry": {
        "type": "Point",
        "coordinates": [
          16.98333,
          -17.75
        ]
      },
      "properties": {
        "name": "Edilanghono",
        "country": "Namibia",
        "region": "Oshikoto Region",
        "elevation_m": null,
        "population": 0,
        "feature_type": "populated place",
        "geoname_id": 3357818
      }
    },
    {
      "type": "Feature",
      "geometry": {
        "type": "Point",
        "coordinates": [
          14.65,
          -22.63333
        ]
      },
      "properties": {
        "name": "Ebenhaezer",
        "country": "Namibia",
        "region": "Erongo Region",
        "elevation_m": null,
        "population": 0,
        "feature_type": "populated place",
        "geoname_id": 3357830
      }
    },
    {
      "type": "Feature",
      "geometry": {
        "type": "Point",
        "coordinates": [
          19.56667,
          -17.86667
        ]
      },
      "properties": {
        "name": "Ebeneser",
        "country": "Namibia",
        "region": "Kavango East",
        "elevation_m": null,
        "population": 0,
        "feature_type": "populated place",
        "geoname_id": 3357833
      }
    },
    {
      "type": "Feature",
      "geometry": {
        "type": "Point",
        "coordinates": [
          16.53548,
          -25.25405
        ]
      },
      "properties": {
        "name": "Duwisib",
        "country": "Namibia",
        "region": "Hardap Region",
        "elevation_m": null,
        "population": 0,
        "feature_type": "populated place",
        "geoname_id": 3357842
      }
    },
    {
      "type": "Feature",
      "geometry": {
        "type": "Point",
        "coordinates": [
          18.20534,
          -18.91173
        ]
      },
      "properties": {
        "name": "Duwib",
        "country": "Namibia",
        "region": "Otjozondjupa Region",
        "elevation_m": null,
        "population": 0,
        "feature_type": "populated place",
        "geoname_id": 3357843
      }
    },
    {
      "type": "Feature",
      "geometry": {
        "type": "Point",
        "coordinates": [
          19.36667,
          -28.35
        ]
      },
      "properties": {
        "name": "Duurdrift Süd",
        "country": "Namibia",
        "region": "Karas Region",
        "elevation_m": null,
        "population": 0,
        "feature_type": "populated place",
        "geoname_id": 3357844
      }
    },
    {
      "type": "Feature",
      "geometry": {
        "type": "Point",
        "coordinates": [
          16.89965,
          -22.26786
        ]
      },
      "properties": {
        "name": "Dusternbrook",
        "country": "Namibia",
        "region": "Otjozondjupa Region",
        "elevation_m": null,
        "population": 0,
        "feature_type": "populated place",
        "geoname_id": 3357848
      }
    },
    {
      "type": "Feature",
      "geometry": {
        "type": "Point",
        "coordinates": [
          18.13387,
          -18.39904
        ]
      },
      "properties": {
        "name": "Dumsis",
        "country": "Namibia",
        "region": "Kavango West",
        "elevation_m": null,
        "population": 0,
        "feature_type": "populated place",
        "geoname_id": 3357857
      }
    },
    {
      "type": "Feature",
      "geometry": {
        "type": "Point",
        "coordinates": [
          17.51218,
          -23.92236
        ]
      },
      "properties": {
        "name": "Duineveld",
        "country": "Namibia",
        "region": "Hardap Region",
        "elevation_m": null,
        "population": 0,
        "feature_type": "populated place",
        "geoname_id": 3357864
      }
    },
    {
      "type": "Feature",
      "geometry": {
        "type": "Point",
        "coordinates": [
          18.53443,
          -18.94354
        ]
      },
      "properties": {
        "name": "Duinekraal",
        "country": "Namibia",
        "region": "Otjozondjupa Region",
        "elevation_m": null,
        "population": 0,
        "feature_type": "populated place",
        "geoname_id": 3357867
      }
    },
    {
      "type": "Feature",
      "geometry": {
        "type": "Point",
        "coordinates": [
          19.34646,
          -17.8663
        ]
      },
      "properties": {
        "name": "Dudu",
        "country": "Namibia",
        "region": "Kavango West",
        "elevation_m": null,
        "population": 0,
        "feature_type": "populated place",
        "geoname_id": 3357872
      }
    },
    {
      "type": "Feature",
      "geometry": {
        "type": "Point",
        "coordinates": [
          19.04842,
          -22.09096
        ]
      },
      "properties": {
        "name": "Drimiopsis",
        "country": "Namibia",
        "region": "Omaheke Region",
        "elevation_m": null,
        "population": 0,
        "feature_type": "populated place",
        "geoname_id": 3357880
      }
    },
    {
      "type": "Feature",
      "geometry": {
        "type": "Point",
        "coordinates": [
          18.21772,
          -18.87701
        ]
      },
      "properties": {
        "name": "Driemaal",
        "country": "Namibia",
        "region": "Otjozondjupa Region",
        "elevation_m": null,
        "population": 0,
        "feature_type": "populated place",
        "geoname_id": 3357884
      }
    },
    {
      "type": "Feature",
      "geometry": {
        "type": "Point",
        "coordinates": [
          18.0879,
          -18.82634
        ]
      },
      "properties": {
        "name": "Driehoek",
        "country": "Namibia",
        "region": "Oshikoto Region",
        "elevation_m": null,
        "population": 0,
        "feature_type": "populated place",
        "geoname_id": 3357885
      }
    },
    {
      "type": "Feature",
      "geometry": {
        "type": "Point",
        "coordinates": [
          19.08273,
          -28.15191
        ]
      },
      "properties": {
        "name": "Drie Kameelboom",
        "country": "Namibia",
        "region": "Karas Region",
        "elevation_m": null,
        "population": 0,
        "feature_type": "populated place",
        "geoname_id": 3357900
      }
    },
    {
      "type": "Feature",
      "geometry": {
        "type": "Point",
        "coordinates": [
          18.61433,
          -28.10743
        ]
      },
      "properties": {
        "name": "Dreihuk",
        "country": "Namibia",
        "region": "Karas Region",
        "elevation_m": null,
        "population": 0,
        "feature_type": "populated place",
        "geoname_id": 3357903
      }
    },
    {
      "type": "Feature",
      "geometry": {
        "type": "Point",
        "coordinates": [
          14.66667,
          -22.63333
        ]
      },
      "properties": {
        "name": "Douglas",
        "country": "Namibia",
        "region": "Erongo Region",
        "elevation_m": null,
        "population": 0,
        "feature_type": "populated place",
        "geoname_id": 3357912
      }
    },
    {
      "type": "Feature",
      "geometry": {
        "type": "Point",
        "coordinates": [
          17.30241,
          -22.7661
        ]
      },
      "properties": {
        "name": "Dornbaum",
        "country": "Namibia",
        "region": "Khomas Region",
        "elevation_m": null,
        "population": 0,
        "feature_type": "populated place",
        "geoname_id": 3357923
      }
    },
    {
      "type": "Feature",
      "geometry": {
        "type": "Point",
        "coordinates": [
          18.96349,
          -22.55841
        ]
      },
      "properties": {
        "name": "Doringveld",
        "country": "Namibia",
        "region": "Omaheke Region",
        "elevation_m": null,
        "population": 0,
        "feature_type": "populated place",
        "geoname_id": 3357925
      }
    },
    {
      "type": "Feature",
      "geometry": {
        "type": "Point",
        "coordinates": [
          17.66262,
          -22.94945
        ]
      },
      "properties": {
        "name": "Dordabis",
        "country": "Namibia",
        "region": "Khomas Region",
        "elevation_m": null,
        "population": 0,
        "feature_type": "populated place",
        "geoname_id": 3357928
      }
    },
    {
      "type": "Feature",
      "geometry": {
        "type": "Point",
        "coordinates": [
          15.99192,
          -23.05182
        ]
      },
      "properties": {
        "name": "Donkersan",
        "country": "Namibia",
        "region": "Khomas Region",
        "elevation_m": null,
        "population": 0,
        "feature_type": "populated place",
        "geoname_id": 3357940
      }
    },
    {
      "type": "Feature",
      "geometry": {
        "type": "Point",
        "coordinates": [
          15.9671,
          -23.63097
        ]
      },
      "properties": {
        "name": "Donkerhoek",
        "country": "Namibia",
        "region": "Khomas Region",
        "elevation_m": null,
        "population": 0,
        "feature_type": "populated place",
        "geoname_id": 3357942
      }
    },
    {
      "type": "Feature",
      "geometry": {
        "type": "Point",
        "coordinates": [
          17.1,
          -22.33333
        ]
      },
      "properties": {
        "name": "Döbra",
        "country": "Namibia",
        "region": "Khomas Region",
        "elevation_m": null,
        "population": 0,
        "feature_type": "populated place",
        "geoname_id": 3357953
      }
    },
    {
      "type": "Feature",
      "geometry": {
        "type": "Point",
        "coordinates": [
          18.7,
          -28.3
        ]
      },
      "properties": {
        "name": "Dobegabis",
        "country": "Namibia",
        "region": "Karas Region",
        "elevation_m": null,
        "population": 0,
        "feature_type": "populated place",
        "geoname_id": 3357955
      }
    },
    {
      "type": "Feature",
      "geometry": {
        "type": "Point",
        "coordinates": [
          17.3138,
          -22.7669
        ]
      },
      "properties": {
        "name": "Direlis",
        "country": "Namibia",
        "region": "Khomas Region",
        "elevation_m": null,
        "population": 0,
        "feature_type": "populated place",
        "geoname_id": 3357965
      }
    },
    {
      "type": "Feature",
      "geometry": {
        "type": "Point",
        "coordinates": [
          16.61667,
          -22.98333
        ]
      },
      "properties": {
        "name": "Diepputz",
        "country": "Namibia",
        "region": "Khomas Region",
        "elevation_m": null,
        "population": 0,
        "feature_type": "populated place",
        "geoname_id": 3357992
      }
    },
    {
      "type": "Feature",
      "geometry": {
        "type": "Point",
        "coordinates": [
          16.14341,
          -23.04943
        ]
      },
      "properties": {
        "name": "Diepkuil",
        "country": "Namibia",
        "region": "Khomas Region",
        "elevation_m": null,
        "population": 0,
        "feature_type": "populated place",
        "geoname_id": 3357993
      }
    },
    {
      "type": "Feature",
      "geometry": {
        "type": "Point",
        "coordinates": [
          18.36205,
          -18.87613
        ]
      },
      "properties": {
        "name": "Die Park",
        "country": "Namibia",
        "region": "Otjozondjupa Region",
        "elevation_m": null,
        "population": 0,
        "feature_type": "populated place",
        "geoname_id": 3357996
      }
    },
    {
      "type": "Feature",
      "geometry": {
        "type": "Point",
        "coordinates": [
          18.80253,
          -18.88744
        ]
      },
      "properties": {
        "name": "Die End",
        "country": "Namibia",
        "region": "Otjozondjupa Region",
        "elevation_m": null,
        "population": 0,
        "feature_type": "populated place",
        "geoname_id": 3358005
      }
    },
    {
      "type": "Feature",
      "geometry": {
        "type": "Point",
        "coordinates": [
          19.17976,
          -28.07653
        ]
      },
      "properties": {
        "name": "De Villiersputs",
        "country": "Namibia",
        "region": "Karas Region",
        "elevation_m": null,
        "population": 0,
        "feature_type": "populated place",
        "geoname_id": 3358018
      }
    },
    {
      "type": "Feature",
      "geometry": {
        "type": "Point",
        "coordinates": [
          19.10864,
          -18.96542
        ]
      },
      "properties": {
        "name": "De Start",
        "country": "Namibia",
        "region": "Otjozondjupa Region",
        "elevation_m": null,
        "population": 0,
        "feature_type": "populated place",
        "geoname_id": 3358027
      }
    },
    {
      "type": "Feature",
      "geometry": {
        "type": "Point",
        "coordinates": [
          18.78599,
          -17.98665
        ]
      },
      "properties": {
        "name": "Desi",
        "country": "Namibia",
        "region": "Kavango West",
        "elevation_m": null,
        "population": 0,
        "feature_type": "populated place",
        "geoname_id": 3358029
      }
    },
    {
      "type": "Feature",
      "geometry": {
        "type": "Point",
        "coordinates": [
          18.20023,
          -23.64311
        ]
      },
      "properties": {
        "name": "Derm",
        "country": "Namibia",
        "region": "Hardap Region",
        "elevation_m": null,
        "population": 0,
        "feature_type": "populated place",
        "geoname_id": 3358034
      }
    },
    {
      "type": "Feature",
      "geometry": {
        "type": "Point",
        "coordinates": [
          18.91759,
          -18.90193
        ]
      },
      "properties": {
        "name": "Deo-Volente",
        "country": "Namibia",
        "region": "Otjozondjupa Region",
        "elevation_m": null,
        "population": 0,
        "feature_type": "populated place",
        "geoname_id": 3358035
      }
    },
    {
      "type": "Feature",
      "geometry": {
        "type": "Point",
        "coordinates": [
          19.04755,
          -18.86086
        ]
      },
      "properties": {
        "name": "Denarius",
        "country": "Namibia",
        "region": "Otjozondjupa Region",
        "elevation_m": null,
        "population": 0,
        "feature_type": "populated place",
        "geoname_id": 3358040
      }
    },
    {
      "type": "Feature",
      "geometry": {
        "type": "Point",
        "coordinates": [
          14.89111,
          -21.00154
        ]
      },
      "properties": {
        "name": "Daweb",
        "country": "Namibia",
        "region": "Erongo Region",
        "elevation_m": null,
        "population": 0,
        "feature_type": "populated place",
        "geoname_id": 3358056
      }
    },
    {
      "type": "Feature",
      "geometry": {
        "type": "Point",
        "coordinates": [
          19.81667,
          -27.53333
        ]
      },
      "properties": {
        "name": "Davignab Suid",
        "country": "Namibia",
        "region": "Karas Region",
        "elevation_m": null,
        "population": 0,
        "feature_type": "populated place",
        "geoname_id": 3358058
      }
    },
    {
      "type": "Feature",
      "geometry": {
        "type": "Point",
        "coordinates": [
          18.17473,
          -17.71811
        ]
      },
      "properties": {
        "name": "Dakuwa",
        "country": "Namibia",
        "region": "Kavango West",
        "elevation_m": null,
        "population": 0,
        "feature_type": "populated place",
        "geoname_id": 3358079
      }
    },
    {
      "type": "Feature",
      "geometry": {
        "type": "Point",
        "coordinates": [
          15.95096,
          -23.45639
        ]
      },
      "properties": {
        "name": "Dagbreek No 1",
        "country": "Namibia",
        "region": "Khomas Region",
        "elevation_m": null,
        "population": 0,
        "feature_type": "populated place",
        "geoname_id": 3358084
      }
    },
    {
      "type": "Feature",
      "geometry": {
        "type": "Point",
        "coordinates": [
          18.627,
          -28.26749
        ]
      },
      "properties": {
        "name": "Dabegabis",
        "country": "Namibia",
        "region": "Karas Region",
        "elevation_m": null,
        "population": 0,
        "feature_type": "populated place",
        "geoname_id": 3358098
      }
    },
    {
      "type": "Feature",
      "geometry": {
        "type": "Point",
        "coordinates": [
          18.508,
          -17.84286
        ]
      },
      "properties": {
        "name": "Cuseva",
        "country": "Namibia",
        "region": "Kavango West",
        "elevation_m": null,
        "population": 0,
        "feature_type": "populated place",
        "geoname_id": 3358103
      }
    },
    {
      "type": "Feature",
      "geometry": {
        "type": "Point",
        "coordinates": [
          16.16011,
          -23.39013
        ]
      },
      "properties": {
        "name": "Corona",
        "country": "Namibia",
        "region": "Khomas Region",
        "elevation_m": null,
        "population": 0,
        "feature_type": "populated place",
        "geoname_id": 3358112
      }
    },
    {
      "type": "Feature",
      "geometry": {
        "type": "Point",
        "coordinates": [
          15.92091,
          -23.92735
        ]
      },
      "properties": {
        "name": "Constantia",
        "country": "Namibia",
        "region": "Khomas Region",
        "elevation_m": null,
        "population": 0,
        "feature_type": "populated place",
        "geoname_id": 3358114
      }
    },
    {
      "type": "Feature",
      "geometry": {
        "type": "Point",
        "coordinates": [
          18.1857,
          -20.11286
        ]
      },
      "properties": {
        "name": "Coblenz",
        "country": "Namibia",
        "region": "Otjozondjupa Region",
        "elevation_m": null,
        "population": 0,
        "feature_type": "populated place",
        "geoname_id": 3358131
      }
    },
    {
      "type": "Feature",
      "geometry": {
        "type": "Point",
        "coordinates": [
          17.57475,
          -22.86299
        ]
      },
      "properties": {
        "name": "Coas",
        "country": "Namibia",
        "region": "Khomas Region",
        "elevation_m": null,
        "population": 0,
        "feature_type": "populated place",
        "geoname_id": 3358132
      }
    },
    {
      "type": "Feature",
      "geometry": {
        "type": "Point",
        "coordinates": [
          16.84369,
          -22.79576
        ]
      },
      "properties": {
        "name": "Claratal",
        "country": "Namibia",
        "region": "Khomas Region",
        "elevation_m": null,
        "population": 0,
        "feature_type": "populated place",
        "geoname_id": 3358133
      }
    },
    {
      "type": "Feature",
      "geometry": {
        "type": "Point",
        "coordinates": [
          18.26544,
          -28.09306
        ]
      },
      "properties": {
        "name": "Chrisjansputs",
        "country": "Namibia",
        "region": "Karas Region",
        "elevation_m": null,
        "population": 0,
        "feature_type": "populated place",
        "geoname_id": 3358150
      }
    },
    {
      "type": "Feature",
      "geometry": {
        "type": "Point",
        "coordinates": [
          16.11212,
          -23.28822
        ]
      },
      "properties": {
        "name": "Chausib",
        "country": "Namibia",
        "region": "Khomas Region",
        "elevation_m": null,
        "population": 0,
        "feature_type": "populated place",
        "geoname_id": 3358163
      }
    },
    {
      "type": "Feature",
      "geometry": {
        "type": "Point",
        "coordinates": [
          19.67591,
          -28.08998
        ]
      },
      "properties": {
        "name": "Charliesputs",
        "country": "Namibia",
        "region": "Karas Region",
        "elevation_m": null,
        "population": 0,
        "feature_type": "populated place",
        "geoname_id": 3358168
      }
    },
    {
      "type": "Feature",
      "geometry": {
        "type": "Point",
        "coordinates": [
          15.86604,
          -23.62584
        ]
      },
      "properties": {
        "name": "Cha-re",
        "country": "Namibia",
        "region": "Khomas Region",
        "elevation_m": null,
        "population": 0,
        "feature_type": "populated place",
        "geoname_id": 3358170
      }
    },
    {
      "type": "Feature",
      "geometry": {
        "type": "Point",
        "coordinates": [
          16.21814,
          -23.17696
        ]
      },
      "properties": {
        "name": "Chaibis",
        "country": "Namibia",
        "region": "Khomas Region",
        "elevation_m": null,
        "population": 0,
        "feature_type": "populated place",
        "geoname_id": 3358186
      }
    },
    {
      "type": "Feature",
      "geometry": {
        "type": "Point",
        "coordinates": [
          13.96723,
          -21.75978
        ]
      },
      "properties": {
        "name": "Cape Cross",
        "country": "Namibia",
        "region": "Erongo Region",
        "elevation_m": null,
        "population": 0,
        "feature_type": "populated place",
        "geoname_id": 3358198
      }
    },
    {
      "type": "Feature",
      "geometry": {
        "type": "Point",
        "coordinates": [
          16.76873,
          -23.82212
        ]
      },
      "properties": {
        "name": "Cambells Aub",
        "country": "Namibia",
        "region": "Hardap Region",
        "elevation_m": null,
        "population": 0,
        "feature_type": "populated place",
        "geoname_id": 3358202
      }
    },
    {
      "type": "Feature",
      "geometry": {
        "type": "Point",
        "coordinates": [
          17.1204,
          -22.02678
        ]
      },
      "properties": {
        "name": "Bulskop",
        "country": "Namibia",
        "region": "Otjozondjupa Region",
        "elevation_m": null,
        "population": 0,
        "feature_type": "populated place",
        "geoname_id": 3358222
      }
    },
    {
      "type": "Feature",
      "geometry": {
        "type": "Point",
        "coordinates": [
          17.1,
          -22
        ]
      },
      "properties": {
        "name": "Bulskop",
        "country": "Namibia",
        "region": "Otjozondjupa Region",
        "elevation_m": null,
        "population": 0,
        "feature_type": "populated place",
        "geoname_id": 3358223
      }
    },
    {
      "type": "Feature",
      "geometry": {
        "type": "Point",
        "coordinates": [
          18.47478,
          -18.81069
        ]
      },
      "properties": {
        "name": "Bulhoek",
        "country": "Namibia",
        "region": "Otjozondjupa Region",
        "elevation_m": null,
        "population": 0,
        "feature_type": "populated place",
        "geoname_id": 3358225
      }
    },
    {
      "type": "Feature",
      "geometry": {
        "type": "Point",
        "coordinates": [
          19.9931,
          -22.28148
        ]
      },
      "properties": {
        "name": "Buitepos",
        "country": "Namibia",
        "region": "Omaheke Region",
        "elevation_m": null,
        "population": 0,
        "feature_type": "populated place",
        "geoname_id": 3358226
      }
    },
    {
      "type": "Feature",
      "geometry": {
        "type": "Point",
        "coordinates": [
          18.17366,
          -28.46751
        ]
      },
      "properties": {
        "name": "Bruinheuwel",
        "country": "Namibia",
        "region": "Karas Region",
        "elevation_m": null,
        "population": 0,
        "feature_type": "populated place",
        "geoname_id": 3358234
      }
    },
    {
      "type": "Feature",
      "geometry": {
        "type": "Point",
        "coordinates": [
          16.85717,
          -22.99327
        ]
      },
      "properties": {
        "name": "Brigadoon",
        "country": "Namibia",
        "region": "Khomas Region",
        "elevation_m": null,
        "population": 0,
        "feature_type": "populated place",
        "geoname_id": 3358236
      }
    },
    {
      "type": "Feature",
      "geometry": {
        "type": "Point",
        "coordinates": [
          17.46618,
          -22.78204
        ]
      },
      "properties": {
        "name": "Brack",
        "country": "Namibia",
        "region": "Khomas Region",
        "elevation_m": null,
        "population": 0,
        "feature_type": "populated place",
        "geoname_id": 3358269
      }
    },
    {
      "type": "Feature",
      "geometry": {
        "type": "Point",
        "coordinates": [
          18.43218,
          -18.94
        ]
      },
      "properties": {
        "name": "Boomplaas",
        "country": "Namibia",
        "region": "Otjozondjupa Region",
        "elevation_m": null,
        "population": 0,
        "feature_type": "populated place",
        "geoname_id": 3358289
      }
    },
    {
      "type": "Feature",
      "geometry": {
        "type": "Point",
        "coordinates": [
          16.13225,
          -23.15194
        ]
      },
      "properties": {
        "name": "Bonna",
        "country": "Namibia",
        "region": "Khomas Region",
        "elevation_m": null,
        "population": 0,
        "feature_type": "populated place",
        "geoname_id": 3358296
      }
    },
    {
      "type": "Feature",
      "geometry": {
        "type": "Point",
        "coordinates": [
          19.33333,
          -28.33333
        ]
      },
      "properties": {
        "name": "Bokiesbank Ost",
        "country": "Namibia",
        "region": "Karas Region",
        "elevation_m": null,
        "population": 0,
        "feature_type": "populated place",
        "geoname_id": 3358301
      }
    },
    {
      "type": "Feature",
      "geometry": {
        "type": "Point",
        "coordinates": [
          17.62292,
          -22.32887
        ]
      },
      "properties": {
        "name": "Bodenhausen",
        "country": "Namibia",
        "region": "Khomas Region",
        "elevation_m": null,
        "population": 0,
        "feature_type": "populated place",
        "geoname_id": 3358315
      }
    },
    {
      "type": "Feature",
      "geometry": {
        "type": "Point",
        "coordinates": [
          19.60704,
          -28.29868
        ]
      },
      "properties": {
        "name": "Blydeverwacht",
        "country": "Namibia",
        "region": "Karas Region",
        "elevation_m": null,
        "population": 0,
        "feature_type": "populated place",
        "geoname_id": 3358327
      }
    },
    {
      "type": "Feature",
      "geometry": {
        "type": "Point",
        "coordinates": [
          18.27355,
          -26.13974
        ]
      },
      "properties": {
        "name": "Blouwes",
        "country": "Namibia",
        "region": "Karas Region",
        "elevation_m": null,
        "population": 0,
        "feature_type": "populated place",
        "geoname_id": 3358336
      }
    },
    {
      "type": "Feature",
      "geometry": {
        "type": "Point",
        "coordinates": [
          16.51667,
          -22.88333
        ]
      },
      "properties": {
        "name": "Blouputz",
        "country": "Namibia",
        "region": "Khomas Region",
        "elevation_m": null,
        "population": 0,
        "feature_type": "populated place",
        "geoname_id": 3358337
      }
    },
    {
      "type": "Feature",
      "geometry": {
        "type": "Point",
        "coordinates": [
          17.50878,
          -22.95304
        ]
      },
      "properties": {
        "name": "Bloukrans",
        "country": "Namibia",
        "region": "Khomas Region",
        "elevation_m": null,
        "population": 0,
        "feature_type": "populated place",
        "geoname_id": 3358342
      }
    },
    {
      "type": "Feature",
      "geometry": {
        "type": "Point",
        "coordinates": [
          17.53333,
          -23.93333
        ]
      },
      "properties": {
        "name": "Blokwater",
        "country": "Namibia",
        "region": "Hardap Region",
        "elevation_m": null,
        "population": 0,
        "feature_type": "populated place",
        "geoname_id": 3358354
      }
    },
    {
      "type": "Feature",
      "geometry": {
        "type": "Point",
        "coordinates": [
          18.53333,
          -21.03333
        ]
      },
      "properties": {
        "name": "Blignaut",
        "country": "Namibia",
        "region": "Omaheke Region",
        "elevation_m": null,
        "population": 0,
        "feature_type": "populated place",
        "geoname_id": 3358366
      }
    },
    {
      "type": "Feature",
      "geometry": {
        "type": "Point",
        "coordinates": [
          14.73333,
          -22.63333
        ]
      },
      "properties": {
        "name": "Birkenfels",
        "country": "Namibia",
        "region": "Erongo Region",
        "elevation_m": null,
        "population": 0,
        "feature_type": "populated place",
        "geoname_id": 3358404
      }
    },
    {
      "type": "Feature",
      "geometry": {
        "type": "Point",
        "coordinates": [
          17.38328,
          -22.78504
        ]
      },
      "properties": {
        "name": "Binsenheim",
        "country": "Namibia",
        "region": "Khomas Region",
        "elevation_m": null,
        "population": 0,
        "feature_type": "populated place",
        "geoname_id": 3358405
      }
    },
    {
      "type": "Feature",
      "geometry": {
        "type": "Point",
        "coordinates": [
          17.3,
          -22.76667
        ]
      },
      "properties": {
        "name": "Bethlehem",
        "country": "Namibia",
        "region": "Khomas Region",
        "elevation_m": null,
        "population": 0,
        "feature_type": "populated place",
        "geoname_id": 3358412
      }
    },
    {
      "type": "Feature",
      "geometry": {
        "type": "Point",
        "coordinates": [
          15.87826,
          -22.57393
        ]
      },
      "properties": {
        "name": "Bethal",
        "country": "Namibia",
        "region": "Erongo Region",
        "elevation_m": null,
        "population": 0,
        "feature_type": "populated place",
        "geoname_id": 3358418
      }
    },
    {
      "type": "Feature",
      "geometry": {
        "type": "Point",
        "coordinates": [
          16.5,
          -22.98333
        ]
      },
      "properties": {
        "name": "Bergveld",
        "country": "Namibia",
        "region": "Khomas Region",
        "elevation_m": null,
        "population": 0,
        "feature_type": "populated place",
        "geoname_id": 3358430
      }
    },
    {
      "type": "Feature",
      "geometry": {
        "type": "Point",
        "coordinates": [
          16.98333,
          -22.1
        ]
      },
      "properties": {
        "name": "Bergquell",
        "country": "Namibia",
        "region": "Otjozondjupa Region",
        "elevation_m": null,
        "population": 0,
        "feature_type": "populated place",
        "geoname_id": 3358433
      }
    },
    {
      "type": "Feature",
      "geometry": {
        "type": "Point",
        "coordinates": [
          16.00008,
          -23.35572
        ]
      },
      "properties": {
        "name": "Berghof",
        "country": "Namibia",
        "region": "Khomas Region",
        "elevation_m": null,
        "population": 0,
        "feature_type": "populated place",
        "geoname_id": 3358437
      }
    },
    {
      "type": "Feature",
      "geometry": {
        "type": "Point",
        "coordinates": [
          19.20419,
          -22.76344
        ]
      },
      "properties": {
        "name": "Ben-Hur",
        "country": "Namibia",
        "region": "Omaheke Region",
        "elevation_m": null,
        "population": 0,
        "feature_type": "populated place",
        "geoname_id": 3358446
      }
    },
    {
      "type": "Feature",
      "geometry": {
        "type": "Point",
        "coordinates": [
          17.12049,
          -22.68231
        ]
      },
      "properties": {
        "name": "Behr",
        "country": "Namibia",
        "region": "Khomas Region",
        "elevation_m": null,
        "population": 0,
        "feature_type": "populated place",
        "geoname_id": 3358450
      }
    },
    {
      "type": "Feature",
      "geometry": {
        "type": "Point",
        "coordinates": [
          19.43579,
          -28.71765
        ]
      },
      "properties": {
        "name": "Beenbreek",
        "country": "Namibia",
        "region": "Karas Region",
        "elevation_m": null,
        "population": 0,
        "feature_type": "populated place",
        "geoname_id": 3358453
      }
    },
    {
      "type": "Feature",
      "geometry": {
        "type": "Point",
        "coordinates": [
          15.04298,
          -20.3002
        ]
      },
      "properties": {
        "name": "Bam se Pos",
        "country": "Namibia",
        "region": "Kunene Region",
        "elevation_m": null,
        "population": 0,
        "feature_type": "populated place",
        "geoname_id": 3358477
      }
    },
    {
      "type": "Feature",
      "geometry": {
        "type": "Point",
        "coordinates": [
          19.25628,
          -28.27774
        ]
      },
      "properties": {
        "name": "Austerlitz",
        "country": "Namibia",
        "region": "Karas Region",
        "elevation_m": null,
        "population": 0,
        "feature_type": "populated place",
        "geoname_id": 3358511
      }
    },
    {
      "type": "Feature",
      "geometry": {
        "type": "Point",
        "coordinates": [
          14.98333,
          -26.11667
        ]
      },
      "properties": {
        "name": "Aurus",
        "country": "Namibia",
        "region": "Karas Region",
        "elevation_m": null,
        "population": 0,
        "feature_type": "populated place",
        "geoname_id": 3358526
      }
    },
    {
      "type": "Feature",
      "geometry": {
        "type": "Point",
        "coordinates": [
          14.53243,
          -18.43073
        ]
      },
      "properties": {
        "name": "Arona",
        "country": "Namibia",
        "region": "Kunene Region",
        "elevation_m": null,
        "population": 0,
        "feature_type": "populated place",
        "geoname_id": 3358599
      }
    },
    {
      "type": "Feature",
      "geometry": {
        "type": "Point",
        "coordinates": [
          19.64542,
          -23.05326
        ]
      },
      "properties": {
        "name": "Aroams Oos",
        "country": "Namibia",
        "region": "Omaheke Region",
        "elevation_m": null,
        "population": 0,
        "feature_type": "populated place",
        "geoname_id": 3358604
      }
    },
    {
      "type": "Feature",
      "geometry": {
        "type": "Point",
        "coordinates": [
          19.53267,
          -23.06068
        ]
      },
      "properties": {
        "name": "Aroams",
        "country": "Namibia",
        "region": "Omaheke Region",
        "elevation_m": null,
        "population": 0,
        "feature_type": "populated place",
        "geoname_id": 3358605
      }
    },
    {
      "type": "Feature",
      "geometry": {
        "type": "Point",
        "coordinates": [
          16.03637,
          -23.21319
        ]
      },
      "properties": {
        "name": "Arizona",
        "country": "Namibia",
        "region": "Khomas Region",
        "elevation_m": null,
        "population": 0,
        "feature_type": "populated place",
        "geoname_id": 3358614
      }
    },
    {
      "type": "Feature",
      "geometry": {
        "type": "Point",
        "coordinates": [
          14.772,
          -21.18578
        ]
      },
      "properties": {
        "name": "Arixa Ams",
        "country": "Namibia",
        "region": "Erongo Region",
        "elevation_m": null,
        "population": 0,
        "feature_type": "populated place",
        "geoname_id": 3358616
      }
    },
    {
      "type": "Feature",
      "geometry": {
        "type": "Point",
        "coordinates": [
          17.13701,
          -22.75093
        ]
      },
      "properties": {
        "name": "Aris",
        "country": "Namibia",
        "region": "Khomas Region",
        "elevation_m": null,
        "population": 0,
        "feature_type": "populated place",
        "geoname_id": 3358619
      }
    },
    {
      "type": "Feature",
      "geometry": {
        "type": "Point",
        "coordinates": [
          17.46848,
          -27.24037
        ]
      },
      "properties": {
        "name": "Ariamab",
        "country": "Namibia",
        "region": "Karas Region",
        "elevation_m": null,
        "population": 0,
        "feature_type": "populated place",
        "geoname_id": 3358637
      }
    },
    {
      "type": "Feature",
      "geometry": {
        "type": "Point",
        "coordinates": [
          18.91349,
          -18.96208
        ]
      },
      "properties": {
        "name": "Arbeidsloon",
        "country": "Namibia",
        "region": "Otjozondjupa Region",
        "elevation_m": null,
        "population": 0,
        "feature_type": "populated place",
        "geoname_id": 3358651
      }
    },
    {
      "type": "Feature",
      "geometry": {
        "type": "Point",
        "coordinates": [
          16.65995,
          -22.68629
        ]
      },
      "properties": {
        "name": "Arbeidsgenot",
        "country": "Namibia",
        "region": "Khomas Region",
        "elevation_m": null,
        "population": 0,
        "feature_type": "populated place",
        "geoname_id": 3358654
      }
    },
    {
      "type": "Feature",
      "geometry": {
        "type": "Point",
        "coordinates": [
          15.98386,
          -17.97526
        ]
      },
      "properties": {
        "name": "Arabia",
        "country": "Namibia",
        "region": "Oshana Region",
        "elevation_m": null,
        "population": 0,
        "feature_type": "populated place",
        "geoname_id": 3358671
      }
    },
    {
      "type": "Feature",
      "geometry": {
        "type": "Point",
        "coordinates": [
          16.81093,
          -18.84826
        ]
      },
      "properties": {
        "name": "Antheap Milepost",
        "country": "Namibia",
        "region": "Oshikoto Region",
        "elevation_m": null,
        "population": 0,
        "feature_type": "populated place",
        "geoname_id": 3358677
      }
    },
    {
      "type": "Feature",
      "geometry": {
        "type": "Point",
        "coordinates": [
          18.98636,
          -18.9144
        ]
      },
      "properties": {
        "name": "Anker",
        "country": "Namibia",
        "region": "Otjozondjupa Region",
        "elevation_m": null,
        "population": 0,
        "feature_type": "populated place",
        "geoname_id": 3358681
      }
    },
    {
      "type": "Feature",
      "geometry": {
        "type": "Point",
        "coordinates": [
          18.98333,
          -18.9
        ]
      },
      "properties": {
        "name": "Anker",
        "country": "Namibia",
        "region": "Otjozondjupa Region",
        "elevation_m": null,
        "population": 0,
        "feature_type": "populated place",
        "geoname_id": 3358682
      }
    },
    {
      "type": "Feature",
      "geometry": {
        "type": "Point",
        "coordinates": [
          14.83291,
          -20.94863
        ]
      },
      "properties": {
        "name": "Anixab",
        "country": "Namibia",
        "region": "Kunene Region",
        "elevation_m": null,
        "population": 0,
        "feature_type": "populated place",
        "geoname_id": 3358683
      }
    },
    {
      "type": "Feature",
      "geometry": {
        "type": "Point",
        "coordinates": [
          14.51667,
          -23.35
        ]
      },
      "properties": {
        "name": "Anichab",
        "country": "Namibia",
        "region": "Erongo Region",
        "elevation_m": null,
        "population": 0,
        "feature_type": "populated place",
        "geoname_id": 3358691
      }
    },
    {
      "type": "Feature",
      "geometry": {
        "type": "Point",
        "coordinates": [
          15.55,
          -27.65
        ]
      },
      "properties": {
        "name": "Angras Juntas",
        "country": "Namibia",
        "region": "Karas Region",
        "elevation_m": null,
        "population": 0,
        "feature_type": "populated place",
        "geoname_id": 3358695
      }
    },
    {
      "type": "Feature",
      "geometry": {
        "type": "Point",
        "coordinates": [
          15.01671,
          -17.49433
        ]
      },
      "properties": {
        "name": "Anamulenge",
        "country": "Namibia",
        "region": "Omusati Region",
        "elevation_m": null,
        "population": 0,
        "feature_type": "populated place",
        "geoname_id": 3358704
      }
    },
    {
      "type": "Feature",
      "geometry": {
        "type": "Point",
        "coordinates": [
          15.92427,
          -18.07279
        ]
      },
      "properties": {
        "name": "Amweepele",
        "country": "Namibia",
        "region": "Oshana Region",
        "elevation_m": null,
        "population": 0,
        "feature_type": "populated place",
        "geoname_id": 3358708
      }
    },
    {
      "type": "Feature",
      "geometry": {
        "type": "Point",
        "coordinates": [
          15.031,
          -18.00728
        ]
      },
      "properties": {
        "name": "Amwaanda",
        "country": "Namibia",
        "region": "Omusati Region",
        "elevation_m": null,
        "population": 0,
        "feature_type": "populated locality",
        "geoname_id": 3358709
      }
    },
    {
      "type": "Feature",
      "geometry": {
        "type": "Point",
        "coordinates": [
          16.4443,
          -18.08118
        ]
      },
      "properties": {
        "name": "Amuteya",
        "country": "Namibia",
        "region": "Oshikoto Region",
        "elevation_m": null,
        "population": 0,
        "feature_type": "populated place",
        "geoname_id": 3358711
      }
    },
    {
      "type": "Feature",
      "geometry": {
        "type": "Point",
        "coordinates": [
          16.35778,
          -18.02441
        ]
      },
      "properties": {
        "name": "Amuteya",
        "country": "Namibia",
        "region": "Oshikoto Region",
        "elevation_m": null,
        "population": 0,
        "feature_type": "populated place",
        "geoname_id": 3358712
      }
    },
    {
      "type": "Feature",
      "geometry": {
        "type": "Point",
        "coordinates": [
          16.29168,
          -18.02411
        ]
      },
      "properties": {
        "name": "Amuteya",
        "country": "Namibia",
        "region": "Oshikoto Region",
        "elevation_m": null,
        "population": 0,
        "feature_type": "populated place",
        "geoname_id": 3358713
      }
    },
    {
      "type": "Feature",
      "geometry": {
        "type": "Point",
        "coordinates": [
          16.36667,
          -18
        ]
      },
      "properties": {
        "name": "Amuteya",
        "country": "Namibia",
        "region": "Oshikoto Region",
        "elevation_m": null,
        "population": 0,
        "feature_type": "populated place",
        "geoname_id": 3358714
      }
    },
    {
      "type": "Feature",
      "geometry": {
        "type": "Point",
        "coordinates": [
          15.68333,
          -17.7
        ]
      },
      "properties": {
        "name": "Amutanga",
        "country": "Namibia",
        "region": "Oshana Region",
        "elevation_m": null,
        "population": 0,
        "feature_type": "populated place",
        "geoname_id": 3358715
      }
    },
    {
      "type": "Feature",
      "geometry": {
        "type": "Point",
        "coordinates": [
          16.39774,
          -18.32688
        ]
      },
      "properties": {
        "name": "Amukulungundju",
        "country": "Namibia",
        "region": "Oshikoto Region",
        "elevation_m": null,
        "population": 0,
        "feature_type": "populated place",
        "geoname_id": 3358716
      }
    },
    {
      "type": "Feature",
      "geometry": {
        "type": "Point",
        "coordinates": [
          19.35,
          -23.71667
        ]
      },
      "properties": {
        "name": "Aminuis",
        "country": "Namibia",
        "region": "Omaheke Region",
        "elevation_m": null,
        "population": 0,
        "feature_type": "populated place",
        "geoname_id": 3358722
      }
    },
    {
      "type": "Feature",
      "geometry": {
        "type": "Point",
        "coordinates": [
          19.38758,
          -23.6539
        ]
      },
      "properties": {
        "name": "Aminuis",
        "country": "Namibia",
        "region": "Omaheke Region",
        "elevation_m": null,
        "population": 0,
        "feature_type": "populated place",
        "geoname_id": 3358723
      }
    },
    {
      "type": "Feature",
      "geometry": {
        "type": "Point",
        "coordinates": [
          16.28114,
          -18.37802
        ]
      },
      "properties": {
        "name": "Amilema",
        "country": "Namibia",
        "region": "Oshikoto Region",
        "elevation_m": null,
        "population": 0,
        "feature_type": "populated place",
        "geoname_id": 3358725
      }
    },
    {
      "type": "Feature",
      "geometry": {
        "type": "Point",
        "coordinates": [
          16.3028,
          -18.3175
        ]
      },
      "properties": {
        "name": "Ambende",
        "country": "Namibia",
        "region": "Oshikoto Region",
        "elevation_m": null,
        "population": 0,
        "feature_type": "populated place",
        "geoname_id": 3358732
      }
    },
    {
      "type": "Feature",
      "geometry": {
        "type": "Point",
        "coordinates": [
          15.05732,
          -21.13108
        ]
      },
      "properties": {
        "name": "Amasbank",
        "country": "Namibia",
        "region": "Erongo Region",
        "elevation_m": null,
        "population": 0,
        "feature_type": "populated place",
        "geoname_id": 3358735
      }
    },
    {
      "type": "Feature",
      "geometry": {
        "type": "Point",
        "coordinates": [
          15.20028,
          -18.3484
        ]
      },
      "properties": {
        "name": "Amarika",
        "country": "Namibia",
        "region": "Omusati Region",
        "elevation_m": null,
        "population": 0,
        "feature_type": "populated place",
        "geoname_id": 3358737
      }
    },
    {
      "type": "Feature",
      "geometry": {
        "type": "Point",
        "coordinates": [
          14.33333,
          -18.1
        ]
      },
      "properties": {
        "name": "Omakange",
        "country": "Namibia",
        "region": "Kunene Region",
        "elevation_m": null,
        "population": 0,
        "feature_type": "populated place",
        "geoname_id": 3358744
      }
    },
    {
      "type": "Feature",
      "geometry": {
        "type": "Point",
        "coordinates": [
          15.40322,
          -17.89388
        ]
      },
      "properties": {
        "name": "Amaadhala",
        "country": "Namibia",
        "region": "Omusati Region",
        "elevation_m": null,
        "population": 0,
        "feature_type": "populated place",
        "geoname_id": 3358748
      }
    },
    {
      "type": "Feature",
      "geometry": {
        "type": "Point",
        "coordinates": [
          18.68901,
          -28.54356
        ]
      },
      "properties": {
        "name": "Aluriesfontein",
        "country": "Namibia",
        "region": "Karas Region",
        "elevation_m": null,
        "population": 0,
        "feature_type": "populated place",
        "geoname_id": 3358750
      }
    },
    {
      "type": "Feature",
      "geometry": {
        "type": "Point",
        "coordinates": [
          17.68386,
          -22.50603
        ]
      },
      "properties": {
        "name": "Alt-Seeis",
        "country": "Namibia",
        "region": "Khomas Region",
        "elevation_m": null,
        "population": 0,
        "feature_type": "populated place",
        "geoname_id": 3358751
      }
    },
    {
      "type": "Feature",
      "geometry": {
        "type": "Point",
        "coordinates": [
          15.80678,
          -17.85645
        ]
      },
      "properties": {
        "name": "Akweenyanga",
        "country": "Namibia",
        "region": "Oshana Region",
        "elevation_m": null,
        "population": 0,
        "feature_type": "populated place",
        "geoname_id": 3358772
      }
    },
    {
      "type": "Feature",
      "geometry": {
        "type": "Point",
        "coordinates": [
          14.80828,
          -18.11168
        ]
      },
      "properties": {
        "name": "Akutsima",
        "country": "Namibia",
        "region": "Omusati Region",
        "elevation_m": null,
        "population": 0,
        "feature_type": "populated place",
        "geoname_id": 3358773
      }
    },
    {
      "type": "Feature",
      "geometry": {
        "type": "Point",
        "coordinates": [
          18.00651,
          -22.87195
        ]
      },
      "properties": {
        "name": "Aida",
        "country": "Namibia",
        "region": "Khomas Region",
        "elevation_m": null,
        "population": 0,
        "feature_type": "populated place",
        "geoname_id": 3358785
      }
    },
    {
      "type": "Feature",
      "geometry": {
        "type": "Point",
        "coordinates": [
          17.48333,
          -27.91667
        ]
      },
      "properties": {
        "name": "Ai-Ais",
        "country": "Namibia",
        "region": "Karas Region",
        "elevation_m": null,
        "population": 0,
        "feature_type": "populated place",
        "geoname_id": 3358789
      }
    },
    {
      "type": "Feature",
      "geometry": {
        "type": "Point",
        "coordinates": [
          15.33167,
          -18.02185
        ]
      },
      "properties": {
        "name": "Afoti",
        "country": "Namibia",
        "region": "Oshana Region",
        "elevation_m": null,
        "population": 0,
        "feature_type": "populated place",
        "geoname_id": 3358799
      }
    },
    {
      "type": "Feature",
      "geometry": {
        "type": "Point",
        "coordinates": [
          15.80901,
          -28.07922
        ]
      },
      "properties": {
        "name": "Affenrücken",
        "country": "Namibia",
        "region": "Karas Region",
        "elevation_m": null,
        "population": 0,
        "feature_type": "populated place",
        "geoname_id": 3358801
      }
    },
    {
      "type": "Feature",
      "geometry": {
        "type": "Point",
        "coordinates": [
          16.28333,
          -23.96667
        ]
      },
      "properties": {
        "name": "Achab",
        "country": "Namibia",
        "region": "Khomas Region",
        "elevation_m": null,
        "population": 0,
        "feature_type": "populated place",
        "geoname_id": 3358813
      }
    },
    {
      "type": "Feature",
      "geometry": {
        "type": "Point",
        "coordinates": [
          17.06722,
          -22.61028
        ]
      },
      "properties": {
        "name": "Academia",
        "country": "Namibia",
        "region": "Khomas Region",
        "elevation_m": null,
        "population": 0,
        "feature_type": "populated place",
        "geoname_id": 3358815
      }
    },
    {
      "type": "Feature",
      "geometry": {
        "type": "Point",
        "coordinates": [
          18.09368,
          -19.29493
        ]
      },
      "properties": {
        "name": "Abenab",
        "country": "Namibia",
        "region": "Otjozondjupa Region",
        "elevation_m": null,
        "population": 0,
        "feature_type": "populated place",
        "geoname_id": 3358822
      }
    },
    {
      "type": "Feature",
      "geometry": {
        "type": "Point",
        "coordinates": [
          16.09277,
          -23.98103
        ]
      },
      "properties": {
        "name": "Ababis Guest Farm",
        "country": "Namibia",
        "region": "Hardap Region",
        "elevation_m": null,
        "population": 0,
        "feature_type": "populated place",
        "geoname_id": 3358823
      }
    },
    {
      "type": "Feature",
      "geometry": {
        "type": "Point",
        "coordinates": [
          18.31667,
          -17.55
        ]
      },
      "properties": {
        "name": "Zone",
        "country": "Namibia",
        "region": "Kavango West",
        "elevation_m": null,
        "population": 0,
        "feature_type": "populated place",
        "geoname_id": 3351980
      }
    },
    {
      "type": "Feature",
      "geometry": {
        "type": "Point",
        "coordinates": [
          14.80458,
          -21.31846
        ]
      },
      "properties": {
        "name": "Zebedeus",
        "country": "Namibia",
        "region": "Erongo Region",
        "elevation_m": null,
        "population": 0,
        "feature_type": "populated place",
        "geoname_id": 3351992
      }
    },
    {
      "type": "Feature",
      "geometry": {
        "type": "Point",
        "coordinates": [
          16.15117,
          -24.02599
        ]
      },
      "properties": {
        "name": "Zais",
        "country": "Namibia",
        "region": "Hardap Region",
        "elevation_m": null,
        "population": 0,
        "feature_type": "populated place",
        "geoname_id": 3352003
      }
    },
    {
      "type": "Feature",
      "geometry": {
        "type": "Point",
        "coordinates": [
          18.09358,
          -28.23518
        ]
      },
      "properties": {
        "name": "Ysterputs",
        "country": "Namibia",
        "region": "Karas Region",
        "elevation_m": null,
        "population": 0,
        "feature_type": "populated place",
        "geoname_id": 3352011
      }
    },
    {
      "type": "Feature",
      "geometry": {
        "type": "Point",
        "coordinates": [
          18.59232,
          -17.79486
        ]
      },
      "properties": {
        "name": "Yinsu",
        "country": "Namibia",
        "region": "Kavango West",
        "elevation_m": null,
        "population": 0,
        "feature_type": "populated place",
        "geoname_id": 3352014
      }
    },
    {
      "type": "Feature",
      "geometry": {
        "type": "Point",
        "coordinates": [
          16.01667,
          -17.56667
        ]
      },
      "properties": {
        "name": "Yanghandja",
        "country": "Namibia",
        "region": "Ohangwena Region",
        "elevation_m": null,
        "population": 0,
        "feature_type": "populated place",
        "geoname_id": 3352024
      }
    },
    {
      "type": "Feature",
      "geometry": {
        "type": "Point",
        "coordinates": [
          15.13,
          -21.41677
        ]
      },
      "properties": {
        "name": "Xaubehunis",
        "country": "Namibia",
        "region": "Erongo Region",
        "elevation_m": null,
        "population": 0,
        "feature_type": "populated place",
        "geoname_id": 3352046
      }
    },
    {
      "type": "Feature",
      "geometry": {
        "type": "Point",
        "coordinates": [
          18.63333,
          -28.01667
        ]
      },
      "properties": {
        "name": "Wortel",
        "country": "Namibia",
        "region": "Karas Region",
        "elevation_m": null,
        "population": 0,
        "feature_type": "populated place",
        "geoname_id": 3352054
      }
    },
    {
      "type": "Feature",
      "geometry": {
        "type": "Point",
        "coordinates": [
          18.64269,
          -27.98141
        ]
      },
      "properties": {
        "name": "Wortel",
        "country": "Namibia",
        "region": "Karas Region",
        "elevation_m": null,
        "population": 0,
        "feature_type": "populated place",
        "geoname_id": 3352055
      }
    },
    {
      "type": "Feature",
      "geometry": {
        "type": "Point",
        "coordinates": [
          16.85,
          -27.2
        ]
      },
      "properties": {
        "name": "Wolfbeen",
        "country": "Namibia",
        "region": "Karas Region",
        "elevation_m": null,
        "population": 0,
        "feature_type": "populated place",
        "geoname_id": 3352075
      }
    },
    {
      "type": "Feature",
      "geometry": {
        "type": "Point",
        "coordinates": [
          14.45103,
          -22.41106
        ]
      },
      "properties": {
        "name": "Wlotzkasbaken",
        "country": "Namibia",
        "region": "Erongo Region",
        "elevation_m": null,
        "population": 0,
        "feature_type": "populated place",
        "geoname_id": 3352077
      }
    },
    {
      "type": "Feature",
      "geometry": {
        "type": "Point",
        "coordinates": [
          18.88811,
          -28.66527
        ]
      },
      "properties": {
        "name": "Witsand",
        "country": "Namibia",
        "region": "Karas Region",
        "elevation_m": null,
        "population": 0,
        "feature_type": "populated place",
        "geoname_id": 3352092
      }
    },
    {
      "type": "Feature",
      "geometry": {
        "type": "Point",
        "coordinates": [
          18.01832,
          -28.6016
        ]
      },
      "properties": {
        "name": "Witputs",
        "country": "Namibia",
        "region": "Karas Region",
        "elevation_m": null,
        "population": 0,
        "feature_type": "populated place",
        "geoname_id": 3352098
      }
    },
    {
      "type": "Feature",
      "geometry": {
        "type": "Point",
        "coordinates": [
          16.70926,
          -27.59036
        ]
      },
      "properties": {
        "name": "Witputs",
        "country": "Namibia",
        "region": "Karas Region",
        "elevation_m": null,
        "population": 0,
        "feature_type": "populated place",
        "geoname_id": 3352099
      }
    },
    {
      "type": "Feature",
      "geometry": {
        "type": "Point",
        "coordinates": [
          19.83238,
          -28.2384
        ]
      },
      "properties": {
        "name": "Witkop",
        "country": "Namibia",
        "region": "Karas Region",
        "elevation_m": null,
        "population": 0,
        "feature_type": "populated place",
        "geoname_id": 3352117
      }
    },
    {
      "type": "Feature",
      "geometry": {
        "type": "Point",
        "coordinates": [
          19.80331,
          -28.22847
        ]
      },
      "properties": {
        "name": "Witkop",
        "country": "Namibia",
        "region": "Karas Region",
        "elevation_m": null,
        "population": 0,
        "feature_type": "populated place",
        "geoname_id": 3352118
      }
    },
    {
      "type": "Feature",
      "geometry": {
        "type": "Point",
        "coordinates": [
          17.05924,
          -23.78395
        ]
      },
      "properties": {
        "name": "Witkop",
        "country": "Namibia",
        "region": "Hardap Region",
        "elevation_m": null,
        "population": 0,
        "feature_type": "populated place",
        "geoname_id": 3352119
      }
    },
    {
      "type": "Feature",
      "geometry": {
        "type": "Point",
        "coordinates": [
          16.07897,
          -23.52102
        ]
      },
      "properties": {
        "name": "Witberg",
        "country": "Namibia",
        "region": "Khomas Region",
        "elevation_m": null,
        "population": 0,
        "feature_type": "populated place",
        "geoname_id": 3352131
      }
    },
    {
      "type": "Feature",
      "geometry": {
        "type": "Point",
        "coordinates": [
          18.28655,
          -18.86031
        ]
      },
      "properties": {
        "name": "Wilmardi",
        "country": "Namibia",
        "region": "Otjozondjupa Region",
        "elevation_m": null,
        "population": 0,
        "feature_type": "populated place",
        "geoname_id": 3352139
      }
    },
    {
      "type": "Feature",
      "geometry": {
        "type": "Point",
        "coordinates": [
          18.29581,
          -18.83513
        ]
      },
      "properties": {
        "name": "Wilmardi",
        "country": "Namibia",
        "region": "Otjozondjupa Region",
        "elevation_m": null,
        "population": 0,
        "feature_type": "populated place",
        "geoname_id": 3352140
      }
    },
    {
      "type": "Feature",
      "geometry": {
        "type": "Point",
        "coordinates": [
          16.31667,
          -21.9
        ]
      },
      "properties": {
        "name": "Wilhelmstal",
        "country": "Namibia",
        "region": "Erongo Region",
        "elevation_m": null,
        "population": 0,
        "feature_type": "populated place",
        "geoname_id": 3352145
      }
    },
    {
      "type": "Feature",
      "geometry": {
        "type": "Point",
        "coordinates": [
          18.01972,
          -18.83609
        ]
      },
      "properties": {
        "name": "Wildernis",
        "country": "Namibia",
        "region": "Oshikoto Region",
        "elevation_m": null,
        "population": 0,
        "feature_type": "populated place",
        "geoname_id": 3352152
      }
    },
    {
      "type": "Feature",
      "geometry": {
        "type": "Point",
        "coordinates": [
          18.05586,
          -18.82556
        ]
      },
      "properties": {
        "name": "Wildernis",
        "country": "Namibia",
        "region": "Oshikoto Region",
        "elevation_m": null,
        "population": 0,
        "feature_type": "populated place",
        "geoname_id": 3352153
      }
    },
    {
      "type": "Feature",
      "geometry": {
        "type": "Point",
        "coordinates": [
          18.05088,
          -18.80714
        ]
      },
      "properties": {
        "name": "Wildernis",
        "country": "Namibia",
        "region": "Oshikoto Region",
        "elevation_m": null,
        "population": 0,
        "feature_type": "populated place",
        "geoname_id": 3352154
      }
    }
  ]
}