{
  "type": "FeatureCollection",
  "features": [
    {
      "type": "Feature",
      "geometry": {
        "type": "Point",
        "coordinates": [
          28.04363,
          -26.20227
        ]
      },
      "properties": {
        "name": "Johannesburg",
        "country": "South Africa",
        "region": "Gauteng",
        "elevation_m": null,
        "population": 9418183,
        "feature_type": "seat of a first-order administrative division",
        "geoname_id": 993800
      }
    },
    {
      "type": "Feature",
      "geometry": {
        "type": "Point",
        "coordinates": [
          18.42322,
          -33.92584
        ]
      },
      "properties": {
        "name": "Cape Town",
        "country": "South Africa",
        "region": "Western Cape",
        "elevation_m": null,
        "population": 4772846,
        "feature_type": "seat of a first-order administrative division",
        "geoname_id": 3369157
      }
    },
    {
      "type": "Feature",
      "geometry": {
        "type": "Point",
        "coordinates": [
          31.0292,
          -29.8579
        ]
      },
      "properties": {
        "name": "Durban",
        "country": "South Africa",
        "region": "KwaZulu-Natal",
        "elevation_m": null,
        "population": 3338026,
        "feature_type": "seat of a second-order administrative division",
        "geoname_id": 1007311
      }
    },
    {
      "type": "Feature",
      "geometry": {
        "type": "Point",
        "coordinates": [
          28.18783,
          -25.74486
        ]
      },
      "properties": {
        "name": "Pretoria",
        "country": "South Africa",
        "region": "Gauteng",
        "elevation_m": null,
        "population": 2112693,
        "feature_type": "capital of a political entity",
        "geoname_id": 964137
      }
    },
    {
      "type": "Feature",
      "geometry": {
        "type": "Point",
        "coordinates": [
          27.85849,
          -26.26781
        ]
      },
      "properties": {
        "name": "Soweto",
        "country": "South Africa",
        "region": "Gauteng",
        "elevation_m": null,
        "population": 1695047,
        "feature_type": "populated place",
        "geoname_id": 953781
      }
    },
    {
      "type": "Feature",
      "geometry": {
        "type": "Point",
        "coordinates": [
          25.61494,
          -33.96109
        ]
      },
      "properties": {
        "name": "Port Elizabeth",
        "country": "South Africa",
        "region": "Eastern Cape",
        "elevation_m": null,
        "population": 1050078,
        "feature_type": "seat of a second-order administrative division",
        "geoname_id": 964420
      }
    },
    {
      "type": "Feature",
      "geometry": {
        "type": "Point",
        "coordinates": [
          28.09919,
          -25.47288
        ]
      },
      "properties": {
        "name": "Soshanguve",
        "country": "South Africa",
        "region": "Gauteng",
        "elevation_m": null,
        "population": 872309,
        "feature_type": "populated place",
        "geoname_id": 954013
      }
    },
    {
      "type": "Feature",
      "geometry": {
        "type": "Point",
        "coordinates": [
          30.39278,
          -29.61679
        ]
      },
      "properties": {
        "name": "Pietermaritzburg",
        "country": "South Africa",
        "region": "KwaZulu-Natal",
        "elevation_m": null,
        "population": 839327,
        "feature_type": "seat of a first-order administrative division",
        "geoname_id": 965301
      }
    },
    {
      "type": "Feature",
      "geometry": {
        "type": "Point",
        "coordinates": [
          27.85,
          -26.53333
        ]
      },
      "properties": {
        "name": "Evaton",
        "country": "South Africa",
        "region": "Gauteng",
        "elevation_m": null,
        "population": 725468,
        "feature_type": "populated place",
        "geoname_id": 1004866
      }
    },
    {
      "type": "Feature",
      "geometry": {
        "type": "Point",
        "coordinates": [
          28.32078,
          -26.18848
        ]
      },
      "properties": {
        "name": "Benoni",
        "country": "South Africa",
        "region": "Gauteng",
        "elevation_m": null,
        "population": 605344,
        "feature_type": "populated place",
        "geoname_id": 1020098
      }
    },
    {
      "type": "Feature",
      "geometry": {
        "type": "Point",
        "coordinates": [
          26.214,
          -29.12107
        ]
      },
      "properties": {
        "name": "Bloemfontein",
        "country": "South Africa",
        "region": "Free State",
        "elevation_m": null,
        "population": 556637,
        "feature_type": "seat of a first-order administrative division",
        "geoname_id": 1018725
      }
    },
    {
      "type": "Feature",
      "geometry": {
        "type": "Point",
        "coordinates": [
          28.2268,
          -25.99636
        ]
      },
      "properties": {
        "name": "Thembisa",
        "country": "South Africa",
        "region": "Gauteng",
        "elevation_m": null,
        "population": 511655,
        "feature_type": "populated place",
        "geoname_id": 949880
      }
    },
    {
      "type": "Feature",
      "geometry": {
        "type": "Point",
        "coordinates": [
          27.91162,
          -33.01529
        ]
      },
      "properties": {
        "name": "East London",
        "country": "South Africa",
        "region": "Eastern Cape",
        "elevation_m": null,
        "population": 478676,
        "feature_type": "seat of a second-order administrative division",
        "geoname_id": 1006984
      }
    },
    {
      "type": "Feature",
      "geometry": {
        "type": "Point",
        "coordinates": [
          27.92615,
          -26.67313
        ]
      },
      "properties": {
        "name": "Vereeniging",
        "country": "South Africa",
        "region": "Gauteng",
        "elevation_m": null,
        "population": 474681,
        "feature_type": "seat of a second-order administrative division",
        "geoname_id": 944385
      }
    },
    {
      "type": "Feature",
      "geometry": {
        "type": "Point",
        "coordinates": [
          28.25958,
          -26.21197
        ]
      },
      "properties": {
        "name": "Boksburg",
        "country": "South Africa",
        "region": "Gauteng",
        "elevation_m": null,
        "population": 445168,
        "feature_type": "populated place",
        "geoname_id": 1017780
      }
    },
    {
      "type": "Feature",
      "geometry": {
        "type": "Point",
        "coordinates": [
          26.73506,
          -27.97742
        ]
      },
      "properties": {
        "name": "Welkom",
        "country": "South Africa",
        "region": "Free State",
        "elevation_m": null,
        "population": 431944,
        "feature_type": "seat of a second-order administrative division",
        "geoname_id": 940909
      }
    },
    {
      "type": "Feature",
      "geometry": {
        "type": "Point",
        "coordinates": [
          29.9318,
          -27.75796
        ]
      },
      "properties": {
        "name": "Newcastle",
        "country": "South Africa",
        "region": "KwaZulu-Natal",
        "elevation_m": null,
        "population": 404838,
        "feature_type": "seat of a second-order administrative division",
        "geoname_id": 971421
      }
    },
    {
      "type": "Feature",
      "geometry": {
        "type": "Point",
        "coordinates": [
          27.77515,
          -26.08577
        ]
      },
      "properties": {
        "name": "Krugersdorp",
        "country": "South Africa",
        "region": "Gauteng",
        "elevation_m": null,
        "population": 378821,
        "feature_type": "seat of a third-order administrative division",
        "geoname_id": 986822
      }
    },
    {
      "type": "Feature",
      "geometry": {
        "type": "Point",
        "coordinates": [
          27.24208,
          -25.66756
        ]
      },
      "properties": {
        "name": "Rustenburg",
        "country": "South Africa",
        "region": "North West",
        "elevation_m": null,
        "population": 373695,
        "feature_type": "seat of a third-order administrative division",
        "geoname_id": 958724
      }
    },
    {
      "type": "Feature",
      "geometry": {
        "type": "Point",
        "coordinates": [
          29.23323,
          -25.87133
        ]
      },
      "properties": {
        "name": "Emalahleni",
        "country": "South Africa",
        "region": "Mpumalanga",
        "elevation_m": null,
        "population": 373403,
        "feature_type": "seat of a third-order administrative division",
        "geoname_id": 939270
      }
    },
    {
      "type": "Feature",
      "geometry": {
        "type": "Point",
        "coordinates": [
          28.01213,
          -25.93312
        ]
      },
      "properties": {
        "name": "Diepsloot",
        "country": "South Africa",
        "region": "Gauteng",
        "elevation_m": null,
        "population": 350000,
        "feature_type": "section of populated place",
        "geoname_id": 8764562
      }
    },
    {
      "type": "Feature",
      "geometry": {
        "type": "Point",
        "coordinates": [
          28.00123,
          -26.0941
        ]
      },
      "properties": {
        "name": "Randburg",
        "country": "South Africa",
        "region": "Gauteng",
        "elevation_m": null,
        "population": 337053,
        "feature_type": "populated place",
        "geoname_id": 963241
      }
    },
    {
      "type": "Feature",
      "geometry": {
        "type": "Point",
        "coordinates": [
          27.8725,
          -26.1625
        ]
      },
      "properties": {
        "name": "Roodepoort",
        "country": "South Africa",
        "region": "Gauteng",
        "elevation_m": null,
        "population": 326416,
        "feature_type": "populated place",
        "geoname_id": 936374
      }
    },
    {
      "type": "Feature",
      "geometry": {
        "type": "Point",
        "coordinates": [
          26.72595,
          -29.26737
        ]
      },
      "properties": {
        "name": "Botshabelo",
        "country": "South Africa",
        "region": "Free State",
        "elevation_m": null,
        "population": 309714,
        "feature_type": "populated place",
        "geoname_id": 1016670
      }
    },
    {
      "type": "Feature",
      "geometry": {
        "type": "Point",
        "coordinates": [
          28.36938,
          -26.23656
        ]
      },
      "properties": {
        "name": "Brakpan",
        "country": "South Africa",
        "region": "Gauteng",
        "elevation_m": null,
        "population": 305692,
        "feature_type": "populated place",
        "geoname_id": 1016181
      }
    },
    {
      "type": "Feature",
      "geometry": {
        "type": "Point",
        "coordinates": [
          25.40074,
          -33.75562
        ]
      },
      "properties": {
        "name": "Uitenhage",
        "country": "South Africa",
        "region": "Eastern Cape",
        "elevation_m": null,
        "population": 291052,
        "feature_type": "populated place",
        "geoname_id": 946877
      }
    },
    {
      "type": "Feature",
      "geometry": {
        "type": "Point",
        "coordinates": [
          29.46885,
          -23.90449
        ]
      },
      "properties": {
        "name": "Polokwane",
        "country": "South Africa",
        "region": "Limpopo",
        "elevation_m": null,
        "population": 272461,
        "feature_type": "seat of a first-order administrative division",
        "geoname_id": 965289
      }
    },
    {
      "type": "Feature",
      "geometry": {
        "type": "Point",
        "coordinates": [
          28.17665,
          -26.23481
        ]
      },
      "properties": {
        "name": "Germiston",
        "country": "South Africa",
        "region": "Gauteng",
        "elevation_m": null,
        "population": 255863,
        "feature_type": "seat of a second-order administrative division",
        "geoname_id": 1002108
      }
    },
    {
      "type": "Feature",
      "geometry": {
        "type": "Point",
        "coordinates": [
          32.03768,
          -28.78301
        ]
      },
      "properties": {
        "name": "Richards Bay",
        "country": "South Africa",
        "region": "KwaZulu-Natal",
        "elevation_m": null,
        "population": 252968,
        "feature_type": "seat of a second-order administrative division",
        "geoname_id": 962367
      }
    },
    {
      "type": "Feature",
      "geometry": {
        "type": "Point",
        "coordinates": [
          27.83795,
          -26.71171
        ]
      },
      "properties": {
        "name": "Vanderbijlpark",
        "country": "South Africa",
        "region": "Gauteng",
        "elevation_m": null,
        "population": 246754,
        "feature_type": "seat of a third-order administrative division",
        "geoname_id": 944986
      }
    },
    {
      "type": "Feature",
      "geometry": {
        "type": "Point",
        "coordinates": [
          18.50214,
          -33.96722
        ]
      },
      "properties": {
        "name": "Athlone",
        "country": "South Africa",
        "region": "Western Cape",
        "elevation_m": null,
        "population": 237414,
        "feature_type": "section of populated place",
        "geoname_id": 3370356
      }
    },
    {
      "type": "Feature",
      "geometry": {
        "type": "Point",
        "coordinates": [
          18.97523,
          -33.73378
        ]
      },
      "properties": {
        "name": "Paarl",
        "country": "South Africa",
        "region": "Western Cape",
        "elevation_m": null,
        "population": 236910,
        "feature_type": "seat of a third-order administrative division",
        "geoname_id": 3363094
      }
    },
    {
      "type": "Feature",
      "geometry": {
        "type": "Point",
        "coordinates": [
          28.18577,
          -25.85891
        ]
      },
      "properties": {
        "name": "Centurion",
        "country": "South Africa",
        "region": "Gauteng",
        "elevation_m": null,
        "population": 236580,
        "feature_type": "populated place",
        "geoname_id": 1105777
      }
    },
    {
      "type": "Feature",
      "geometry": {
        "type": "Point",
        "coordinates": [
          26.66672,
          -26.85213
        ]
      },
      "properties": {
        "name": "Klerksdorp",
        "country": "South Africa",
        "region": "North West",
        "elevation_m": null,
        "population": 227039,
        "feature_type": "seat of a second-order administrative division",
        "geoname_id": 989921
      }
    },
    {
      "type": "Feature",
      "geometry": {
        "type": "Point",
        "coordinates": [
          18.82113,
          -34.08401
        ]
      },
      "properties": {
        "name": "Somerset West",
        "country": "South Africa",
        "region": "Western Cape",
        "elevation_m": null,
        "population": 225289,
        "feature_type": "populated place",
        "geoname_id": 6951112
      }
    },
    {
      "type": "Feature",
      "geometry": {
        "type": "Point",
        "coordinates": [
          27.77656,
          -32.93324
        ]
      },
      "properties": {
        "name": "Mdantsane",
        "country": "South Africa",
        "region": "Eastern Cape",
        "elevation_m": null,
        "population": 205504,
        "feature_type": "populated place",
        "geoname_id": 977432
      }
    },
    {
      "type": "Feature",
      "geometry": {
        "type": "Point",
        "coordinates": [
          29.46482,
          -25.77507
        ]
      },
      "properties": {
        "name": "Middelburg",
        "country": "South Africa",
        "region": "Mpumalanga",
        "elevation_m": null,
        "population": 196263,
        "feature_type": "seat of a second-order administrative division",
        "geoname_id": 976361
      }
    },
    {
      "type": "Feature",
      "geometry": {
        "type": "Point",
        "coordinates": [
          22.46173,
          -33.963
        ]
      },
      "properties": {
        "name": "George",
        "country": "South Africa",
        "region": "Western Cape",
        "elevation_m": null,
        "population": 188580,
        "feature_type": "seat of a second-order administrative division",
        "geoname_id": 1002145
      }
    },
    {
      "type": "Feature",
      "geometry": {
        "type": "Point",
        "coordinates": [
          28.4,
          -26.25
        ]
      },
      "properties": {
        "name": "Springs",
        "country": "South Africa",
        "region": "Gauteng",
        "elevation_m": null,
        "population": 186394,
        "feature_type": "section of populated place",
        "geoname_id": 952865
      }
    },
    {
      "type": "Feature",
      "geometry": {
        "type": "Point",
        "coordinates": [
          28.1971,
          -25.9957
        ]
      },
      "properties": {
        "name": "Ivory Park",
        "country": "South Africa",
        "region": "Gauteng",
        "elevation_m": null,
        "population": 184383,
        "feature_type": "section of populated place",
        "geoname_id": 11204237
      }
    },
    {
      "type": "Feature",
      "geometry": {
        "type": "Point",
        "coordinates": [
          27.39767,
          -26.36094
        ]
      },
      "properties": {
        "name": "Carletonville",
        "country": "South Africa",
        "region": "Gauteng",
        "elevation_m": null,
        "population": 182304,
        "feature_type": "seat of a third-order administrative division",
        "geoname_id": 1014073
      }
    },
    {
      "type": "Feature",
      "geometry": {
        "type": "Point",
        "coordinates": [
          28.09884,
          -26.10528
        ]
      },
      "properties": {
        "name": "Alexandra",
        "country": "South Africa",
        "region": "Gauteng",
        "elevation_m": null,
        "population": 179624,
        "feature_type": "section of populated place",
        "geoname_id": 1023374
      }
    },
    {
      "type": "Feature",
      "geometry": {
        "type": "Point",
        "coordinates": [
          27.1,
          -26.71667
        ]
      },
      "properties": {
        "name": "Potchefstroom",
        "country": "South Africa",
        "region": "North West",
        "elevation_m": null,
        "population": 178285,
        "feature_type": "seat of a third-order administrative division",
        "geoname_id": 964349
      }
    },
    {
      "type": "Feature",
      "geometry": {
        "type": "Point",
        "coordinates": [
          28.78443,
          -31.58893
        ]
      },
      "properties": {
        "name": "Mthatha",
        "country": "South Africa",
        "region": "Eastern Cape",
        "elevation_m": null,
        "population": 164848,
        "feature_type": "populated place",
        "geoname_id": 946058
      }
    },
    {
      "type": "Feature",
      "geometry": {
        "type": "Point",
        "coordinates": [
          31.28954,
          -29.32816
        ]
      },
      "properties": {
        "name": "KwaDukuza",
        "country": "South Africa",
        "region": "KwaZulu-Natal",
        "elevation_m": null,
        "population": 161177,
        "feature_type": "populated place",
        "geoname_id": 952734
      }
    },
    {
      "type": "Feature",
      "geometry": {
        "type": "Point",
        "coordinates": [
          27.6486,
          -26.31905
        ]
      },
      "properties": {
        "name": "Westonaria",
        "country": "South Africa",
        "region": "Gauteng",
        "elevation_m": null,
        "population": 156831,
        "feature_type": "seat of a third-order administrative division",
        "geoname_id": 940316
      }
    },
    {
      "type": "Feature",
      "geometry": {
        "type": "Point",
        "coordinates": [
          28.45472,
          -26.12516
        ]
      },
      "properties": {
        "name": "Etwatwa",
        "country": "South Africa",
        "region": "Gauteng",
        "elevation_m": null,
        "population": 151866,
        "feature_type": "populated place",
        "geoname_id": 11204106
      }
    },
    {
      "type": "Feature",
      "geometry": {
        "type": "Point",
        "coordinates": [
          30.79165,
          -27.76952
        ]
      },
      "properties": {
        "name": "Vryheid",
        "country": "South Africa",
        "region": "KwaZulu-Natal",
        "elevation_m": null,
        "population": 150012,
        "feature_type": "seat of a third-order administrative division",
        "geoname_id": 942470
      }
    },
    {
      "type": "Feature",
      "geometry": {
        "type": "Point",
        "coordinates": [
          30.88674,
          -29.82068
        ]
      },
      "properties": {
        "name": "Pinetown",
        "country": "South Africa",
        "region": "KwaZulu-Natal",
        "elevation_m": null,
        "population": 144026,
        "feature_type": "populated place",
        "geoname_id": 965154
      }
    },
    {
      "type": "Feature",
      "geometry": {
        "type": "Point",
        "coordinates": [
          29.77896,
          -28.55874
        ]
      },
      "properties": {
        "name": "Ladysmith",
        "country": "South Africa",
        "region": "KwaZulu-Natal",
        "elevation_m": null,
        "population": 143446,
        "feature_type": "seat of a second-order administrative division",
        "geoname_id": 984998
      }
    },
    {
      "type": "Feature",
      "geometry": {
        "type": "Point",
        "coordinates": [
          29.06667,
          -26.53333
        ]
      },
      "properties": {
        "name": "eMbalenhle",
        "country": "South Africa",
        "region": "Mpumalanga",
        "elevation_m": null,
        "population": 142443,
        "feature_type": "populated place",
        "geoname_id": 1005646
      }
    },
    {
      "type": "Feature",
      "geometry": {
        "type": "Point",
        "coordinates": [
          24.76232,
          -28.73226
        ]
      },
      "properties": {
        "name": "Kimberley",
        "country": "South Africa",
        "region": "Northern Cape",
        "elevation_m": null,
        "population": 142089,
        "feature_type": "seat of a first-order administrative division",
        "geoname_id": 990930
      }
    },
    {
      "type": "Feature",
      "geometry": {
        "type": "Point",
        "coordinates": [
          28.47713,
          -26.43138
        ]
      },
      "properties": {
        "name": "Nigel",
        "country": "South Africa",
        "region": "Gauteng",
        "elevation_m": null,
        "population": 140644,
        "feature_type": "populated place",
        "geoname_id": 970566
      }
    },
    {
      "type": "Feature",
      "geometry": {
        "type": "Point",
        "coordinates": [
          30.63646,
          -29.81292
        ]
      },
      "properties": {
        "name": "Mpumalanga",
        "country": "South Africa",
        "region": "KwaZulu-Natal",
        "elevation_m": null,
        "population": 140121,
        "feature_type": "populated place",
        "geoname_id": 973111
      }
    },
    {
      "type": "Feature",
      "geometry": {
        "type": "Point",
        "coordinates": [
          27.44218,
          -32.84721
        ]
      },
      "properties": {
        "name": "Bhisho",
        "country": "South Africa",
        "region": "Eastern Cape",
        "elevation_m": null,
        "population": 137287,
        "feature_type": "seat of a first-order administrative division",
        "geoname_id": 1019330
      }
    },
    {
      "type": "Feature",
      "geometry": {
        "type": "Point",
        "coordinates": [
          27.81695,
          -26.81358
        ]
      },
      "properties": {
        "name": "Sasolburg",
        "country": "South Africa",
        "region": "Free State",
        "elevation_m": null,
        "population": 135828,
        "feature_type": "seat of a second-order administrative division",
        "geoname_id": 957487
      }
    },
    {
      "type": "Feature",
      "geometry": {
        "type": "Point",
        "coordinates": [
          27.70203,
          -26.1844
        ]
      },
      "properties": {
        "name": "Randfontein",
        "country": "South Africa",
        "region": "Gauteng",
        "elevation_m": null,
        "population": 133654,
        "feature_type": "seat of a second-order administrative division",
        "geoname_id": 963230
      }
    },
    {
      "type": "Feature",
      "geometry": {
        "type": "Point",
        "coordinates": [
          19.44852,
          -33.64651
        ]
      },
      "properties": {
        "name": "Worcester",
        "country": "South Africa",
        "region": "Western Cape",
        "elevation_m": null,
        "population": 127597,
        "feature_type": "seat of a second-order administrative division",
        "geoname_id": 3359041
      }
    },
    {
      "type": "Feature",
      "geometry": {
        "type": "Point",
        "coordinates": [
          30.949,
          -29.739
        ]
      },
      "properties": {
        "name": "Ntuzuma",
        "country": "South Africa",
        "region": "KwaZulu-Natal",
        "elevation_m": null,
        "population": 125394,
        "feature_type": "populated place",
        "geoname_id": 11205667
      }
    },
    {
      "type": "Feature",
      "geometry": {
        "type": "Point",
        "coordinates": [
          26.86593,
          -28.10391
        ]
      },
      "properties": {
        "name": "Virginia",
        "country": "South Africa",
        "region": "Free State",
        "elevation_m": null,
        "population": 122502,
        "feature_type": "populated place",
        "geoname_id": 943882
      }
    },
    {
      "type": "Feature",
      "geometry": {
        "type": "Point",
        "coordinates": [
          27.78022,
          -25.63473
        ]
      },
      "properties": {
        "name": "Brits",
        "country": "South Africa",
        "region": "North West",
        "elevation_m": null,
        "population": 122497,
        "feature_type": "seat of a third-order administrative division",
        "geoname_id": 1015621
      }
    },
    {
      "type": "Feature",
      "geometry": {
        "type": "Point",
        "coordinates": [
          28.12225,
          -26.26786
        ]
      },
      "properties": {
        "name": "Alberton",
        "country": "South Africa",
        "region": "Gauteng",
        "elevation_m": null,
        "population": 121536,
        "feature_type": "populated place",
        "geoname_id": 1023441
      }
    },
    {
      "type": "Feature",
      "geometry": {
        "type": "Point",
        "coordinates": [
          26.87533,
          -31.89756
        ]
      },
      "properties": {
        "name": "Queenstown",
        "country": "South Africa",
        "region": "Eastern Cape",
        "elevation_m": null,
        "population": 118599,
        "feature_type": "seat of a second-order administrative division",
        "geoname_id": 963516
      }
    },
    {
      "type": "Feature",
      "geometry": {
        "type": "Point",
        "coordinates": [
          27.23488,
          -27.65036
        ]
      },
      "properties": {
        "name": "Kroonstad",
        "country": "South Africa",
        "region": "Free State",
        "elevation_m": null,
        "population": 117152,
        "feature_type": "seat of a third-order administrative division",
        "geoname_id": 986846
      }
    },
    {
      "type": "Feature",
      "geometry": {
        "type": "Point",
        "coordinates": [
          28.83431,
          -25.34604
        ]
      },
      "properties": {
        "name": "Somaroboro",
        "country": "South Africa",
        "region": "Mpumalanga",
        "elevation_m": null,
        "population": 114369,
        "feature_type": "populated place",
        "geoname_id": 1105728
      }
    },
    {
      "type": "Feature",
      "geometry": {
        "type": "Point",
        "coordinates": [
          28.287,
          -25.40892
        ]
      },
      "properties": {
        "name": "Hammanskraal",
        "country": "South Africa",
        "region": "North West",
        "elevation_m": null,
        "population": 112950,
        "feature_type": "populated place",
        "geoname_id": 998082
      }
    },
    {
      "type": "Feature",
      "geometry": {
        "type": "Point",
        "coordinates": [
          28.064,
          -25.509
        ]
      },
      "properties": {
        "name": "Mabopane",
        "country": "South Africa",
        "region": "Gauteng",
        "elevation_m": null,
        "population": 110972,
        "feature_type": "populated place",
        "geoname_id": 980921
      }
    },
    {
      "type": "Feature",
      "geometry": {
        "type": "Point",
        "coordinates": [
          30.96935,
          -25.47512
        ]
      },
      "properties": {
        "name": "Mbombela",
        "country": "South Africa",
        "region": "Mpumalanga",
        "elevation_m": null,
        "population": 110159,
        "feature_type": "seat of a first-order administrative division",
        "geoname_id": 971534
      }
    },
    {
      "type": "Feature",
      "geometry": {
        "type": "Point",
        "coordinates": [
          26.67272,
          -26.98023
        ]
      },
      "properties": {
        "name": "Orkney",
        "country": "South Africa",
        "region": "North West",
        "elevation_m": null,
        "population": 110052,
        "feature_type": "populated place",
        "geoname_id": 967476
      }
    },
    {
      "type": "Feature",
      "geometry": {
        "type": "Point",
        "coordinates": [
          31.14107,
          -23.94299
        ]
      },
      "properties": {
        "name": "Phalaborwa",
        "country": "South Africa",
        "region": "Limpopo",
        "elevation_m": null,
        "population": 109468,
        "feature_type": "seat of a third-order administrative division",
        "geoname_id": 965528
      }
    },
    {
      "type": "Feature",
      "geometry": {
        "type": "Point",
        "coordinates": [
          30.48497,
          -22.94564
        ]
      },
      "properties": {
        "name": "Thohoyandou",
        "country": "South Africa",
        "region": "Limpopo",
        "elevation_m": null,
        "population": 107144,
        "feature_type": "seat of a second-order administrative division",
        "geoname_id": 949224
      }
    },
    {
      "type": "Feature",
      "geometry": {
        "type": "Point",
        "coordinates": [
          28.129,
          -26.36
        ]
      },
      "properties": {
        "name": "Tokoza",
        "country": "South Africa",
        "region": "Gauteng",
        "elevation_m": null,
        "population": 106000,
        "feature_type": "populated place",
        "geoname_id": 948542
      }
    },
    {
      "type": "Feature",
      "geometry": {
        "type": "Point",
        "coordinates": [
          29.24152,
          -26.93366
        ]
      },
      "properties": {
        "name": "Standerton",
        "country": "South Africa",
        "region": "Mpumalanga",
        "elevation_m": null,
        "population": 101101,
        "feature_type": "seat of a third-order administrative division",
        "geoname_id": 952747
      }
    },
    {
      "type": "Feature",
      "geometry": {
        "type": "Point",
        "coordinates": [
          29.00974,
          -24.19436
        ]
      },
      "properties": {
        "name": "Mokopane",
        "country": "South Africa",
        "region": "Limpopo",
        "elevation_m": null,
        "population": 101090,
        "feature_type": "seat of a third-order administrative division",
        "geoname_id": 964315
      }
    },
    {
      "type": "Feature",
      "geometry": {
        "type": "Point",
        "coordinates": [
          29.98333,
          -26.53333
        ]
      },
      "properties": {
        "name": "Ermelo",
        "country": "South Africa",
        "region": "Mpumalanga",
        "elevation_m": null,
        "population": 100324,
        "feature_type": "seat of a third-order administrative division",
        "geoname_id": 1005125
      }
    },
    {
      "type": "Feature",
      "geometry": {
        "type": "Point",
        "coordinates": [
          18.86676,
          -33.93462
        ]
      },
      "properties": {
        "name": "Stellenbosch",
        "country": "South Africa",
        "region": "Western Cape",
        "elevation_m": null,
        "population": 96228,
        "feature_type": "seat of a third-order administrative division",
        "geoname_id": 3361025
      }
    },
    {
      "type": "Feature",
      "geometry": {
        "type": "Point",
        "coordinates": [
          26.75,
          -27.83333
        ]
      },
      "properties": {
        "name": "Kutloanong",
        "country": "South Africa",
        "region": "Free State",
        "elevation_m": null,
        "population": 95008,
        "feature_type": "populated place",
        "geoname_id": 986083
      }
    },
    {
      "type": "Feature",
      "geometry": {
        "type": "Point",
        "coordinates": [
          26.76829,
          -26.84493
        ]
      },
      "properties": {
        "name": "Stilfontein",
        "country": "South Africa",
        "region": "North West",
        "elevation_m": null,
        "population": 93110,
        "feature_type": "populated place",
        "geoname_id": 952192
      }
    },
    {
      "type": "Feature",
      "geometry": {
        "type": "Point",
        "coordinates": [
          27.39377,
          -32.88076
        ]
      },
      "properties": {
        "name": "Qonce",
        "country": "South Africa",
        "region": "Eastern Cape",
        "elevation_m": null,
        "population": 93072,
        "feature_type": "populated place",
        "geoname_id": 990849
      }
    },
    {
      "type": "Feature",
      "geometry": {
        "type": "Point",
        "coordinates": [
          28.68322,
          -26.1466
        ]
      },
      "properties": {
        "name": "Delmas",
        "country": "South Africa",
        "region": "Mpumalanga",
        "elevation_m": null,
        "population": 92046,
        "feature_type": "seat of a third-order administrative division",
        "geoname_id": 1011031
      }
    },
    {
      "type": "Feature",
      "geometry": {
        "type": "Point",
        "coordinates": [
          26.53276,
          -33.30422
        ]
      },
      "properties": {
        "name": "Makhanda",
        "country": "South Africa",
        "region": "Eastern Cape",
        "elevation_m": null,
        "population": 91548,
        "feature_type": "seat of a third-order administrative division",
        "geoname_id": 1000501
      }
    },
    {
      "type": "Feature",
      "geometry": {
        "type": "Point",
        "coordinates": [
          28.30707,
          -28.23078
        ]
      },
      "properties": {
        "name": "Bethlehem",
        "country": "South Africa",
        "region": "Free State",
        "elevation_m": null,
        "population": 91075,
        "feature_type": "seat of a third-order administrative division",
        "geoname_id": 1019704
      }
    },
    {
      "type": "Feature",
      "geometry": {
        "type": "Point",
        "coordinates": [
          27.99471,
          -25.61692
        ]
      },
      "properties": {
        "name": "Ga-Rankuwa",
        "country": "South Africa",
        "region": "North West",
        "elevation_m": null,
        "population": 90945,
        "feature_type": "populated place",
        "geoname_id": 1002851
      }
    },
    {
      "type": "Feature",
      "geometry": {
        "type": "Point",
        "coordinates": [
          28.28333,
          -24.88333
        ]
      },
      "properties": {
        "name": "Bela Bela",
        "country": "South Africa",
        "region": "Limpopo",
        "elevation_m": null,
        "population": 90210,
        "feature_type": "populated place",
        "geoname_id": 941966
      }
    },
    {
      "type": "Feature",
      "geometry": {
        "type": "Point",
        "coordinates": [
          28.118,
          -25.976
        ]
      },
      "properties": {
        "name": "Midrand",
        "country": "South Africa",
        "region": "Gauteng",
        "elevation_m": null,
        "population": 87387,
        "feature_type": "populated place",
        "geoname_id": 1105776
      }
    },
    {
      "type": "Feature",
      "geometry": {
        "type": "Point",
        "coordinates": [
          29.90319,
          -23.04385
        ]
      },
      "properties": {
        "name": "Louis Trichardt",
        "country": "South Africa",
        "region": "Limpopo",
        "elevation_m": null,
        "population": 86854,
        "feature_type": "seat of a third-order administrative division",
        "geoname_id": 981827
      }
    },
    {
      "type": "Feature",
      "geometry": {
        "type": "Point",
        "coordinates": [
          28.35921,
          -26.50476
        ]
      },
      "properties": {
        "name": "Heidelberg",
        "country": "South Africa",
        "region": "Gauteng",
        "elevation_m": null,
        "population": 85858,
        "feature_type": "seat of a third-order administrative division",
        "geoname_id": 997151
      }
    },
    {
      "type": "Feature",
      "geometry": {
        "type": "Point",
        "coordinates": [
          30.23371,
          -28.16678
        ]
      },
      "properties": {
        "name": "Dundee",
        "country": "South Africa",
        "region": "KwaZulu-Natal",
        "elevation_m": null,
        "population": 84413,
        "feature_type": "seat of a second-order administrative division",
        "geoname_id": 1007400
      }
    },
    {
      "type": "Feature",
      "geometry": {
        "type": "Point",
        "coordinates": [
          30.81323,
          -27.00706
        ]
      },
      "properties": {
        "name": "Piet Retief",
        "country": "South Africa",
        "region": "Mpumalanga",
        "elevation_m": null,
        "population": 84349,
        "feature_type": "seat of a third-order administrative division",
        "geoname_id": 965241
      }
    },
    {
      "type": "Feature",
      "geometry": {
        "type": "Point",
        "coordinates": [
          28.81582,
          -28.52423
        ]
      },
      "properties": {
        "name": "Phuthaditjhaba",
        "country": "South Africa",
        "region": "Free State",
        "elevation_m": null,
        "population": 84258,
        "feature_type": "seat of a second-order administrative division",
        "geoname_id": 965401
      }
    },
    {
      "type": "Feature",
      "geometry": {
        "type": "Point",
        "coordinates": [
          18.48335,
          -33.56668
        ]
      },
      "properties": {
        "name": "Atlantis",
        "country": "South Africa",
        "region": "Western Cape",
        "elevation_m": null,
        "population": 82736,
        "feature_type": "populated place",
        "geoname_id": 3370352
      }
    },
    {
      "type": "Feature",
      "geometry": {
        "type": "Point",
        "coordinates": [
          22.14605,
          -34.18307
        ]
      },
      "properties": {
        "name": "Mossel Bay",
        "country": "South Africa",
        "region": "Western Cape",
        "elevation_m": null,
        "population": 78940,
        "feature_type": "seat of a third-order administrative division",
        "geoname_id": 973709
      }
    },
    {
      "type": "Feature",
      "geometry": {
        "type": "Point",
        "coordinates": [
          25.64421,
          -25.86522
        ]
      },
      "properties": {
        "name": "Mahikeng",
        "country": "South Africa",
        "region": "North West",
        "elevation_m": null,
        "population": 77110,
        "feature_type": "seat of a first-order administrative division",
        "geoname_id": 980595
      }
    },
    {
      "type": "Feature",
      "geometry": {
        "type": "Point",
        "coordinates": [
          25.63333,
          -25.85
        ]
      },
      "properties": {
        "name": "Mmabatho",
        "country": "South Africa",
        "region": "North West",
        "elevation_m": null,
        "population": 76754,
        "feature_type": "section of populated place",
        "geoname_id": 975436
      }
    },
    {
      "type": "Feature",
      "geometry": {
        "type": "Point",
        "coordinates": [
          26.69072,
          -27.87394
        ]
      },
      "properties": {
        "name": "Odendaalsrus",
        "country": "South Africa",
        "region": "Free State",
        "elevation_m": null,
        "population": 76371,
        "feature_type": "populated place",
        "geoname_id": 968477
      }
    },
    {
      "type": "Feature",
      "geometry": {
        "type": "Point",
        "coordinates": [
          22.19955,
          -33.60047
        ]
      },
      "properties": {
        "name": "Oudtshoorn",
        "country": "South Africa",
        "region": "Western Cape",
        "elevation_m": null,
        "population": 73694,
        "feature_type": "seat of a third-order administrative division",
        "geoname_id": 967106
      }
    },
    {
      "type": "Feature",
      "geometry": {
        "type": "Point",
        "coordinates": [
          29.46553,
          -26.45794
        ]
      },
      "properties": {
        "name": "Bethal",
        "country": "South Africa",
        "region": "Mpumalanga",
        "elevation_m": null,
        "population": 72821,
        "feature_type": "populated place",
        "geoname_id": 1019760
      }
    },
    {
      "type": "Feature",
      "geometry": {
        "type": "Point",
        "coordinates": [
          26.83898,
          -29.20932
        ]
      },
      "properties": {
        "name": "Thaba Nchu",
        "country": "South Africa",
        "region": "Free State",
        "elevation_m": null,
        "population": 72721,
        "feature_type": "populated place",
        "geoname_id": 949703
      }
    },
    {
      "type": "Feature",
      "geometry": {
        "type": "Point",
        "coordinates": [
          26.61701,
          -27.3887
        ]
      },
      "properties": {
        "name": "Bothaville",
        "country": "South Africa",
        "region": "Free State",
        "elevation_m": null,
        "population": 71934,
        "feature_type": "seat of a third-order administrative division",
        "geoname_id": 1016698
      }
    },
    {
      "type": "Feature",
      "geometry": {
        "type": "Point",
        "coordinates": [
          21.25612,
          -28.44776
        ]
      },
      "properties": {
        "name": "Upington",
        "country": "South Africa",
        "region": "Northern Cape",
        "elevation_m": null,
        "population": 71373,
        "feature_type": "seat of a second-order administrative division",
        "geoname_id": 945945
      }
    },
    {
      "type": "Feature",
      "geometry": {
        "type": "Point",
        "coordinates": [
          27.45727,
          -26.9033
        ]
      },
      "properties": {
        "name": "Parys",
        "country": "South Africa",
        "region": "Free State",
        "elevation_m": null,
        "population": 71319,
        "feature_type": "seat of a third-order administrative division",
        "geoname_id": 966166
      }
    },
    {
      "type": "Feature",
      "geometry": {
        "type": "Point",
        "coordinates": [
          25.32931,
          -27.18871
        ]
      },
      "properties": {
        "name": "Schweizer-Reneke",
        "country": "South Africa",
        "region": "North West",
        "elevation_m": null,
        "population": 70214,
        "feature_type": "seat of a third-order administrative division",
        "geoname_id": 956907
      }
    },
    {
      "type": "Feature",
      "geometry": {
        "type": "Point",
        "coordinates": [
          23.04713,
          -34.03627
        ]
      },
      "properties": {
        "name": "Knysna",
        "country": "South Africa",
        "region": "Western Cape",
        "elevation_m": null,
        "population": 68659,
        "feature_type": "seat of a third-order administrative division",
        "geoname_id": 988698
      }
    },
    {
      "type": "Feature",
      "geometry": {
        "type": "Point",
        "coordinates": [
          17.9442,
          -33.01167
        ]
      },
      "properties": {
        "name": "Saldanha",
        "country": "South Africa",
        "region": "Western Cape",
        "elevation_m": null,
        "population": 68284,
        "feature_type": "populated place",
        "geoname_id": 3361934
      }
    },
    {
      "type": "Feature",
      "geometry": {
        "type": "Point",
        "coordinates": [
          31.05319,
          -25.78842
        ]
      },
      "properties": {
        "name": "Barberton",
        "country": "South Africa",
        "region": "Mpumalanga",
        "elevation_m": null,
        "population": 67927,
        "feature_type": "seat of a third-order administrative division",
        "geoname_id": 1021086
      }
    },
    {
      "type": "Feature",
      "geometry": {
        "type": "Point",
        "coordinates": [
          26.15968,
          -26.152
        ]
      },
      "properties": {
        "name": "Lichtenburg",
        "country": "South Africa",
        "region": "North West",
        "elevation_m": null,
        "population": 65863,
        "feature_type": "seat of a third-order administrative division",
        "geoname_id": 982899
      }
    },
    {
      "type": "Feature",
      "geometry": {
        "type": "Point",
        "coordinates": [
          31.11552,
          -29.57366
        ]
      },
      "properties": {
        "name": "Tongaat",
        "country": "South Africa",
        "region": "KwaZulu-Natal",
        "elevation_m": null,
        "population": 64829,
        "feature_type": "populated place",
        "geoname_id": 948468
      }
    },
    {
      "type": "Feature",
      "geometry": {
        "type": "Point",
        "coordinates": [
          24.53075,
          -32.25215
        ]
      },
      "properties": {
        "name": "Graaff Reinet",
        "country": "South Africa",
        "region": "Eastern Cape",
        "elevation_m": null,
        "population": 62896,
        "feature_type": "seat of a third-order administrative division",
        "geoname_id": 1000543
      }
    },
    {
      "type": "Feature",
      "geometry": {
        "type": "Point",
        "coordinates": [
          27.49387,
          -26.48862
        ]
      },
      "properties": {
        "name": "Fochville",
        "country": "South Africa",
        "region": "North West",
        "elevation_m": null,
        "population": 62416,
        "feature_type": "populated place",
        "geoname_id": 1004109
      }
    },
    {
      "type": "Feature",
      "geometry": {
        "type": "Point",
        "coordinates": [
          29.42412,
          -30.54723
        ]
      },
      "properties": {
        "name": "Kokstad",
        "country": "South Africa",
        "region": "KwaZulu-Natal",
        "elevation_m": null,
        "population": 61751,
        "feature_type": "seat of a third-order administrative division",
        "geoname_id": 988356
      }
    },
    {
      "type": "Feature",
      "geometry": {
        "type": "Point",
        "coordinates": [
          26.63376,
          -32.77477
        ]
      },
      "properties": {
        "name": "Fort Beaufort",
        "country": "South Africa",
        "region": "Eastern Cape",
        "elevation_m": null,
        "population": 58419,
        "feature_type": "seat of a third-order administrative division",
        "geoname_id": 1003953
      }
    },
    {
      "type": "Feature",
      "geometry": {
        "type": "Point",
        "coordinates": [
          28.73,
          -25.668
        ]
      },
      "properties": {
        "name": "Ekangala",
        "country": "South Africa",
        "region": "Gauteng",
        "elevation_m": null,
        "population": 58099,
        "feature_type": "populated place",
        "geoname_id": 1105726
      }
    },
    {
      "type": "Feature",
      "geometry": {
        "type": "Point",
        "coordinates": [
          18.71723,
          -33.84808
        ]
      },
      "properties": {
        "name": "Kraaifontein",
        "country": "South Africa",
        "region": "Western Cape",
        "elevation_m": null,
        "population": 57911,
        "feature_type": "populated place",
        "geoname_id": 3365083
      }
    },
    {
      "type": "Feature",
      "geometry": {
        "type": "Point",
        "coordinates": [
          19.23446,
          -34.4187
        ]
      },
      "properties": {
        "name": "Hermanus",
        "country": "South Africa",
        "region": "Western Cape",
        "elevation_m": null,
        "population": 56139,
        "feature_type": "seat of a third-order administrative division",
        "geoname_id": 3366880
      }
    },
    {
      "type": "Feature",
      "geometry": {
        "type": "Point",
        "coordinates": [
          24.7284,
          -26.95659
        ]
      },
      "properties": {
        "name": "Vryburg",
        "country": "South Africa",
        "region": "North West",
        "elevation_m": null,
        "population": 55879,
        "feature_type": "seat of a second-order administrative division",
        "geoname_id": 942511
      }
    },
    {
      "type": "Feature",
      "geometry": {
        "type": "Point",
        "coordinates": [
          19.0112,
          -33.63981
        ]
      },
      "properties": {
        "name": "Wellington",
        "country": "South Africa",
        "region": "Western Cape",
        "elevation_m": null,
        "population": 55543,
        "feature_type": "populated place",
        "geoname_id": 3359510
      }
    },
    {
      "type": "Feature",
      "geometry": {
        "type": "Point",
        "coordinates": [
          26.94855,
          -27.20841
        ]
      },
      "properties": {
        "name": "Viljoenskroon",
        "country": "South Africa",
        "region": "Free State",
        "elevation_m": null,
        "population": 54955,
        "feature_type": "populated place",
        "geoname_id": 943960
      }
    },
    {
      "type": "Feature",
      "geometry": {
        "type": "Point",
        "coordinates": [
          18.6486,
          -33.83079
        ]
      },
      "properties": {
        "name": "Durbanville",
        "country": "South Africa",
        "region": "Western Cape",
        "elevation_m": 139,
        "population": 54286,
        "feature_type": "populated place",
        "geoname_id": 3368254
      }
    },
    {
      "type": "Feature",
      "geometry": {
        "type": "Point",
        "coordinates": [
          28.94224,
          -25.32729
        ]
      },
      "properties": {
        "name": "Kwaggafontein",
        "country": "South Africa",
        "region": "Mpumalanga",
        "elevation_m": null,
        "population": 54040,
        "feature_type": "populated place",
        "geoname_id": 985885
      }
    },
    {
      "type": "Feature",
      "geometry": {
        "type": "Point",
        "coordinates": [
          30.71769,
          -27.98299
        ]
      },
      "properties": {
        "name": "Mondlo",
        "country": "South Africa",
        "region": "KwaZulu-Natal",
        "elevation_m": null,
        "population": 53892,
        "feature_type": "populated place",
        "geoname_id": 974670
      }
    },
    {
      "type": "Feature",
      "geometry": {
        "type": "Point",
        "coordinates": [
          28.14981,
          -32.33083
        ]
      },
      "properties": {
        "name": "Butterworth",
        "country": "South Africa",
        "region": "Eastern Cape",
        "elevation_m": null,
        "population": 53086,
        "feature_type": "populated place",
        "geoname_id": 1014489
      }
    },
    {
      "type": "Feature",
      "geometry": {
        "type": "Point",
        "coordinates": [
          30.45499,
          -30.74137
        ]
      },
      "properties": {
        "name": "Port Shepstone",
        "country": "South Africa",
        "region": "KwaZulu-Natal",
        "elevation_m": null,
        "population": 52793,
        "feature_type": "seat of a second-order administrative division",
        "geoname_id": 964406
      }
    },
    {
      "type": "Feature",
      "geometry": {
        "type": "Point",
        "coordinates": [
          29.22878,
          -26.49155
        ]
      },
      "properties": {
        "name": "Trichardt",
        "country": "South Africa",
        "region": "Mpumalanga",
        "elevation_m": null,
        "population": 52776,
        "feature_type": "populated place",
        "geoname_id": 948130
      }
    },
    {
      "type": "Feature",
      "geometry": {
        "type": "Point",
        "coordinates": [
          30.28708,
          -23.88782
        ]
      },
      "properties": {
        "name": "Nkowakowa",
        "country": "South Africa",
        "region": "Limpopo",
        "elevation_m": null,
        "population": 51350,
        "feature_type": "populated place",
        "geoname_id": 970341
      }
    },
    {
      "type": "Feature",
      "geometry": {
        "type": "Point",
        "coordinates": [
          30.04074,
          -22.34881
        ]
      },
      "properties": {
        "name": "Musina",
        "country": "South Africa",
        "region": "Limpopo",
        "elevation_m": null,
        "population": 51132,
        "feature_type": "seat of a third-order administrative division",
        "geoname_id": 8030223
      }
    },
    {
      "type": "Feature",
      "geometry": {
        "type": "Point",
        "coordinates": [
          28.4,
          -24.7
        ]
      },
      "properties": {
        "name": "Modimolle",
        "country": "South Africa",
        "region": "Limpopo",
        "elevation_m": null,
        "population": 50306,
        "feature_type": "seat of a second-order administrative division",
        "geoname_id": 968665
      }
    },
    {
      "type": "Feature",
      "geometry": {
        "type": "Point",
        "coordinates": [
          27.83925,
          -25.48238
        ]
      },
      "properties": {
        "name": "Letlhabile",
        "country": "South Africa",
        "region": "North West",
        "elevation_m": null,
        "population": 49718,
        "feature_type": "populated place",
        "geoname_id": 12718846
      }
    },
    {
      "type": "Feature",
      "geometry": {
        "type": "Point",
        "coordinates": [
          30.44393,
          -25.09598
        ]
      },
      "properties": {
        "name": "Lydenburg",
        "country": "South Africa",
        "region": "Mpumalanga",
        "elevation_m": null,
        "population": 49605,
        "feature_type": "seat of a third-order administrative division",
        "geoname_id": 981158
      }
    },
    {
      "type": "Feature",
      "geometry": {
        "type": "Point",
        "coordinates": [
          29.70557,
          -23.88384
        ]
      },
      "properties": {
        "name": "Mankweng",
        "country": "South Africa",
        "region": "Limpopo",
        "elevation_m": null,
        "population": 49480,
        "feature_type": "populated place",
        "geoname_id": 11204446
      }
    },
    {
      "type": "Feature",
      "geometry": {
        "type": "Point",
        "coordinates": [
          27.87506,
          -28.872
        ]
      },
      "properties": {
        "name": "Ficksburg",
        "country": "South Africa",
        "region": "Free State",
        "elevation_m": null,
        "population": 49420,
        "feature_type": "seat of a third-order administrative division",
        "geoname_id": 1004303
      }
    },
    {
      "type": "Feature",
      "geometry": {
        "type": "Point",
        "coordinates": [
          25.98311,
          -27.1974
        ]
      },
      "properties": {
        "name": "Wolmaransstad",
        "country": "South Africa",
        "region": "North West",
        "elevation_m": null,
        "population": 49366,
        "feature_type": "seat of a third-order administrative division",
        "geoname_id": 938457
      }
    },
    {
      "type": "Feature",
      "geometry": {
        "type": "Point",
        "coordinates": [
          28.15247,
          -26.14095
        ]
      },
      "properties": {
        "name": "Edenvale",
        "country": "South Africa",
        "region": "Gauteng",
        "elevation_m": null,
        "population": 49292,
        "feature_type": "populated place",
        "geoname_id": 1006834
      }
    },
    {
      "type": "Feature",
      "geometry": {
        "type": "Point",
        "coordinates": [
          31.89961,
          -28.87097
        ]
      },
      "properties": {
        "name": "eSikhaleni",
        "country": "South Africa",
        "region": "KwaZulu-Natal",
        "elevation_m": null,
        "population": 49265,
        "feature_type": "populated place",
        "geoname_id": 1005029
      }
    },
    {
      "type": "Feature",
      "geometry": {
        "type": "Point",
        "coordinates": [
          31.35693,
          -25.52297
        ]
      },
      "properties": {
        "name": "Matsulu",
        "country": "South Africa",
        "region": "Mpumalanga",
        "elevation_m": null,
        "population": 47306,
        "feature_type": "populated place",
        "geoname_id": 977975
      }
    },
    {
      "type": "Feature",
      "geometry": {
        "type": "Point",
        "coordinates": [
          18.70663,
          -33.94208
        ]
      },
      "properties": {
        "name": "Kuils River",
        "country": "South Africa",
        "region": "Western Cape",
        "elevation_m": null,
        "population": 46685,
        "feature_type": "populated place",
        "geoname_id": 3364937
      }
    },
    {
      "type": "Feature",
      "geometry": {
        "type": "Point",
        "coordinates": [
          28.59016,
          -26.66331
        ]
      },
      "properties": {
        "name": "Balfour",
        "country": "South Africa",
        "region": "Mpumalanga",
        "elevation_m": null,
        "population": 46008,
        "feature_type": "seat of a third-order administrative division",
        "geoname_id": 1021396
      }
    },
    {
      "type": "Feature",
      "geometry": {
        "type": "Point",
        "coordinates": [
          17.98997,
          -32.90719
        ]
      },
      "properties": {
        "name": "Vredenburg",
        "country": "South Africa",
        "region": "Western Cape",
        "elevation_m": null,
        "population": 45986,
        "feature_type": "seat of a third-order administrative division",
        "geoname_id": 3359741
      }
    },
    {
      "type": "Feature",
      "geometry": {
        "type": "Point",
        "coordinates": [
          22.58295,
          -32.35671
        ]
      },
      "properties": {
        "name": "Beaufort West",
        "country": "South Africa",
        "region": "Western Cape",
        "elevation_m": null,
        "population": 44737,
        "feature_type": "seat of a second-order administrative division",
        "geoname_id": 1020641
      }
    },
    {
      "type": "Feature",
      "geometry": {
        "type": "Point",
        "coordinates": [
          26.71141,
          -30.69366
        ]
      },
      "properties": {
        "name": "Aliwal North",
        "country": "South Africa",
        "region": "Eastern Cape",
        "elevation_m": null,
        "population": 44436,
        "feature_type": "seat of a third-order administrative division",
        "geoname_id": 1023309
      }
    },
    {
      "type": "Feature",
      "geometry": {
        "type": "Point",
        "coordinates": [
          29.04454,
          -25.11319
        ]
      },
      "properties": {
        "name": "Siyabuswa",
        "country": "South Africa",
        "region": "Mpumalanga",
        "elevation_m": null,
        "population": 44189,
        "feature_type": "seat of a third-order administrative division",
        "geoname_id": 955313
      }
    },
    {
      "type": "Feature",
      "geometry": {
        "type": "Point",
        "coordinates": [
          25.61918,
          -32.16422
        ]
      },
      "properties": {
        "name": "Cradock",
        "country": "South Africa",
        "region": "Eastern Cape",
        "elevation_m": null,
        "population": 43936,
        "feature_type": "seat of a third-order administrative division",
        "geoname_id": 1012600
      }
    },
    {
      "type": "Feature",
      "geometry": {
        "type": "Point",
        "coordinates": [
          29.88175,
          -27.36541
        ]
      },
      "properties": {
        "name": "Volksrust",
        "country": "South Africa",
        "region": "Mpumalanga",
        "elevation_m": null,
        "population": 43378,
        "feature_type": "seat of a third-order administrative division",
        "geoname_id": 943032
      }
    },
    {
      "type": "Feature",
      "geometry": {
        "type": "Point",
        "coordinates": [
          18.72714,
          -33.4608
        ]
      },
      "properties": {
        "name": "Malmesbury",
        "country": "South Africa",
        "region": "Western Cape",
        "elevation_m": null,
        "population": 43009,
        "feature_type": "seat of a third-order administrative division",
        "geoname_id": 3364346
      }
    },
    {
      "type": "Feature",
      "geometry": {
        "type": "Point",
        "coordinates": [
          31.2385,
          -24.98776
        ]
      },
      "properties": {
        "name": "Mkhuhlu",
        "country": "South Africa",
        "region": "Mpumalanga",
        "elevation_m": null,
        "population": 42969,
        "feature_type": "populated place",
        "geoname_id": 11204552
      }
    },
    {
      "type": "Feature",
      "geometry": {
        "type": "Point",
        "coordinates": [
          26.36583,
          -27.8549
        ]
      },
      "properties": {
        "name": "Wesselsbron",
        "country": "South Africa",
        "region": "Free State",
        "elevation_m": null,
        "population": 42552,
        "feature_type": "populated place",
        "geoname_id": 940424
      }
    },
    {
      "type": "Feature",
      "geometry": {
        "type": "Point",
        "coordinates": [
          29.50078,
          -24.31457
        ]
      },
      "properties": {
        "name": "Lebowakgomo",
        "country": "South Africa",
        "region": "Limpopo",
        "elevation_m": null,
        "population": 42040,
        "feature_type": "populated place",
        "geoname_id": 12718813
      }
    },
    {
      "type": "Feature",
      "geometry": {
        "type": "Point",
        "coordinates": [
          19.31095,
          -33.36889
        ]
      },
      "properties": {
        "name": "Ceres",
        "country": "South Africa",
        "region": "Western Cape",
        "elevation_m": null,
        "population": 41596,
        "feature_type": "seat of a third-order administrative division",
        "geoname_id": 3369129
      }
    },
    {
      "type": "Feature",
      "geometry": {
        "type": "Point",
        "coordinates": [
          28.74248,
          -25.81015
        ]
      },
      "properties": {
        "name": "Bronkhorstspruit",
        "country": "South Africa",
        "region": "Gauteng",
        "elevation_m": null,
        "population": 41209,
        "feature_type": "populated place",
        "geoname_id": 1015504
      }
    },
    {
      "type": "Feature",
      "geometry": {
        "type": "Point",
        "coordinates": [
          27.62082,
          -28.31971
        ]
      },
      "properties": {
        "name": "Senekal",
        "country": "South Africa",
        "region": "Free State",
        "elevation_m": null,
        "population": 39584,
        "feature_type": "populated place",
        "geoname_id": 956507
      }
    },
    {
      "type": "Feature",
      "geometry": {
        "type": "Point",
        "coordinates": [
          28.9189,
          -26.36737
        ]
      },
      "properties": {
        "name": "Leslie",
        "country": "South Africa",
        "region": "Mpumalanga",
        "elevation_m": null,
        "population": 39514,
        "feature_type": "populated place",
        "geoname_id": 983065
      }
    },
    {
      "type": "Feature",
      "geometry": {
        "type": "Point",
        "coordinates": [
          29.034,
          -26.002
        ]
      },
      "properties": {
        "name": "Phola",
        "country": "South Africa",
        "region": "Mpumalanga",
        "elevation_m": null,
        "population": 38202,
        "feature_type": "section of populated place",
        "geoname_id": 11205133
      }
    },
    {
      "type": "Feature",
      "geometry": {
        "type": "Point",
        "coordinates": [
          23.3716,
          -34.05274
        ]
      },
      "properties": {
        "name": "Plettenberg Bay",
        "country": "South Africa",
        "region": "Western Cape",
        "elevation_m": null,
        "population": 38126,
        "feature_type": "seat of a third-order administrative division",
        "geoname_id": 964712
      }
    },
    {
      "type": "Feature",
      "geometry": {
        "type": "Point",
        "coordinates": [
          31.41403,
          -29.14691
        ]
      },
      "properties": {
        "name": "Mandeni",
        "country": "South Africa",
        "region": "KwaZulu-Natal",
        "elevation_m": null,
        "population": 37533,
        "feature_type": "seat of a third-order administrative division",
        "geoname_id": 8063456
      }
    },
    {
      "type": "Feature",
      "geometry": {
        "type": "Point",
        "coordinates": [
          19.01509,
          -34.15152
        ]
      },
      "properties": {
        "name": "Grabouw",
        "country": "South Africa",
        "region": "Western Cape",
        "elevation_m": null,
        "population": 37490,
        "feature_type": "populated place",
        "geoname_id": 3367513
      }
    },
    {
      "type": "Feature",
      "geometry": {
        "type": "Point",
        "coordinates": [
          30.82292,
          -26.05501
        ]
      },
      "properties": {
        "name": "Lukwatini",
        "country": "South Africa",
        "region": "Mpumalanga",
        "elevation_m": null,
        "population": 37362,
        "feature_type": "populated place",
        "geoname_id": 11204240
      }
    },
    {
      "type": "Feature",
      "geometry": {
        "type": "Point",
        "coordinates": [
          30.71868,
          -23.30246
        ]
      },
      "properties": {
        "name": "Giyani",
        "country": "South Africa",
        "region": "Limpopo",
        "elevation_m": null,
        "population": 37024,
        "feature_type": "seat of a second-order administrative division",
        "geoname_id": 1001860
      }
    },
    {
      "type": "Feature",
      "geometry": {
        "type": "Point",
        "coordinates": [
          18.47969,
          -34.09702
        ]
      },
      "properties": {
        "name": "Muizenberg",
        "country": "South Africa",
        "region": "Western Cape",
        "elevation_m": null,
        "population": 36857,
        "feature_type": "populated place",
        "geoname_id": 3363882
      }
    },
    {
      "type": "Feature",
      "geometry": {
        "type": "Point",
        "coordinates": [
          30.80724,
          -29.99569
        ]
      },
      "properties": {
        "name": "Folweni",
        "country": "South Africa",
        "region": "KwaZulu-Natal",
        "elevation_m": null,
        "population": 36425,
        "feature_type": "section of populated place",
        "geoname_id": 11288103
      }
    },
    {
      "type": "Feature",
      "geometry": {
        "type": "Point",
        "coordinates": [
          31.23485,
          -24.98317
        ]
      },
      "properties": {
        "name": "Calcutta",
        "country": "South Africa",
        "region": "Mpumalanga",
        "elevation_m": null,
        "population": 35864,
        "feature_type": "populated place",
        "geoname_id": 1014306
      }
    },
    {
      "type": "Feature",
      "geometry": {
        "type": "Point",
        "coordinates": [
          27.42396,
          -32.57076
        ]
      },
      "properties": {
        "name": "Stutterheim",
        "country": "South Africa",
        "region": "Eastern Cape",
        "elevation_m": null,
        "population": 35510,
        "feature_type": "seat of a third-order administrative division",
        "geoname_id": 951650
      }
    },
    {
      "type": "Feature",
      "geometry": {
        "type": "Point",
        "coordinates": [
          31.10277,
          -24.79456
        ]
      },
      "properties": {
        "name": "Dwarsloop",
        "country": "South Africa",
        "region": "Limpopo",
        "elevation_m": null,
        "population": 35397,
        "feature_type": "populated place",
        "geoname_id": 1007140
      }
    },
    {
      "type": "Feature",
      "geometry": {
        "type": "Point",
        "coordinates": [
          24.76912,
          -34.02903
        ]
      },
      "properties": {
        "name": "Humansdorp",
        "country": "South Africa",
        "region": "Eastern Cape",
        "elevation_m": null,
        "population": 34733,
        "feature_type": "populated place",
        "geoname_id": 995094
      }
    },
    {
      "type": "Feature",
      "geometry": {
        "type": "Point",
        "coordinates": [
          26.70107,
          -28.41098
        ]
      },
      "properties": {
        "name": "Theunissen",
        "country": "South Africa",
        "region": "Free State",
        "elevation_m": null,
        "population": 34718,
        "feature_type": "seat of a third-order administrative division",
        "geoname_id": 949282
      }
    },
    {
      "type": "Feature",
      "geometry": {
        "type": "Point",
        "coordinates": [
          27.41155,
          -24.59165
        ]
      },
      "properties": {
        "name": "Thabazimbi",
        "country": "South Africa",
        "region": "Limpopo",
        "elevation_m": null,
        "population": 34561,
        "feature_type": "seat of a third-order administrative division",
        "geoname_id": 949683
      }
    },
    {
      "type": "Feature",
      "geometry": {
        "type": "Point",
        "coordinates": [
          30.37052,
          -30.8636
        ]
      },
      "properties": {
        "name": "Margate",
        "country": "South Africa",
        "region": "KwaZulu-Natal",
        "elevation_m": null,
        "population": 34407,
        "feature_type": "populated place",
        "geoname_id": 978895
      }
    },
    {
      "type": "Feature",
      "geometry": {
        "type": "Point",
        "coordinates": [
          28.52364,
          -25.67088
        ]
      },
      "properties": {
        "name": "Cullinan",
        "country": "South Africa",
        "region": "Gauteng",
        "elevation_m": null,
        "population": 34087,
        "feature_type": "populated place",
        "geoname_id": 1012413
      }
    },
    {
      "type": "Feature",
      "geometry": {
        "type": "Point",
        "coordinates": [
          29.78232,
          -29.04912
        ]
      },
      "properties": {
        "name": "Wembesi",
        "country": "South Africa",
        "region": "KwaZulu-Natal",
        "elevation_m": null,
        "population": 33849,
        "feature_type": "populated place",
        "geoname_id": 940509
      }
    },
    {
      "type": "Feature",
      "geometry": {
        "type": "Point",
        "coordinates": [
          26.82437,
          -32.17588
        ]
      },
      "properties": {
        "name": "Whittlesea",
        "country": "South Africa",
        "region": "Eastern Cape",
        "elevation_m": null,
        "population": 33844,
        "feature_type": "populated place",
        "geoname_id": 940186
      }
    },
    {
      "type": "Feature",
      "geometry": {
        "type": "Point",
        "coordinates": [
          31.09467,
          -24.5878
        ]
      },
      "properties": {
        "name": "Acornhoek",
        "country": "South Africa",
        "region": "Limpopo",
        "elevation_m": null,
        "population": 33529,
        "feature_type": "populated place",
        "geoname_id": 1023713
      }
    },
    {
      "type": "Feature",
      "geometry": {
        "type": "Point",
        "coordinates": [
          25.60697,
          -27.64685
        ]
      },
      "properties": {
        "name": "Bloemhof",
        "country": "South Africa",
        "region": "North West",
        "elevation_m": null,
        "population": 33432,
        "feature_type": "populated place",
        "geoname_id": 1018673
      }
    },
    {
      "type": "Feature",
      "geometry": {
        "type": "Point",
        "coordinates": [
          29.12946,
          -28.27276
        ]
      },
      "properties": {
        "name": "Harrismith",
        "country": "South Africa",
        "region": "Free State",
        "elevation_m": null,
        "population": 33390,
        "feature_type": "populated place",
        "geoname_id": 997751
      }
    },
    {
      "type": "Feature",
      "geometry": {
        "type": "Point",
        "coordinates": [
          19.88537,
          -33.80342
        ]
      },
      "properties": {
        "name": "Robertson",
        "country": "South Africa",
        "region": "Western Cape",
        "elevation_m": null,
        "population": 33204,
        "feature_type": "populated place",
        "geoname_id": 3362349
      }
    },
    {
      "type": "Feature",
      "geometry": {
        "type": "Point",
        "coordinates": [
          32.18483,
          -28.41789
        ]
      },
      "properties": {
        "name": "Mtubatuba",
        "country": "South Africa",
        "region": "KwaZulu-Natal",
        "elevation_m": null,
        "population": 33182,
        "feature_type": "seat of a third-order administrative division",
        "geoname_id": 972803
      }
    },
    {
      "type": "Feature",
      "geometry": {
        "type": "Point",
        "coordinates": [
          31.89329,
          -28.76197
        ]
      },
      "properties": {
        "name": "Empangeni",
        "country": "South Africa",
        "region": "KwaZulu-Natal",
        "elevation_m": null,
        "population": 33075,
        "feature_type": "populated place",
        "geoname_id": 1005544
      }
    },
    {
      "type": "Feature",
      "geometry": {
        "type": "Point",
        "coordinates": [
          27.9709,
          -27.28115
        ]
      },
      "properties": {
        "name": "Heilbron",
        "country": "South Africa",
        "region": "Free State",
        "elevation_m": null,
        "population": 32836,
        "feature_type": "populated place",
        "geoname_id": 997140
      }
    },
    {
      "type": "Feature",
      "geometry": {
        "type": "Point",
        "coordinates": [
          24.92146,
          -34.04526
        ]
      },
      "properties": {
        "name": "Jeffreys Bay",
        "country": "South Africa",
        "region": "Eastern Cape",
        "elevation_m": null,
        "population": 32477,
        "feature_type": "populated place",
        "geoname_id": 993910
      }
    },
    {
      "type": "Feature",
      "geometry": {
        "type": "Point",
        "coordinates": [
          30.23057,
          -29.47795
        ]
      },
      "properties": {
        "name": "Howick",
        "country": "South Africa",
        "region": "KwaZulu-Natal",
        "elevation_m": null,
        "population": 32453,
        "feature_type": "seat of a third-order administrative division",
        "geoname_id": 995202
      }
    },
    {
      "type": "Feature",
      "geometry": {
        "type": "Point",
        "coordinates": [
          30.27235,
          -29.87196
        ]
      },
      "properties": {
        "name": "Richmond",
        "country": "South Africa",
        "region": "KwaZulu-Natal",
        "elevation_m": null,
        "population": 32445,
        "feature_type": "seat of a third-order administrative division",
        "geoname_id": 962330
      }
    },
    {
      "type": "Feature",
      "geometry": {
        "type": "Point",
        "coordinates": [
          24.0123,
          -30.64966
        ]
      },
      "properties": {
        "name": "De Aar",
        "country": "South Africa",
        "region": "Northern Cape",
        "elevation_m": null,
        "population": 32318,
        "feature_type": "seat of a second-order administrative division",
        "geoname_id": 1011632
      }
    },
    {
      "type": "Feature",
      "geometry": {
        "type": "Point",
        "coordinates": [
          31.41617,
          -28.33523
        ]
      },
      "properties": {
        "name": "Ulundi",
        "country": "South Africa",
        "region": "KwaZulu-Natal",
        "elevation_m": null,
        "population": 31795,
        "feature_type": "seat of a second-order administrative division",
        "geoname_id": 946257
      }
    },
    {
      "type": "Feature",
      "geometry": {
        "type": "Point",
        "coordinates": [
          26.64382,
          -27.75431
        ]
      },
      "properties": {
        "name": "Allanridge",
        "country": "South Africa",
        "region": "Free State",
        "elevation_m": null,
        "population": 31700,
        "feature_type": "populated place",
        "geoname_id": 1023287
      }
    },
    {
      "type": "Feature",
      "geometry": {
        "type": "Point",
        "coordinates": [
          27.51114,
          -25.44141
        ]
      },
      "properties": {
        "name": "Hartbeestfontein-A",
        "country": "South Africa",
        "region": "North West",
        "elevation_m": null,
        "population": 31554,
        "feature_type": "populated place",
        "geoname_id": 8604906
      }
    },
    {
      "type": "Feature",
      "geometry": {
        "type": "Point",
        "coordinates": [
          28.92112,
          -26.37945
        ]
      },
      "properties": {
        "name": "Lebohang",
        "country": "South Africa",
        "region": "Mpumalanga",
        "elevation_m": null,
        "population": 31553,
        "feature_type": "populated place",
        "geoname_id": 11428880
      }
    },
    {
      "type": "Feature",
      "geometry": {
        "type": "Point",
        "coordinates": [
          27.62495,
          -23.65506
        ]
      },
      "properties": {
        "name": "Marapong",
        "country": "South Africa",
        "region": "Limpopo",
        "elevation_m": null,
        "population": 31424,
        "feature_type": "populated locality",
        "geoname_id": 8629684
      }
    },
    {
      "type": "Feature",
      "geometry": {
        "type": "Point",
        "coordinates": [
          28.49696,
          -27.27888
        ]
      },
      "properties": {
        "name": "Frankfort",
        "country": "South Africa",
        "region": "Free State",
        "elevation_m": null,
        "population": 31323,
        "feature_type": "seat of a third-order administrative division",
        "geoname_id": 1003763
      }
    },
    {
      "type": "Feature",
      "geometry": {
        "type": "Point",
        "coordinates": [
          26.88329,
          -33.58601
        ]
      },
      "properties": {
        "name": "Port Alfred",
        "country": "South Africa",
        "region": "Eastern Cape",
        "elevation_m": null,
        "population": 30981,
        "feature_type": "seat of a third-order administrative division",
        "geoname_id": 964432
      }
    },
    {
      "type": "Feature",
      "geometry": {
        "type": "Point",
        "coordinates": [
          27.45739,
          -29.19448
        ]
      },
      "properties": {
        "name": "Ladybrand",
        "country": "South Africa",
        "region": "Free State",
        "elevation_m": null,
        "population": 30930,
        "feature_type": "seat of a third-order administrative division",
        "geoname_id": 985015
      }
    },
    {
      "type": "Feature",
      "geometry": {
        "type": "Point",
        "coordinates": [
          30.18618,
          -29.56822
        ]
      },
      "properties": {
        "name": "Mpophomeni",
        "country": "South Africa",
        "region": "KwaZulu-Natal",
        "elevation_m": null,
        "population": 30830,
        "feature_type": "populated place",
        "geoname_id": 973139
      }
    },
    {
      "type": "Feature",
      "geometry": {
        "type": "Point",
        "coordinates": [
          23.06541,
          -28.33392
        ]
      },
      "properties": {
        "name": "Postmasburg",
        "country": "South Africa",
        "region": "Northern Cape",
        "elevation_m": null,
        "population": 30089,
        "feature_type": "seat of a third-order administrative division",
        "geoname_id": 964363
      }
    },
    {
      "type": "Feature",
      "geometry": {
        "type": "Point",
        "coordinates": [
          28.71667,
          -24.51667
        ]
      },
      "properties": {
        "name": "Mookgophong",
        "country": "South Africa",
        "region": "Limpopo",
        "elevation_m": null,
        "population": 29778,
        "feature_type": "populated place",
        "geoname_id": 972206
      }
    },
    {
      "type": "Feature",
      "geometry": {
        "type": "Point",
        "coordinates": [
          30.79268,
          -26.04027
        ]
      },
      "properties": {
        "name": "Nhlazatje",
        "country": "South Africa",
        "region": "Mpumalanga",
        "elevation_m": null,
        "population": 28224,
        "feature_type": "populated place",
        "geoname_id": 12750584
      }
    },
    {
      "type": "Feature",
      "geometry": {
        "type": "Point",
        "coordinates": [
          30.43571,
          -26.96501
        ]
      },
      "properties": {
        "name": "Driefontein",
        "country": "South Africa",
        "region": "Mpumalanga",
        "elevation_m": null,
        "population": 28127,
        "feature_type": "populated place",
        "geoname_id": 1008261
      }
    },
    {
      "type": "Feature",
      "geometry": {
        "type": "Point",
        "coordinates": [
          26.14996,
          -28.28756
        ]
      },
      "properties": {
        "name": "Bultfontein",
        "country": "South Africa",
        "region": "Free State",
        "elevation_m": null,
        "population": 27994,
        "feature_type": "seat of a third-order administrative division",
        "geoname_id": 1014747
      }
    },
    {
      "type": "Feature",
      "geometry": {
        "type": "Point",
        "coordinates": [
          31.21439,
          -29.53897
        ]
      },
      "properties": {
        "name": "Ballitoville",
        "country": "South Africa",
        "region": "KwaZulu-Natal",
        "elevation_m": null,
        "population": 27718,
        "feature_type": "populated place",
        "geoname_id": 1021360
      }
    },
    {
      "type": "Feature",
      "geometry": {
        "type": "Point",
        "coordinates": [
          31.21532,
          -29.44931
        ]
      },
      "properties": {
        "name": "Shakaskraal",
        "country": "South Africa",
        "region": "KwaZulu-Natal",
        "elevation_m": null,
        "population": 27345,
        "feature_type": "populated place",
        "geoname_id": 956232
      }
    },
    {
      "type": "Feature",
      "geometry": {
        "type": "Point",
        "coordinates": [
          29.71528,
          -26.15881
        ]
      },
      "properties": {
        "name": "Hendrina",
        "country": "South Africa",
        "region": "Mpumalanga",
        "elevation_m": null,
        "population": 27300,
        "feature_type": "populated place",
        "geoname_id": 996930
      }
    },
    {
      "type": "Feature",
      "geometry": {
        "type": "Point",
        "coordinates": [
          27.87,
          -25.7287
        ]
      },
      "properties": {
        "name": "Hartbeespoort",
        "country": "South Africa",
        "region": "North West",
        "elevation_m": null,
        "population": 26732,
        "feature_type": "populated place",
        "geoname_id": 997678
      }
    },
    {
      "type": "Feature",
      "geometry": {
        "type": "Point",
        "coordinates": [
          30.31684,
          -24.58398
        ]
      },
      "properties": {
        "name": "Praktiseer",
        "country": "South Africa",
        "region": "Limpopo",
        "elevation_m": null,
        "population": 26675,
        "feature_type": "populated place",
        "geoname_id": 12718812
      }
    },
    {
      "type": "Feature",
      "geometry": {
        "type": "Point",
        "coordinates": [
          26.82223,
          -26.31401
        ]
      },
      "properties": {
        "name": "Ventersdorp",
        "country": "South Africa",
        "region": "North West",
        "elevation_m": null,
        "population": 26446,
        "feature_type": "seat of a third-order administrative division",
        "geoname_id": 944531
      }
    },
    {
      "type": "Feature",
      "geometry": {
        "type": "Point",
        "coordinates": [
          29.86619,
          -29.01269
        ]
      },
      "properties": {
        "name": "Estcourt",
        "country": "South Africa",
        "region": "KwaZulu-Natal",
        "elevation_m": null,
        "population": 26444,
        "feature_type": "seat of a third-order administrative division",
        "geoname_id": 1004962
      }
    },
    {
      "type": "Feature",
      "geometry": {
        "type": "Point",
        "coordinates": [
          27.21742,
          -32.83483
        ]
      },
      "properties": {
        "name": "Dimbaza",
        "country": "South Africa",
        "region": "Eastern Cape",
        "elevation_m": null,
        "population": 26099,
        "feature_type": "populated place",
        "geoname_id": 1009863
      }
    },
    {
      "type": "Feature",
      "geometry": {
        "type": "Point",
        "coordinates": [
          18.47617,
          -34.05515
        ]
      },
      "properties": {
        "name": "Retreat",
        "country": "South Africa",
        "region": "Western Cape",
        "elevation_m": null,
        "population": 25745,
        "feature_type": "populated place",
        "geoname_id": 8604596
      }
    },
    {
      "type": "Feature",
      "geometry": {
        "type": "Point",
        "coordinates": [
          31.01166,
          -25.33177
        ]
      },
      "properties": {
        "name": "White River",
        "country": "South Africa",
        "region": "Mpumalanga",
        "elevation_m": null,
        "population": 25607,
        "feature_type": "populated place",
        "geoname_id": 938694
      }
    },
    {
      "type": "Feature",
      "geometry": {
        "type": "Point",
        "coordinates": [
          27.29659,
          -24.81811
        ]
      },
      "properties": {
        "name": "Amandelbult",
        "country": "South Africa",
        "region": "Limpopo",
        "elevation_m": null,
        "population": 25587,
        "feature_type": "populated place",
        "geoname_id": 1022982
      }
    },
    {
      "type": "Feature",
      "geometry": {
        "type": "Point",
        "coordinates": [
          31.86288,
          -25.67031
        ]
      },
      "properties": {
        "name": "Kamaqhekeza",
        "country": "South Africa",
        "region": "Mpumalanga",
        "elevation_m": null,
        "population": 25390,
        "feature_type": "populated place",
        "geoname_id": 11204695
      }
    },
    {
      "type": "Feature",
      "geometry": {
        "type": "Point",
        "coordinates": [
          27.2329,
          -31.70312
        ]
      },
      "properties": {
        "name": "Lady Frere",
        "country": "South Africa",
        "region": "Eastern Cape",
        "elevation_m": null,
        "population": 25041,
        "feature_type": "seat of a third-order administrative division",
        "geoname_id": 985011
      }
    },
    {
      "type": "Feature",
      "geometry": {
        "type": "Point",
        "coordinates": [
          25.16111,
          -27.91402
        ]
      },
      "properties": {
        "name": "Christiana",
        "country": "South Africa",
        "region": "North West",
        "elevation_m": null,
        "population": 25019,
        "feature_type": "seat of a third-order administrative division",
        "geoname_id": 1013550
      }
    },
    {
      "type": "Feature",
      "geometry": {
        "type": "Point",
        "coordinates": [
          28.19881,
          -25.91849
        ]
      },
      "properties": {
        "name": "Midstream",
        "country": "South Africa",
        "region": "Gauteng",
        "elevation_m": 1520,
        "population": 25000,
        "feature_type": "populated place",
        "geoname_id": 8030233
      }
    },
    {
      "type": "Feature",
      "geometry": {
        "type": "Point",
        "coordinates": [
          27.08234,
          -28.01274
        ]
      },
      "properties": {
        "name": "Phomolong",
        "country": "South Africa",
        "region": "Free State",
        "elevation_m": null,
        "population": 24635,
        "feature_type": "populated place",
        "geoname_id": 12718757
      }
    },
    {
      "type": "Feature",
      "geometry": {
        "type": "Point",
        "coordinates": [
          30.14002,
          -23.69339
        ]
      },
      "properties": {
        "name": "Duiwelskloof",
        "country": "South Africa",
        "region": "Limpopo",
        "elevation_m": null,
        "population": 24572,
        "feature_type": "populated place",
        "geoname_id": 1007514
      }
    },
    {
      "type": "Feature",
      "geometry": {
        "type": "Point",
        "coordinates": [
          28.42726,
          -27.80138
        ]
      },
      "properties": {
        "name": "Reitz",
        "country": "South Africa",
        "region": "Free State",
        "elevation_m": null,
        "population": 24181,
        "feature_type": "seat of a third-order administrative division",
        "geoname_id": 962847
      }
    },
    {
      "type": "Feature",
      "geometry": {
        "type": "Point",
        "coordinates": [
          30.75316,
          -30.28666
        ]
      },
      "properties": {
        "name": "Scottburgh",
        "country": "South Africa",
        "region": "KwaZulu-Natal",
        "elevation_m": null,
        "population": 23949,
        "feature_type": "seat of a third-order administrative division",
        "geoname_id": 956878
      }
    },
    {
      "type": "Feature",
      "geometry": {
        "type": "Point",
        "coordinates": [
          25.88124,
          -26.08159
        ]
      },
      "properties": {
        "name": "Itsoseng",
        "country": "South Africa",
        "region": "North West",
        "elevation_m": null,
        "population": 23913,
        "feature_type": "populated place",
        "geoname_id": 994432
      }
    },
    {
      "type": "Feature",
      "geometry": {
        "type": "Point",
        "coordinates": [
          28.01496,
          -32.94433
        ]
      },
      "properties": {
        "name": "Gonubie",
        "country": "South Africa",
        "region": "Eastern Cape",
        "elevation_m": null,
        "population": 23733,
        "feature_type": "populated place",
        "geoname_id": 1000937
      }
    },
    {
      "type": "Feature",
      "geometry": {
        "type": "Point",
        "coordinates": [
          27.47475,
          -25.699
        ]
      },
      "properties": {
        "name": "Marikana",
        "country": "South Africa",
        "region": "North West",
        "elevation_m": null,
        "population": 23389,
        "feature_type": "populated place",
        "geoname_id": 11204123
      }
    },
    {
      "type": "Feature",
      "geometry": {
        "type": "Point",
        "coordinates": [
          26.89756,
          -25.86301
        ]
      },
      "properties": {
        "name": "Koster",
        "country": "South Africa",
        "region": "North West",
        "elevation_m": null,
        "population": 23361,
        "feature_type": "seat of a third-order administrative division",
        "geoname_id": 987648
      }
    },
    {
      "type": "Feature",
      "geometry": {
        "type": "Point",
        "coordinates": [
          28.09707,
          -26.8908
        ]
      },
      "properties": {
        "name": "Deneysville",
        "country": "South Africa",
        "region": "Free State",
        "elevation_m": null,
        "population": 23337,
        "feature_type": "populated place",
        "geoname_id": 1010962
      }
    },
    {
      "type": "Feature",
      "geometry": {
        "type": "Point",
        "coordinates": [
          31.51025,
          -25.70866
        ]
      },
      "properties": {
        "name": "Schoemansdal",
        "country": "South Africa",
        "region": "Mpumalanga",
        "elevation_m": null,
        "population": 23257,
        "feature_type": "populated place",
        "geoname_id": 957178
      }
    },
    {
      "type": "Feature",
      "geometry": {
        "type": "Point",
        "coordinates": [
          30.82545,
          -26.26074
        ]
      },
      "properties": {
        "name": "Redhill",
        "country": "South Africa",
        "region": "Mpumalanga",
        "elevation_m": null,
        "population": 23153,
        "feature_type": "populated place",
        "geoname_id": 12718837
      }
    },
    {
      "type": "Feature",
      "geometry": {
        "type": "Point",
        "coordinates": [
          30.59279,
          -29.06415
        ]
      },
      "properties": {
        "name": "Greytown",
        "country": "South Africa",
        "region": "KwaZulu-Natal",
        "elevation_m": null,
        "population": 23139,
        "feature_type": "seat of a third-order administrative division",
        "geoname_id": 1000006
      }
    },
    {
      "type": "Feature",
      "geometry": {
        "type": "Point",
        "coordinates": [
          27.02423,
          -27.97654
        ]
      },
      "properties": {
        "name": "Hennenman",
        "country": "South Africa",
        "region": "Free State",
        "elevation_m": null,
        "population": 22847,
        "feature_type": "populated place",
        "geoname_id": 996918
      }
    },
    {
      "type": "Feature",
      "geometry": {
        "type": "Point",
        "coordinates": [
          25.58804,
          -32.72173
        ]
      },
      "properties": {
        "name": "Somerset East",
        "country": "South Africa",
        "region": "Eastern Cape",
        "elevation_m": null,
        "population": 22553,
        "feature_type": "seat of a third-order administrative division",
        "geoname_id": 954161
      }
    },
    {
      "type": "Feature",
      "geometry": {
        "type": "Point",
        "coordinates": [
          25.00633,
          -31.49285
        ]
      },
      "properties": {
        "name": "Middelburg",
        "country": "South Africa",
        "region": "Eastern Cape",
        "elevation_m": null,
        "population": 22380,
        "feature_type": "populated place",
        "geoname_id": 976358
      }
    },
    {
      "type": "Feature",
      "geometry": {
        "type": "Point",
        "coordinates": [
          26.42024,
          -26.76566
        ]
      },
      "properties": {
        "name": "Hartbeesfontein",
        "country": "South Africa",
        "region": "North West",
        "elevation_m": null,
        "population": 22294,
        "feature_type": "populated place",
        "geoname_id": 997718
      }
    },
    {
      "type": "Feature",
      "geometry": {
        "type": "Point",
        "coordinates": [
          28.65041,
          -25.46279
        ]
      },
      "properties": {
        "name": "Moloto South",
        "country": "South Africa",
        "region": "Mpumalanga",
        "elevation_m": null,
        "population": 22076,
        "feature_type": "populated place",
        "geoname_id": 974738
      }
    },
    {
      "type": "Feature",
      "geometry": {
        "type": "Point",
        "coordinates": [
          26.00538,
          -26.80908
        ]
      },
      "properties": {
        "name": "Ottosdal",
        "country": "South Africa",
        "region": "North West",
        "elevation_m": null,
        "population": 22011,
        "feature_type": "populated place",
        "geoname_id": 967238
      }
    },
    {
      "type": "Feature",
      "geometry": {
        "type": "Point",
        "coordinates": [
          18.50119,
          -31.66833
        ]
      },
      "properties": {
        "name": "Vredendal",
        "country": "South Africa",
        "region": "Western Cape",
        "elevation_m": null,
        "population": 21769,
        "feature_type": "seat of a third-order administrative division",
        "geoname_id": 3359736
      }
    },
    {
      "type": "Feature",
      "geometry": {
        "type": "Point",
        "coordinates": [
          29.9946,
          -29.20824
        ]
      },
      "properties": {
        "name": "Mooi River",
        "country": "South Africa",
        "region": "KwaZulu-Natal",
        "elevation_m": null,
        "population": 21730,
        "feature_type": "populated place",
        "geoname_id": 974222
      }
    },
    {
      "type": "Feature",
      "geometry": {
        "type": "Point",
        "coordinates": [
          24.68768,
          -27.78324
        ]
      },
      "properties": {
        "name": "Pampierstad",
        "country": "South Africa",
        "region": "Northern Cape",
        "elevation_m": null,
        "population": 21707,
        "feature_type": "populated place",
        "geoname_id": 966380
      }
    },
    {
      "type": "Feature",
      "geometry": {
        "type": "Point",
        "coordinates": [
          31.17025,
          -24.95911
        ]
      },
      "properties": {
        "name": "Hlanganani",
        "country": "South Africa",
        "region": "Mpumalanga",
        "elevation_m": null,
        "population": 21506,
        "feature_type": "populated place",
        "geoname_id": 1023366
      }
    },
    {
      "type": "Feature",
      "geometry": {
        "type": "Point",
        "coordinates": [
          29.02763,
          -25.48251
        ]
      },
      "properties": {
        "name": "Verena",
        "country": "South Africa",
        "region": "Gauteng",
        "elevation_m": null,
        "population": 21252,
        "feature_type": "populated place",
        "geoname_id": 944380
      }
    },
    {
      "type": "Feature",
      "geometry": {
        "type": "Point",
        "coordinates": [
          29.16585,
          -27.42573
        ]
      },
      "properties": {
        "name": "Vrede",
        "country": "South Africa",
        "region": "Free State",
        "elevation_m": null,
        "population": 21193,
        "feature_type": "seat of a third-order administrative division",
        "geoname_id": 942701
      }
    },
    {
      "type": "Feature",
      "geometry": {
        "type": "Point",
        "coordinates": [
          27.74477,
          -23.66607
        ]
      },
      "properties": {
        "name": "Lephalale",
        "country": "South Africa",
        "region": "Limpopo",
        "elevation_m": null,
        "population": 21133,
        "feature_type": "seat of a third-order administrative division",
        "geoname_id": 7730334
      }
    },
    {
      "type": "Feature",
      "geometry": {
        "type": "Point",
        "coordinates": [
          27.56957,
          -28.91588
        ]
      },
      "properties": {
        "name": "Hlohlolwane",
        "country": "South Africa",
        "region": "Free State",
        "elevation_m": null,
        "population": 21089,
        "feature_type": "populated place",
        "geoname_id": 1013266
      }
    },
    {
      "type": "Feature",
      "geometry": {
        "type": "Point",
        "coordinates": [
          30.14702,
          -28.17827
        ]
      },
      "properties": {
        "name": "Glencoe",
        "country": "South Africa",
        "region": "KwaZulu-Natal",
        "elevation_m": null,
        "population": 21024,
        "feature_type": "populated place",
        "geoname_id": 1001736
      }
    },
    {
      "type": "Feature",
      "geometry": {
        "type": "Point",
        "coordinates": [
          20.44171,
          -34.02262
        ]
      },
      "properties": {
        "name": "Swellendam",
        "country": "South Africa",
        "region": "Western Cape",
        "elevation_m": null,
        "population": 20993,
        "feature_type": "seat of a third-order administrative division",
        "geoname_id": 950709
      }
    },
    {
      "type": "Feature",
      "geometry": {
        "type": "Point",
        "coordinates": [
          28.60061,
          -27.03026
        ]
      },
      "properties": {
        "name": "Villiers",
        "country": "South Africa",
        "region": "Free State",
        "elevation_m": null,
        "population": 20745,
        "feature_type": "populated place",
        "geoname_id": 943937
      }
    },
    {
      "type": "Feature",
      "geometry": {
        "type": "Point",
        "coordinates": [
          26.32065,
          -26.33172
        ]
      },
      "properties": {
        "name": "Coligny",
        "country": "South Africa",
        "region": "North West",
        "elevation_m": null,
        "population": 20701,
        "feature_type": "populated place",
        "geoname_id": 1013067
      }
    },
    {
      "type": "Feature",
      "geometry": {
        "type": "Point",
        "coordinates": [
          31.95478,
          -25.43321
        ]
      },
      "properties": {
        "name": "Komatipoort",
        "country": "South Africa",
        "region": "Mpumalanga",
        "elevation_m": null,
        "population": 20508,
        "feature_type": "populated place",
        "geoname_id": 988290
      }
    },
    {
      "type": "Feature",
      "geometry": {
        "type": "Point",
        "coordinates": [
          29.16667,
          -26.55
        ]
      },
      "properties": {
        "name": "Secunda",
        "country": "South Africa",
        "region": "Mpumalanga",
        "elevation_m": null,
        "population": 20418,
        "feature_type": "seat of a second-order administrative division",
        "geoname_id": 956767
      }
    },
    {
      "type": "Feature",
      "geometry": {
        "type": "Point",
        "coordinates": [
          30.79641,
          -30.20672
        ]
      },
      "properties": {
        "name": "eMkhomazi",
        "country": "South Africa",
        "region": "KwaZulu-Natal",
        "elevation_m": null,
        "population": 20410,
        "feature_type": "populated place",
        "geoname_id": 946128
      }
    },
    {
      "type": "Feature",
      "geometry": {
        "type": "Point",
        "coordinates": [
          31.07938,
          -24.78864
        ]
      },
      "properties": {
        "name": "Mafemani",
        "country": "South Africa",
        "region": "Mpumalanga",
        "elevation_m": null,
        "population": 20389,
        "feature_type": "populated place",
        "geoname_id": 13527189
      }
    },
    {
      "type": "Feature",
      "geometry": {
        "type": "Point",
        "coordinates": [
          30.11489,
          -26.06927
        ]
      },
      "properties": {
        "name": "Carolina",
        "country": "South Africa",
        "region": "Mpumalanga",
        "elevation_m": null,
        "population": 20184,
        "feature_type": "seat of a third-order administrative division",
        "geoname_id": 1014012
      }
    },
    {
      "type": "Feature",
      "geometry": {
        "type": "Point",
        "coordinates": [
          30.03504,
          -25.68991
        ]
      },
      "properties": {
        "name": "Belfast",
        "country": "South Africa",
        "region": "Mpumalanga",
        "elevation_m": null,
        "population": 20036,
        "feature_type": "seat of a third-order administrative division",
        "geoname_id": 1020340
      }
    },
    {
      "type": "Feature",
      "geometry": {
        "type": "Point",
        "coordinates": [
          26.97862,
          -31.87101
        ]
      },
      "properties": {
        "name": "Queensdale",
        "country": "South Africa",
        "region": "Eastern Cape",
        "elevation_m": null,
        "population": 20009,
        "feature_type": "populated place",
        "geoname_id": 963525
      }
    },
    {
      "type": "Feature",
      "geometry": {
        "type": "Point",
        "coordinates": [
          19.1198,
          -33.91075
        ]
      },
      "properties": {
        "name": "Franschhoek",
        "country": "South Africa",
        "region": "Western Cape",
        "elevation_m": null,
        "population": 20000,
        "feature_type": "populated place",
        "geoname_id": 3367877
      }
    },
    {
      "type": "Feature",
      "geometry": {
        "type": "Point",
        "coordinates": [
          28.11415,
          -24.2957
        ]
      },
      "properties": {
        "name": "Vaalwater",
        "country": "South Africa",
        "region": "Limpopo",
        "elevation_m": null,
        "population": 19723,
        "feature_type": "populated place",
        "geoname_id": 945141
      }
    },
    {
      "type": "Feature",
      "geometry": {
        "type": "Point",
        "coordinates": [
          31.58,
          -27.342
        ]
      },
      "properties": {
        "name": "Ncotshane",
        "country": "South Africa",
        "region": "KwaZulu-Natal",
        "elevation_m": null,
        "population": 19562,
        "feature_type": "populated place",
        "geoname_id": 11205753
      }
    },
    {
      "type": "Feature",
      "geometry": {
        "type": "Point",
        "coordinates": [
          28.85563,
          -25.15226
        ]
      },
      "properties": {
        "name": "Vaalbank",
        "country": "South Africa",
        "region": "Mpumalanga",
        "elevation_m": null,
        "population": 19517,
        "feature_type": "populated place",
        "geoname_id": 12718836
      }
    },
    {
      "type": "Feature",
      "geometry": {
        "type": "Point",
        "coordinates": [
          30.66275,
          -30.31002
        ]
      },
      "properties": {
        "name": "eMuziwezinto",
        "country": "South Africa",
        "region": "KwaZulu-Natal",
        "elevation_m": null,
        "population": 19415,
        "feature_type": "populated place",
        "geoname_id": 946010
      }
    },
    {
      "type": "Feature",
      "geometry": {
        "type": "Point",
        "coordinates": [
          21.25725,
          -34.09345
        ]
      },
      "properties": {
        "name": "Riversdale",
        "country": "South Africa",
        "region": "Western Cape",
        "elevation_m": null,
        "population": 19382,
        "feature_type": "seat of a third-order administrative division",
        "geoname_id": 961152
      }
    },
    {
      "type": "Feature",
      "geometry": {
        "type": "Point",
        "coordinates": [
          25.90833,
          -27.83273
        ]
      },
      "properties": {
        "name": "Hoopstad",
        "country": "South Africa",
        "region": "Free State",
        "elevation_m": null,
        "population": 19209,
        "feature_type": "populated place",
        "geoname_id": 995573
      }
    },
    {
      "type": "Feature",
      "geometry": {
        "type": "Point",
        "coordinates": [
          26.32862,
          -30.99766
        ]
      },
      "properties": {
        "name": "Burgersdorp",
        "country": "South Africa",
        "region": "Eastern Cape",
        "elevation_m": null,
        "population": 19159,
        "feature_type": "seat of a third-order administrative division",
        "geoname_id": 1014653
      }
    },
    {
      "type": "Feature",
      "geometry": {
        "type": "Point",
        "coordinates": [
          26.07512,
          -25.53695
        ]
      },
      "properties": {
        "name": "Zeerust",
        "country": "South Africa",
        "region": "North West",
        "elevation_m": null,
        "population": 19154,
        "feature_type": "seat of a third-order administrative division",
        "geoname_id": 937136
      }
    },
    {
      "type": "Feature",
      "geometry": {
        "type": "Point",
        "coordinates": [
          30.49358,
          -22.88416
        ]
      },
      "properties": {
        "name": "Tshitereke",
        "country": "South Africa",
        "region": "Limpopo",
        "elevation_m": null,
        "population": 19092,
        "feature_type": "populated place",
        "geoname_id": 12718811
      }
    },
    {
      "type": "Feature",
      "geometry": {
        "type": "Point",
        "coordinates": [
          24.73142,
          -34.00333
        ]
      },
      "properties": {
        "name": "Kruisfontein",
        "country": "South Africa",
        "region": "Eastern Cape",
        "elevation_m": null,
        "population": 18991,
        "feature_type": "populated place",
        "geoname_id": 986717
      }
    },
    {
      "type": "Feature",
      "geometry": {
        "type": "Point",
        "coordinates": [
          30.78001,
          -25.0999
        ]
      },
      "properties": {
        "name": "Sabie",
        "country": "South Africa",
        "region": "Mpumalanga",
        "elevation_m": null,
        "population": 18903,
        "feature_type": "populated place",
        "geoname_id": 958441
      }
    },
    {
      "type": "Feature",
      "geometry": {
        "type": "Point",
        "coordinates": [
          27.08395,
          -30.30225
        ]
      },
      "properties": {
        "name": "Zastron",
        "country": "South Africa",
        "region": "Free State",
        "elevation_m": null,
        "population": 18699,
        "feature_type": "seat of a third-order administrative division",
        "geoname_id": 937246
      }
    },
    {
      "type": "Feature",
      "geometry": {
        "type": "Point",
        "coordinates": [
          20.04031,
          -34.53215
        ]
      },
      "properties": {
        "name": "Bredasdorp",
        "country": "South Africa",
        "region": "Western Cape",
        "elevation_m": null,
        "population": 18599,
        "feature_type": "seat of a second-order administrative division",
        "geoname_id": 1015776
      }
    },
    {
      "type": "Feature",
      "geometry": {
        "type": "Point",
        "coordinates": [
          27.43048,
          -28.66449
        ]
      },
      "properties": {
        "name": "Marquard",
        "country": "South Africa",
        "region": "Free State",
        "elevation_m": null,
        "population": 18573,
        "feature_type": "populated place",
        "geoname_id": 978677
      }
    },
    {
      "type": "Feature",
      "geometry": {
        "type": "Point",
        "coordinates": [
          31.564,
          -25.69776
        ]
      },
      "properties": {
        "name": "Driekoppies",
        "country": "South Africa",
        "region": "Mpumalanga",
        "elevation_m": null,
        "population": 18498,
        "feature_type": "populated place",
        "geoname_id": 1008064
      }
    },
    {
      "type": "Feature",
      "geometry": {
        "type": "Point",
        "coordinates": [
          29.93772,
          -30.29831
        ]
      },
      "properties": {
        "name": "Clydesdale",
        "country": "South Africa",
        "region": "Eastern Cape",
        "elevation_m": null,
        "population": 18357,
        "feature_type": "populated place",
        "geoname_id": 1013199
      }
    },
    {
      "type": "Feature",
      "geometry": {
        "type": "Point",
        "coordinates": [
          29.08668,
          -26.41663
        ]
      },
      "properties": {
        "name": "Kinross",
        "country": "South Africa",
        "region": "Mpumalanga",
        "elevation_m": null,
        "population": 18266,
        "feature_type": "populated place",
        "geoname_id": 990825
      }
    },
    {
      "type": "Feature",
      "geometry": {
        "type": "Point",
        "coordinates": [
          29.26,
          -26.25
        ]
      },
      "properties": {
        "name": "Kriel",
        "country": "South Africa",
        "region": "Mpumalanga",
        "elevation_m": null,
        "population": 18255,
        "feature_type": "populated place",
        "geoname_id": 987202
      }
    },
    {
      "type": "Feature",
      "geometry": {
        "type": "Point",
        "coordinates": [
          20.12106,
          -33.78664
        ]
      },
      "properties": {
        "name": "Montagu",
        "country": "South Africa",
        "region": "Western Cape",
        "elevation_m": null,
        "population": 18182,
        "feature_type": "populated place",
        "geoname_id": 974611
      }
    },
    {
      "type": "Feature",
      "geometry": {
        "type": "Point",
        "coordinates": [
          27.50973,
          -32.90769
        ]
      },
      "properties": {
        "name": "Ndevana",
        "country": "South Africa",
        "region": "Eastern Cape",
        "elevation_m": null,
        "population": 18151,
        "feature_type": "populated place",
        "geoname_id": 12718754
      }
    },
    {
      "type": "Feature",
      "geometry": {
        "type": "Point",
        "coordinates": [
          26.8344,
          -32.78749
        ]
      },
      "properties": {
        "name": "Alice",
        "country": "South Africa",
        "region": "Eastern Cape",
        "elevation_m": null,
        "population": 18141,
        "feature_type": "populated place",
        "geoname_id": 1023332
      }
    },
    {
      "type": "Feature",
      "geometry": {
        "type": "Point",
        "coordinates": [
          22.22574,
          -34.04368
        ]
      },
      "properties": {
        "name": "Groot-Brakrivier",
        "country": "South Africa",
        "region": "Western Cape",
        "elevation_m": null,
        "population": 18008,
        "feature_type": "populated place",
        "geoname_id": 999602
      }
    },
    {
      "type": "Feature",
      "geometry": {
        "type": "Point",
        "coordinates": [
          24.84753,
          -28.11396
        ]
      },
      "properties": {
        "name": "Warrenton",
        "country": "South Africa",
        "region": "Northern Cape",
        "elevation_m": null,
        "population": 17946,
        "feature_type": "seat of a third-order administrative division",
        "geoname_id": 941931
      }
    },
    {
      "type": "Feature",
      "geometry": {
        "type": "Point",
        "coordinates": [
          31.14559,
          -25.47776
        ]
      },
      "properties": {
        "name": "Tekwane",
        "country": "South Africa",
        "region": "Mpumalanga",
        "elevation_m": null,
        "population": 17846,
        "feature_type": "populated place",
        "geoname_id": 12718835
      }
    },
    {
      "type": "Feature",
      "geometry": {
        "type": "Point",
        "coordinates": [
          28.99087,
          -28.33057
        ]
      },
      "properties": {
        "name": "Tshiame",
        "country": "South Africa",
        "region": "Free State",
        "elevation_m": null,
        "population": 17800,
        "feature_type": "populated place",
        "geoname_id": 12718756
      }
    },
    {
      "type": "Feature",
      "geometry": {
        "type": "Point",
        "coordinates": [
          31.4699,
          -28.88649
        ]
      },
      "properties": {
        "name": "Eshowe",
        "country": "South Africa",
        "region": "KwaZulu-Natal",
        "elevation_m": null,
        "population": 17663,
        "feature_type": "seat of a third-order administrative division",
        "geoname_id": 1005040
      }
    },
    {
      "type": "Feature",
      "geometry": {
        "type": "Point",
        "coordinates": [
          27.3646,
          -27.00805
        ]
      },
      "properties": {
        "name": "Vredefort",
        "country": "South Africa",
        "region": "Free State",
        "elevation_m": null,
        "population": 17515,
        "feature_type": "populated place",
        "geoname_id": 942683
      }
    },
    {
      "type": "Feature",
      "geometry": {
        "type": "Point",
        "coordinates": [
          30.16351,
          -23.83322
        ]
      },
      "properties": {
        "name": "Tzaneen",
        "country": "South Africa",
        "region": "Limpopo",
        "elevation_m": null,
        "population": 17457,
        "feature_type": "seat of a third-order administrative division",
        "geoname_id": 946973
      }
    },
    {
      "type": "Feature",
      "geometry": {
        "type": "Point",
        "coordinates": [
          19.10328,
          -33.89058
        ]
      },
      "properties": {
        "name": "Le Roux",
        "country": "South Africa",
        "region": "Western Cape",
        "elevation_m": null,
        "population": 17432,
        "feature_type": "populated place",
        "geoname_id": 12718868
      }
    },
    {
      "type": "Feature",
      "geometry": {
        "type": "Point",
        "coordinates": [
          18.49746,
          -33.98735
        ]
      },
      "properties": {
        "name": "Lansdowne",
        "country": "South Africa",
        "region": "Western Cape",
        "elevation_m": null,
        "population": 17399,
        "feature_type": "section of populated place",
        "geoname_id": 3364682
      }
    },
    {
      "type": "Feature",
      "geometry": {
        "type": "Point",
        "coordinates": [
          27.85,
          -31.33306
        ]
      },
      "properties": {
        "name": "Khowa",
        "country": "South Africa",
        "region": "Eastern Cape",
        "elevation_m": null,
        "population": 17224,
        "feature_type": "populated place",
        "geoname_id": 1005781
      }
    },
    {
      "type": "Feature",
      "geometry": {
        "type": "Point",
        "coordinates": [
          29.98696,
          -26.30176
        ]
      },
      "properties": {
        "name": "Breyten",
        "country": "South Africa",
        "region": "Mpumalanga",
        "elevation_m": null,
        "population": 17189,
        "feature_type": "populated place",
        "geoname_id": 1015694
      }
    },
    {
      "type": "Feature",
      "geometry": {
        "type": "Point",
        "coordinates": [
          30.33484,
          -30.8063
        ]
      },
      "properties": {
        "name": "Ga-Malakhe",
        "country": "South Africa",
        "region": "KwaZulu-Natal",
        "elevation_m": null,
        "population": 16891,
        "feature_type": "populated place",
        "geoname_id": 11204214
      }
    },
    {
      "type": "Feature",
      "geometry": {
        "type": "Point",
        "coordinates": [
          27.00933,
          -28.51805
        ]
      },
      "properties": {
        "name": "Winburg",
        "country": "South Africa",
        "region": "Free State",
        "elevation_m": null,
        "population": 16862,
        "feature_type": "populated place",
        "geoname_id": 939608
      }
    },
    {
      "type": "Feature",
      "geometry": {
        "type": "Point",
        "coordinates": [
          19.4265,
          -34.22997
        ]
      },
      "properties": {
        "name": "Caledon",
        "country": "South Africa",
        "region": "Western Cape",
        "elevation_m": null,
        "population": 16752,
        "feature_type": "seat of a third-order administrative division",
        "geoname_id": 3369179
      }
    },
    {
      "type": "Feature",
      "geometry": {
        "type": "Point",
        "coordinates": [
          27.57422,
          -27.24179
        ]
      },
      "properties": {
        "name": "Koppies",
        "country": "South Africa",
        "region": "Free State",
        "elevation_m": null,
        "population": 16537,
        "feature_type": "populated place",
        "geoname_id": 987875
      }
    },
    {
      "type": "Feature",
      "geometry": {
        "type": "Point",
        "coordinates": [
          30.95469,
          -27.38985
        ]
      },
      "properties": {
        "name": "Frischgewaagd",
        "country": "South Africa",
        "region": "KwaZulu-Natal",
        "elevation_m": null,
        "population": 16192,
        "feature_type": "populated place",
        "geoname_id": 12718789
      }
    },
    {
      "type": "Feature",
      "geometry": {
        "type": "Point",
        "coordinates": [
          28.23351,
          -31.19809
        ]
      },
      "properties": {
        "name": "Ugie",
        "country": "South Africa",
        "region": "Eastern Cape",
        "elevation_m": null,
        "population": 16133,
        "feature_type": "populated place",
        "geoname_id": 946932
      }
    },
    {
      "type": "Feature",
      "geometry": {
        "type": "Point",
        "coordinates": [
          27.64765,
          -26.06566
        ]
      },
      "properties": {
        "name": "Bagale",
        "country": "South Africa",
        "region": "Gauteng",
        "elevation_m": null,
        "population": 16087,
        "feature_type": "populated place",
        "geoname_id": 12718768
      }
    },
    {
      "type": "Feature",
      "geometry": {
        "type": "Point",
        "coordinates": [
          26.23514,
          -27.23712
        ]
      },
      "properties": {
        "name": "Leeudoringstad",
        "country": "South Africa",
        "region": "North West",
        "elevation_m": null,
        "population": 16042,
        "feature_type": "populated place",
        "geoname_id": 984012
      }
    },
    {
      "type": "Feature",
      "geometry": {
        "type": "Point",
        "coordinates": [
          25.99497,
          -27.31564
        ]
      },
      "properties": {
        "name": "Makwassie",
        "country": "South Africa",
        "region": "North West",
        "elevation_m": null,
        "population": 15996,
        "feature_type": "populated place",
        "geoname_id": 979910
      }
    },
    {
      "type": "Feature",
      "geometry": {
        "type": "Point",
        "coordinates": [
          31.19939,
          -24.72459
        ]
      },
      "properties": {
        "name": "Thulamahashi",
        "country": "South Africa",
        "region": "Limpopo",
        "elevation_m": null,
        "population": 15974,
        "feature_type": "populated place",
        "geoname_id": 949026
      }
    },
    {
      "type": "Feature",
      "geometry": {
        "type": "Point",
        "coordinates": [
          20.05595,
          -33.83136
        ]
      },
      "properties": {
        "name": "Ashton",
        "country": "South Africa",
        "region": "Western Cape",
        "elevation_m": null,
        "population": 15964,
        "feature_type": "seat of a third-order administrative division",
        "geoname_id": 1022145
      }
    },
    {
      "type": "Feature",
      "geometry": {
        "type": "Point",
        "coordinates": [
          19.35048,
          -34.58301
        ]
      },
      "properties": {
        "name": "Gansbaai",
        "country": "South Africa",
        "region": "Western Cape",
        "elevation_m": null,
        "population": 15957,
        "feature_type": "populated place",
        "geoname_id": 3367804
      }
    },
    {
      "type": "Feature",
      "geometry": {
        "type": "Point",
        "coordinates": [
          28.5061,
          -30.69268
        ]
      },
      "properties": {
        "name": "Tlokoeng",
        "country": "South Africa",
        "region": "Eastern Cape",
        "elevation_m": null,
        "population": 15884,
        "feature_type": "populated place",
        "geoname_id": 973527
      }
    },
    {
      "type": "Feature",
      "geometry": {
        "type": "Point",
        "coordinates": [
          29.29164,
          -26.21551
        ]
      },
      "properties": {
        "name": "Thubelihle",
        "country": "South Africa",
        "region": "Mpumalanga",
        "elevation_m": null,
        "population": 15876,
        "feature_type": "populated place",
        "geoname_id": 12718834
      }
    },
    {
      "type": "Feature",
      "geometry": {
        "type": "Point",
        "coordinates": [
          29.97635,
          -27.13246
        ]
      },
      "properties": {
        "name": "Daggakraal",
        "country": "South Africa",
        "region": "Mpumalanga",
        "elevation_m": null,
        "population": 15793,
        "feature_type": "populated place",
        "geoname_id": 12718833
      }
    },
    {
      "type": "Feature",
      "geometry": {
        "type": "Point",
        "coordinates": [
          27.6952,
          -31.52356
        ]
      },
      "properties": {
        "name": "Cala",
        "country": "South Africa",
        "region": "Eastern Cape",
        "elevation_m": null,
        "population": 15764,
        "feature_type": "seat of a third-order administrative division",
        "geoname_id": 1014322
      }
    },
    {
      "type": "Feature",
      "geometry": {
        "type": "Point",
        "coordinates": [
          30.78742,
          -26.39015
        ]
      },
      "properties": {
        "name": "Fernie",
        "country": "South Africa",
        "region": "Mpumalanga",
        "elevation_m": null,
        "population": 15693,
        "feature_type": "populated place",
        "geoname_id": 12750601
      }
    },
    {
      "type": "Feature",
      "geometry": {
        "type": "Point",
        "coordinates": [
          30.67361,
          -22.97111
        ]
      },
      "properties": {
        "name": "Malamulele",
        "country": "South Africa",
        "region": "Limpopo",
        "elevation_m": null,
        "population": 15659,
        "feature_type": "populated place",
        "geoname_id": 11282157
      }
    },
    {
      "type": "Feature",
      "geometry": {
        "type": "Point",
        "coordinates": [
          27.26543,
          -24.95775
        ]
      },
      "properties": {
        "name": "Northam",
        "country": "South Africa",
        "region": "Limpopo",
        "elevation_m": null,
        "population": 15598,
        "feature_type": "populated place",
        "geoname_id": 969698
      }
    },
    {
      "type": "Feature",
      "geometry": {
        "type": "Point",
        "coordinates": [
          28.20966,
          -28.61961
        ]
      },
      "properties": {
        "name": "Fouriesburg",
        "country": "South Africa",
        "region": "Free State",
        "elevation_m": null,
        "population": 15544,
        "feature_type": "populated place",
        "geoname_id": 1003843
      }
    },
    {
      "type": "Feature",
      "geometry": {
        "type": "Point",
        "coordinates": [
          26.4581,
          -28.70025
        ]
      },
      "properties": {
        "name": "Winnie Mandela",
        "country": "South Africa",
        "region": "Free State",
        "elevation_m": null,
        "population": 15454,
        "feature_type": "populated place",
        "geoname_id": 1015969
      }
    },
    {
      "type": "Feature",
      "geometry": {
        "type": "Point",
        "coordinates": [
          28.13132,
          -27.66606
        ]
      },
      "properties": {
        "name": "Mamafubedu",
        "country": "South Africa",
        "region": "Free State",
        "elevation_m": null,
        "population": 15447,
        "feature_type": "populated place",
        "geoname_id": 965571
      }
    },
    {
      "type": "Feature",
      "geometry": {
        "type": "Point",
        "coordinates": [
          18.66031,
          -33.15388
        ]
      },
      "properties": {
        "name": "Moorreesburg",
        "country": "South Africa",
        "region": "Western Cape",
        "elevation_m": null,
        "population": 15428,
        "feature_type": "seat of a second-order administrative division",
        "geoname_id": 3363957
      }
    },
    {
      "type": "Feature",
      "geometry": {
        "type": "Point",
        "coordinates": [
          18.47639,
          -33.96333
        ]
      },
      "properties": {
        "name": "Rondebosch",
        "country": "South Africa",
        "region": "Western Cape",
        "elevation_m": null,
        "population": 15158,
        "feature_type": "populated place",
        "geoname_id": 7302802
      }
    },
    {
      "type": "Feature",
      "geometry": {
        "type": "Point",
        "coordinates": [
          22.44391,
          -33.57565
        ]
      },
      "properties": {
        "name": "Dysselsdorp",
        "country": "South Africa",
        "region": "Western Cape",
        "elevation_m": null,
        "population": 15029,
        "feature_type": "populated place",
        "geoname_id": 1007061
      }
    },
    {
      "type": "Feature",
      "geometry": {
        "type": "Point",
        "coordinates": [
          30.77365,
          -26.30497
        ]
      },
      "properties": {
        "name": "Empuluzu",
        "country": "South Africa",
        "region": "Mpumalanga",
        "elevation_m": null,
        "population": 15008,
        "feature_type": "populated place",
        "geoname_id": 12718832
      }
    },
    {
      "type": "Feature",
      "geometry": {
        "type": "Point",
        "coordinates": [
          30.99337,
          -29.85185
        ]
      },
      "properties": {
        "name": "Berea",
        "country": "South Africa",
        "region": "KwaZulu-Natal",
        "elevation_m": null,
        "population": 15000,
        "feature_type": "populated place",
        "geoname_id": 1020066
      }
    },
    {
      "type": "Feature",
      "geometry": {
        "type": "Point",
        "coordinates": [
          28.81161,
          -30.34357
        ]
      },
      "properties": {
        "name": "Matatiele",
        "country": "South Africa",
        "region": "KwaZulu-Natal",
        "elevation_m": null,
        "population": 14935,
        "feature_type": "seat of a third-order administrative division",
        "geoname_id": 978327
      }
    },
    {
      "type": "Feature",
      "geometry": {
        "type": "Point",
        "coordinates": [
          30.08333,
          -30.15
        ]
      },
      "properties": {
        "name": "Ixopo",
        "country": "South Africa",
        "region": "KwaZulu-Natal",
        "elevation_m": null,
        "population": 14929,
        "feature_type": "seat of a second-order administrative division",
        "geoname_id": 994418
      }
    },
    {
      "type": "Feature",
      "geometry": {
        "type": "Point",
        "coordinates": [
          18.75704,
          -32.90323
        ]
      },
      "properties": {
        "name": "Piketberg",
        "country": "South Africa",
        "region": "Western Cape",
        "elevation_m": null,
        "population": 14862,
        "feature_type": "seat of a third-order administrative division",
        "geoname_id": 3362870
      }
    },
    {
      "type": "Feature",
      "geometry": {
        "type": "Point",
        "coordinates": [
          18.71406,
          -33.78545
        ]
      },
      "properties": {
        "name": "Fisantekraal",
        "country": "South Africa",
        "region": "Western Cape",
        "elevation_m": null,
        "population": 14819,
        "feature_type": "populated place",
        "geoname_id": 12718867
      }
    },
    {
      "type": "Feature",
      "geometry": {
        "type": "Point",
        "coordinates": [
          29.86643,
          -27.00941
        ]
      },
      "properties": {
        "name": "Amersfoort",
        "country": "South Africa",
        "region": "Mpumalanga",
        "elevation_m": null,
        "population": 14778,
        "feature_type": "populated place",
        "geoname_id": 1022912
      }
    },
    {
      "type": "Feature",
      "geometry": {
        "type": "Point",
        "coordinates": [
          26.29564,
          -32.70747
        ]
      },
      "properties": {
        "name": "Adelaide",
        "country": "South Africa",
        "region": "Eastern Cape",
        "elevation_m": null,
        "population": 14606,
        "feature_type": "seat of a third-order administrative division",
        "geoname_id": 1023656
      }
    },
    {
      "type": "Feature",
      "geometry": {
        "type": "Point",
        "coordinates": [
          31.03119,
          -23.93399
        ]
      },
      "properties": {
        "name": "Namakgale",
        "country": "South Africa",
        "region": "Limpopo",
        "elevation_m": null,
        "population": 14588,
        "feature_type": "populated place",
        "geoname_id": 972147
      }
    },
    {
      "type": "Feature",
      "geometry": {
        "type": "Point",
        "coordinates": [
          19.20052,
          -33.41403
        ]
      },
      "properties": {
        "name": "Wolseley",
        "country": "South Africa",
        "region": "Western Cape",
        "elevation_m": null,
        "population": 14533,
        "feature_type": "populated place",
        "geoname_id": 3359094
      }
    },
    {
      "type": "Feature",
      "geometry": {
        "type": "Point",
        "coordinates": [
          18.46528,
          -33.98056
        ]
      },
      "properties": {
        "name": "Claremont",
        "country": "South Africa",
        "region": "Western Cape",
        "elevation_m": null,
        "population": 14531,
        "feature_type": "populated place",
        "geoname_id": 3369098
      }
    },
    {
      "type": "Feature",
      "geometry": {
        "type": "Point",
        "coordinates": [
          30.26965,
          -23.97056
        ]
      },
      "properties": {
        "name": "Lenyenye",
        "country": "South Africa",
        "region": "Limpopo",
        "elevation_m": null,
        "population": 14496,
        "feature_type": "populated place",
        "geoname_id": 983151
      }
    },
    {
      "type": "Feature",
      "geometry": {
        "type": "Point",
        "coordinates": [
          27.91348,
          -27.8791
        ]
      },
      "properties": {
        "name": "Lindley",
        "country": "South Africa",
        "region": "Free State",
        "elevation_m": null,
        "population": 14377,
        "feature_type": "populated place",
        "geoname_id": 982701
      }
    },
    {
      "type": "Feature",
      "geometry": {
        "type": "Point",
        "coordinates": [
          30.15513,
          -28.46752
        ]
      },
      "properties": {
        "name": "Ekuvukeni",
        "country": "South Africa",
        "region": "KwaZulu-Natal",
        "elevation_m": null,
        "population": 14331,
        "feature_type": "populated place",
        "geoname_id": 1006420
      }
    },
    {
      "type": "Feature",
      "geometry": {
        "type": "Point",
        "coordinates": [
          24.88359,
          -33.83308
        ]
      },
      "properties": {
        "name": "Hankey",
        "country": "South Africa",
        "region": "Eastern Cape",
        "elevation_m": null,
        "population": 14091,
        "feature_type": "populated place",
        "geoname_id": 998001
      }
    },
    {
      "type": "Feature",
      "geometry": {
        "type": "Point",
        "coordinates": [
          26.36246,
          -31.39675
        ]
      },
      "properties": {
        "name": "Molteno",
        "country": "South Africa",
        "region": "Eastern Cape",
        "elevation_m": null,
        "population": 13840,
        "feature_type": "seat of a third-order administrative division",
        "geoname_id": 974719
      }
    },
    {
      "type": "Feature",
      "geometry": {
        "type": "Point",
        "coordinates": [
          30.88527,
          -30.05219
        ]
      },
      "properties": {
        "name": "eManzimtoti",
        "country": "South Africa",
        "region": "KwaZulu-Natal",
        "elevation_m": null,
        "population": 13813,
        "feature_type": "populated place",
        "geoname_id": 1022953
      }
    },
    {
      "type": "Feature",
      "geometry": {
        "type": "Point",
        "coordinates": [
          18.03333,
          -32.76667
        ]
      },
      "properties": {
        "name": "Saint Helena Bay",
        "country": "South Africa",
        "region": "Western Cape",
        "elevation_m": null,
        "population": 13813,
        "feature_type": "populated place",
        "geoname_id": 3361943
      }
    },
    {
      "type": "Feature",
      "geometry": {
        "type": "Point",
        "coordinates": [
          30.75222,
          -30.19709
        ]
      },
      "properties": {
        "name": "Craigieburn",
        "country": "South Africa",
        "region": "KwaZulu-Natal",
        "elevation_m": null,
        "population": 13543,
        "feature_type": "populated place",
        "geoname_id": 12718788
      }
    },
    {
      "type": "Feature",
      "geometry": {
        "type": "Point",
        "coordinates": [
          18.44286,
          -33.72614
        ]
      },
      "properties": {
        "name": "Melkbosstrand",
        "country": "South Africa",
        "region": "Western Cape",
        "elevation_m": null,
        "population": 13542,
        "feature_type": "populated place",
        "geoname_id": 3364208
      }
    },
    {
      "type": "Feature",
      "geometry": {
        "type": "Point",
        "coordinates": [
          26.65,
          -33.66667
        ]
      },
      "properties": {
        "name": "Kenton",
        "country": "South Africa",
        "region": "Eastern Cape",
        "elevation_m": null,
        "population": 13539,
        "feature_type": "section of populated place",
        "geoname_id": 991353
      }
    },
    {
      "type": "Feature",
      "geometry": {
        "type": "Point",
        "coordinates": [
          27.13814,
          -28.08561
        ]
      },
      "properties": {
        "name": "Ventersburg",
        "country": "South Africa",
        "region": "Free State",
        "elevation_m": null,
        "population": 13490,
        "feature_type": "populated place",
        "geoname_id": 944540
      }
    },
    {
      "type": "Feature",
      "geometry": {
        "type": "Point",
        "coordinates": [
          24.83051,
          -27.92246
        ]
      },
      "properties": {
        "name": "Jan Kempdorp",
        "country": "South Africa",
        "region": "North West",
        "elevation_m": null,
        "population": 13485,
        "feature_type": "populated place",
        "geoname_id": 994023
      }
    },
    {
      "type": "Feature",
      "geometry": {
        "type": "Point",
        "coordinates": [
          30.10764,
          -24.74334
        ]
      },
      "properties": {
        "name": "Tukakgomo",
        "country": "South Africa",
        "region": "Limpopo",
        "elevation_m": null,
        "population": 13472,
        "feature_type": "section of populated place",
        "geoname_id": 11287518
      }
    },
    {
      "type": "Feature",
      "geometry": {
        "type": "Point",
        "coordinates": [
          27.76726,
          -26.45951
        ]
      },
      "properties": {
        "name": "Poortje",
        "country": "South Africa",
        "region": "Gauteng",
        "elevation_m": null,
        "population": 13362,
        "feature_type": "populated place",
        "geoname_id": 11287980
      }
    },
    {
      "type": "Feature",
      "geometry": {
        "type": "Point",
        "coordinates": [
          31.21181,
          -24.72455
        ]
      },
      "properties": {
        "name": "Thulamahashe",
        "country": "South Africa",
        "region": "Mpumalanga",
        "elevation_m": null,
        "population": 13333,
        "feature_type": "populated place",
        "geoname_id": 13527156
      }
    },
    {
      "type": "Feature",
      "geometry": {
        "type": "Point",
        "coordinates": [
          31.13456,
          -24.60238
        ]
      },
      "properties": {
        "name": "Xikhusese",
        "country": "South Africa",
        "region": "Mpumalanga",
        "elevation_m": null,
        "population": 13324,
        "feature_type": "populated place",
        "geoname_id": 13527164
      }
    },
    {
      "type": "Feature",
      "geometry": {
        "type": "Point",
        "coordinates": [
          30.39588,
          -29.79171
        ]
      },
      "properties": {
        "name": "Hopewell",
        "country": "South Africa",
        "region": "KwaZulu-Natal",
        "elevation_m": null,
        "population": 13321,
        "feature_type": "populated place",
        "geoname_id": 995469
      }
    },
    {
      "type": "Feature",
      "geometry": {
        "type": "Point",
        "coordinates": [
          28.30489,
          -32.09618
        ]
      },
      "properties": {
        "name": "Dutywa",
        "country": "South Africa",
        "region": "Eastern Cape",
        "elevation_m": null,
        "population": 13270,
        "feature_type": "populated place",
        "geoname_id": 994978
      }
    },
    {
      "type": "Feature",
      "geometry": {
        "type": "Point",
        "coordinates": [
          18.17859,
          -32.78518
        ]
      },
      "properties": {
        "name": "Velddrif",
        "country": "South Africa",
        "region": "Western Cape",
        "elevation_m": null,
        "population": 13199,
        "feature_type": "populated place",
        "geoname_id": 3360020
      }
    },
    {
      "type": "Feature",
      "geometry": {
        "type": "Point",
        "coordinates": [
          25.80894,
          -26.52946
        ]
      },
      "properties": {
        "name": "Sannieshof",
        "country": "South Africa",
        "region": "North West",
        "elevation_m": null,
        "population": 13198,
        "feature_type": "populated place",
        "geoname_id": 957592
      }
    },
    {
      "type": "Feature",
      "geometry": {
        "type": "Point",
        "coordinates": [
          28.9653,
          -27.85452
        ]
      },
      "properties": {
        "name": "Warden",
        "country": "South Africa",
        "region": "Free State",
        "elevation_m": null,
        "population": 13152,
        "feature_type": "populated place",
        "geoname_id": 941976
      }
    },
    {
      "type": "Feature",
      "geometry": {
        "type": "Point",
        "coordinates": [
          22.02673,
          -33.22476
        ]
      },
      "properties": {
        "name": "Prince Albert",
        "country": "South Africa",
        "region": "Western Cape",
        "elevation_m": null,
        "population": 13136,
        "feature_type": "seat of a third-order administrative division",
        "geoname_id": 964078
      }
    },
    {
      "type": "Feature",
      "geometry": {
        "type": "Point",
        "coordinates": [
          28.71689,
          -25.72286
        ]
      },
      "properties": {
        "name": "Rethabiseng",
        "country": "South Africa",
        "region": "Gauteng",
        "elevation_m": null,
        "population": 13136,
        "feature_type": "populated place",
        "geoname_id": 12718767
      }
    },
    {
      "type": "Feature",
      "geometry": {
        "type": "Point",
        "coordinates": [
          30.81689,
          -27.42426
        ]
      },
      "properties": {
        "name": "Paulpietersburg",
        "country": "South Africa",
        "region": "KwaZulu-Natal",
        "elevation_m": null,
        "population": 13123,
        "feature_type": "seat of a third-order administrative division",
        "geoname_id": 966060
      }
    },
    {
      "type": "Feature",
      "geometry": {
        "type": "Point",
        "coordinates": [
          30.22324,
          -23.64378
        ]
      },
      "properties": {
        "name": "Ga-Kgapane",
        "country": "South Africa",
        "region": "Limpopo",
        "elevation_m": 709,
        "population": 13000,
        "feature_type": "populated place",
        "geoname_id": 1003462
      }
    },
    {
      "type": "Feature",
      "geometry": {
        "type": "Point",
        "coordinates": [
          27.26654,
          -25.18505
        ]
      },
      "properties": {
        "name": "Mogwase",
        "country": "South Africa",
        "region": "North West",
        "elevation_m": null,
        "population": 12871,
        "feature_type": "populated place",
        "geoname_id": 974933
      }
    },
    {
      "type": "Feature",
      "geometry": {
        "type": "Point",
        "coordinates": [
          25.71044,
          -33.52276
        ]
      },
      "properties": {
        "name": "Nomathamasanqa",
        "country": "South Africa",
        "region": "Eastern Cape",
        "elevation_m": null,
        "population": 12815,
        "feature_type": "populated place",
        "geoname_id": 12718753
      }
    },
    {
      "type": "Feature",
      "geometry": {
        "type": "Point",
        "coordinates": [
          27.04267,
          -31.97676
        ]
      },
      "properties": {
        "name": "Ilinge",
        "country": "South Africa",
        "region": "Eastern Cape",
        "elevation_m": null,
        "population": 12806,
        "feature_type": "populated place",
        "geoname_id": 994939
      }
    },
    {
      "type": "Feature",
      "geometry": {
        "type": "Point",
        "coordinates": [
          31.01826,
          -24.7254
        ]
      },
      "properties": {
        "name": "Maboke",
        "country": "South Africa",
        "region": "Mpumalanga",
        "elevation_m": null,
        "population": 12752,
        "feature_type": "populated place",
        "geoname_id": 13527180
      }
    },
    {
      "type": "Feature",
      "geometry": {
        "type": "Point",
        "coordinates": [
          25.45907,
          -26.68638
        ]
      },
      "properties": {
        "name": "Delareyville",
        "country": "South Africa",
        "region": "North West",
        "elevation_m": null,
        "population": 12736,
        "feature_type": "seat of a third-order administrative division",
        "geoname_id": 1011062
      }
    },
    {
      "type": "Feature",
      "geometry": {
        "type": "Point",
        "coordinates": [
          30.823,
          -25.989
        ]
      },
      "properties": {
        "name": "Tjakastad",
        "country": "South Africa",
        "region": "Mpumalanga",
        "elevation_m": null,
        "population": 12711,
        "feature_type": "populated place",
        "geoname_id": 11204017
      }
    },
    {
      "type": "Feature",
      "geometry": {
        "type": "Point",
        "coordinates": [
          31.13108,
          -24.63276
        ]
      },
      "properties": {
        "name": "Bolla-Tau",
        "country": "South Africa",
        "region": "Mpumalanga",
        "elevation_m": null,
        "population": 12703,
        "feature_type": "populated place",
        "geoname_id": 13527163
      }
    },
    {
      "type": "Feature",
      "geometry": {
        "type": "Point",
        "coordinates": [
          19.66625,
          -33.47709
        ]
      },
      "properties": {
        "name": "De Doorns",
        "country": "South Africa",
        "region": "Western Cape",
        "elevation_m": null,
        "population": 12679,
        "feature_type": "populated place",
        "geoname_id": 3368906
      }
    },
    {
      "type": "Feature",
      "geometry": {
        "type": "Point",
        "coordinates": [
          28.90949,
          -25.11399
        ]
      },
      "properties": {
        "name": "Allemansdrif",
        "country": "South Africa",
        "region": "Mpumalanga",
        "elevation_m": null,
        "population": 12670,
        "feature_type": "populated place",
        "geoname_id": 1105730
      }
    },
    {
      "type": "Feature",
      "geometry": {
        "type": "Point",
        "coordinates": [
          26.68856,
          -25.65021
        ]
      },
      "properties": {
        "name": "Swartruggens",
        "country": "South Africa",
        "region": "North West",
        "elevation_m": null,
        "population": 12639,
        "feature_type": "populated place",
        "geoname_id": 950833
      }
    },
    {
      "type": "Feature",
      "geometry": {
        "type": "Point",
        "coordinates": [
          30.89983,
          -22.7577
        ]
      },
      "properties": {
        "name": "Ka-Mhinga",
        "country": "South Africa",
        "region": "Limpopo",
        "elevation_m": null,
        "population": 12609,
        "feature_type": "populated place",
        "geoname_id": 992385
      }
    },
    {
      "type": "Feature",
      "geometry": {
        "type": "Point",
        "coordinates": [
          28.35183,
          -31.07104
        ]
      },
      "properties": {
        "name": "Maclear",
        "country": "South Africa",
        "region": "Eastern Cape",
        "elevation_m": null,
        "population": 12604,
        "feature_type": "seat of a third-order administrative division",
        "geoname_id": 980798
      }
    },
    {
      "type": "Feature",
      "geometry": {
        "type": "Point",
        "coordinates": [
          31.4793,
          -25.71794
        ]
      },
      "properties": {
        "name": "Embhojeni",
        "country": "South Africa",
        "region": "Mpumalanga",
        "elevation_m": null,
        "population": 12589,
        "feature_type": "populated place",
        "geoname_id": 993894
      }
    },
    {
      "type": "Feature",
      "geometry": {
        "type": "Point",
        "coordinates": [
          29.81667,
          -23.9
        ]
      },
      "properties": {
        "name": "Mankoeng",
        "country": "South Africa",
        "region": "Limpopo",
        "elevation_m": null,
        "population": 12499,
        "feature_type": "populated place",
        "geoname_id": 979365
      }
    },
    {
      "type": "Feature",
      "geometry": {
        "type": "Point",
        "coordinates": [
          18.37938,
          -33.37817
        ]
      },
      "properties": {
        "name": "Darling",
        "country": "South Africa",
        "region": "Western Cape",
        "elevation_m": null,
        "population": 12484,
        "feature_type": "populated place",
        "geoname_id": 3368962
      }
    },
    {
      "type": "Feature",
      "geometry": {
        "type": "Point",
        "coordinates": [
          25.00309,
          -29.40661
        ]
      },
      "properties": {
        "name": "Koffiefontein",
        "country": "South Africa",
        "region": "Free State",
        "elevation_m": null,
        "population": 12464,
        "feature_type": "seat of a third-order administrative division",
        "geoname_id": 988429
      }
    },
    {
      "type": "Feature",
      "geometry": {
        "type": "Point",
        "coordinates": [
          31.39752,
          -29.13371
        ]
      },
      "properties": {
        "name": "Sundumbili",
        "country": "South Africa",
        "region": "KwaZulu-Natal",
        "elevation_m": null,
        "population": 12455,
        "feature_type": "populated place",
        "geoname_id": 951441
      }
    },
    {
      "type": "Feature",
      "geometry": {
        "type": "Point",
        "coordinates": [
          25.09718,
          -30.71999
        ]
      },
      "properties": {
        "name": "Colesberg",
        "country": "South Africa",
        "region": "Northern Cape",
        "elevation_m": null,
        "population": 12423,
        "feature_type": "seat of a third-order administrative division",
        "geoname_id": 1013076
      }
    },
    {
      "type": "Feature",
      "geometry": {
        "type": "Point",
        "coordinates": [
          27.04878,
          -31.372
        ]
      },
      "properties": {
        "name": "Dordrecht",
        "country": "South Africa",
        "region": "Eastern Cape",
        "elevation_m": null,
        "population": 12292,
        "feature_type": "populated place",
        "geoname_id": 1008858
      }
    },
    {
      "type": "Feature",
      "geometry": {
        "type": "Point",
        "coordinates": [
          29.49522,
          -31.08042
        ]
      },
      "properties": {
        "name": "Flagstaff",
        "country": "South Africa",
        "region": "Eastern Cape",
        "elevation_m": null,
        "population": 12280,
        "feature_type": "seat of a third-order administrative division",
        "geoname_id": 1004210
      }
    },
    {
      "type": "Feature",
      "geometry": {
        "type": "Point",
        "coordinates": [
          29.10973,
          -26.47056
        ]
      },
      "properties": {
        "name": "Evander",
        "country": "South Africa",
        "region": "Mpumalanga",
        "elevation_m": null,
        "population": 12180,
        "feature_type": "populated place",
        "geoname_id": 1004875
      }
    },
    {
      "type": "Feature",
      "geometry": {
        "type": "Point",
        "coordinates": [
          26.41268,
          -33.65346
        ]
      },
      "properties": {
        "name": "Alexandria",
        "country": "South Africa",
        "region": "Eastern Cape",
        "elevation_m": null,
        "population": 12084,
        "feature_type": "populated place",
        "geoname_id": 1023365
      }
    },
    {
      "type": "Feature",
      "geometry": {
        "type": "Point",
        "coordinates": [
          31.22888,
          -24.92682
        ]
      },
      "properties": {
        "name": "Oakley",
        "country": "South Africa",
        "region": "Mpumalanga",
        "elevation_m": null,
        "population": 12064,
        "feature_type": "populated place",
        "geoname_id": 968562
      }
    },
    {
      "type": "Feature",
      "geometry": {
        "type": "Point",
        "coordinates": [
          29.13964,
          -23.28609
        ]
      },
      "properties": {
        "name": "Bochum",
        "country": "South Africa",
        "region": "Limpopo",
        "elevation_m": null,
        "population": 12000,
        "feature_type": "populated place",
        "geoname_id": 1018148
      }
    },
    {
      "type": "Feature",
      "geometry": {
        "type": "Point",
        "coordinates": [
          19.29219,
          -33.99121
        ]
      },
      "properties": {
        "name": "Villiersdorp",
        "country": "South Africa",
        "region": "Western Cape",
        "elevation_m": null,
        "population": 11986,
        "feature_type": "populated place",
        "geoname_id": 3359957
      }
    },
    {
      "type": "Feature",
      "geometry": {
        "type": "Point",
        "coordinates": [
          27.59567,
          -30.9683
        ]
      },
      "properties": {
        "name": "Barkly East",
        "country": "South Africa",
        "region": "Eastern Cape",
        "elevation_m": null,
        "population": 11965,
        "feature_type": "seat of a second-order administrative division",
        "geoname_id": 1021046
      }
    },
    {
      "type": "Feature",
      "geometry": {
        "type": "Point",
        "coordinates": [
          28.99238,
          -30.90173
        ]
      },
      "properties": {
        "name": "Mount Frere",
        "country": "South Africa",
        "region": "Eastern Cape",
        "elevation_m": null,
        "population": 11842,
        "feature_type": "seat of a third-order administrative division",
        "geoname_id": 973525
      }
    },
    {
      "type": "Feature",
      "geometry": {
        "type": "Point",
        "coordinates": [
          27.99664,
          -31.6754
        ]
      },
      "properties": {
        "name": "Ngcobo",
        "country": "South Africa",
        "region": "Eastern Cape",
        "elevation_m": null,
        "population": 11783,
        "feature_type": "populated place",
        "geoname_id": 1005470
      }
    },
    {
      "type": "Feature",
      "geometry": {
        "type": "Point",
        "coordinates": [
          27.61592,
          -26.38989
        ]
      },
      "properties": {
        "name": "Glenharvie",
        "country": "South Africa",
        "region": "Gauteng",
        "elevation_m": null,
        "population": 11763,
        "feature_type": "populated place",
        "geoname_id": 1001642
      }
    },
    {
      "type": "Feature",
      "geometry": {
        "type": "Point",
        "coordinates": [
          24.52151,
          -28.53537
        ]
      },
      "properties": {
        "name": "Barkly West",
        "country": "South Africa",
        "region": "Northern Cape",
        "elevation_m": null,
        "population": 11621,
        "feature_type": "seat of a third-order administrative division",
        "geoname_id": 1021040
      }
    },
    {
      "type": "Feature",
      "geometry": {
        "type": "Point",
        "coordinates": [
          32.34879,
          -28.37007
        ]
      },
      "properties": {
        "name": "Kgwaripe",
        "country": "South Africa",
        "region": "KwaZulu-Natal",
        "elevation_m": null,
        "population": 11519,
        "feature_type": "populated place",
        "geoname_id": 12718787
      }
    },
    {
      "type": "Feature",
      "geometry": {
        "type": "Point",
        "coordinates": [
          28.77837,
          -26.35576
        ]
      },
      "properties": {
        "name": "Devon",
        "country": "South Africa",
        "region": "Gauteng",
        "elevation_m": null,
        "population": 11476,
        "feature_type": "populated place",
        "geoname_id": 1010627
      }
    },
    {
      "type": "Feature",
      "geometry": {
        "type": "Point",
        "coordinates": [
          27.03805,
          -29.72866
        ]
      },
      "properties": {
        "name": "Wepener",
        "country": "South Africa",
        "region": "Free State",
        "elevation_m": null,
        "population": 11446,
        "feature_type": "populated place",
        "geoname_id": 940477
      }
    },
    {
      "type": "Feature",
      "geometry": {
        "type": "Point",
        "coordinates": [
          29.88401,
          -30.57643
        ]
      },
      "properties": {
        "name": "Harding",
        "country": "South Africa",
        "region": "KwaZulu-Natal",
        "elevation_m": null,
        "population": 11434,
        "feature_type": "seat of a third-order administrative division",
        "geoname_id": 997861
      }
    },
    {
      "type": "Feature",
      "geometry": {
        "type": "Point",
        "coordinates": [
          26.66511,
          -29.58274
        ]
      },
      "properties": {
        "name": "Dewetsdorp",
        "country": "South Africa",
        "region": "Free State",
        "elevation_m": null,
        "population": 11379,
        "feature_type": "seat of a third-order administrative division",
        "geoname_id": 1010586
      }
    },
    {
      "type": "Feature",
      "geometry": {
        "type": "Point",
        "coordinates": [
          31.637,
          -25.68406
        ]
      },
      "properties": {
        "name": "Emtfuntini",
        "country": "South Africa",
        "region": "Mpumalanga",
        "elevation_m": null,
        "population": 11323,
        "feature_type": "populated place",
        "geoname_id": 984655
      }
    },
    {
      "type": "Feature",
      "geometry": {
        "type": "Point",
        "coordinates": [
          25.50387,
          -28.12759
        ]
      },
      "properties": {
        "name": "Hertzogville",
        "country": "South Africa",
        "region": "Free State",
        "elevation_m": null,
        "population": 11289,
        "feature_type": "populated place",
        "geoname_id": 996800
      }
    },
    {
      "type": "Feature",
      "geometry": {
        "type": "Point",
        "coordinates": [
          22.74251,
          -29.66803
        ]
      },
      "properties": {
        "name": "Prieska",
        "country": "South Africa",
        "region": "Northern Cape",
        "elevation_m": null,
        "population": 11236,
        "feature_type": "seat of a third-order administrative division",
        "geoname_id": 964090
      }
    },
    {
      "type": "Feature",
      "geometry": {
        "type": "Point",
        "coordinates": [
          19.34097,
          -33.35637
        ]
      },
      "properties": {
        "name": "eNduli",
        "country": "South Africa",
        "region": "Western Cape",
        "elevation_m": null,
        "population": 11203,
        "feature_type": "populated place",
        "geoname_id": 3368033
      }
    },
    {
      "type": "Feature",
      "geometry": {
        "type": "Point",
        "coordinates": [
          29.66707,
          -23.75827
        ]
      },
      "properties": {
        "name": "Sebayeng",
        "country": "South Africa",
        "region": "Limpopo",
        "elevation_m": null,
        "population": 10917,
        "feature_type": "populated place",
        "geoname_id": 956806
      }
    },
    {
      "type": "Feature",
      "geometry": {
        "type": "Point",
        "coordinates": [
          27.56394,
          -27.95333
        ]
      },
      "properties": {
        "name": "Steynsrus",
        "country": "South Africa",
        "region": "Free State",
        "elevation_m": null,
        "population": 10910,
        "feature_type": "populated place",
        "geoname_id": 952224
      }
    },
    {
      "type": "Feature",
      "geometry": {
        "type": "Point",
        "coordinates": [
          20.09924,
          -33.93224
        ]
      },
      "properties": {
        "name": "Bonnievale",
        "country": "South Africa",
        "region": "Western Cape",
        "elevation_m": null,
        "population": 10893,
        "feature_type": "populated place",
        "geoname_id": 1017620
      }
    },
    {
      "type": "Feature",
      "geometry": {
        "type": "Point",
        "coordinates": [
          18.47374,
          -33.51273
        ]
      },
      "properties": {
        "name": "Mamre",
        "country": "South Africa",
        "region": "Western Cape",
        "elevation_m": null,
        "population": 10840,
        "feature_type": "populated place",
        "geoname_id": 3364343
      }
    },
    {
      "type": "Feature",
      "geometry": {
        "type": "Point",
        "coordinates": [
          19.14116,
          -33.28596
        ]
      },
      "properties": {
        "name": "Tulbagh",
        "country": "South Africa",
        "region": "Western Cape",
        "elevation_m": null,
        "population": 10745,
        "feature_type": "populated place",
        "geoname_id": 3360396
      }
    },
    {
      "type": "Feature",
      "geometry": {
        "type": "Point",
        "coordinates": [
          30.2497,
          -25.6688
        ]
      },
      "properties": {
        "name": "Machadodorp",
        "country": "South Africa",
        "region": "Mpumalanga",
        "elevation_m": null,
        "population": 10712,
        "feature_type": "populated place",
        "geoname_id": 980845
      }
    },
    {
      "type": "Feature",
      "geometry": {
        "type": "Point",
        "coordinates": [
          31.04358,
          -29.59665
        ]
      },
      "properties": {
        "name": "Hazelmere",
        "country": "South Africa",
        "region": "KwaZulu-Natal",
        "elevation_m": null,
        "population": 10605,
        "feature_type": "populated place",
        "geoname_id": 12718786
      }
    },
    {
      "type": "Feature",
      "geometry": {
        "type": "Point",
        "coordinates": [
          27.58045,
          -32.00115
        ]
      },
      "properties": {
        "name": "Cofimvaba",
        "country": "South Africa",
        "region": "Eastern Cape",
        "elevation_m": null,
        "population": 10523,
        "feature_type": "seat of a third-order administrative division",
        "geoname_id": 1013125
      }
    },
    {
      "type": "Feature",
      "geometry": {
        "type": "Point",
        "coordinates": [
          26.08686,
          -32.67903
        ]
      },
      "properties": {
        "name": "Bedford",
        "country": "South Africa",
        "region": "Eastern Cape",
        "elevation_m": null,
        "population": 10506,
        "feature_type": "populated place",
        "geoname_id": 1020592
      }
    },
    {
      "type": "Feature",
      "geometry": {
        "type": "Point",
        "coordinates": [
          24.77382,
          -29.12792
        ]
      },
      "properties": {
        "name": "Jacobsdal",
        "country": "South Africa",
        "region": "Free State",
        "elevation_m": null,
        "population": 10497,
        "feature_type": "populated place",
        "geoname_id": 994304
      }
    },
    {
      "type": "Feature",
      "geometry": {
        "type": "Point",
        "coordinates": [
          31.13034,
          -24.79013
        ]
      },
      "properties": {
        "name": "Buyisonto",
        "country": "South Africa",
        "region": "Mpumalanga",
        "elevation_m": null,
        "population": 10472,
        "feature_type": "populated place",
        "geoname_id": 13527192
      }
    },
    {
      "type": "Feature",
      "geometry": {
        "type": "Point",
        "coordinates": [
          17.8865,
          -29.66434
        ]
      },
      "properties": {
        "name": "Springbok",
        "country": "South Africa",
        "region": "Northern Cape",
        "elevation_m": null,
        "population": 10438,
        "feature_type": "seat of a second-order administrative division",
        "geoname_id": 3361142
      }
    },
    {
      "type": "Feature",
      "geometry": {
        "type": "Point",
        "coordinates": [
          30.05658,
          -28.0151
        ]
      },
      "properties": {
        "name": "Dannhauser",
        "country": "South Africa",
        "region": "KwaZulu-Natal",
        "elevation_m": null,
        "population": 10378,
        "feature_type": "seat of a third-order administrative division",
        "geoname_id": 1011881
      }
    },
    {
      "type": "Feature",
      "geometry": {
        "type": "Point",
        "coordinates": [
          25.23965,
          -28.53914
        ]
      },
      "properties": {
        "name": "Boshof",
        "country": "South Africa",
        "region": "Free State",
        "elevation_m": null,
        "population": 10194,
        "feature_type": "seat of a third-order administrative division",
        "geoname_id": 1017048
      }
    },
    {
      "type": "Feature",
      "geometry": {
        "type": "Point",
        "coordinates": [
          25.44279,
          -33.39829
        ]
      },
      "properties": {
        "name": "Kirkwood",
        "country": "South Africa",
        "region": "Eastern Cape",
        "elevation_m": null,
        "population": 10148,
        "feature_type": "seat of a third-order administrative division",
        "geoname_id": 990802
      }
    },
    {
      "type": "Feature",
      "geometry": {
        "type": "Point",
        "coordinates": [
          23.53951,
          -28.18873
        ]
      },
      "properties": {
        "name": "Daniëlskuil",
        "country": "South Africa",
        "region": "Northern Cape",
        "elevation_m": null,
        "population": 10123,
        "feature_type": "populated place",
        "geoname_id": 1011918
      }
    },
    {
      "type": "Feature",
      "geometry": {
        "type": "Point",
        "coordinates": [
          25.41435,
          -29.11597
        ]
      },
      "properties": {
        "name": "Petrusburg",
        "country": "South Africa",
        "region": "Free State",
        "elevation_m": null,
        "population": 10106,
        "feature_type": "populated place",
        "geoname_id": 965581
      }
    },
    {
      "type": "Feature",
      "geometry": {
        "type": "Point",
        "coordinates": [
          31.35755,
          -29.26679
        ]
      },
      "properties": {
        "name": "Darnall",
        "country": "South Africa",
        "region": "KwaZulu-Natal",
        "elevation_m": null,
        "population": 10106,
        "feature_type": "populated place",
        "geoname_id": 1011824
      }
    },
    {
      "type": "Feature",
      "geometry": {
        "type": "Point",
        "coordinates": [
          29.46186,
          -25.09468
        ]
      },
      "properties": {
        "name": "Motetema",
        "country": "South Africa",
        "region": "Mpumalanga",
        "elevation_m": null,
        "population": 10090,
        "feature_type": "populated place",
        "geoname_id": 973676
      }
    },
    {
      "type": "Feature",
      "geometry": {
        "type": "Point",
        "coordinates": [
          22.8055,
          -34.0211
        ]
      },
      "properties": {
        "name": "Sedgefield",
        "country": "South Africa",
        "region": "Western Cape",
        "elevation_m": null,
        "population": 10069,
        "feature_type": "populated place",
        "geoname_id": 956754
      }
    },
    {
      "type": "Feature",
      "geometry": {
        "type": "Point",
        "coordinates": [
          25.48283,
          -33.39786
        ]
      },
      "properties": {
        "name": "Bontrug",
        "country": "South Africa",
        "region": "Eastern Cape",
        "elevation_m": null,
        "population": 10057,
        "feature_type": "populated place",
        "geoname_id": 1017565
      }
    },
    {
      "type": "Feature",
      "geometry": {
        "type": "Point",
        "coordinates": [
          30.92816,
          -29.61392
        ]
      },
      "properties": {
        "name": "Inanda",
        "country": "South Africa",
        "region": "KwaZulu-Natal",
        "elevation_m": null,
        "population": 10032,
        "feature_type": "populated place",
        "geoname_id": 994860
      }
    },
    {
      "type": "Feature",
      "geometry": {
        "type": "Point",
        "coordinates": [
          27.86667,
          -26.48333
        ]
      },
      "properties": {
        "name": "Orange Farm",
        "country": "South Africa",
        "region": "Gauteng",
        "elevation_m": null,
        "population": 10000,
        "feature_type": "section of populated place",
        "geoname_id": 967580
      }
    },
    {
      "type": "Feature",
      "geometry": {
        "type": "Point",
        "coordinates": [
          27.28165,
          -25.44152
        ]
      },
      "properties": {
        "name": "Maile",
        "country": "South Africa",
        "region": "North West",
        "elevation_m": null,
        "population": 10000,
        "feature_type": "populated place",
        "geoname_id": 980213
      }
    },
    {
      "type": "Feature",
      "geometry": {
        "type": "Point",
        "coordinates": [
          18.47417,
          -33.95556
        ]
      },
      "properties": {
        "name": "Rosebank",
        "country": "South Africa",
        "region": "Western Cape",
        "elevation_m": null,
        "population": 10000,
        "feature_type": "populated place",
        "geoname_id": 3362024
      }
    },
    {
      "type": "Feature",
      "geometry": {
        "type": "Point",
        "coordinates": [
          24.60278,
          -29.03801
        ]
      },
      "properties": {
        "name": "Ritchie",
        "country": "South Africa",
        "region": "Northern Cape",
        "elevation_m": null,
        "population": 9960,
        "feature_type": "populated place",
        "geoname_id": 961226
      }
    },
    {
      "type": "Feature",
      "geometry": {
        "type": "Point",
        "coordinates": [
          18.0315,
          -33.09751
        ]
      },
      "properties": {
        "name": "Langebaan",
        "country": "South Africa",
        "region": "Western Cape",
        "elevation_m": null,
        "population": 9940,
        "feature_type": "populated place",
        "geoname_id": 3364795
      }
    },
    {
      "type": "Feature",
      "geometry": {
        "type": "Point",
        "coordinates": [
          28.7036,
          -28.31094
        ]
      },
      "properties": {
        "name": "Kestell",
        "country": "South Africa",
        "region": "Free State",
        "elevation_m": null,
        "population": 9907,
        "feature_type": "populated place",
        "geoname_id": 991310
      }
    },
    {
      "type": "Feature",
      "geometry": {
        "type": "Point",
        "coordinates": [
          20.95661,
          -34.09127
        ]
      },
      "properties": {
        "name": "Heidelberg",
        "country": "South Africa",
        "region": "Western Cape",
        "elevation_m": null,
        "population": 9895,
        "feature_type": "populated place",
        "geoname_id": 997150
      }
    },
    {
      "type": "Feature",
      "geometry": {
        "type": "Point",
        "coordinates": [
          28.90361,
          -25.17046
        ]
      },
      "properties": {
        "name": "Leeuwfontein-C",
        "country": "South Africa",
        "region": "Mpumalanga",
        "elevation_m": null,
        "population": 9773,
        "feature_type": "section of populated place",
        "geoname_id": 11204092
      }
    },
    {
      "type": "Feature",
      "geometry": {
        "type": "Point",
        "coordinates": [
          27.5305,
          -32.89243
        ]
      },
      "properties": {
        "name": "Ilitha",
        "country": "South Africa",
        "region": "Eastern Cape",
        "elevation_m": null,
        "population": 9757,
        "feature_type": "populated place",
        "geoname_id": 12718752
      }
    },
    {
      "type": "Feature",
      "geometry": {
        "type": "Point",
        "coordinates": [
          20.03092,
          -33.33826
        ]
      },
      "properties": {
        "name": "Touwsrivier",
        "country": "South Africa",
        "region": "Western Cape",
        "elevation_m": null,
        "population": 9735,
        "feature_type": "populated place",
        "geoname_id": 948293
      }
    },
    {
      "type": "Feature",
      "geometry": {
        "type": "Point",
        "coordinates": [
          27.892,
          -32.57704
        ]
      },
      "properties": {
        "name": "Komga",
        "country": "South Africa",
        "region": "Eastern Cape",
        "elevation_m": null,
        "population": 9692,
        "feature_type": "seat of a third-order administrative division",
        "geoname_id": 988265
      }
    },
    {
      "type": "Feature",
      "geometry": {
        "type": "Point",
        "coordinates": [
          27.27377,
          -25.35128
        ]
      },
      "properties": {
        "name": "Monnakato",
        "country": "South Africa",
        "region": "North West",
        "elevation_m": null,
        "population": 9676,
        "feature_type": "populated place",
        "geoname_id": 974648
      }
    },
    {
      "type": "Feature",
      "geometry": {
        "type": "Point",
        "coordinates": [
          31.34103,
          -24.64528
        ]
      },
      "properties": {
        "name": "Hluvukani",
        "country": "South Africa",
        "region": "Limpopo",
        "elevation_m": null,
        "population": 9631,
        "feature_type": "populated place",
        "geoname_id": 996236
      }
    },
    {
      "type": "Feature",
      "geometry": {
        "type": "Point",
        "coordinates": [
          29.85384,
          -30.85907
        ]
      },
      "properties": {
        "name": "Bizana",
        "country": "South Africa",
        "region": "Eastern Cape",
        "elevation_m": null,
        "population": 9553,
        "feature_type": "seat of a third-order administrative division",
        "geoname_id": 1019264
      }
    },
    {
      "type": "Feature",
      "geometry": {
        "type": "Point",
        "coordinates": [
          20.6147,
          -28.77341
        ]
      },
      "properties": {
        "name": "Kakamas",
        "country": "South Africa",
        "region": "Northern Cape",
        "elevation_m": null,
        "population": 9538,
        "feature_type": "seat of a third-order administrative division",
        "geoname_id": 993014
      }
    },
    {
      "type": "Feature",
      "geometry": {
        "type": "Point",
        "coordinates": [
          27.33333,
          -31.46667
        ]
      },
      "properties": {
        "name": "Indwe",
        "country": "South Africa",
        "region": "Eastern Cape",
        "elevation_m": null,
        "population": 9505,
        "feature_type": "populated place",
        "geoname_id": 994804
      }
    },
    {
      "type": "Feature",
      "geometry": {
        "type": "Point",
        "coordinates": [
          31.32135,
          -24.95375
        ]
      },
      "properties": {
        "name": "Khokhamoya",
        "country": "South Africa",
        "region": "Mpumalanga",
        "elevation_m": null,
        "population": 9466,
        "feature_type": "populated place",
        "geoname_id": 13527209
      }
    },
    {
      "type": "Feature",
      "geometry": {
        "type": "Point",
        "coordinates": [
          28.55278,
          -25.11222
        ]
      },
      "properties": {
        "name": "Mmametlhake",
        "country": "South Africa",
        "region": "Mpumalanga",
        "elevation_m": null,
        "population": 9450,
        "feature_type": "populated place",
        "geoname_id": 975404
      }
    },
    {
      "type": "Feature",
      "geometry": {
        "type": "Point",
        "coordinates": [
          19.00892,
          -33.18078
        ]
      },
      "properties": {
        "name": "Saron",
        "country": "South Africa",
        "region": "Western Cape",
        "elevation_m": null,
        "population": 9396,
        "feature_type": "populated place",
        "geoname_id": 3361777
      }
    },
    {
      "type": "Feature",
      "geometry": {
        "type": "Point",
        "coordinates": [
          31.39783,
          -28.58664
        ]
      },
      "properties": {
        "name": "Melmoth",
        "country": "South Africa",
        "region": "KwaZulu-Natal",
        "elevation_m": null,
        "population": 9362,
        "feature_type": "seat of a third-order administrative division",
        "geoname_id": 977135
      }
    },
    {
      "type": "Feature",
      "geometry": {
        "type": "Point",
        "coordinates": [
          18.86421,
          -33.8111
        ]
      },
      "properties": {
        "name": "Klapmuts",
        "country": "South Africa",
        "region": "Western Cape",
        "elevation_m": null,
        "population": 9229,
        "feature_type": "populated place",
        "geoname_id": 8555959
      }
    },
    {
      "type": "Feature",
      "geometry": {
        "type": "Point",
        "coordinates": [
          23.04929,
          -27.69569
        ]
      },
      "properties": {
        "name": "Kathu",
        "country": "South Africa",
        "region": "Northern Cape",
        "elevation_m": null,
        "population": 9219,
        "feature_type": "seat of a third-order administrative division",
        "geoname_id": 991664
      }
    },
    {
      "type": "Feature",
      "geometry": {
        "type": "Point",
        "coordinates": [
          31.5159,
          -25.66205
        ]
      },
      "properties": {
        "name": "Mhlambanyatsi",
        "country": "South Africa",
        "region": "Mpumalanga",
        "elevation_m": null,
        "population": 9219,
        "feature_type": "populated place",
        "geoname_id": 1014994
      }
    },
    {
      "type": "Feature",
      "geometry": {
        "type": "Point",
        "coordinates": [
          23.48954,
          -33.29265
        ]
      },
      "properties": {
        "name": "Willowmore",
        "country": "South Africa",
        "region": "Eastern Cape",
        "elevation_m": null,
        "population": 9199,
        "feature_type": "seat of a third-order administrative division",
        "geoname_id": 939676
      }
    },
    {
      "type": "Feature",
      "geometry": {
        "type": "Point",
        "coordinates": [
          18.89217,
          -32.18173
        ]
      },
      "properties": {
        "name": "Clanwilliam",
        "country": "South Africa",
        "region": "Western Cape",
        "elevation_m": null,
        "population": 9194,
        "feature_type": "seat of a third-order administrative division",
        "geoname_id": 3369100
      }
    },
    {
      "type": "Feature",
      "geometry": {
        "type": "Point",
        "coordinates": [
          29.61774,
          -26.737
        ]
      },
      "properties": {
        "name": "Morgenzon",
        "country": "South Africa",
        "region": "Mpumalanga",
        "elevation_m": null,
        "population": 9162,
        "feature_type": "populated place",
        "geoname_id": 973873
      }
    },
    {
      "type": "Feature",
      "geometry": {
        "type": "Point",
        "coordinates": [
          31.04708,
          -24.79571
        ]
      },
      "properties": {
        "name": "Shatale",
        "country": "South Africa",
        "region": "Mpumalanga",
        "elevation_m": null,
        "population": 9155,
        "feature_type": "populated place",
        "geoname_id": 11395710
      }
    },
    {
      "type": "Feature",
      "geometry": {
        "type": "Point",
        "coordinates": [
          31.64817,
          -27.90968
        ]
      },
      "properties": {
        "name": "Nongoma",
        "country": "South Africa",
        "region": "KwaZulu-Natal",
        "elevation_m": null,
        "population": 9140,
        "feature_type": "seat of a third-order administrative division",
        "geoname_id": 970133
      }
    },
    {
      "type": "Feature",
      "geometry": {
        "type": "Point",
        "coordinates": [
          23.43552,
          -27.46353
        ]
      },
      "properties": {
        "name": "Kuruman",
        "country": "South Africa",
        "region": "Northern Cape",
        "elevation_m": null,
        "population": 9093,
        "feature_type": "seat of a second-order administrative division",
        "geoname_id": 986134
      }
    },
    {
      "type": "Feature",
      "geometry": {
        "type": "Point",
        "coordinates": [
          31.05133,
          -24.61933
        ]
      },
      "properties": {
        "name": "Tsakani",
        "country": "South Africa",
        "region": "Mpumalanga",
        "elevation_m": null,
        "population": 8907,
        "feature_type": "populated place",
        "geoname_id": 13527167
      }
    },
    {
      "type": "Feature",
      "geometry": {
        "type": "Point",
        "coordinates": [
          28.28964,
          -25.32264
        ]
      },
      "properties": {
        "name": "Carousel View",
        "country": "South Africa",
        "region": "North West",
        "elevation_m": null,
        "population": 8875,
        "feature_type": "populated place",
        "geoname_id": 12718845
      }
    },
    {
      "type": "Feature",
      "geometry": {
        "type": "Point",
        "coordinates": [
          27.14362,
          -32.2985
        ]
      },
      "properties": {
        "name": "Cathcart",
        "country": "South Africa",
        "region": "Eastern Cape",
        "elevation_m": null,
        "population": 8818,
        "feature_type": "populated place",
        "geoname_id": 1013911
      }
    },
    {
      "type": "Feature",
      "geometry": {
        "type": "Point",
        "coordinates": [
          27.4571,
          -32.93328
        ]
      },
      "properties": {
        "name": "Phakamisa",
        "country": "South Africa",
        "region": "Eastern Cape",
        "elevation_m": null,
        "population": 8806,
        "feature_type": "populated place",
        "geoname_id": 12718751
      }
    },
    {
      "type": "Feature",
      "geometry": {
        "type": "Point",
        "coordinates": [
          27.0149,
          -25.3946
        ]
      },
      "properties": {
        "name": "Phatsima",
        "country": "South Africa",
        "region": "North West",
        "elevation_m": null,
        "population": 8796,
        "feature_type": "section of populated place",
        "geoname_id": 11204546
      }
    },
    {
      "type": "Feature",
      "geometry": {
        "type": "Point",
        "coordinates": [
          31.31181,
          -24.87576
        ]
      },
      "properties": {
        "name": "Kamalamule",
        "country": "South Africa",
        "region": "Mpumalanga",
        "elevation_m": null,
        "population": 8766,
        "feature_type": "populated place",
        "geoname_id": 13527210
      }
    },
    {
      "type": "Feature",
      "geometry": {
        "type": "Point",
        "coordinates": [
          26.83656,
          -30.41827
        ]
      },
      "properties": {
        "name": "Rouxville",
        "country": "South Africa",
        "region": "Free State",
        "elevation_m": null,
        "population": 8759,
        "feature_type": "populated place",
        "geoname_id": 959018
      }
    },
    {
      "type": "Feature",
      "geometry": {
        "type": "Point",
        "coordinates": [
          31.11249,
          -24.97161
        ]
      },
      "properties": {
        "name": "Marite",
        "country": "South Africa",
        "region": "Mpumalanga",
        "elevation_m": null,
        "population": 8657,
        "feature_type": "populated place",
        "geoname_id": 978786
      }
    },
    {
      "type": "Feature",
      "geometry": {
        "type": "Point",
        "coordinates": [
          28.79242,
          -30.26207
        ]
      },
      "properties": {
        "name": "Maluti",
        "country": "South Africa",
        "region": "Eastern Cape",
        "elevation_m": null,
        "population": 8654,
        "feature_type": "populated place",
        "geoname_id": 11287120
      }
    },
    {
      "type": "Feature",
      "geometry": {
        "type": "Point",
        "coordinates": [
          25.82338,
          -31.29565
        ]
      },
      "properties": {
        "name": "Steynsburg",
        "country": "South Africa",
        "region": "Eastern Cape",
        "elevation_m": null,
        "population": 8642,
        "feature_type": "populated place",
        "geoname_id": 952249
      }
    },
    {
      "type": "Feature",
      "geometry": {
        "type": "Point",
        "coordinates": [
          19.01516,
          -32.59215
        ]
      },
      "properties": {
        "name": "Citrusdal",
        "country": "South Africa",
        "region": "Western Cape",
        "elevation_m": null,
        "population": 8598,
        "feature_type": "populated place",
        "geoname_id": 3369103
      }
    },
    {
      "type": "Feature",
      "geometry": {
        "type": "Point",
        "coordinates": [
          26.55417,
          -31.55714
        ]
      },
      "properties": {
        "name": "Sterkstroom",
        "country": "South Africa",
        "region": "Eastern Cape",
        "elevation_m": null,
        "population": 8584,
        "feature_type": "populated place",
        "geoname_id": 952301
      }
    },
    {
      "type": "Feature",
      "geometry": {
        "type": "Point",
        "coordinates": [
          24.06525,
          -32.47588
        ]
      },
      "properties": {
        "name": "Aberdeen",
        "country": "South Africa",
        "region": "Eastern Cape",
        "elevation_m": null,
        "population": 8580,
        "feature_type": "populated place",
        "geoname_id": 1023790
      }
    },
    {
      "type": "Feature",
      "geometry": {
        "type": "Point",
        "coordinates": [
          29.56686,
          -27.68159
        ]
      },
      "properties": {
        "name": "Memel",
        "country": "South Africa",
        "region": "Free State",
        "elevation_m": null,
        "population": 8556,
        "feature_type": "populated place",
        "geoname_id": 977086
      }
    },
    {
      "type": "Feature",
      "geometry": {
        "type": "Point",
        "coordinates": [
          21.26755,
          -33.49331
        ]
      },
      "properties": {
        "name": "Ladismith",
        "country": "South Africa",
        "region": "Western Cape",
        "elevation_m": null,
        "population": 8539,
        "feature_type": "seat of a third-order administrative division",
        "geoname_id": 985020
      }
    },
    {
      "type": "Feature",
      "geometry": {
        "type": "Point",
        "coordinates": [
          28.71218,
          -25.43001
        ]
      },
      "properties": {
        "name": "Kwamhlanga",
        "country": "South Africa",
        "region": "Gauteng",
        "elevation_m": null,
        "population": 8535,
        "feature_type": "populated place",
        "geoname_id": 1105727
      }
    },
    {
      "type": "Feature",
      "geometry": {
        "type": "Point",
        "coordinates": [
          21.27042,
          -28.47438
        ]
      },
      "properties": {
        "name": "Nuwerus NC",
        "country": "South Africa",
        "region": "Northern Cape",
        "elevation_m": null,
        "population": 8531,
        "feature_type": "populated place",
        "geoname_id": 12718856
      }
    },
    {
      "type": "Feature",
      "geometry": {
        "type": "Point",
        "coordinates": [
          30.32166,
          -27.65862
        ]
      },
      "properties": {
        "name": "Utrecht",
        "country": "South Africa",
        "region": "KwaZulu-Natal",
        "elevation_m": null,
        "population": 8486,
        "feature_type": "seat of a third-order administrative division",
        "geoname_id": 945813
      }
    },
    {
      "type": "Feature",
      "geometry": {
        "type": "Point",
        "coordinates": [
          18.99279,
          -33.01816
        ]
      },
      "properties": {
        "name": "Porterville",
        "country": "South Africa",
        "region": "Western Cape",
        "elevation_m": null,
        "population": 8455,
        "feature_type": "populated place",
        "geoname_id": 3362714
      }
    },
    {
      "type": "Feature",
      "geometry": {
        "type": "Point",
        "coordinates": [
          27.21613,
          -30.71084
        ]
      },
      "properties": {
        "name": "Lady Grey",
        "country": "South Africa",
        "region": "Eastern Cape",
        "elevation_m": null,
        "population": 8414,
        "feature_type": "seat of a third-order administrative division",
        "geoname_id": 985004
      }
    },
    {
      "type": "Feature",
      "geometry": {
        "type": "Point",
        "coordinates": [
          28.75015,
          -26.74777
        ]
      },
      "properties": {
        "name": "Nthrowane",
        "country": "South Africa",
        "region": "Mpumalanga",
        "elevation_m": null,
        "population": 8336,
        "feature_type": "populated place",
        "geoname_id": 1000023
      }
    },
    {
      "type": "Feature",
      "geometry": {
        "type": "Point",
        "coordinates": [
          30.5627,
          -25.95414
        ]
      },
      "properties": {
        "name": "eManzana",
        "country": "South Africa",
        "region": "Mpumalanga",
        "elevation_m": null,
        "population": 8293,
        "feature_type": "populated place",
        "geoname_id": 1021770
      }
    },
    {
      "type": "Feature",
      "geometry": {
        "type": "Point",
        "coordinates": [
          23.11461,
          -31.40364
        ]
      },
      "properties": {
        "name": "Victoria West",
        "country": "South Africa",
        "region": "Northern Cape",
        "elevation_m": null,
        "population": 8254,
        "feature_type": "seat of a third-order administrative division",
        "geoname_id": 944024
      }
    },
    {
      "type": "Feature",
      "geometry": {
        "type": "Point",
        "coordinates": [
          25.96508,
          -25.4812
        ]
      },
      "properties": {
        "name": "Lehurutshe",
        "country": "South Africa",
        "region": "North West",
        "elevation_m": null,
        "population": 8252,
        "feature_type": "populated place",
        "geoname_id": 11258592
      }
    },
    {
      "type": "Feature",
      "geometry": {
        "type": "Point",
        "coordinates": [
          30.14384,
          -27.35493
        ]
      },
      "properties": {
        "name": "Wakkerstroom",
        "country": "South Africa",
        "region": "Mpumalanga",
        "elevation_m": null,
        "population": 8209,
        "feature_type": "populated place",
        "geoname_id": 942136
      }
    },
    {
      "type": "Feature",
      "geometry": {
        "type": "Point",
        "coordinates": [
          30.07722,
          -28.84918
        ]
      },
      "properties": {
        "name": "Weenen",
        "country": "South Africa",
        "region": "KwaZulu-Natal",
        "elevation_m": null,
        "population": 8183,
        "feature_type": "populated place",
        "geoname_id": 941335
      }
    },
    {
      "type": "Feature",
      "geometry": {
        "type": "Point",
        "coordinates": [
          19.32468,
          -33.30392
        ]
      },
      "properties": {
        "name": "Prince Alfred Hamlet",
        "country": "South Africa",
        "region": "Western Cape",
        "elevation_m": null,
        "population": 8159,
        "feature_type": "populated place",
        "geoname_id": 3362675
      }
    },
    {
      "type": "Feature",
      "geometry": {
        "type": "Point",
        "coordinates": [
          19.77601,
          -31.47069
        ]
      },
      "properties": {
        "name": "Calvinia",
        "country": "South Africa",
        "region": "Northern Cape",
        "elevation_m": null,
        "population": 8146,
        "feature_type": "seat of a third-order administrative division",
        "geoname_id": 3369174
      }
    },
    {
      "type": "Feature",
      "geometry": {
        "type": "Point",
        "coordinates": [
          28.87862,
          -25.40339
        ]
      },
      "properties": {
        "name": "Gemsbokspruit",
        "country": "South Africa",
        "region": "Mpumalanga",
        "elevation_m": null,
        "population": 8138,
        "feature_type": "populated place",
        "geoname_id": 12718831
      }
    },
    {
      "type": "Feature",
      "geometry": {
        "type": "Point",
        "coordinates": [
          30.66234,
          -26.62455
        ]
      },
      "properties": {
        "name": "eMvelo",
        "country": "South Africa",
        "region": "Mpumalanga",
        "elevation_m": null,
        "population": 8110,
        "feature_type": "populated place",
        "geoname_id": 1022857
      }
    },
    {
      "type": "Feature",
      "geometry": {
        "type": "Point",
        "coordinates": [
          21.40748,
          -34.3693
        ]
      },
      "properties": {
        "name": "Stilbaai",
        "country": "South Africa",
        "region": "Western Cape",
        "elevation_m": null,
        "population": 8000,
        "feature_type": "populated place",
        "geoname_id": 952200
      }
    },
    {
      "type": "Feature",
      "geometry": {
        "type": "Point",
        "coordinates": [
          27.95251,
          -26.42093
        ]
      },
      "properties": {
        "name": "Walkerville",
        "country": "South Africa",
        "region": "Gauteng",
        "elevation_m": null,
        "population": 7981,
        "feature_type": "populated place",
        "geoname_id": 942097
      }
    },
    {
      "type": "Feature",
      "geometry": {
        "type": "Point",
        "coordinates": [
          19.03407,
          -34.3394
        ]
      },
      "properties": {
        "name": "Kleinmond",
        "country": "South Africa",
        "region": "Western Cape",
        "elevation_m": null,
        "population": 7948,
        "feature_type": "populated place",
        "geoname_id": 3365754
      }
    },
    {
      "type": "Feature",
      "geometry": {
        "type": "Point",
        "coordinates": [
          31.68337,
          -25.66365
        ]
      },
      "properties": {
        "name": "Kamhlushwa",
        "country": "South Africa",
        "region": "Mpumalanga",
        "elevation_m": null,
        "population": 7917,
        "feature_type": "populated place",
        "geoname_id": 12718830
      }
    },
    {
      "type": "Feature",
      "geometry": {
        "type": "Point",
        "coordinates": [
          31.61798,
          -25.74237
        ]
      },
      "properties": {
        "name": "Bosfontein",
        "country": "South Africa",
        "region": "Mpumalanga",
        "elevation_m": null,
        "population": 7811,
        "feature_type": "populated place",
        "geoname_id": 1017076
      }
    },
    {
      "type": "Feature",
      "geometry": {
        "type": "Point",
        "coordinates": [
          25.97458,
          -30.49864
        ]
      },
      "properties": {
        "name": "Bethulie",
        "country": "South Africa",
        "region": "Free State",
        "elevation_m": null,
        "population": 7783,
        "feature_type": "populated place",
        "geoname_id": 1019700
      }
    },
    {
      "type": "Feature",
      "geometry": {
        "type": "Point",
        "coordinates": [
          28.51609,
          -27.55513
        ]
      },
      "properties": {
        "name": "Tweeling",
        "country": "South Africa",
        "region": "Free State",
        "elevation_m": null,
        "population": 7745,
        "feature_type": "populated place",
        "geoname_id": 947267
      }
    },
    {
      "type": "Feature",
      "geometry": {
        "type": "Point",
        "coordinates": [
          25.9364,
          -29.73661
        ]
      },
      "properties": {
        "name": "Edenburg",
        "country": "South Africa",
        "region": "Free State",
        "elevation_m": null,
        "population": 7739,
        "feature_type": "populated place",
        "geoname_id": 1006852
      }
    },
    {
      "type": "Feature",
      "geometry": {
        "type": "Point",
        "coordinates": [
          29.82582,
          -28.73933
        ]
      },
      "properties": {
        "name": "Colenso",
        "country": "South Africa",
        "region": "KwaZulu-Natal",
        "elevation_m": null,
        "population": 7653,
        "feature_type": "populated place",
        "geoname_id": 1013081
      }
    },
    {
      "type": "Feature",
      "geometry": {
        "type": "Point",
        "coordinates": [
          28.41985,
          -28.5154
        ]
      },
      "properties": {
        "name": "Clarens",
        "country": "South Africa",
        "region": "Free State",
        "elevation_m": null,
        "population": 7644,
        "feature_type": "populated place",
        "geoname_id": 1013397
      }
    },
    {
      "type": "Feature",
      "geometry": {
        "type": "Point",
        "coordinates": [
          21.58001,
          -34.20544
        ]
      },
      "properties": {
        "name": "Albertina",
        "country": "South Africa",
        "region": "Western Cape",
        "elevation_m": null,
        "population": 7634,
        "feature_type": "populated place",
        "geoname_id": 1023445
      }
    },
    {
      "type": "Feature",
      "geometry": {
        "type": "Point",
        "coordinates": [
          30.32877,
          -24.67554
        ]
      },
      "properties": {
        "name": "Burgersfort",
        "country": "South Africa",
        "region": "Mpumalanga",
        "elevation_m": null,
        "population": 7630,
        "feature_type": "seat of a third-order administrative division",
        "geoname_id": 1014650
      }
    },
    {
      "type": "Feature",
      "geometry": {
        "type": "Point",
        "coordinates": [
          26.8294,
          -33.4998
        ]
      },
      "properties": {
        "name": "Bathurst",
        "country": "South Africa",
        "region": "Eastern Cape",
        "elevation_m": null,
        "population": 7630,
        "feature_type": "populated place",
        "geoname_id": 1020854
      }
    },
    {
      "type": "Feature",
      "geometry": {
        "type": "Point",
        "coordinates": [
          27.55619,
          -25.9936
        ]
      },
      "properties": {
        "name": "Magaliesburg",
        "country": "South Africa",
        "region": "Gauteng",
        "elevation_m": null,
        "population": 7623,
        "feature_type": "populated place",
        "geoname_id": 980557
      }
    },
    {
      "type": "Feature",
      "geometry": {
        "type": "Point",
        "coordinates": [
          29.40783,
          -24.7209
        ]
      },
      "properties": {
        "name": "Elandskraal",
        "country": "South Africa",
        "region": "Limpopo",
        "elevation_m": null,
        "population": 7621,
        "feature_type": "populated place",
        "geoname_id": 12718810
      }
    },
    {
      "type": "Feature",
      "geometry": {
        "type": "Point",
        "coordinates": [
          31.32559,
          -24.58007
        ]
      },
      "properties": {
        "name": "Welverdiend",
        "country": "South Africa",
        "region": "Limpopo",
        "elevation_m": null,
        "population": 7601,
        "feature_type": "populated place",
        "geoname_id": 940524
      }
    },
    {
      "type": "Feature",
      "geometry": {
        "type": "Point",
        "coordinates": [
          27.06069,
          -28.94089
        ]
      },
      "properties": {
        "name": "Excelsior",
        "country": "South Africa",
        "region": "Free State",
        "elevation_m": null,
        "population": 7594,
        "feature_type": "populated place",
        "geoname_id": 1004763
      }
    },
    {
      "type": "Feature",
      "geometry": {
        "type": "Point",
        "coordinates": [
          27.67632,
          -27.5518
        ]
      },
      "properties": {
        "name": "Edenville",
        "country": "South Africa",
        "region": "Free State",
        "elevation_m": null,
        "population": 7540,
        "feature_type": "populated place",
        "geoname_id": 1006831
      }
    },
    {
      "type": "Feature",
      "geometry": {
        "type": "Point",
        "coordinates": [
          18.73968,
          -31.60889
        ]
      },
      "properties": {
        "name": "Vanrhynsdorp",
        "country": "South Africa",
        "region": "Western Cape",
        "elevation_m": null,
        "population": 7515,
        "feature_type": "populated place",
        "geoname_id": 3360078
      }
    },
    {
      "type": "Feature",
      "geometry": {
        "type": "Point",
        "coordinates": [
          25.6899,
          -33.54833
        ]
      },
      "properties": {
        "name": "Addo",
        "country": "South Africa",
        "region": "Eastern Cape",
        "elevation_m": null,
        "population": 7475,
        "feature_type": "populated place",
        "geoname_id": 1023672
      }
    },
    {
      "type": "Feature",
      "geometry": {
        "type": "Point",
        "coordinates": [
          23.85618,
          -33.82547
        ]
      },
      "properties": {
        "name": "Joubertina",
        "country": "South Africa",
        "region": "Eastern Cape",
        "elevation_m": null,
        "population": 7472,
        "feature_type": "populated place",
        "geoname_id": 993612
      }
    },
    {
      "type": "Feature",
      "geometry": {
        "type": "Point",
        "coordinates": [
          18.62497,
          -31.77593
        ]
      },
      "properties": {
        "name": "Klawer",
        "country": "South Africa",
        "region": "Western Cape",
        "elevation_m": null,
        "population": 7469,
        "feature_type": "populated place",
        "geoname_id": 3365921
      }
    },
    {
      "type": "Feature",
      "geometry": {
        "type": "Point",
        "coordinates": [
          18.34907,
          -33.06255
        ]
      },
      "properties": {
        "name": "Hopefield",
        "country": "South Africa",
        "region": "Western Cape",
        "elevation_m": null,
        "population": 7457,
        "feature_type": "populated place",
        "geoname_id": 3366695
      }
    },
    {
      "type": "Feature",
      "geometry": {
        "type": "Point",
        "coordinates": [
          30.32404,
          -25.63684
        ]
      },
      "properties": {
        "name": "Emgwenya",
        "country": "South Africa",
        "region": "Mpumalanga",
        "elevation_m": null,
        "population": 7410,
        "feature_type": "populated place",
        "geoname_id": 12718829
      }
    },
    {
      "type": "Feature",
      "geometry": {
        "type": "Point",
        "coordinates": [
          31.60758,
          -25.78841
        ]
      },
      "properties": {
        "name": "Magogeni",
        "country": "South Africa",
        "region": "Mpumalanga",
        "elevation_m": null,
        "population": 7396,
        "feature_type": "populated place",
        "geoname_id": 980457
      }
    },
    {
      "type": "Feature",
      "geometry": {
        "type": "Point",
        "coordinates": [
          29.57328,
          -31.36199
        ]
      },
      "properties": {
        "name": "Lusikisiki",
        "country": "South Africa",
        "region": "Eastern Cape",
        "elevation_m": null,
        "population": 7396,
        "feature_type": "populated place",
        "geoname_id": 981294
      }
    },
    {
      "type": "Feature",
      "geometry": {
        "type": "Point",
        "coordinates": [
          22.57574,
          -33.99385
        ]
      },
      "properties": {
        "name": "Wilderness",
        "country": "South Africa",
        "region": "Western Cape",
        "elevation_m": null,
        "population": 7385,
        "feature_type": "populated place",
        "geoname_id": 939930
      }
    },
    {
      "type": "Feature",
      "geometry": {
        "type": "Point",
        "coordinates": [
          27.95042,
          -28.29747
        ]
      },
      "properties": {
        "name": "Paul Roux",
        "country": "South Africa",
        "region": "Free State",
        "elevation_m": null,
        "population": 7370,
        "feature_type": "populated place",
        "geoname_id": 966058
      }
    },
    {
      "type": "Feature",
      "geometry": {
        "type": "Point",
        "coordinates": [
          26.73074,
          -26.935
        ]
      },
      "properties": {
        "name": "Umzimhle",
        "country": "South Africa",
        "region": "North West",
        "elevation_m": null,
        "population": 7352,
        "feature_type": "populated place",
        "geoname_id": 12718844
      }
    },
    {
      "type": "Feature",
      "geometry": {
        "type": "Point",
        "coordinates": [
          28.16859,
          -26.1323
        ]
      },
      "properties": {
        "name": "Eden Glen",
        "country": "South Africa",
        "region": "Gauteng",
        "elevation_m": null,
        "population": 7345,
        "feature_type": "section of populated place",
        "geoname_id": 7302797
      }
    },
    {
      "type": "Feature",
      "geometry": {
        "type": "Point",
        "coordinates": [
          18.3085,
          -32.09694
        ]
      },
      "properties": {
        "name": "Lamberts Bay",
        "country": "South Africa",
        "region": "Western Cape",
        "elevation_m": null,
        "population": 7332,
        "feature_type": "populated place",
        "geoname_id": 3364847
      }
    },
    {
      "type": "Feature",
      "geometry": {
        "type": "Point",
        "coordinates": [
          30.43526,
          -26.38939
        ]
      },
      "properties": {
        "name": "Lothair",
        "country": "South Africa",
        "region": "Mpumalanga",
        "elevation_m": null,
        "population": 7306,
        "feature_type": "populated place",
        "geoname_id": 981906
      }
    },
    {
      "type": "Feature",
      "geometry": {
        "type": "Point",
        "coordinates": [
          31.17964,
          -24.68985
        ]
      },
      "properties": {
        "name": "Edinburgh A",
        "country": "South Africa",
        "region": "Mpumalanga",
        "elevation_m": null,
        "population": 7305,
        "feature_type": "populated place",
        "geoname_id": 13527151
      }
    },
    {
      "type": "Feature",
      "geometry": {
        "type": "Point",
        "coordinates": [
          30.678,
          -26.65372
        ]
      },
      "properties": {
        "name": "KwaThandeka",
        "country": "South Africa",
        "region": "Mpumalanga",
        "elevation_m": null,
        "population": 7289,
        "feature_type": "populated place",
        "geoname_id": 12808666
      }
    },
    {
      "type": "Feature",
      "geometry": {
        "type": "Point",
        "coordinates": [
          26.25935,
          -32.00893
        ]
      },
      "properties": {
        "name": "Tarkastad",
        "country": "South Africa",
        "region": "Eastern Cape",
        "elevation_m": null,
        "population": 7260,
        "feature_type": "seat of a third-order administrative division",
        "geoname_id": 950037
      }
    },
    {
      "type": "Feature",
      "geometry": {
        "type": "Point",
        "coordinates": [
          29.54123,
          -28.81229
        ]
      },
      "properties": {
        "name": "Winterton",
        "country": "South Africa",
        "region": "KwaZulu-Natal",
        "elevation_m": null,
        "population": 7224,
        "feature_type": "populated place",
        "geoname_id": 939340
      }
    },
    {
      "type": "Feature",
      "geometry": {
        "type": "Point",
        "coordinates": [
          31.02818,
          -24.76969
        ]
      },
      "properties": {
        "name": "Madyembeni",
        "country": "South Africa",
        "region": "Mpumalanga",
        "elevation_m": null,
        "population": 7210,
        "feature_type": "populated place",
        "geoname_id": 980632
      }
    },
    {
      "type": "Feature",
      "geometry": {
        "type": "Point",
        "coordinates": [
          30.84358,
          -26.26469
        ]
      },
      "properties": {
        "name": "Glenmore",
        "country": "South Africa",
        "region": "Mpumalanga",
        "elevation_m": null,
        "population": 7180,
        "feature_type": "populated place",
        "geoname_id": 12750587
      }
    },
    {
      "type": "Feature",
      "geometry": {
        "type": "Point",
        "coordinates": [
          28.15541,
          -26.12965
        ]
      },
      "properties": {
        "name": "Eastleigh",
        "country": "South Africa",
        "region": "Gauteng",
        "elevation_m": null,
        "population": 6988,
        "feature_type": "section of populated place",
        "geoname_id": 11204670
      }
    },
    {
      "type": "Feature",
      "geometry": {
        "type": "Point",
        "coordinates": [
          29.31245,
          -24.31249
        ]
      },
      "properties": {
        "name": "Mathibela",
        "country": "South Africa",
        "region": "Limpopo",
        "elevation_m": null,
        "population": 6943,
        "feature_type": "populated place",
        "geoname_id": 11495909
      }
    },
    {
      "type": "Feature",
      "geometry": {
        "type": "Point",
        "coordinates": [
          27.03189,
          -29.18521
        ]
      },
      "properties": {
        "name": "Tweespruit",
        "country": "South Africa",
        "region": "Free State",
        "elevation_m": null,
        "population": 6939,
        "feature_type": "populated place",
        "geoname_id": 947187
      }
    },
    {
      "type": "Feature",
      "geometry": {
        "type": "Point",
        "coordinates": [
          18.41833,
          -34.03139
        ]
      },
      "properties": {
        "name": "Constantia",
        "country": "South Africa",
        "region": "Western Cape",
        "elevation_m": null,
        "population": 6922,
        "feature_type": "populated place",
        "geoname_id": 3369056
      }
    },
    {
      "type": "Feature",
      "geometry": {
        "type": "Point",
        "coordinates": [
          31.21869,
          -24.76647
        ]
      },
      "properties": {
        "name": "Merry Pebble Stream",
        "country": "South Africa",
        "region": "Limpopo",
        "elevation_m": null,
        "population": 6905,
        "feature_type": "populated place",
        "geoname_id": 976922
      }
    },
    {
      "type": "Feature",
      "geometry": {
        "type": "Point",
        "coordinates": [
          30.54276,
          -29.39967
        ]
      },
      "properties": {
        "name": "Trust Feed",
        "country": "South Africa",
        "region": "KwaZulu-Natal",
        "elevation_m": null,
        "population": 6901,
        "feature_type": "populated place",
        "geoname_id": 11204578
      }
    },
    {
      "type": "Feature",
      "geometry": {
        "type": "Point",
        "coordinates": [
          30.22799,
          -31.05067
        ]
      },
      "properties": {
        "name": "Port Edward",
        "country": "South Africa",
        "region": "KwaZulu-Natal",
        "elevation_m": null,
        "population": 6872,
        "feature_type": "populated place",
        "geoname_id": 964424
      }
    },
    {
      "type": "Feature",
      "geometry": {
        "type": "Point",
        "coordinates": [
          25.42706,
          -29.76126
        ]
      },
      "properties": {
        "name": "Jagersfontein",
        "country": "South Africa",
        "region": "Free State",
        "elevation_m": null,
        "population": 6865,
        "feature_type": "populated place",
        "geoname_id": 994257
      }
    },
    {
      "type": "Feature",
      "geometry": {
        "type": "Point",
        "coordinates": [
          28.75541,
          -31.30781
        ]
      },
      "properties": {
        "name": "Tsolo",
        "country": "South Africa",
        "region": "Eastern Cape",
        "elevation_m": null,
        "population": 6860,
        "feature_type": "populated place",
        "geoname_id": 947739
      }
    },
    {
      "type": "Feature",
      "geometry": {
        "type": "Point",
        "coordinates": [
          25.80037,
          -32.74322
        ]
      },
      "properties": {
        "name": "Cookhouse",
        "country": "South Africa",
        "region": "Eastern Cape",
        "elevation_m": null,
        "population": 6837,
        "feature_type": "populated place",
        "geoname_id": 1012807
      }
    },
    {
      "type": "Feature",
      "geometry": {
        "type": "Point",
        "coordinates": [
          31.08832,
          -24.84822
        ]
      },
      "properties": {
        "name": "Maviljan A",
        "country": "South Africa",
        "region": "Mpumalanga",
        "elevation_m": null,
        "population": 6829,
        "feature_type": "populated place",
        "geoname_id": 977907
      }
    },
    {
      "type": "Feature",
      "geometry": {
        "type": "Point",
        "coordinates": [
          31.36893,
          -24.86638
        ]
      },
      "properties": {
        "name": "Lillydale",
        "country": "South Africa",
        "region": "Limpopo",
        "elevation_m": null,
        "population": 6799,
        "feature_type": "populated place",
        "geoname_id": 982806
      }
    },
    {
      "type": "Feature",
      "geometry": {
        "type": "Point",
        "coordinates": [
          20.85872,
          -33.19495
        ]
      },
      "properties": {
        "name": "Laingsburg",
        "country": "South Africa",
        "region": "Western Cape",
        "elevation_m": null,
        "population": 6789,
        "feature_type": "seat of a third-order administrative division",
        "geoname_id": 984962
      }
    },
    {
      "type": "Feature",
      "geometry": {
        "type": "Point",
        "coordinates": [
          19.56224,
          -34.03779
        ]
      },
      "properties": {
        "name": "Genadendal",
        "country": "South Africa",
        "region": "Western Cape",
        "elevation_m": null,
        "population": 6784,
        "feature_type": "populated place",
        "geoname_id": 3367707
      }
    },
    {
      "type": "Feature",
      "geometry": {
        "type": "Point",
        "coordinates": [
          25.90688,
          -26.35931
        ]
      },
      "properties": {
        "name": "Itekeng",
        "country": "South Africa",
        "region": "North West",
        "elevation_m": null,
        "population": 6740,
        "feature_type": "populated place",
        "geoname_id": 12718843
      }
    },
    {
      "type": "Feature",
      "geometry": {
        "type": "Point",
        "coordinates": [
          24.67218,
          -32.94306
        ]
      },
      "properties": {
        "name": "Jansenville",
        "country": "South Africa",
        "region": "Eastern Cape",
        "elevation_m": null,
        "population": 6723,
        "feature_type": "seat of a third-order administrative division",
        "geoname_id": 993993
      }
    },
    {
      "type": "Feature",
      "geometry": {
        "type": "Point",
        "coordinates": [
          23.28333,
          -34.0878
        ]
      },
      "properties": {
        "name": "Kranshoek",
        "country": "South Africa",
        "region": "Western Cape",
        "elevation_m": null,
        "population": 6705,
        "feature_type": "populated place",
        "geoname_id": 12718866
      }
    },
    {
      "type": "Feature",
      "geometry": {
        "type": "Point",
        "coordinates": [
          30.81955,
          -28.19228
        ]
      },
      "properties": {
        "name": "Nondweni",
        "country": "South Africa",
        "region": "KwaZulu-Natal",
        "elevation_m": null,
        "population": 6691,
        "feature_type": "populated place",
        "geoname_id": 970148
      }
    },
    {
      "type": "Feature",
      "geometry": {
        "type": "Point",
        "coordinates": [
          25.9741,
          -33.44064
        ]
      },
      "properties": {
        "name": "Paterson",
        "country": "South Africa",
        "region": "Eastern Cape",
        "elevation_m": null,
        "population": 6687,
        "feature_type": "populated place",
        "geoname_id": 966134
      }
    },
    {
      "type": "Feature",
      "geometry": {
        "type": "Point",
        "coordinates": [
          31.14838,
          -24.99106
        ]
      },
      "properties": {
        "name": "Madras A",
        "country": "South Africa",
        "region": "Mpumalanga",
        "elevation_m": null,
        "population": 6635,
        "feature_type": "populated place",
        "geoname_id": 980661
      }
    },
    {
      "type": "Feature",
      "geometry": {
        "type": "Point",
        "coordinates": [
          19.20313,
          -34.22568
        ]
      },
      "properties": {
        "name": "Botrivier",
        "country": "South Africa",
        "region": "Western Cape",
        "elevation_m": null,
        "population": 6594,
        "feature_type": "populated place",
        "geoname_id": 3369569
      }
    },
    {
      "type": "Feature",
      "geometry": {
        "type": "Point",
        "coordinates": [
          18.43585,
          -34.1934
        ]
      },
      "properties": {
        "name": "Simon's Town",
        "country": "South Africa",
        "region": "Western Cape",
        "elevation_m": null,
        "population": 6569,
        "feature_type": "populated place",
        "geoname_id": 3361618
      }
    },
    {
      "type": "Feature",
      "geometry": {
        "type": "Point",
        "coordinates": [
          25.04581,
          -27.24836
        ]
      },
      "properties": {
        "name": "Amalia",
        "country": "South Africa",
        "region": "North West",
        "elevation_m": null,
        "population": 6566,
        "feature_type": "populated place",
        "geoname_id": 1023003
      }
    },
    {
      "type": "Feature",
      "geometry": {
        "type": "Point",
        "coordinates": [
          30.67542,
          -28.21216
        ]
      },
      "properties": {
        "name": "Nqutu",
        "country": "South Africa",
        "region": "KwaZulu-Natal",
        "elevation_m": null,
        "population": 6533,
        "feature_type": "populated place",
        "geoname_id": 969454
      }
    },
    {
      "type": "Feature",
      "geometry": {
        "type": "Point",
        "coordinates": [
          25.76681,
          -28.67486
        ]
      },
      "properties": {
        "name": "Dealesville",
        "country": "South Africa",
        "region": "Free State",
        "elevation_m": null,
        "population": 6524,
        "feature_type": "populated place",
        "geoname_id": 1011624
      }
    },
    {
      "type": "Feature",
      "geometry": {
        "type": "Point",
        "coordinates": [
          28.48382,
          -26.76247
        ]
      },
      "properties": {
        "name": "Grootvlei",
        "country": "South Africa",
        "region": "Mpumalanga",
        "elevation_m": null,
        "population": 6487,
        "feature_type": "populated place",
        "geoname_id": 998836
      }
    },
    {
      "type": "Feature",
      "geometry": {
        "type": "Point",
        "coordinates": [
          29.36644,
          -30.80821
        ]
      },
      "properties": {
        "name": "Mount Ayliff",
        "country": "South Africa",
        "region": "Eastern Cape",
        "elevation_m": null,
        "population": 6431,
        "feature_type": "seat of a second-order administrative division",
        "geoname_id": 973551
      }
    },
    {
      "type": "Feature",
      "geometry": {
        "type": "Point",
        "coordinates": [
          25.78041,
          -30.03363
        ]
      },
      "properties": {
        "name": "Trompsburg",
        "country": "South Africa",
        "region": "Free State",
        "elevation_m": null,
        "population": 6395,
        "feature_type": "seat of a second-order administrative division",
        "geoname_id": 948099
      }
    },
    {
      "type": "Feature",
      "geometry": {
        "type": "Point",
        "coordinates": [
          24.81383,
          -33.76007
        ]
      },
      "properties": {
        "name": "Patensie",
        "country": "South Africa",
        "region": "Eastern Cape",
        "elevation_m": null,
        "population": 6304,
        "feature_type": "populated place",
        "geoname_id": 966137
      }
    },
    {
      "type": "Feature",
      "geometry": {
        "type": "Point",
        "coordinates": [
          31.23695,
          -24.72898
        ]
      },
      "properties": {
        "name": "Godide",
        "country": "South Africa",
        "region": "Mpumalanga",
        "elevation_m": null,
        "population": 6291,
        "feature_type": "populated place",
        "geoname_id": 13527157
      }
    },
    {
      "type": "Feature",
      "geometry": {
        "type": "Point",
        "coordinates": [
          19.91429,
          -34.14981
        ]
      },
      "properties": {
        "name": "Riviersonderend",
        "country": "South Africa",
        "region": "Western Cape",
        "elevation_m": null,
        "population": 6284,
        "feature_type": "populated place",
        "geoname_id": 3362360
      }
    },
    {
      "type": "Feature",
      "geometry": {
        "type": "Point",
        "coordinates": [
          18.344,
          -31.55993
        ]
      },
      "properties": {
        "name": "Lutzville",
        "country": "South Africa",
        "region": "Western Cape",
        "elevation_m": null,
        "population": 6268,
        "feature_type": "populated place",
        "geoname_id": 3364403
      }
    },
    {
      "type": "Feature",
      "geometry": {
        "type": "Point",
        "coordinates": [
          30.10609,
          -25.41672
        ]
      },
      "properties": {
        "name": "Dullstroom",
        "country": "South Africa",
        "region": "Mpumalanga",
        "elevation_m": null,
        "population": 6256,
        "feature_type": "populated place",
        "geoname_id": 1007476
      }
    },
    {
      "type": "Feature",
      "geometry": {
        "type": "Point",
        "coordinates": [
          31.41316,
          -24.88002
        ]
      },
      "properties": {
        "name": "Justicia",
        "country": "South Africa",
        "region": "Limpopo",
        "elevation_m": null,
        "population": 6221,
        "feature_type": "populated place",
        "geoname_id": 993507
      }
    },
    {
      "type": "Feature",
      "geometry": {
        "type": "Point",
        "coordinates": [
          28.20967,
          -26.99379
        ]
      },
      "properties": {
        "name": "Oranjeville",
        "country": "South Africa",
        "region": "Free State",
        "elevation_m": null,
        "population": 6189,
        "feature_type": "populated place",
        "geoname_id": 967511
      }
    },
    {
      "type": "Feature",
      "geometry": {
        "type": "Point",
        "coordinates": [
          31.37171,
          -24.9512
        ]
      },
      "properties": {
        "name": "eMakhazeni B",
        "country": "South Africa",
        "region": "Mpumalanga",
        "elevation_m": null,
        "population": 6118,
        "feature_type": "populated place",
        "geoname_id": 13527208
      }
    },
    {
      "type": "Feature",
      "geometry": {
        "type": "Point",
        "coordinates": [
          29.62364,
          -27.16575
        ]
      },
      "properties": {
        "name": "Perdekop",
        "country": "South Africa",
        "region": "Mpumalanga",
        "elevation_m": null,
        "population": 6087,
        "feature_type": "populated place",
        "geoname_id": 965722
      }
    },
    {
      "type": "Feature",
      "geometry": {
        "type": "Point",
        "coordinates": [
          23.76204,
          -31.96046
        ]
      },
      "properties": {
        "name": "Murraysburg",
        "country": "South Africa",
        "region": "Western Cape",
        "elevation_m": null,
        "population": 6073,
        "feature_type": "populated place",
        "geoname_id": 972549
      }
    },
    {
      "type": "Feature",
      "geometry": {
        "type": "Point",
        "coordinates": [
          29.43117,
          -25.60828
        ]
      },
      "properties": {
        "name": "Doornkop",
        "country": "South Africa",
        "region": "Mpumalanga",
        "elevation_m": null,
        "population": 6037,
        "feature_type": "populated place",
        "geoname_id": 12718828
      }
    },
    {
      "type": "Feature",
      "geometry": {
        "type": "Point",
        "coordinates": [
          25.79923,
          -30.77619
        ]
      },
      "properties": {
        "name": "Venterstad",
        "country": "South Africa",
        "region": "Eastern Cape",
        "elevation_m": null,
        "population": 5977,
        "feature_type": "populated place",
        "geoname_id": 944480
      }
    },
    {
      "type": "Feature",
      "geometry": {
        "type": "Point",
        "coordinates": [
          24.29053,
          -33.9528
        ]
      },
      "properties": {
        "name": "Kareedouw",
        "country": "South Africa",
        "region": "Eastern Cape",
        "elevation_m": null,
        "population": 5972,
        "feature_type": "seat of a third-order administrative division",
        "geoname_id": 992071
      }
    },
    {
      "type": "Feature",
      "geometry": {
        "type": "Point",
        "coordinates": [
          29.99269,
          -23.21959
        ]
      },
      "properties": {
        "name": "Nthabalala",
        "country": "South Africa",
        "region": "Limpopo",
        "elevation_m": null,
        "population": 5969,
        "feature_type": "populated place",
        "geoname_id": 12718809
      }
    },
    {
      "type": "Feature",
      "geometry": {
        "type": "Point",
        "coordinates": [
          29.54477,
          -31.62291
        ]
      },
      "properties": {
        "name": "Port Saint Johns",
        "country": "South Africa",
        "region": "Eastern Cape",
        "elevation_m": null,
        "population": 5939,
        "feature_type": "populated place",
        "geoname_id": 964408
      }
    },
    {
      "type": "Feature",
      "geometry": {
        "type": "Point",
        "coordinates": [
          31.03186,
          -24.8005
        ]
      },
      "properties": {
        "name": "Thabakgolo",
        "country": "South Africa",
        "region": "Mpumalanga",
        "elevation_m": null,
        "population": 5939,
        "feature_type": "populated place",
        "geoname_id": 13527188
      }
    },
    {
      "type": "Feature",
      "geometry": {
        "type": "Point",
        "coordinates": [
          24.82618,
          -34.16026
        ]
      },
      "properties": {
        "name": "St Francis Bay",
        "country": "South Africa",
        "region": "Eastern Cape",
        "elevation_m": null,
        "population": 5910,
        "feature_type": "section of populated place",
        "geoname_id": 8063467
      }
    },
    {
      "type": "Feature",
      "geometry": {
        "type": "Point",
        "coordinates": [
          28.87056,
          -31.16304
        ]
      },
      "properties": {
        "name": "Qumbu",
        "country": "South Africa",
        "region": "Eastern Cape",
        "elevation_m": null,
        "population": 5904,
        "feature_type": "seat of a third-order administrative division",
        "geoname_id": 963488
      }
    },
    {
      "type": "Feature",
      "geometry": {
        "type": "Point",
        "coordinates": [
          30.76566,
          -30.17242
        ]
      },
      "properties": {
        "name": "Magabeni",
        "country": "South Africa",
        "region": "KwaZulu-Natal",
        "elevation_m": null,
        "population": 5904,
        "feature_type": "populated place",
        "geoname_id": 980579
      }
    },
    {
      "type": "Feature",
      "geometry": {
        "type": "Point",
        "coordinates": [
          31.06516,
          -24.76259
        ]
      },
      "properties": {
        "name": "Orinoco A",
        "country": "South Africa",
        "region": "Mpumalanga",
        "elevation_m": null,
        "population": 5884,
        "feature_type": "populated place",
        "geoname_id": 13527185
      }
    },
    {
      "type": "Feature",
      "geometry": {
        "type": "Point",
        "coordinates": [
          26.16773,
          -29.65301
        ]
      },
      "properties": {
        "name": "Reddersburg",
        "country": "South Africa",
        "region": "Free State",
        "elevation_m": null,
        "population": 5854,
        "feature_type": "populated place",
        "geoname_id": 962994
      }
    },
    {
      "type": "Feature",
      "geometry": {
        "type": "Point",
        "coordinates": [
          30.50933,
          -22.74567
        ]
      },
      "properties": {
        "name": "Tshandama",
        "country": "South Africa",
        "region": "Limpopo",
        "elevation_m": null,
        "population": 5842,
        "feature_type": "populated place",
        "geoname_id": 947962
      }
    },
    {
      "type": "Feature",
      "geometry": {
        "type": "Point",
        "coordinates": [
          22.13303,
          -30.96827
        ]
      },
      "properties": {
        "name": "Carnarvon",
        "country": "South Africa",
        "region": "Northern Cape",
        "elevation_m": null,
        "population": 5785,
        "feature_type": "seat of a third-order administrative division",
        "geoname_id": 1014034
      }
    },
    {
      "type": "Feature",
      "geometry": {
        "type": "Point",
        "coordinates": [
          23.66382,
          -33.80009
        ]
      },
      "properties": {
        "name": "Louterwater",
        "country": "South Africa",
        "region": "Eastern Cape",
        "elevation_m": null,
        "population": 5785,
        "feature_type": "populated place",
        "geoname_id": 981802
      }
    },
    {
      "type": "Feature",
      "geometry": {
        "type": "Point",
        "coordinates": [
          31.27929,
          -24.66921
        ]
      },
      "properties": {
        "name": "Ludlow",
        "country": "South Africa",
        "region": "Limpopo",
        "elevation_m": null,
        "population": 5766,
        "feature_type": "populated place",
        "geoname_id": 981517
      }
    },
    {
      "type": "Feature",
      "geometry": {
        "type": "Point",
        "coordinates": [
          19.45615,
          -34.4394
        ]
      },
      "properties": {
        "name": "Stanford",
        "country": "South Africa",
        "region": "Western Cape",
        "elevation_m": null,
        "population": 5747,
        "feature_type": "populated place",
        "geoname_id": 3361084
      }
    },
    {
      "type": "Feature",
      "geometry": {
        "type": "Point",
        "coordinates": [
          26.5307,
          -30.21366
        ]
      },
      "properties": {
        "name": "Smithfield",
        "country": "South Africa",
        "region": "Free State",
        "elevation_m": null,
        "population": 5725,
        "feature_type": "populated place",
        "geoname_id": 954486
      }
    },
    {
      "type": "Feature",
      "geometry": {
        "type": "Point",
        "coordinates": [
          18.89953,
          -33.38445
        ]
      },
      "properties": {
        "name": "Riebeek-Kasteel",
        "country": "South Africa",
        "region": "Western Cape",
        "elevation_m": null,
        "population": 5704,
        "feature_type": "populated place",
        "geoname_id": 3362485
      }
    },
    {
      "type": "Feature",
      "geometry": {
        "type": "Point",
        "coordinates": [
          27.55564,
          -25.74892
        ]
      },
      "properties": {
        "name": "Mooinooi",
        "country": "South Africa",
        "region": "North West",
        "elevation_m": null,
        "population": 5670,
        "feature_type": "populated place",
        "geoname_id": 974331
      }
    },
    {
      "type": "Feature",
      "geometry": {
        "type": "Point",
        "coordinates": [
          24.86683,
          -26.55298
        ]
      },
      "properties": {
        "name": "Stella",
        "country": "South Africa",
        "region": "North West",
        "elevation_m": null,
        "population": 5620,
        "feature_type": "populated place",
        "geoname_id": 952523
      }
    },
    {
      "type": "Feature",
      "geometry": {
        "type": "Point",
        "coordinates": [
          26.80667,
          -31.12139
        ]
      },
      "properties": {
        "name": "James Calata",
        "country": "South Africa",
        "region": "Eastern Cape",
        "elevation_m": null,
        "population": 5590,
        "feature_type": "populated place",
        "geoname_id": 994060
      }
    },
    {
      "type": "Feature",
      "geometry": {
        "type": "Point",
        "coordinates": [
          30.54204,
          -27.07309
        ]
      },
      "properties": {
        "name": "Ngema Tribal Trust",
        "country": "South Africa",
        "region": "Mpumalanga",
        "elevation_m": null,
        "population": 5590,
        "feature_type": "populated place",
        "geoname_id": 12808668
      }
    },
    {
      "type": "Feature",
      "geometry": {
        "type": "Point",
        "coordinates": [
          21.44373,
          -33.4956
        ]
      },
      "properties": {
        "name": "Zoar",
        "country": "South Africa",
        "region": "Western Cape",
        "elevation_m": null,
        "population": 5582,
        "feature_type": "populated place",
        "geoname_id": 936953
      }
    },
    {
      "type": "Feature",
      "geometry": {
        "type": "Point",
        "coordinates": [
          27.11385,
          -33.20059
        ]
      },
      "properties": {
        "name": "Peddie",
        "country": "South Africa",
        "region": "Eastern Cape",
        "elevation_m": null,
        "population": 5580,
        "feature_type": "seat of a third-order administrative division",
        "geoname_id": 966007
      }
    },
    {
      "type": "Feature",
      "geometry": {
        "type": "Point",
        "coordinates": [
          32.75102,
          -26.99096
        ]
      },
      "properties": {
        "name": "Manguzi",
        "country": "South Africa",
        "region": "KwaZulu-Natal",
        "elevation_m": null,
        "population": 5534,
        "feature_type": "populated place",
        "geoname_id": 979405
      }
    },
    {
      "type": "Feature",
      "geometry": {
        "type": "Point",
        "coordinates": [
          24.4326,
          -31.05073
        ]
      },
      "properties": {
        "name": "Oakglen",
        "country": "South Africa",
        "region": "Northern Cape",
        "elevation_m": null,
        "population": 5504,
        "feature_type": "populated place",
        "geoname_id": 12718855
      }
    },
    {
      "type": "Feature",
      "geometry": {
        "type": "Point",
        "coordinates": [
          25.45378,
          -33.82628
        ]
      },
      "properties": {
        "name": "Khaya Mnandi",
        "country": "South Africa",
        "region": "Eastern Cape",
        "elevation_m": null,
        "population": 5500,
        "feature_type": "populated place",
        "geoname_id": 12420903
      }
    },
    {
      "type": "Feature",
      "geometry": {
        "type": "Point",
        "coordinates": [
          28.165,
          -26.12593
        ]
      },
      "properties": {
        "name": "Eden Glen Ext 60",
        "country": "South Africa",
        "region": "Gauteng",
        "elevation_m": null,
        "population": 5494,
        "feature_type": "section of populated place",
        "geoname_id": 11427405
      }
    },
    {
      "type": "Feature",
      "geometry": {
        "type": "Point",
        "coordinates": [
          29.0164,
          -31.54331
        ]
      },
      "properties": {
        "name": "Libode",
        "country": "South Africa",
        "region": "Eastern Cape",
        "elevation_m": null,
        "population": 5464,
        "feature_type": "seat of a third-order administrative division",
        "geoname_id": 982906
      }
    },
    {
      "type": "Feature",
      "geometry": {
        "type": "Point",
        "coordinates": [
          30.43344,
          -29.44039
        ]
      },
      "properties": {
        "name": "Albert Falls",
        "country": "South Africa",
        "region": "KwaZulu-Natal",
        "elevation_m": null,
        "population": 5434,
        "feature_type": "populated place",
        "geoname_id": 1023454
      }
    },
    {
      "type": "Feature",
      "geometry": {
        "type": "Point",
        "coordinates": [
          23.12317,
          -33.65895
        ]
      },
      "properties": {
        "name": "Uniondale",
        "country": "South Africa",
        "region": "Western Cape",
        "elevation_m": null,
        "population": 5421,
        "feature_type": "populated place",
        "geoname_id": 945970
      }
    },
    {
      "type": "Feature",
      "geometry": {
        "type": "Point",
        "coordinates": [
          30.09997,
          -29.44047
        ]
      },
      "properties": {
        "name": "Lidgetton",
        "country": "South Africa",
        "region": "KwaZulu-Natal",
        "elevation_m": null,
        "population": 5416,
        "feature_type": "populated place",
        "geoname_id": 982891
      }
    },
    {
      "type": "Feature",
      "geometry": {
        "type": "Point",
        "coordinates": [
          31.02317,
          -26.04605
        ]
      },
      "properties": {
        "name": "Ekulindeni",
        "country": "South Africa",
        "region": "Mpumalanga",
        "elevation_m": null,
        "population": 5416,
        "feature_type": "populated place",
        "geoname_id": 12718827
      }
    },
    {
      "type": "Feature",
      "geometry": {
        "type": "Point",
        "coordinates": [
          25.13832,
          -32.5822
        ]
      },
      "properties": {
        "name": "Pearston",
        "country": "South Africa",
        "region": "Eastern Cape",
        "elevation_m": null,
        "population": 5410,
        "feature_type": "populated place",
        "geoname_id": 966012
      }
    },
    {
      "type": "Feature",
      "geometry": {
        "type": "Point",
        "coordinates": [
          17.78623,
          -29.59169
        ]
      },
      "properties": {
        "name": "Nababeep",
        "country": "South Africa",
        "region": "Northern Cape",
        "elevation_m": null,
        "population": 5374,
        "feature_type": "populated place",
        "geoname_id": 3363848
      }
    },
    {
      "type": "Feature",
      "geometry": {
        "type": "Point",
        "coordinates": [
          18.4481,
          -33.97846
        ]
      },
      "properties": {
        "name": "Newlands",
        "country": "South Africa",
        "region": "Western Cape",
        "elevation_m": null,
        "population": 5343,
        "feature_type": "populated place",
        "geoname_id": 7506857
      }
    },
    {
      "type": "Feature",
      "geometry": {
        "type": "Point",
        "coordinates": [
          30.16038,
          -23.40924
        ]
      },
      "properties": {
        "name": "Senwamokgope",
        "country": "South Africa",
        "region": "Limpopo",
        "elevation_m": null,
        "population": 5328,
        "feature_type": "populated place",
        "geoname_id": 12718808
      }
    },
    {
      "type": "Feature",
      "geometry": {
        "type": "Point",
        "coordinates": [
          20.05474,
          -34.80365
        ]
      },
      "properties": {
        "name": "Struisbaai",
        "country": "South Africa",
        "region": "Western Cape",
        "elevation_m": null,
        "population": 5301,
        "feature_type": "populated place",
        "geoname_id": 951787
      }
    },
    {
      "type": "Feature",
      "geometry": {
        "type": "Point",
        "coordinates": [
          32.03385,
          -27.62051
        ]
      },
      "properties": {
        "name": "eMkhuze",
        "country": "South Africa",
        "region": "KwaZulu-Natal",
        "elevation_m": null,
        "population": 5288,
        "feature_type": "populated place",
        "geoname_id": 975509
      }
    },
    {
      "type": "Feature",
      "geometry": {
        "type": "Point",
        "coordinates": [
          29.04164,
          -30.38419
        ]
      },
      "properties": {
        "name": "Cedarville",
        "country": "South Africa",
        "region": "KwaZulu-Natal",
        "elevation_m": null,
        "population": 5286,
        "feature_type": "populated place",
        "geoname_id": 1013835
      }
    },
    {
      "type": "Feature",
      "geometry": {
        "type": "Point",
        "coordinates": [
          29.87375,
          -27.41112
        ]
      },
      "properties": {
        "name": "Charlestown",
        "country": "South Africa",
        "region": "KwaZulu-Natal",
        "elevation_m": null,
        "population": 5262,
        "feature_type": "populated place",
        "geoname_id": 1013706
      }
    },
    {
      "type": "Feature",
      "geometry": {
        "type": "Point",
        "coordinates": [
          31.22105,
          -24.75034
        ]
      },
      "properties": {
        "name": "Kumana",
        "country": "South Africa",
        "region": "Mpumalanga",
        "elevation_m": null,
        "population": 5235,
        "feature_type": "populated place",
        "geoname_id": 13527155
      }
    },
    {
      "type": "Feature",
      "geometry": {
        "type": "Point",
        "coordinates": [
          28.98335,
          -23.95524
        ]
      },
      "properties": {
        "name": "GaSekhaolelo",
        "country": "South Africa",
        "region": "Limpopo",
        "elevation_m": null,
        "population": 5232,
        "feature_type": "populated place",
        "geoname_id": 12718807
      }
    },
    {
      "type": "Feature",
      "geometry": {
        "type": "Point",
        "coordinates": [
          18.87019,
          -33.35045
        ]
      },
      "properties": {
        "name": "Riebeek West",
        "country": "South Africa",
        "region": "Western Cape",
        "elevation_m": null,
        "population": 5211,
        "feature_type": "populated place",
        "geoname_id": 3362482
      }
    },
    {
      "type": "Feature",
      "geometry": {
        "type": "Point",
        "coordinates": [
          18.95025,
          -33.91515
        ]
      },
      "properties": {
        "name": "Kylemore",
        "country": "South Africa",
        "region": "Western Cape",
        "elevation_m": null,
        "population": 5185,
        "feature_type": "populated place",
        "geoname_id": 3364872
      }
    },
    {
      "type": "Feature",
      "geometry": {
        "type": "Point",
        "coordinates": [
          30.58333,
          -29.73333
        ]
      },
      "properties": {
        "name": "Cato Ridge",
        "country": "South Africa",
        "region": "KwaZulu-Natal",
        "elevation_m": null,
        "population": 5168,
        "feature_type": "populated place",
        "geoname_id": 1013886
      }
    },
    {
      "type": "Feature",
      "geometry": {
        "type": "Point",
        "coordinates": [
          31.26,
          -24.82188
        ]
      },
      "properties": {
        "name": "Matsavana",
        "country": "South Africa",
        "region": "Mpumalanga",
        "elevation_m": null,
        "population": 5157,
        "feature_type": "populated place",
        "geoname_id": 13527196
      }
    },
    {
      "type": "Feature",
      "geometry": {
        "type": "Point",
        "coordinates": [
          18.96726,
          -33.8973
        ]
      },
      "properties": {
        "name": "Languedoc",
        "country": "South Africa",
        "region": "Western Cape",
        "elevation_m": null,
        "population": 5138,
        "feature_type": "populated place",
        "geoname_id": 12718865
      }
    },
    {
      "type": "Feature",
      "geometry": {
        "type": "Point",
        "coordinates": [
          21.6762,
          -33.52755
        ]
      },
      "properties": {
        "name": "Calitzdorp",
        "country": "South Africa",
        "region": "Western Cape",
        "elevation_m": null,
        "population": 5133,
        "feature_type": "populated place",
        "geoname_id": 1014257
      }
    },
    {
      "type": "Feature",
      "geometry": {
        "type": "Point",
        "coordinates": [
          31.12767,
          -25.04398
        ]
      },
      "properties": {
        "name": "Hazyview",
        "country": "South Africa",
        "region": "Mpumalanga",
        "elevation_m": null,
        "population": 5074,
        "feature_type": "populated place",
        "geoname_id": 997255
      }
    },
    {
      "type": "Feature",
      "geometry": {
        "type": "Point",
        "coordinates": [
          31.01772,
          -24.60858
        ]
      },
      "properties": {
        "name": "Kgapamadi",
        "country": "South Africa",
        "region": "Mpumalanga",
        "elevation_m": null,
        "population": 5049,
        "feature_type": "populated place",
        "geoname_id": 13527168
      }
    },
    {
      "type": "Feature",
      "geometry": {
        "type": "Point",
        "coordinates": [
          19.89812,
          -34.47451
        ]
      },
      "properties": {
        "name": "Napier",
        "country": "South Africa",
        "region": "Western Cape",
        "elevation_m": null,
        "population": 5048,
        "feature_type": "populated place",
        "geoname_id": 3363792
      }
    },
    {
      "type": "Feature",
      "geometry": {
        "type": "Point",
        "coordinates": [
          24.18493,
          -27.56543
        ]
      },
      "properties": {
        "name": "Boipelo",
        "country": "South Africa",
        "region": "North West",
        "elevation_m": null,
        "population": 5010,
        "feature_type": "populated place",
        "geoname_id": 12718842
      }
    },
    {
      "type": "Feature",
      "geometry": {
        "type": "Point",
        "coordinates": [
          28.60902,
          -23.42968
        ]
      },
      "properties": {
        "name": "Babirwa",
        "country": "South Africa",
        "region": "Limpopo",
        "elevation_m": null,
        "population": 5006,
        "feature_type": "populated place",
        "geoname_id": 12718806
      }
    },
    {
      "type": "Feature",
      "geometry": {
        "type": "Point",
        "coordinates": [
          25.13914,
          -33.89511
        ]
      },
      "properties": {
        "name": "Thornhill",
        "country": "South Africa",
        "region": "Eastern Cape",
        "elevation_m": 220,
        "population": 5000,
        "feature_type": "populated place",
        "geoname_id": 12104196
      }
    },
    {
      "type": "Feature",
      "geometry": {
        "type": "Point",
        "coordinates": [
          31.20793,
          -24.89844
        ]
      },
      "properties": {
        "name": "Tiyimeleni A",
        "country": "South Africa",
        "region": "Mpumalanga",
        "elevation_m": null,
        "population": 4989,
        "feature_type": "populated place",
        "geoname_id": 13527213
      }
    },
    {
      "type": "Feature",
      "geometry": {
        "type": "Point",
        "coordinates": [
          20.72439,
          -33.9053
        ]
      },
      "properties": {
        "name": "Barrydale",
        "country": "South Africa",
        "region": "Western Cape",
        "elevation_m": null,
        "population": 4979,
        "feature_type": "populated place",
        "geoname_id": 1020992
      }
    },
    {
      "type": "Feature",
      "geometry": {
        "type": "Point",
        "coordinates": [
          27.93293,
          -28.50481
        ]
      },
      "properties": {
        "name": "Rosendal",
        "country": "South Africa",
        "region": "Free State",
        "elevation_m": null,
        "population": 4950,
        "feature_type": "populated place",
        "geoname_id": 959172
      }
    },
    {
      "type": "Feature",
      "geometry": {
        "type": "Point",
        "coordinates": [
          29.39412,
          -25.16843
        ]
      },
      "properties": {
        "name": "Groblersdal",
        "country": "South Africa",
        "region": "Mpumalanga",
        "elevation_m": null,
        "population": 4925,
        "feature_type": "seat of a second-order administrative division",
        "geoname_id": 999964
      }
    },
    {
      "type": "Feature",
      "geometry": {
        "type": "Point",
        "coordinates": [
          31.2894,
          -27.57857
        ]
      },
      "properties": {
        "name": "Louwsburg",
        "country": "South Africa",
        "region": "KwaZulu-Natal",
        "elevation_m": null,
        "population": 4865,
        "feature_type": "populated place",
        "geoname_id": 981782
      }
    },
    {
      "type": "Feature",
      "geometry": {
        "type": "Point",
        "coordinates": [
          18.58201,
          -33.54778
        ]
      },
      "properties": {
        "name": "Chatsworth",
        "country": "South Africa",
        "region": "Western Cape",
        "elevation_m": null,
        "population": 4854,
        "feature_type": "populated place",
        "geoname_id": 3369115
      }
    },
    {
      "type": "Feature",
      "geometry": {
        "type": "Point",
        "coordinates": [
          29.32371,
          -23.36669
        ]
      },
      "properties": {
        "name": "Dendron",
        "country": "South Africa",
        "region": "Limpopo",
        "elevation_m": null,
        "population": 4846,
        "feature_type": "seat of a third-order administrative division",
        "geoname_id": 1010967
      }
    },
    {
      "type": "Feature",
      "geometry": {
        "type": "Point",
        "coordinates": [
          21.15786,
          -29.34574
        ]
      },
      "properties": {
        "name": "Kenhardt",
        "country": "South Africa",
        "region": "Northern Cape",
        "elevation_m": null,
        "population": 4842,
        "feature_type": "populated place",
        "geoname_id": 991396
      }
    },
    {
      "type": "Feature",
      "geometry": {
        "type": "Point",
        "coordinates": [
          23.49272,
          -33.94489
        ]
      },
      "properties": {
        "name": "Kurland",
        "country": "South Africa",
        "region": "Western Cape",
        "elevation_m": null,
        "population": 4832,
        "feature_type": "populated place",
        "geoname_id": 11203982
      }
    },
    {
      "type": "Feature",
      "geometry": {
        "type": "Point",
        "coordinates": [
          28.53338,
          -25.73917
        ]
      },
      "properties": {
        "name": "Rayton",
        "country": "South Africa",
        "region": "Gauteng",
        "elevation_m": null,
        "population": 4812,
        "feature_type": "populated place",
        "geoname_id": 963049
      }
    },
    {
      "type": "Feature",
      "geometry": {
        "type": "Point",
        "coordinates": [
          24.34539,
          -33.33274
        ]
      },
      "properties": {
        "name": "Steytlerville",
        "country": "South Africa",
        "region": "Eastern Cape",
        "elevation_m": null,
        "population": 4812,
        "feature_type": "populated place",
        "geoname_id": 952213
      }
    },
    {
      "type": "Feature",
      "geometry": {
        "type": "Point",
        "coordinates": [
          29.33068,
          -25.95354
        ]
      },
      "properties": {
        "name": "Masakhane",
        "country": "South Africa",
        "region": "Mpumalanga",
        "elevation_m": null,
        "population": 4811,
        "feature_type": "populated place",
        "geoname_id": 12718826
      }
    },
    {
      "type": "Feature",
      "geometry": {
        "type": "Point",
        "coordinates": [
          30.2137,
          -26.27953
        ]
      },
      "properties": {
        "name": "Chrissiesmeer",
        "country": "South Africa",
        "region": "Mpumalanga",
        "elevation_m": null,
        "population": 4806,
        "feature_type": "populated place",
        "geoname_id": 1013563
      }
    },
    {
      "type": "Feature",
      "geometry": {
        "type": "Point",
        "coordinates": [
          30.84191,
          -24.93144
        ]
      },
      "properties": {
        "name": "Graskop",
        "country": "South Africa",
        "region": "Mpumalanga",
        "elevation_m": null,
        "population": 4788,
        "feature_type": "populated place",
        "geoname_id": 1000352
      }
    },
    {
      "type": "Feature",
      "geometry": {
        "type": "Point",
        "coordinates": [
          27.14472,
          -29.5272
        ]
      },
      "properties": {
        "name": "Hobhouse",
        "country": "South Africa",
        "region": "Free State",
        "elevation_m": null,
        "population": 4768,
        "feature_type": "populated place",
        "geoname_id": 996223
      }
    },
    {
      "type": "Feature",
      "geometry": {
        "type": "Point",
        "coordinates": [
          30.81802,
          -26.24656
        ]
      },
      "properties": {
        "name": "Dundonald",
        "country": "South Africa",
        "region": "Mpumalanga",
        "elevation_m": null,
        "population": 4764,
        "feature_type": "populated place",
        "geoname_id": 12750588
      }
    },
    {
      "type": "Feature",
      "geometry": {
        "type": "Point",
        "coordinates": [
          28.60704,
          -26.16619
        ]
      },
      "properties": {
        "name": "Eloff",
        "country": "South Africa",
        "region": "Mpumalanga",
        "elevation_m": null,
        "population": 4755,
        "feature_type": "populated place",
        "geoname_id": 1005753
      }
    },
    {
      "type": "Feature",
      "geometry": {
        "type": "Point",
        "coordinates": [
          31.08675,
          -24.81994
        ]
      },
      "properties": {
        "name": "Maviljan B",
        "country": "South Africa",
        "region": "Mpumalanga",
        "elevation_m": null,
        "population": 4717,
        "feature_type": "populated place",
        "geoname_id": 13527193
      }
    },
    {
      "type": "Feature",
      "geometry": {
        "type": "Point",
        "coordinates": [
          22.95,
          -33.95
        ]
      },
      "properties": {
        "name": "Rheenendal",
        "country": "South Africa",
        "region": "Western Cape",
        "elevation_m": null,
        "population": 4715,
        "feature_type": "populated place",
        "geoname_id": 962529
      }
    },
    {
      "type": "Feature",
      "geometry": {
        "type": "Point",
        "coordinates": [
          27.85335,
          -28.02881
        ]
      },
      "properties": {
        "name": "Arlington",
        "country": "South Africa",
        "region": "Free State",
        "elevation_m": null,
        "population": 4714,
        "feature_type": "populated place",
        "geoname_id": 1022283
      }
    },
    {
      "type": "Feature",
      "geometry": {
        "type": "Point",
        "coordinates": [
          30.99934,
          -24.69669
        ]
      },
      "properties": {
        "name": "Motlamogale",
        "country": "South Africa",
        "region": "Mpumalanga",
        "elevation_m": null,
        "population": 4702,
        "feature_type": "populated place",
        "geoname_id": 13527179
      }
    },
    {
      "type": "Feature",
      "geometry": {
        "type": "Point",
        "coordinates": [
          26.09139,
          -33.31905
        ]
      },
      "properties": {
        "name": "Alicedale",
        "country": "South Africa",
        "region": "Eastern Cape",
        "elevation_m": null,
        "population": 4639,
        "feature_type": "populated place",
        "geoname_id": 1023319
      }
    },
    {
      "type": "Feature",
      "geometry": {
        "type": "Point",
        "coordinates": [
          31.07125,
          -24.85009
        ]
      },
      "properties": {
        "name": "Mapulaneng View",
        "country": "South Africa",
        "region": "Mpumalanga",
        "elevation_m": null,
        "population": 4600,
        "feature_type": "populated place",
        "geoname_id": 12718825
      }
    },
    {
      "type": "Feature",
      "geometry": {
        "type": "Point",
        "coordinates": [
          32.26762,
          -28.01895
        ]
      },
      "properties": {
        "name": "Hluhluwe",
        "country": "South Africa",
        "region": "KwaZulu-Natal",
        "elevation_m": null,
        "population": 4588,
        "feature_type": "seat of a third-order administrative division",
        "geoname_id": 996256
      }
    },
    {
      "type": "Feature",
      "geometry": {
        "type": "Point",
        "coordinates": [
          31.26708,
          -24.62412
        ]
      },
      "properties": {
        "name": "Islington",
        "country": "South Africa",
        "region": "Mpumalanga",
        "elevation_m": null,
        "population": 4560,
        "feature_type": "populated place",
        "geoname_id": 13527148
      }
    },
    {
      "type": "Feature",
      "geometry": {
        "type": "Point",
        "coordinates": [
          31.28049,
          -24.81173
        ]
      },
      "properties": {
        "name": "Manyakatana",
        "country": "South Africa",
        "region": "Mpumalanga",
        "elevation_m": null,
        "population": 4532,
        "feature_type": "populated place",
        "geoname_id": 13527197
      }
    },
    {
      "type": "Feature",
      "geometry": {
        "type": "Point",
        "coordinates": [
          29.66585,
          -26.46389
        ]
      },
      "properties": {
        "name": "KwaDela",
        "country": "South Africa",
        "region": "Mpumalanga",
        "elevation_m": null,
        "population": 4530,
        "feature_type": "populated place",
        "geoname_id": 12718824
      }
    },
    {
      "type": "Feature",
      "geometry": {
        "type": "Point",
        "coordinates": [
          18.67583,
          -33.48694
        ]
      },
      "properties": {
        "name": "Abbotsdale",
        "country": "South Africa",
        "region": "Western Cape",
        "elevation_m": null,
        "population": 4507,
        "feature_type": "populated place",
        "geoname_id": 12718864
      }
    },
    {
      "type": "Feature",
      "geometry": {
        "type": "Point",
        "coordinates": [
          31.00112,
          -27.71656
        ]
      },
      "properties": {
        "name": "Hlobane",
        "country": "South Africa",
        "region": "KwaZulu-Natal",
        "elevation_m": null,
        "population": 4502,
        "feature_type": "populated place",
        "geoname_id": 996289
      }
    },
    {
      "type": "Feature",
      "geometry": {
        "type": "Point",
        "coordinates": [
          30.63581,
          -23.05613
        ]
      },
      "properties": {
        "name": "Ka-Mahonisi",
        "country": "South Africa",
        "region": "Limpopo",
        "elevation_m": null,
        "population": 4490,
        "feature_type": "populated place",
        "geoname_id": 12718805
      }
    },
    {
      "type": "Feature",
      "geometry": {
        "type": "Point",
        "coordinates": [
          28.03844,
          -26.82634
        ]
      },
      "properties": {
        "name": "Groenpunt",
        "country": "South Africa",
        "region": "Gauteng",
        "elevation_m": null,
        "population": 4466,
        "feature_type": "populated place",
        "geoname_id": 999775
      }
    },
    {
      "type": "Feature",
      "geometry": {
        "type": "Point",
        "coordinates": [
          30.83353,
          -22.85611
        ]
      },
      "properties": {
        "name": "Saselamani",
        "country": "South Africa",
        "region": "Limpopo",
        "elevation_m": null,
        "population": 4465,
        "feature_type": "populated place",
        "geoname_id": 12718804
      }
    },
    {
      "type": "Feature",
      "geometry": {
        "type": "Point",
        "coordinates": [
          25.70401,
          -30.26391
        ]
      },
      "properties": {
        "name": "Springfontein",
        "country": "South Africa",
        "region": "Free State",
        "elevation_m": null,
        "population": 4431,
        "feature_type": "populated place",
        "geoname_id": 952906
      }
    },
    {
      "type": "Feature",
      "geometry": {
        "type": "Point",
        "coordinates": [
          24.78794,
          -29.75023
        ]
      },
      "properties": {
        "name": "Luckhoff",
        "country": "South Africa",
        "region": "Free State",
        "elevation_m": null,
        "population": 4430,
        "feature_type": "populated place",
        "geoname_id": 981554
      }
    },
    {
      "type": "Feature",
      "geometry": {
        "type": "Point",
        "coordinates": [
          31.05,
          -27.66667
        ]
      },
      "properties": {
        "name": "Coronation",
        "country": "South Africa",
        "region": "KwaZulu-Natal",
        "elevation_m": null,
        "population": 4422,
        "feature_type": "populated place",
        "geoname_id": 1012688
      }
    },
    {
      "type": "Feature",
      "geometry": {
        "type": "Point",
        "coordinates": [
          25.80366,
          -31.65349
        ]
      },
      "properties": {
        "name": "Hofmeyr",
        "country": "South Africa",
        "region": "Eastern Cape",
        "elevation_m": null,
        "population": 4410,
        "feature_type": "populated place",
        "geoname_id": 996072
      }
    },
    {
      "type": "Feature",
      "geometry": {
        "type": "Point",
        "coordinates": [
          31.15417,
          -24.72473
        ]
      },
      "properties": {
        "name": "New Forest B",
        "country": "South Africa",
        "region": "Mpumalanga",
        "elevation_m": null,
        "population": 4386,
        "feature_type": "populated place",
        "geoname_id": 13527158
      }
    },
    {
      "type": "Feature",
      "geometry": {
        "type": "Point",
        "coordinates": [
          25.27427,
          -30.26556
        ]
      },
      "properties": {
        "name": "Philippolis",
        "country": "South Africa",
        "region": "Free State",
        "elevation_m": null,
        "population": 4370,
        "feature_type": "populated place",
        "geoname_id": 965478
      }
    },
    {
      "type": "Feature",
      "geometry": {
        "type": "Point",
        "coordinates": [
          31.55094,
          -25.71808
        ]
      },
      "properties": {
        "name": "Middelplaas",
        "country": "South Africa",
        "region": "Mpumalanga",
        "elevation_m": null,
        "population": 4365,
        "feature_type": "populated place",
        "geoname_id": 976197
      }
    },
    {
      "type": "Feature",
      "geometry": {
        "type": "Point",
        "coordinates": [
          29.81168,
          -25.93401
        ]
      },
      "properties": {
        "name": "Rietkuil",
        "country": "South Africa",
        "region": "Mpumalanga",
        "elevation_m": null,
        "population": 4355,
        "feature_type": "populated place",
        "geoname_id": 961712
      }
    },
    {
      "type": "Feature",
      "geometry": {
        "type": "Point",
        "coordinates": [
          25.31505,
          -29.74893
        ]
      },
      "properties": {
        "name": "Fauresmith",
        "country": "South Africa",
        "region": "Free State",
        "elevation_m": null,
        "population": 4346,
        "feature_type": "populated place",
        "geoname_id": 1004406
      }
    },
    {
      "type": "Feature",
      "geometry": {
        "type": "Point",
        "coordinates": [
          26.53009,
          -25.35397
        ]
      },
      "properties": {
        "name": "Madikwe",
        "country": "South Africa",
        "region": "North West",
        "elevation_m": null,
        "population": 4340,
        "feature_type": "populated place",
        "geoname_id": 980703
      }
    },
    {
      "type": "Feature",
      "geometry": {
        "type": "Point",
        "coordinates": [
          31.02554,
          -24.66797
        ]
      },
      "properties": {
        "name": "Ga-Josepha",
        "country": "South Africa",
        "region": "Mpumalanga",
        "elevation_m": null,
        "population": 4329,
        "feature_type": "populated place",
        "geoname_id": 13527176
      }
    },
    {
      "type": "Feature",
      "geometry": {
        "type": "Point",
        "coordinates": [
          31.69017,
          -25.67045
        ]
      },
      "properties": {
        "name": "Sidlamafa",
        "country": "South Africa",
        "region": "Mpumalanga",
        "elevation_m": null,
        "population": 4316,
        "feature_type": "populated place",
        "geoname_id": 13527121
      }
    },
    {
      "type": "Feature",
      "geometry": {
        "type": "Point",
        "coordinates": [
          22.53523,
          -33.49035
        ]
      },
      "properties": {
        "name": "De Rust",
        "country": "South Africa",
        "region": "Western Cape",
        "elevation_m": null,
        "population": 4272,
        "feature_type": "populated place",
        "geoname_id": 1010728
      }
    },
    {
      "type": "Feature",
      "geometry": {
        "type": "Point",
        "coordinates": [
          29.06391,
          -26.04877
        ]
      },
      "properties": {
        "name": "Ogies",
        "country": "South Africa",
        "region": "Mpumalanga",
        "elevation_m": null,
        "population": 4265,
        "feature_type": "populated place",
        "geoname_id": 968442
      }
    },
    {
      "type": "Feature",
      "geometry": {
        "type": "Point",
        "coordinates": [
          31.09067,
          -28.6207
        ]
      },
      "properties": {
        "name": "Nkandla",
        "country": "South Africa",
        "region": "KwaZulu-Natal",
        "elevation_m": null,
        "population": 4261,
        "feature_type": "seat of a third-order administrative division",
        "geoname_id": 970480
      }
    },
    {
      "type": "Feature",
      "geometry": {
        "type": "Point",
        "coordinates": [
          27.90373,
          -32.92795
        ]
      },
      "properties": {
        "name": "Ducats",
        "country": "South Africa",
        "region": "Eastern Cape",
        "elevation_m": null,
        "population": 4248,
        "feature_type": "populated place",
        "geoname_id": 12718750
      }
    },
    {
      "type": "Feature",
      "geometry": {
        "type": "Point",
        "coordinates": [
          18.51274,
          -33.89115
        ]
      },
      "properties": {
        "name": "Century City",
        "country": "South Africa",
        "region": "Western Cape",
        "elevation_m": null,
        "population": 4239,
        "feature_type": "populated place",
        "geoname_id": 6942527
      }
    },
    {
      "type": "Feature",
      "geometry": {
        "type": "Point",
        "coordinates": [
          25.45243,
          -26.90414
        ]
      },
      "properties": {
        "name": "Migdol",
        "country": "South Africa",
        "region": "North West",
        "elevation_m": null,
        "population": 4224,
        "feature_type": "populated place",
        "geoname_id": 975903
      }
    },
    {
      "type": "Feature",
      "geometry": {
        "type": "Point",
        "coordinates": [
          27.15838,
          -24.93603
        ]
      },
      "properties": {
        "name": "Swartklip",
        "country": "South Africa",
        "region": "Limpopo",
        "elevation_m": null,
        "population": 4213,
        "feature_type": "populated place",
        "geoname_id": 951046
      }
    },
    {
      "type": "Feature",
      "geometry": {
        "type": "Point",
        "coordinates": [
          30.87868,
          -26.06282
        ]
      },
      "properties": {
        "name": "Mooiplaas",
        "country": "South Africa",
        "region": "Mpumalanga",
        "elevation_m": null,
        "population": 4196,
        "feature_type": "populated place",
        "geoname_id": 12750585
      }
    },
    {
      "type": "Feature",
      "geometry": {
        "type": "Point",
        "coordinates": [
          31.50891,
          -25.49489
        ]
      },
      "properties": {
        "name": "Malelane",
        "country": "South Africa",
        "region": "Mpumalanga",
        "elevation_m": null,
        "population": 4176,
        "feature_type": "populated place",
        "geoname_id": 979837
      }
    },
    {
      "type": "Feature",
      "geometry": {
        "type": "Point",
        "coordinates": [
          30.67895,
          -25.56923
        ]
      },
      "properties": {
        "name": "Ngodwana",
        "country": "South Africa",
        "region": "Mpumalanga",
        "elevation_m": null,
        "population": 4173,
        "feature_type": "populated place",
        "geoname_id": 12718823
      }
    },
    {
      "type": "Feature",
      "geometry": {
        "type": "Point",
        "coordinates": [
          27.04157,
          -25.90913
        ]
      },
      "properties": {
        "name": "Derby",
        "country": "South Africa",
        "region": "North West",
        "elevation_m": null,
        "population": 4157,
        "feature_type": "populated place",
        "geoname_id": 1010821
      }
    },
    {
      "type": "Feature",
      "geometry": {
        "type": "Point",
        "coordinates": [
          31.21988,
          -24.62456
        ]
      },
      "properties": {
        "name": "Burlington",
        "country": "South Africa",
        "region": "Mpumalanga",
        "elevation_m": null,
        "population": 4154,
        "feature_type": "populated place",
        "geoname_id": 13527149
      }
    },
    {
      "type": "Feature",
      "geometry": {
        "type": "Point",
        "coordinates": [
          19.04006,
          -33.30034
        ]
      },
      "properties": {
        "name": "Gouda",
        "country": "South Africa",
        "region": "Western Cape",
        "elevation_m": null,
        "population": 4122,
        "feature_type": "populated place",
        "geoname_id": 3367553
      }
    },
    {
      "type": "Feature",
      "geometry": {
        "type": "Point",
        "coordinates": [
          29.59486,
          -26.02036
        ]
      },
      "properties": {
        "name": "Pullens Hope",
        "country": "South Africa",
        "region": "Mpumalanga",
        "elevation_m": null,
        "population": 4120,
        "feature_type": "populated place",
        "geoname_id": 12718822
      }
    },
    {
      "type": "Feature",
      "geometry": {
        "type": "Point",
        "coordinates": [
          23.99581,
          -33.98298
        ]
      },
      "properties": {
        "name": "Sanddrif",
        "country": "South Africa",
        "region": "Eastern Cape",
        "elevation_m": null,
        "population": 4065,
        "feature_type": "populated place",
        "geoname_id": 957995
      }
    },
    {
      "type": "Feature",
      "geometry": {
        "type": "Point",
        "coordinates": [
          30.97452,
          -24.75609
        ]
      },
      "properties": {
        "name": "Morolaneng",
        "country": "South Africa",
        "region": "Mpumalanga",
        "elevation_m": null,
        "population": 4055,
        "feature_type": "populated place",
        "geoname_id": 973816
      }
    },
    {
      "type": "Feature",
      "geometry": {
        "type": "Point",
        "coordinates": [
          26.41724,
          -25.597
        ]
      },
      "properties": {
        "name": "Groot-Marico",
        "country": "South Africa",
        "region": "North West",
        "elevation_m": null,
        "population": 4054,
        "feature_type": "populated place",
        "geoname_id": 999121
      }
    },
    {
      "type": "Feature",
      "geometry": {
        "type": "Point",
        "coordinates": [
          31.54034,
          -25.74932
        ]
      },
      "properties": {
        "name": "Hlengesha",
        "country": "South Africa",
        "region": "Mpumalanga",
        "elevation_m": null,
        "population": 3966,
        "feature_type": "populated place",
        "geoname_id": 956945
      }
    },
    {
      "type": "Feature",
      "geometry": {
        "type": "Point",
        "coordinates": [
          31.15281,
          -29.61376
        ]
      },
      "properties": {
        "name": "Tongaat Beach",
        "country": "South Africa",
        "region": "KwaZulu-Natal",
        "elevation_m": 0,
        "population": 3962,
        "feature_type": "populated place",
        "geoname_id": 11427426
      }
    },
    {
      "type": "Feature",
      "geometry": {
        "type": "Point",
        "coordinates": [
          24.94991,
          -31.18736
        ]
      },
      "properties": {
        "name": "Noupoort",
        "country": "South Africa",
        "region": "Northern Cape",
        "elevation_m": null,
        "population": 3924,
        "feature_type": "populated place",
        "geoname_id": 969582
      }
    },
    {
      "type": "Feature",
      "geometry": {
        "type": "Point",
        "coordinates": [
          29.30297,
          -30.95901
        ]
      },
      "properties": {
        "name": "Ntabankulu",
        "country": "South Africa",
        "region": "Eastern Cape",
        "elevation_m": null,
        "population": 3913,
        "feature_type": "populated place",
        "geoname_id": 950468
      }
    },
    {
      "type": "Feature",
      "geometry": {
        "type": "Point",
        "coordinates": [
          31.39389,
          -24.90107
        ]
      },
      "properties": {
        "name": "Mahlobyanini",
        "country": "South Africa",
        "region": "Mpumalanga",
        "elevation_m": null,
        "population": 3908,
        "feature_type": "populated place",
        "geoname_id": 13527205
      }
    },
    {
      "type": "Feature",
      "geometry": {
        "type": "Point",
        "coordinates": [
          18.4525,
          -34.04746
        ]
      },
      "properties": {
        "name": "Bergvliet",
        "country": "South Africa",
        "region": "Western Cape",
        "elevation_m": null,
        "population": 3902,
        "feature_type": "section of populated place",
        "geoname_id": 3370105
      }
    },
    {
      "type": "Feature",
      "geometry": {
        "type": "Point",
        "coordinates": [
          26.10788,
          -28.73477
        ]
      },
      "properties": {
        "name": "Ikgomotseng",
        "country": "South Africa",
        "region": "Free State",
        "elevation_m": null,
        "population": 3897,
        "feature_type": "populated place",
        "geoname_id": 12718755
      }
    },
    {
      "type": "Feature",
      "geometry": {
        "type": "Point",
        "coordinates": [
          30.9919,
          -24.60516
        ]
      },
      "properties": {
        "name": "Ga-Maotole",
        "country": "South Africa",
        "region": "Limpopo",
        "elevation_m": null,
        "population": 3834,
        "feature_type": "populated place",
        "geoname_id": 1003297
      }
    },
    {
      "type": "Feature",
      "geometry": {
        "type": "Point",
        "coordinates": [
          31.01595,
          -24.73697
        ]
      },
      "properties": {
        "name": "Violetbank D",
        "country": "South Africa",
        "region": "Mpumalanga",
        "elevation_m": null,
        "population": 3815,
        "feature_type": "populated place",
        "geoname_id": 13527181
      }
    },
    {
      "type": "Feature",
      "geometry": {
        "type": "Point",
        "coordinates": [
          30.52801,
          -29.35519
        ]
      },
      "properties": {
        "name": "New Hanover",
        "country": "South Africa",
        "region": "KwaZulu-Natal",
        "elevation_m": null,
        "population": 3804,
        "feature_type": "populated place",
        "geoname_id": 971377
      }
    },
    {
      "type": "Feature",
      "geometry": {
        "type": "Point",
        "coordinates": [
          30.95332,
          -24.35122
        ]
      },
      "properties": {
        "name": "Hoedspruit",
        "country": "South Africa",
        "region": "Limpopo",
        "elevation_m": null,
        "population": 3782,
        "feature_type": "seat of a third-order administrative division",
        "geoname_id": 996195
      }
    },
    {
      "type": "Feature",
      "geometry": {
        "type": "Point",
        "coordinates": [
          19.82906,
          -33.94725
        ]
      },
      "properties": {
        "name": "McGregor",
        "country": "South Africa",
        "region": "Western Cape",
        "elevation_m": null,
        "population": 3744,
        "feature_type": "populated place",
        "geoname_id": 3364246
      }
    },
    {
      "type": "Feature",
      "geometry": {
        "type": "Point",
        "coordinates": [
          19.31382,
          -33.68622
        ]
      },
      "properties": {
        "name": "Rawsonville",
        "country": "South Africa",
        "region": "Western Cape",
        "elevation_m": null,
        "population": 3712,
        "feature_type": "populated place",
        "geoname_id": 3362555
      }
    },
    {
      "type": "Feature",
      "geometry": {
        "type": "Point",
        "coordinates": [
          31.68382,
          -25.44115
        ]
      },
      "properties": {
        "name": "Hectorspruit",
        "country": "South Africa",
        "region": "Mpumalanga",
        "elevation_m": null,
        "population": 3709,
        "feature_type": "populated place",
        "geoname_id": 997184
      }
    },
    {
      "type": "Feature",
      "geometry": {
        "type": "Point",
        "coordinates": [
          30.96818,
          -24.59852
        ]
      },
      "properties": {
        "name": "Ga-Boelang",
        "country": "South Africa",
        "region": "Mpumalanga",
        "elevation_m": null,
        "population": 3696,
        "feature_type": "populated place",
        "geoname_id": 1003508
      }
    },
    {
      "type": "Feature",
      "geometry": {
        "type": "Point",
        "coordinates": [
          28.99197,
          -25.52121
        ]
      },
      "properties": {
        "name": "Wolfenkop",
        "country": "South Africa",
        "region": "Mpumalanga",
        "elevation_m": null,
        "population": 3660,
        "feature_type": "populated place",
        "geoname_id": 12718821
      }
    },
    {
      "type": "Feature",
      "geometry": {
        "type": "Point",
        "coordinates": [
          31.05886,
          -24.66173
        ]
      },
      "properties": {
        "name": "Rooiboklaagte B",
        "country": "South Africa",
        "region": "Mpumalanga",
        "elevation_m": null,
        "population": 3650,
        "feature_type": "populated place",
        "geoname_id": 960109
      }
    },
    {
      "type": "Feature",
      "geometry": {
        "type": "Point",
        "coordinates": [
          27.58186,
          -32.88304
        ]
      },
      "properties": {
        "name": "Ntabozuko",
        "country": "South Africa",
        "region": "Eastern Cape",
        "elevation_m": null,
        "population": 3650,
        "feature_type": "populated place",
        "geoname_id": 1019883
      }
    },
    {
      "type": "Feature",
      "geometry": {
        "type": "Point",
        "coordinates": [
          20.35,
          -28.63333
        ]
      },
      "properties": {
        "name": "Augrabies",
        "country": "South Africa",
        "region": "Northern Cape",
        "elevation_m": null,
        "population": 3627,
        "feature_type": "populated place",
        "geoname_id": 1022038
      }
    },
    {
      "type": "Feature",
      "geometry": {
        "type": "Point",
        "coordinates": [
          31.02379,
          -24.59764
        ]
      },
      "properties": {
        "name": "Mamelodi",
        "country": "South Africa",
        "region": "Mpumalanga",
        "elevation_m": null,
        "population": 3619,
        "feature_type": "populated place",
        "geoname_id": 13527169
      }
    },
    {
      "type": "Feature",
      "geometry": {
        "type": "Point",
        "coordinates": [
          31.14858,
          -24.83429
        ]
      },
      "properties": {
        "name": "Xanthia",
        "country": "South Africa",
        "region": "Limpopo",
        "elevation_m": null,
        "population": 3615,
        "feature_type": "populated place",
        "geoname_id": 937796
      }
    },
    {
      "type": "Feature",
      "geometry": {
        "type": "Point",
        "coordinates": [
          20.86167,
          -34.13722
        ]
      },
      "properties": {
        "name": "Slangrivier",
        "country": "South Africa",
        "region": "Western Cape",
        "elevation_m": null,
        "population": 3607,
        "feature_type": "populated place",
        "geoname_id": 12718863
      }
    },
    {
      "type": "Feature",
      "geometry": {
        "type": "Point",
        "coordinates": [
          29.09336,
          -22.66392
        ]
      },
      "properties": {
        "name": "Alldays",
        "country": "South Africa",
        "region": "Limpopo",
        "elevation_m": null,
        "population": 3578,
        "feature_type": "populated place",
        "geoname_id": 1023281
      }
    },
    {
      "type": "Feature",
      "geometry": {
        "type": "Point",
        "coordinates": [
          31.41695,
          -29.17949
        ]
      },
      "properties": {
        "name": "Tugela",
        "country": "South Africa",
        "region": "KwaZulu-Natal",
        "elevation_m": null,
        "population": 3572,
        "feature_type": "populated place",
        "geoname_id": 947679
      }
    },
    {
      "type": "Feature",
      "geometry": {
        "type": "Point",
        "coordinates": [
          24.34077,
          -33.01907
        ]
      },
      "properties": {
        "name": "Klipplaat",
        "country": "South Africa",
        "region": "Eastern Cape",
        "elevation_m": null,
        "population": 3554,
        "feature_type": "populated place",
        "geoname_id": 989173
      }
    },
    {
      "type": "Feature",
      "geometry": {
        "type": "Point",
        "coordinates": [
          29.89194,
          -30.41119
        ]
      },
      "properties": {
        "name": "Ibisikululwa",
        "country": "South Africa",
        "region": "KwaZulu-Natal",
        "elevation_m": null,
        "population": 3554,
        "feature_type": "populated place",
        "geoname_id": 12718785
      }
    },
    {
      "type": "Feature",
      "geometry": {
        "type": "Point",
        "coordinates": [
          28.85226,
          -27.23227
        ]
      },
      "properties": {
        "name": "Cornelia",
        "country": "South Africa",
        "region": "Free State",
        "elevation_m": null,
        "population": 3551,
        "feature_type": "populated place",
        "geoname_id": 1012724
      }
    },
    {
      "type": "Feature",
      "geometry": {
        "type": "Point",
        "coordinates": [
          31.27893,
          -25.40637
        ]
      },
      "properties": {
        "name": "Luphisi",
        "country": "South Africa",
        "region": "Mpumalanga",
        "elevation_m": null,
        "population": 3487,
        "feature_type": "populated place",
        "geoname_id": 981331
      }
    },
    {
      "type": "Feature",
      "geometry": {
        "type": "Point",
        "coordinates": [
          30.78316,
          -26.1401
        ]
      },
      "properties": {
        "name": "eMbangweni",
        "country": "South Africa",
        "region": "Mpumalanga",
        "elevation_m": null,
        "population": 3449,
        "feature_type": "populated place",
        "geoname_id": 982494
      }
    },
    {
      "type": "Feature",
      "geometry": {
        "type": "Point",
        "coordinates": [
          32.0894,
          -28.59827
        ]
      },
      "properties": {
        "name": "KwaMbonambi",
        "country": "South Africa",
        "region": "KwaZulu-Natal",
        "elevation_m": null,
        "population": 3441,
        "feature_type": "seat of a third-order administrative division",
        "geoname_id": 985609
      }
    },
    {
      "type": "Feature",
      "geometry": {
        "type": "Point",
        "coordinates": [
          30.47643,
          -26.22909
        ]
      },
      "properties": {
        "name": "Warburton",
        "country": "South Africa",
        "region": "Mpumalanga",
        "elevation_m": null,
        "population": 3411,
        "feature_type": "populated place",
        "geoname_id": 12718820
      }
    },
    {
      "type": "Feature",
      "geometry": {
        "type": "Point",
        "coordinates": [
          31.11743,
          -24.70122
        ]
      },
      "properties": {
        "name": "Dingleydale A",
        "country": "South Africa",
        "region": "Mpumalanga",
        "elevation_m": null,
        "population": 3401,
        "feature_type": "populated place",
        "geoname_id": 13527161
      }
    },
    {
      "type": "Feature",
      "geometry": {
        "type": "Point",
        "coordinates": [
          30.53511,
          -26.8406
        ]
      },
      "properties": {
        "name": "Iswepe",
        "country": "South Africa",
        "region": "Mpumalanga",
        "elevation_m": null,
        "population": 3394,
        "feature_type": "populated place",
        "geoname_id": 12718819
      }
    },
    {
      "type": "Feature",
      "geometry": {
        "type": "Point",
        "coordinates": [
          18.99893,
          -33.84088
        ]
      },
      "properties": {
        "name": "Victor Verster",
        "country": "South Africa",
        "region": "Western Cape",
        "elevation_m": null,
        "population": 3387,
        "feature_type": "populated place",
        "geoname_id": 12718862
      }
    },
    {
      "type": "Feature",
      "geometry": {
        "type": "Point",
        "coordinates": [
          30.2884,
          -24.38689
        ]
      },
      "properties": {
        "name": "Penge",
        "country": "South Africa",
        "region": "Limpopo",
        "elevation_m": null,
        "population": 3377,
        "feature_type": "populated place",
        "geoname_id": 965925
      }
    },
    {
      "type": "Feature",
      "geometry": {
        "type": "Point",
        "coordinates": [
          20.91544,
          -31.34048
        ]
      },
      "properties": {
        "name": "Williston",
        "country": "South Africa",
        "region": "Northern Cape",
        "elevation_m": null,
        "population": 3368,
        "feature_type": "seat of a third-order administrative division",
        "geoname_id": 939702
      }
    },
    {
      "type": "Feature",
      "geometry": {
        "type": "Point",
        "coordinates": [
          24.47261,
          -30.43733
        ]
      },
      "properties": {
        "name": "Philipstown",
        "country": "South Africa",
        "region": "Northern Cape",
        "elevation_m": null,
        "population": 3365,
        "feature_type": "populated place",
        "geoname_id": 965471
      }
    },
    {
      "type": "Feature",
      "geometry": {
        "type": "Point",
        "coordinates": [
          21.1906,
          -28.59337
        ]
      },
      "properties": {
        "name": "Raaswater",
        "country": "South Africa",
        "region": "Northern Cape",
        "elevation_m": null,
        "population": 3352,
        "feature_type": "populated place",
        "geoname_id": 12718854
      }
    },
    {
      "type": "Feature",
      "geometry": {
        "type": "Point",
        "coordinates": [
          30.42136,
          -23.13524
        ]
      },
      "properties": {
        "name": "Vuwani",
        "country": "South Africa",
        "region": "Limpopo",
        "elevation_m": null,
        "population": 3343,
        "feature_type": "populated place",
        "geoname_id": 12718803
      }
    },
    {
      "type": "Feature",
      "geometry": {
        "type": "Point",
        "coordinates": [
          25.02064,
          -33.87596
        ]
      },
      "properties": {
        "name": "Loerieheuwel",
        "country": "South Africa",
        "region": "Eastern Cape",
        "elevation_m": null,
        "population": 3339,
        "feature_type": "populated place",
        "geoname_id": 12718749
      }
    },
    {
      "type": "Feature",
      "geometry": {
        "type": "Point",
        "coordinates": [
          30.7025,
          -30.36847
        ]
      },
      "properties": {
        "name": "Pennington",
        "country": "South Africa",
        "region": "KwaZulu-Natal",
        "elevation_m": null,
        "population": 3337,
        "feature_type": "populated place",
        "geoname_id": 6692734
      }
    },
    {
      "type": "Feature",
      "geometry": {
        "type": "Point",
        "coordinates": [
          19.60884,
          -34.05048
        ]
      },
      "properties": {
        "name": "Greyton",
        "country": "South Africa",
        "region": "Western Cape",
        "elevation_m": 220,
        "population": 3329,
        "feature_type": "populated place",
        "geoname_id": 3367442
      }
    },
    {
      "type": "Feature",
      "geometry": {
        "type": "Point",
        "coordinates": [
          19.39492,
          -29.1283
        ]
      },
      "properties": {
        "name": "Pofadder",
        "country": "South Africa",
        "region": "Northern Cape",
        "elevation_m": null,
        "population": 3287,
        "feature_type": "seat of a third-order administrative division",
        "geoname_id": 3362755
      }
    },
    {
      "type": "Feature",
      "geometry": {
        "type": "Point",
        "coordinates": [
          27.15027,
          -32.68248
        ]
      },
      "properties": {
        "name": "Keiskammahoek",
        "country": "South Africa",
        "region": "Eastern Cape",
        "elevation_m": null,
        "population": 3276,
        "feature_type": "populated place",
        "geoname_id": 991478
      }
    },
    {
      "type": "Feature",
      "geometry": {
        "type": "Point",
        "coordinates": [
          31.30996,
          -24.83782
        ]
      },
      "properties": {
        "name": "Khomanani",
        "country": "South Africa",
        "region": "Mpumalanga",
        "elevation_m": null,
        "population": 3276,
        "feature_type": "populated place",
        "geoname_id": 13527201
      }
    },
    {
      "type": "Feature",
      "geometry": {
        "type": "Point",
        "coordinates": [
          30.29916,
          -26.71738
        ]
      },
      "properties": {
        "name": "Sheepmoor",
        "country": "South Africa",
        "region": "Mpumalanga",
        "elevation_m": null,
        "population": 3267,
        "feature_type": "populated place",
        "geoname_id": 956128
      }
    },
    {
      "type": "Feature",
      "geometry": {
        "type": "Point",
        "coordinates": [
          21.9786,
          -32.77423
        ]
      },
      "properties": {
        "name": "Leeu-Gamka",
        "country": "South Africa",
        "region": "Western Cape",
        "elevation_m": null,
        "population": 3267,
        "feature_type": "populated place",
        "geoname_id": 983988
      }
    },
    {
      "type": "Feature",
      "geometry": {
        "type": "Point",
        "coordinates": [
          27.27789,
          -26.38752
        ]
      },
      "properties": {
        "name": "Welverdiend",
        "country": "South Africa",
        "region": "Gauteng",
        "elevation_m": null,
        "population": 3244,
        "feature_type": "populated place",
        "geoname_id": 940522
      }
    },
    {
      "type": "Feature",
      "geometry": {
        "type": "Point",
        "coordinates": [
          29.49448,
          -29.79084
        ]
      },
      "properties": {
        "name": "Underberg",
        "country": "South Africa",
        "region": "KwaZulu-Natal",
        "elevation_m": null,
        "population": 3227,
        "feature_type": "populated place",
        "geoname_id": 945995
      }
    },
    {
      "type": "Feature",
      "geometry": {
        "type": "Point",
        "coordinates": [
          29.29068,
          -24.96627
        ]
      },
      "properties": {
        "name": "Marble Hall",
        "country": "South Africa",
        "region": "Mpumalanga",
        "elevation_m": null,
        "population": 3219,
        "feature_type": "seat of a third-order administrative division",
        "geoname_id": 978944
      }
    },
    {
      "type": "Feature",
      "geometry": {
        "type": "Point",
        "coordinates": [
          31.03867,
          -27.68858
        ]
      },
      "properties": {
        "name": "Nkongolwane",
        "country": "South Africa",
        "region": "KwaZulu-Natal",
        "elevation_m": null,
        "population": 3213,
        "feature_type": "populated place",
        "geoname_id": 12718784
      }
    },
    {
      "type": "Feature",
      "geometry": {
        "type": "Point",
        "coordinates": [
          29.91478,
          -23.48258
        ]
      },
      "properties": {
        "name": "Nthabiseng",
        "country": "South Africa",
        "region": "Limpopo",
        "elevation_m": null,
        "population": 3210,
        "feature_type": "populated place",
        "geoname_id": 12718802
      }
    },
    {
      "type": "Feature",
      "geometry": {
        "type": "Point",
        "coordinates": [
          29.35266,
          -26.77695
        ]
      },
      "properties": {
        "name": "Tutuka",
        "country": "South Africa",
        "region": "Mpumalanga",
        "elevation_m": null,
        "population": 3191,
        "feature_type": "populated place",
        "geoname_id": 947486
      }
    },
    {
      "type": "Feature",
      "geometry": {
        "type": "Point",
        "coordinates": [
          26.67944,
          -32.5404
        ]
      },
      "properties": {
        "name": "Balfour",
        "country": "South Africa",
        "region": "Eastern Cape",
        "elevation_m": null,
        "population": 3187,
        "feature_type": "populated place",
        "geoname_id": 1021395
      }
    },
    {
      "type": "Feature",
      "geometry": {
        "type": "Point",
        "coordinates": [
          28.76175,
          -31.81919
        ]
      },
      "properties": {
        "name": "Mqanduli",
        "country": "South Africa",
        "region": "Eastern Cape",
        "elevation_m": null,
        "population": 3171,
        "feature_type": "populated place",
        "geoname_id": 973061
      }
    },
    {
      "type": "Feature",
      "geometry": {
        "type": "Point",
        "coordinates": [
          21.74656,
          -28.56402
        ]
      },
      "properties": {
        "name": "Grootdrink",
        "country": "South Africa",
        "region": "Northern Cape",
        "elevation_m": null,
        "population": 3169,
        "feature_type": "populated place",
        "geoname_id": 12718853
      }
    },
    {
      "type": "Feature",
      "geometry": {
        "type": "Point",
        "coordinates": [
          29.03327,
          -31.67315
        ]
      },
      "properties": {
        "name": "Ngqeleni",
        "country": "South Africa",
        "region": "Eastern Cape",
        "elevation_m": null,
        "population": 3151,
        "feature_type": "populated place",
        "geoname_id": 971016
      }
    },
    {
      "type": "Feature",
      "geometry": {
        "type": "Point",
        "coordinates": [
          29.92544,
          -25.19311
        ]
      },
      "properties": {
        "name": "Roossenekal",
        "country": "South Africa",
        "region": "Mpumalanga",
        "elevation_m": null,
        "population": 3145,
        "feature_type": "populated place",
        "geoname_id": 959290
      }
    },
    {
      "type": "Feature",
      "geometry": {
        "type": "Point",
        "coordinates": [
          30.63398,
          -29.36365
        ]
      },
      "properties": {
        "name": "Cool Air",
        "country": "South Africa",
        "region": "KwaZulu-Natal",
        "elevation_m": null,
        "population": 3079,
        "feature_type": "populated place",
        "geoname_id": 11428969
      }
    },
    {
      "type": "Feature",
      "geometry": {
        "type": "Point",
        "coordinates": [
          31.0394,
          -24.77186
        ]
      },
      "properties": {
        "name": "Shata",
        "country": "South Africa",
        "region": "Mpumalanga",
        "elevation_m": null,
        "population": 3073,
        "feature_type": "populated place",
        "geoname_id": 13527187
      }
    },
    {
      "type": "Feature",
      "geometry": {
        "type": "Point",
        "coordinates": [
          27.65808,
          -26.36447
        ]
      },
      "properties": {
        "name": "Hillshaven",
        "country": "South Africa",
        "region": "Gauteng",
        "elevation_m": null,
        "population": 3068,
        "feature_type": "populated place",
        "geoname_id": 996490
      }
    },
    {
      "type": "Feature",
      "geometry": {
        "type": "Point",
        "coordinates": [
          30.1345,
          -23.71188
        ]
      },
      "properties": {
        "name": "Mokgoba",
        "country": "South Africa",
        "region": "Limpopo",
        "elevation_m": null,
        "population": 3063,
        "feature_type": "populated place",
        "geoname_id": 12718801
      }
    },
    {
      "type": "Feature",
      "geometry": {
        "type": "Point",
        "coordinates": [
          31.13106,
          -29.63918
        ]
      },
      "properties": {
        "name": "La Mercy",
        "country": "South Africa",
        "region": "KwaZulu-Natal",
        "elevation_m": null,
        "population": 3061,
        "feature_type": "populated place",
        "geoname_id": 984896
      }
    },
    {
      "type": "Feature",
      "geometry": {
        "type": "Point",
        "coordinates": [
          30.58221,
          -23.16436
        ]
      },
      "properties": {
        "name": "Ka-Xihosana",
        "country": "South Africa",
        "region": "Limpopo",
        "elevation_m": null,
        "population": 3050,
        "feature_type": "populated place",
        "geoname_id": 12718800
      }
    },
    {
      "type": "Feature",
      "geometry": {
        "type": "Point",
        "coordinates": [
          21.42093,
          -34.32673
        ]
      },
      "properties": {
        "name": "Melkhoutfontein",
        "country": "South Africa",
        "region": "Western Cape",
        "elevation_m": null,
        "population": 3034,
        "feature_type": "populated place",
        "geoname_id": 977169
      }
    },
    {
      "type": "Feature",
      "geometry": {
        "type": "Point",
        "coordinates": [
          21.51335,
          -31.91566
        ]
      },
      "properties": {
        "name": "Fraserburg",
        "country": "South Africa",
        "region": "Northern Cape",
        "elevation_m": null,
        "population": 3029,
        "feature_type": "populated place",
        "geoname_id": 1003702
      }
    },
    {
      "type": "Feature",
      "geometry": {
        "type": "Point",
        "coordinates": [
          28.50727,
          -32.26588
        ]
      },
      "properties": {
        "name": "Willowvale",
        "country": "South Africa",
        "region": "Eastern Cape",
        "elevation_m": null,
        "population": 3021,
        "feature_type": "populated place",
        "geoname_id": 939658
      }
    },
    {
      "type": "Feature",
      "geometry": {
        "type": "Point",
        "coordinates": [
          29.82637,
          -30.5105
        ]
      },
      "properties": {
        "name": "Rietvlei",
        "country": "South Africa",
        "region": "Eastern Cape",
        "elevation_m": null,
        "population": 3006,
        "feature_type": "populated place",
        "geoname_id": 961327
      }
    },
    {
      "type": "Feature",
      "geometry": {
        "type": "Point",
        "coordinates": [
          28.16534,
          -26.08909
        ]
      },
      "properties": {
        "name": "Modderfontein",
        "country": "South Africa",
        "region": "Gauteng",
        "elevation_m": null,
        "population": 3000,
        "feature_type": "populated place",
        "geoname_id": 975144
      }
    },
    {
      "type": "Feature",
      "geometry": {
        "type": "Point",
        "coordinates": [
          28.47173,
          -26.25837
        ]
      },
      "properties": {
        "name": "Springs",
        "country": "South Africa",
        "region": "Gauteng",
        "elevation_m": null,
        "population": 2996,
        "feature_type": "populated place",
        "geoname_id": 952869
      }
    },
    {
      "type": "Feature",
      "geometry": {
        "type": "Point",
        "coordinates": [
          31.2614,
          -24.89151
        ]
      },
      "properties": {
        "name": "Tiyimeleni B",
        "country": "South Africa",
        "region": "Mpumalanga",
        "elevation_m": null,
        "population": 2992,
        "feature_type": "populated place",
        "geoname_id": 13527212
      }
    },
    {
      "type": "Feature",
      "geometry": {
        "type": "Point",
        "coordinates": [
          31.22759,
          -24.68134
        ]
      },
      "properties": {
        "name": "Edinburgh B",
        "country": "South Africa",
        "region": "Mpumalanga",
        "elevation_m": null,
        "population": 2978,
        "feature_type": "populated place",
        "geoname_id": 13527150
      }
    },
    {
      "type": "Feature",
      "geometry": {
        "type": "Point",
        "coordinates": [
          31.87719,
          -28.14519
        ]
      },
      "properties": {
        "name": "Hlabisa",
        "country": "South Africa",
        "region": "KwaZulu-Natal",
        "elevation_m": null,
        "population": 2958,
        "feature_type": "seat of a third-order administrative division",
        "geoname_id": 996377
      }
    },
    {
      "type": "Feature",
      "geometry": {
        "type": "Point",
        "coordinates": [
          26.76534,
          -32.55571
        ]
      },
      "properties": {
        "name": "Seymour",
        "country": "South Africa",
        "region": "Eastern Cape",
        "elevation_m": null,
        "population": 2954,
        "feature_type": "populated place",
        "geoname_id": 956254
      }
    },
    {
      "type": "Feature",
      "geometry": {
        "type": "Point",
        "coordinates": [
          30.98333,
          -24.7
        ]
      },
      "properties": {
        "name": "Wales",
        "country": "South Africa",
        "region": "Mpumalanga",
        "elevation_m": null,
        "population": 2949,
        "feature_type": "populated place",
        "geoname_id": 942112
      }
    },
    {
      "type": "Feature",
      "geometry": {
        "type": "Point",
        "coordinates": [
          31.41489,
          -24.91919
        ]
      },
      "properties": {
        "name": "Hundzukani",
        "country": "South Africa",
        "region": "Limpopo",
        "elevation_m": null,
        "population": 2947,
        "feature_type": "populated place",
        "geoname_id": 995061
      }
    },
    {
      "type": "Feature",
      "geometry": {
        "type": "Point",
        "coordinates": [
          30.40476,
          -27.17445
        ]
      },
      "properties": {
        "name": "Dirkiesdorp",
        "country": "South Africa",
        "region": "Mpumalanga",
        "elevation_m": null,
        "population": 2913,
        "feature_type": "populated place",
        "geoname_id": 1009781
      }
    },
    {
      "type": "Feature",
      "geometry": {
        "type": "Point",
        "coordinates": [
          30.77948,
          -28.09016
        ]
      },
      "properties": {
        "name": "Ezibomvu",
        "country": "South Africa",
        "region": "KwaZulu-Natal",
        "elevation_m": null,
        "population": 2893,
        "feature_type": "populated place",
        "geoname_id": 12718783
      }
    },
    {
      "type": "Feature",
      "geometry": {
        "type": "Point",
        "coordinates": [
          18.64887,
          -33.57316
        ]
      },
      "properties": {
        "name": "Kalbaskraal",
        "country": "South Africa",
        "region": "Western Cape",
        "elevation_m": null,
        "population": 2888,
        "feature_type": "populated place",
        "geoname_id": 3366317
      }
    },
    {
      "type": "Feature",
      "geometry": {
        "type": "Point",
        "coordinates": [
          20.48659,
          -30.46532
        ]
      },
      "properties": {
        "name": "Brandvlei",
        "country": "South Africa",
        "region": "Northern Cape",
        "elevation_m": null,
        "population": 2859,
        "feature_type": "populated place",
        "geoname_id": 1015850
      }
    },
    {
      "type": "Feature",
      "geometry": {
        "type": "Point",
        "coordinates": [
          31.10057,
          -24.73987
        ]
      },
      "properties": {
        "name": "Orinoco C",
        "country": "South Africa",
        "region": "Mpumalanga",
        "elevation_m": null,
        "population": 2858,
        "feature_type": "populated place",
        "geoname_id": 13527191
      }
    },
    {
      "type": "Feature",
      "geometry": {
        "type": "Point",
        "coordinates": [
          23.34263,
          -33.73302
        ]
      },
      "properties": {
        "name": "Haarlem",
        "country": "South Africa",
        "region": "Western Cape",
        "elevation_m": null,
        "population": 2846,
        "feature_type": "populated place",
        "geoname_id": 998360
      }
    },
    {
      "type": "Feature",
      "geometry": {
        "type": "Point",
        "coordinates": [
          29.93865,
          -23.49265
        ]
      },
      "properties": {
        "name": "Morbeng",
        "country": "South Africa",
        "region": "Limpopo",
        "elevation_m": null,
        "population": 2841,
        "feature_type": "populated place",
        "geoname_id": 12718799
      }
    },
    {
      "type": "Feature",
      "geometry": {
        "type": "Point",
        "coordinates": [
          25.63026,
          -27.03679
        ]
      },
      "properties": {
        "name": "Glaudina",
        "country": "South Africa",
        "region": "North West",
        "elevation_m": null,
        "population": 2837,
        "feature_type": "populated place",
        "geoname_id": 1001817
      }
    },
    {
      "type": "Feature",
      "geometry": {
        "type": "Point",
        "coordinates": [
          27.39823,
          -32.62924
        ]
      },
      "properties": {
        "name": "Ngabangu",
        "country": "South Africa",
        "region": "Eastern Cape",
        "elevation_m": null,
        "population": 2826,
        "feature_type": "populated place",
        "geoname_id": 12718748
      }
    },
    {
      "type": "Feature",
      "geometry": {
        "type": "Point",
        "coordinates": [
          31.28932,
          -24.84745
        ]
      },
      "properties": {
        "name": "Croquet Lawn A",
        "country": "South Africa",
        "region": "Mpumalanga",
        "elevation_m": null,
        "population": 2816,
        "feature_type": "populated place",
        "geoname_id": 13527199
      }
    },
    {
      "type": "Feature",
      "geometry": {
        "type": "Point",
        "coordinates": [
          27.73337,
          -24.77777
        ]
      },
      "properties": {
        "name": "Rooiberg",
        "country": "South Africa",
        "region": "Limpopo",
        "elevation_m": null,
        "population": 2767,
        "feature_type": "populated place",
        "geoname_id": 960144
      }
    },
    {
      "type": "Feature",
      "geometry": {
        "type": "Point",
        "coordinates": [
          31.63611,
          -25.75694
        ]
      },
      "properties": {
        "name": "Skoonplaas",
        "country": "South Africa",
        "region": "Mpumalanga",
        "elevation_m": null,
        "population": 2757,
        "feature_type": "populated place",
        "geoname_id": 11256886
      }
    },
    {
      "type": "Feature",
      "geometry": {
        "type": "Point",
        "coordinates": [
          18.69886,
          -33.70096
        ]
      },
      "properties": {
        "name": "Klipheuwel",
        "country": "South Africa",
        "region": "Western Cape",
        "elevation_m": null,
        "population": 2748,
        "feature_type": "populated place",
        "geoname_id": 3365533
      }
    },
    {
      "type": "Feature",
      "geometry": {
        "type": "Point",
        "coordinates": [
          31.27612,
          -24.71019
        ]
      },
      "properties": {
        "name": "Allandale A",
        "country": "South Africa",
        "region": "Limpopo",
        "elevation_m": null,
        "population": 2743,
        "feature_type": "populated place",
        "geoname_id": 1023291
      }
    },
    {
      "type": "Feature",
      "geometry": {
        "type": "Point",
        "coordinates": [
          31.70659,
          -28.92643
        ]
      },
      "properties": {
        "name": "Emaqeleni",
        "country": "South Africa",
        "region": "KwaZulu-Natal",
        "elevation_m": null,
        "population": 2741,
        "feature_type": "populated place",
        "geoname_id": 12718782
      }
    },
    {
      "type": "Feature",
      "geometry": {
        "type": "Point",
        "coordinates": [
          25.36577,
          -34.01235
        ]
      },
      "properties": {
        "name": "Clarendon Marine",
        "country": "South Africa",
        "region": "Eastern Cape",
        "elevation_m": null,
        "population": 2730,
        "feature_type": "populated place",
        "geoname_id": 12718747
      }
    },
    {
      "type": "Feature",
      "geometry": {
        "type": "Point",
        "coordinates": [
          28.68401,
          -31.96292
        ]
      },
      "properties": {
        "name": "Elliotdale",
        "country": "South Africa",
        "region": "Eastern Cape",
        "elevation_m": null,
        "population": 2716,
        "feature_type": "populated place",
        "geoname_id": 1005779
      }
    },
    {
      "type": "Feature",
      "geometry": {
        "type": "Point",
        "coordinates": [
          18.60319,
          -32.15466
        ]
      },
      "properties": {
        "name": "Graafwater",
        "country": "South Africa",
        "region": "Western Cape",
        "elevation_m": null,
        "population": 2708,
        "feature_type": "populated place",
        "geoname_id": 3367527
      }
    },
    {
      "type": "Feature",
      "geometry": {
        "type": "Point",
        "coordinates": [
          28.01422,
          -23.34099
        ]
      },
      "properties": {
        "name": "Thabo Mbeki",
        "country": "South Africa",
        "region": "Limpopo",
        "elevation_m": null,
        "population": 2700,
        "feature_type": "populated place",
        "geoname_id": 12718798
      }
    },
    {
      "type": "Feature",
      "geometry": {
        "type": "Point",
        "coordinates": [
          20.65432,
          -34.00442
        ]
      },
      "properties": {
        "name": "Suurbraak",
        "country": "South Africa",
        "region": "Western Cape",
        "elevation_m": null,
        "population": 2698,
        "feature_type": "populated place",
        "geoname_id": 951242
      }
    },
    {
      "type": "Feature",
      "geometry": {
        "type": "Point",
        "coordinates": [
          31.34667,
          -24.70959
        ]
      },
      "properties": {
        "name": "Humulani",
        "country": "South Africa",
        "region": "Mpumalanga",
        "elevation_m": null,
        "population": 2694,
        "feature_type": "populated place",
        "geoname_id": 13527143
      }
    },
    {
      "type": "Feature",
      "geometry": {
        "type": "Point",
        "coordinates": [
          30.45502,
          -29.66664
        ]
      },
      "properties": {
        "name": "Ashburton",
        "country": "South Africa",
        "region": "KwaZulu-Natal",
        "elevation_m": null,
        "population": 2659,
        "feature_type": "populated place",
        "geoname_id": 12718781
      }
    },
    {
      "type": "Feature",
      "geometry": {
        "type": "Point",
        "coordinates": [
          29.8569,
          -25.36529
        ]
      },
      "properties": {
        "name": "Laersdrift",
        "country": "South Africa",
        "region": "Limpopo",
        "elevation_m": null,
        "population": 2657,
        "feature_type": "populated place",
        "geoname_id": 12718797
      }
    },
    {
      "type": "Feature",
      "geometry": {
        "type": "Point",
        "coordinates": [
          31.75431,
          -28.95657
        ]
      },
      "properties": {
        "name": "Mtunzini",
        "country": "South Africa",
        "region": "KwaZulu-Natal",
        "elevation_m": null,
        "population": 2635,
        "feature_type": "populated place",
        "geoname_id": 972787
      }
    },
    {
      "type": "Feature",
      "geometry": {
        "type": "Point",
        "coordinates": [
          30.73331,
          -29.7181
        ]
      },
      "properties": {
        "name": "Botha’s Hill",
        "country": "South Africa",
        "region": "KwaZulu-Natal",
        "elevation_m": null,
        "population": 2623,
        "feature_type": "populated place",
        "geoname_id": 1016747
      }
    },
    {
      "type": "Feature",
      "geometry": {
        "type": "Point",
        "coordinates": [
          21.8747,
          -28.8413
        ]
      },
      "properties": {
        "name": "Wegdraai",
        "country": "South Africa",
        "region": "Northern Cape",
        "elevation_m": null,
        "population": 2622,
        "feature_type": "populated place",
        "geoname_id": 12718852
      }
    },
    {
      "type": "Feature",
      "geometry": {
        "type": "Point",
        "coordinates": [
          31.15385,
          -29.52848
        ]
      },
      "properties": {
        "name": "Greylands",
        "country": "South Africa",
        "region": "KwaZulu-Natal",
        "elevation_m": null,
        "population": 2617,
        "feature_type": "populated place",
        "geoname_id": 12718780
      }
    },
    {
      "type": "Feature",
      "geometry": {
        "type": "Point",
        "coordinates": [
          31.09656,
          -29.55376
        ]
      },
      "properties": {
        "name": "Emona",
        "country": "South Africa",
        "region": "KwaZulu-Natal",
        "elevation_m": null,
        "population": 2590,
        "feature_type": "populated place",
        "geoname_id": 12718779
      }
    },
    {
      "type": "Feature",
      "geometry": {
        "type": "Point",
        "coordinates": [
          25.54653,
          -33.39608
        ]
      },
      "properties": {
        "name": "Enon",
        "country": "South Africa",
        "region": "Eastern Cape",
        "elevation_m": null,
        "population": 2587,
        "feature_type": "populated place",
        "geoname_id": 1005342
      }
    },
    {
      "type": "Feature",
      "geometry": {
        "type": "Point",
        "coordinates": [
          26.98812,
          -32.81851
        ]
      },
      "properties": {
        "name": "Middledrift",
        "country": "South Africa",
        "region": "Eastern Cape",
        "elevation_m": null,
        "population": 2563,
        "feature_type": "populated place",
        "geoname_id": 976009
      }
    },
    {
      "type": "Feature",
      "geometry": {
        "type": "Point",
        "coordinates": [
          31.38002,
          -24.62923
        ]
      },
      "properties": {
        "name": "Hlavekisa",
        "country": "South Africa",
        "region": "Mpumalanga",
        "elevation_m": null,
        "population": 2563,
        "feature_type": "populated place",
        "geoname_id": 13527141
      }
    },
    {
      "type": "Feature",
      "geometry": {
        "type": "Point",
        "coordinates": [
          26.7777,
          -28.83264
        ]
      },
      "properties": {
        "name": "Verkeerdevlei",
        "country": "South Africa",
        "region": "Free State",
        "elevation_m": null,
        "population": 2557,
        "feature_type": "populated place",
        "geoname_id": 944263
      }
    },
    {
      "type": "Feature",
      "geometry": {
        "type": "Point",
        "coordinates": [
          31.08813,
          -24.98016
        ]
      },
      "properties": {
        "name": "Jim Brown",
        "country": "South Africa",
        "region": "Mpumalanga",
        "elevation_m": null,
        "population": 2552,
        "feature_type": "populated place",
        "geoname_id": 13527220
      }
    },
    {
      "type": "Feature",
      "geometry": {
        "type": "Point",
        "coordinates": [
          27.81994,
          -32.03679
        ]
      },
      "properties": {
        "name": "Tsomo",
        "country": "South Africa",
        "region": "Eastern Cape",
        "elevation_m": null,
        "population": 2525,
        "feature_type": "populated place",
        "geoname_id": 947730
      }
    },
    {
      "type": "Feature",
      "geometry": {
        "type": "Point",
        "coordinates": [
          30.87115,
          -26.23218
        ]
      },
      "properties": {
        "name": "Swalluwnest",
        "country": "South Africa",
        "region": "Mpumalanga",
        "elevation_m": null,
        "population": 2520,
        "feature_type": "populated place",
        "geoname_id": 12750586
      }
    },
    {
      "type": "Feature",
      "geometry": {
        "type": "Point",
        "coordinates": [
          31.30041,
          -24.63293
        ]
      },
      "properties": {
        "name": "Clare A",
        "country": "South Africa",
        "region": "Mpumalanga",
        "elevation_m": null,
        "population": 2518,
        "feature_type": "populated place",
        "geoname_id": 13527146
      }
    },
    {
      "type": "Feature",
      "geometry": {
        "type": "Point",
        "coordinates": [
          30.54256,
          -29.72868
        ]
      },
      "properties": {
        "name": "Camperdown",
        "country": "South Africa",
        "region": "KwaZulu-Natal",
        "elevation_m": null,
        "population": 2517,
        "feature_type": "seat of a third-order administrative division",
        "geoname_id": 1014180
      }
    },
    {
      "type": "Feature",
      "geometry": {
        "type": "Point",
        "coordinates": [
          31.37773,
          -24.88407
        ]
      },
      "properties": {
        "name": "Rulani",
        "country": "South Africa",
        "region": "Mpumalanga",
        "elevation_m": null,
        "population": 2485,
        "feature_type": "populated place",
        "geoname_id": 13527203
      }
    },
    {
      "type": "Feature",
      "geometry": {
        "type": "Point",
        "coordinates": [
          25.82199,
          -33.69135
        ]
      },
      "properties": {
        "name": "Colchester",
        "country": "South Africa",
        "region": "Eastern Cape",
        "elevation_m": null,
        "population": 2483,
        "feature_type": "populated place",
        "geoname_id": 8643436
      }
    },
    {
      "type": "Feature",
      "geometry": {
        "type": "Point",
        "coordinates": [
          27.46644,
          -32.72985
        ]
      },
      "properties": {
        "name": "Frankfort",
        "country": "South Africa",
        "region": "Eastern Cape",
        "elevation_m": null,
        "population": 2447,
        "feature_type": "populated place",
        "geoname_id": 1003761
      }
    },
    {
      "type": "Feature",
      "geometry": {
        "type": "Point",
        "coordinates": [
          28.37632,
          -32.68197
        ]
      },
      "properties": {
        "name": "Kei Mouth",
        "country": "South Africa",
        "region": "Eastern Cape",
        "elevation_m": null,
        "population": 2439,
        "feature_type": "populated place",
        "geoname_id": 991488
      }
    },
    {
      "type": "Feature",
      "geometry": {
        "type": "Point",
        "coordinates": [
          31.18172,
          -25.01486
        ]
      },
      "properties": {
        "name": "Mahukule B",
        "country": "South Africa",
        "region": "Mpumalanga",
        "elevation_m": null,
        "population": 2432,
        "feature_type": "populated place",
        "geoname_id": 13527219
      }
    },
    {
      "type": "Feature",
      "geometry": {
        "type": "Point",
        "coordinates": [
          29.45216,
          -30.31655
        ]
      },
      "properties": {
        "name": "Franklin",
        "country": "South Africa",
        "region": "KwaZulu-Natal",
        "elevation_m": null,
        "population": 2417,
        "feature_type": "populated place",
        "geoname_id": 1003753
      }
    },
    {
      "type": "Feature",
      "geometry": {
        "type": "Point",
        "coordinates": [
          29.78891,
          -29.63451
        ]
      },
      "properties": {
        "name": "Cibelichle",
        "country": "South Africa",
        "region": "KwaZulu-Natal",
        "elevation_m": null,
        "population": 2409,
        "feature_type": "populated place",
        "geoname_id": 12718778
      }
    },
    {
      "type": "Feature",
      "geometry": {
        "type": "Point",
        "coordinates": [
          18.69433,
          -32.86752
        ]
      },
      "properties": {
        "name": "Goedverwag",
        "country": "South Africa",
        "region": "Western Cape",
        "elevation_m": null,
        "population": 2371,
        "feature_type": "populated place",
        "geoname_id": 3367594
      }
    },
    {
      "type": "Feature",
      "geometry": {
        "type": "Point",
        "coordinates": [
          18.95931,
          -33.89314
        ]
      },
      "properties": {
        "name": "Pniel",
        "country": "South Africa",
        "region": "Western Cape",
        "elevation_m": null,
        "population": 2366,
        "feature_type": "populated place",
        "geoname_id": 3362762
      }
    },
    {
      "type": "Feature",
      "geometry": {
        "type": "Point",
        "coordinates": [
          17.89118,
          -32.81016
        ]
      },
      "properties": {
        "name": "Paternoster",
        "country": "South Africa",
        "region": "Western Cape",
        "elevation_m": null,
        "population": 2360,
        "feature_type": "populated place",
        "geoname_id": 3363003
      }
    },
    {
      "type": "Feature",
      "geometry": {
        "type": "Point",
        "coordinates": [
          20.58895,
          -28.73997
        ]
      },
      "properties": {
        "name": "Cillie",
        "country": "South Africa",
        "region": "Northern Cape",
        "elevation_m": null,
        "population": 2359,
        "feature_type": "populated place",
        "geoname_id": 12718851
      }
    },
    {
      "type": "Feature",
      "geometry": {
        "type": "Point",
        "coordinates": [
          23.52442,
          -25.8156
        ]
      },
      "properties": {
        "name": "Pomfret",
        "country": "South Africa",
        "region": "North West",
        "elevation_m": null,
        "population": 2323,
        "feature_type": "populated place",
        "geoname_id": 964596
      }
    },
    {
      "type": "Feature",
      "geometry": {
        "type": "Point",
        "coordinates": [
          23.73596,
          -33.81706
        ]
      },
      "properties": {
        "name": "Krakeelrivier",
        "country": "South Africa",
        "region": "Eastern Cape",
        "elevation_m": null,
        "population": 2313,
        "feature_type": "populated place",
        "geoname_id": 987452
      }
    },
    {
      "type": "Feature",
      "geometry": {
        "type": "Point",
        "coordinates": [
          31.21438,
          -24.96277
        ]
      },
      "properties": {
        "name": "Teka Mahala",
        "country": "South Africa",
        "region": "Mpumalanga",
        "elevation_m": null,
        "population": 2301,
        "feature_type": "populated place",
        "geoname_id": 13527216
      }
    },
    {
      "type": "Feature",
      "geometry": {
        "type": "Point",
        "coordinates": [
          31.61362,
          -25.71869
        ]
      },
      "properties": {
        "name": "Matsamo",
        "country": "South Africa",
        "region": "Mpumalanga",
        "elevation_m": null,
        "population": 2289,
        "feature_type": "populated place",
        "geoname_id": 13527123
      }
    },
    {
      "type": "Feature",
      "geometry": {
        "type": "Point",
        "coordinates": [
          30.57361,
          -30.57201
        ]
      },
      "properties": {
        "name": "Hibberdene",
        "country": "South Africa",
        "region": "KwaZulu-Natal",
        "elevation_m": null,
        "population": 2280,
        "feature_type": "populated place",
        "geoname_id": 996643
      }
    },
    {
      "type": "Feature",
      "geometry": {
        "type": "Point",
        "coordinates": [
          28.30111,
          -25.20417
        ]
      },
      "properties": {
        "name": "Pienaarsrivier",
        "country": "South Africa",
        "region": "Limpopo",
        "elevation_m": null,
        "population": 2272,
        "feature_type": "populated place",
        "geoname_id": 965330
      }
    },
    {
      "type": "Feature",
      "geometry": {
        "type": "Point",
        "coordinates": [
          27.7,
          -26.35
        ]
      },
      "properties": {
        "name": "Western Areas",
        "country": "South Africa",
        "region": "Gauteng",
        "elevation_m": null,
        "population": 2270,
        "feature_type": "populated place",
        "geoname_id": 940364
      }
    },
    {
      "type": "Feature",
      "geometry": {
        "type": "Point",
        "coordinates": [
          31.08508,
          -28.37734
        ]
      },
      "properties": {
        "name": "Babanango",
        "country": "South Africa",
        "region": "KwaZulu-Natal",
        "elevation_m": null,
        "population": 2259,
        "feature_type": "populated place",
        "geoname_id": 1021844
      }
    },
    {
      "type": "Feature",
      "geometry": {
        "type": "Point",
        "coordinates": [
          24.17132,
          -34.00208
        ]
      },
      "properties": {
        "name": "Woodlands",
        "country": "South Africa",
        "region": "Eastern Cape",
        "elevation_m": null,
        "population": 2254,
        "feature_type": "populated place",
        "geoname_id": 12718746
      }
    },
    {
      "type": "Feature",
      "geometry": {
        "type": "Point",
        "coordinates": [
          31.01104,
          -24.5976
        ]
      },
      "properties": {
        "name": "Mapaleng A",
        "country": "South Africa",
        "region": "Mpumalanga",
        "elevation_m": null,
        "population": 2206,
        "feature_type": "populated place",
        "geoname_id": 13527170
      }
    },
    {
      "type": "Feature",
      "geometry": {
        "type": "Point",
        "coordinates": [
          31.39344,
          -24.90109
        ]
      },
      "properties": {
        "name": "Mabharule",
        "country": "South Africa",
        "region": "Mpumalanga",
        "elevation_m": null,
        "population": 2200,
        "feature_type": "populated place",
        "geoname_id": 13527204
      }
    },
    {
      "type": "Feature",
      "geometry": {
        "type": "Point",
        "coordinates": [
          27.93914,
          -26.75488
        ]
      },
      "properties": {
        "name": "Bertha Shaft Village",
        "country": "South Africa",
        "region": "Free State",
        "elevation_m": null,
        "population": 2193,
        "feature_type": "populated place",
        "geoname_id": 1019847
      }
    },
    {
      "type": "Feature",
      "geometry": {
        "type": "Point",
        "coordinates": [
          24.34291,
          -34.01521
        ]
      },
      "properties": {
        "name": "Clarkson",
        "country": "South Africa",
        "region": "Eastern Cape",
        "elevation_m": null,
        "population": 2185,
        "feature_type": "populated place",
        "geoname_id": 1013386
      }
    },
    {
      "type": "Feature",
      "geometry": {
        "type": "Point",
        "coordinates": [
          23.33175,
          -34.00422
        ]
      },
      "properties": {
        "name": "Wittedrif",
        "country": "South Africa",
        "region": "Western Cape",
        "elevation_m": null,
        "population": 2182,
        "feature_type": "populated place",
        "geoname_id": 938640
      }
    },
    {
      "type": "Feature",
      "geometry": {
        "type": "Point",
        "coordinates": [
          29.4608,
          -26.09548
        ]
      },
      "properties": {
        "name": "Komati",
        "country": "South Africa",
        "region": "Mpumalanga",
        "elevation_m": null,
        "population": 2181,
        "feature_type": "populated place",
        "geoname_id": 988295
      }
    },
    {
      "type": "Feature",
      "geometry": {
        "type": "Point",
        "coordinates": [
          31.02226,
          -24.63826
        ]
      },
      "properties": {
        "name": "Motlamogatsane",
        "country": "South Africa",
        "region": "Mpumalanga",
        "elevation_m": null,
        "population": 2169,
        "feature_type": "populated place",
        "geoname_id": 13527175
      }
    },
    {
      "type": "Feature",
      "geometry": {
        "type": "Point",
        "coordinates": [
          28.88795,
          -25.60362
        ]
      },
      "properties": {
        "name": "Thembisile",
        "country": "South Africa",
        "region": "Gauteng",
        "elevation_m": null,
        "population": 2167,
        "feature_type": "populated place",
        "geoname_id": 12718766
      }
    },
    {
      "type": "Feature",
      "geometry": {
        "type": "Point",
        "coordinates": [
          31.25298,
          -28.26748
        ]
      },
      "properties": {
        "name": "Mpungamhlophe",
        "country": "South Africa",
        "region": "KwaZulu-Natal",
        "elevation_m": null,
        "population": 2161,
        "feature_type": "populated place",
        "geoname_id": 12718777
      }
    },
    {
      "type": "Feature",
      "geometry": {
        "type": "Point",
        "coordinates": [
          31.04432,
          -24.83786
        ]
      },
      "properties": {
        "name": "Mphenyatsatsi",
        "country": "South Africa",
        "region": "Mpumalanga",
        "elevation_m": null,
        "population": 2159,
        "feature_type": "populated place",
        "geoname_id": 13527195
      }
    },
    {
      "type": "Feature",
      "geometry": {
        "type": "Point",
        "coordinates": [
          27.68114,
          -26.40967
        ]
      },
      "properties": {
        "name": "Elsburg Gold Mine",
        "country": "South Africa",
        "region": "Gauteng",
        "elevation_m": null,
        "population": 2141,
        "feature_type": "populated place",
        "geoname_id": 12718765
      }
    },
    {
      "type": "Feature",
      "geometry": {
        "type": "Point",
        "coordinates": [
          31.12103,
          -29.66319
        ]
      },
      "properties": {
        "name": "eMdloti",
        "country": "South Africa",
        "region": "KwaZulu-Natal",
        "elevation_m": null,
        "population": 2130,
        "feature_type": "populated place",
        "geoname_id": 946218
      }
    },
    {
      "type": "Feature",
      "geometry": {
        "type": "Point",
        "coordinates": [
          30.11682,
          -22.92493
        ]
      },
      "properties": {
        "name": "Ha-Mavhunga",
        "country": "South Africa",
        "region": "Limpopo",
        "elevation_m": null,
        "population": 2124,
        "feature_type": "populated place",
        "geoname_id": 998149
      }
    },
    {
      "type": "Feature",
      "geometry": {
        "type": "Point",
        "coordinates": [
          26.12699,
          -27.17179
        ]
      },
      "properties": {
        "name": "Witpoort",
        "country": "South Africa",
        "region": "North West",
        "elevation_m": null,
        "population": 2120,
        "feature_type": "populated place",
        "geoname_id": 938753
      }
    },
    {
      "type": "Feature",
      "geometry": {
        "type": "Point",
        "coordinates": [
          26.85864,
          -32.69854
        ]
      },
      "properties": {
        "name": "Msobomvu",
        "country": "South Africa",
        "region": "Eastern Cape",
        "elevation_m": null,
        "population": 2114,
        "feature_type": "populated place",
        "geoname_id": 12718745
      }
    },
    {
      "type": "Feature",
      "geometry": {
        "type": "Point",
        "coordinates": [
          31.06718,
          -24.83599
        ]
      },
      "properties": {
        "name": "Bosbokrand",
        "country": "South Africa",
        "region": "Mpumalanga",
        "elevation_m": null,
        "population": 2109,
        "feature_type": "populated place",
        "geoname_id": 1017354
      }
    },
    {
      "type": "Feature",
      "geometry": {
        "type": "Point",
        "coordinates": [
          31.1397,
          -29.29371
        ]
      },
      "properties": {
        "name": "Glen Mill",
        "country": "South Africa",
        "region": "KwaZulu-Natal",
        "elevation_m": null,
        "population": 2106,
        "feature_type": "populated place",
        "geoname_id": 12718776
      }
    },
    {
      "type": "Feature",
      "geometry": {
        "type": "Point",
        "coordinates": [
          27.0163,
          -29.98737
        ]
      },
      "properties": {
        "name": "Van Stadensrus",
        "country": "South Africa",
        "region": "Free State",
        "elevation_m": null,
        "population": 2090,
        "feature_type": "populated place",
        "geoname_id": 944840
      }
    },
    {
      "type": "Feature",
      "geometry": {
        "type": "Point",
        "coordinates": [
          28.11598,
          -32.84522
        ]
      },
      "properties": {
        "name": "Cintsa Mouth West",
        "country": "South Africa",
        "region": "Eastern Cape",
        "elevation_m": null,
        "population": 2084,
        "feature_type": "populated place",
        "geoname_id": 1013464
      }
    },
    {
      "type": "Feature",
      "geometry": {
        "type": "Point",
        "coordinates": [
          30.77882,
          -22.88181
        ]
      },
      "properties": {
        "name": "Phaweni",
        "country": "South Africa",
        "region": "Limpopo",
        "elevation_m": null,
        "population": 2077,
        "feature_type": "populated place",
        "geoname_id": 12718796
      }
    },
    {
      "type": "Feature",
      "geometry": {
        "type": "Point",
        "coordinates": [
          19.07536,
          -33.89498
        ]
      },
      "properties": {
        "name": "Wiesiesdraai",
        "country": "South Africa",
        "region": "Western Cape",
        "elevation_m": null,
        "population": 2069,
        "feature_type": "populated place",
        "geoname_id": 12718861
      }
    },
    {
      "type": "Feature",
      "geometry": {
        "type": "Point",
        "coordinates": [
          24.41205,
          -29.81381
        ]
      },
      "properties": {
        "name": "Orania",
        "country": "South Africa",
        "region": "Northern Cape",
        "elevation_m": 2156,
        "population": 2066,
        "feature_type": "populated place",
        "geoname_id": 967542
      }
    },
    {
      "type": "Feature",
      "geometry": {
        "type": "Point",
        "coordinates": [
          31.06501,
          -24.73137
        ]
      },
      "properties": {
        "name": "Orinoco B",
        "country": "South Africa",
        "region": "Mpumalanga",
        "elevation_m": null,
        "population": 2062,
        "feature_type": "populated place",
        "geoname_id": 13527190
      }
    },
    {
      "type": "Feature",
      "geometry": {
        "type": "Point",
        "coordinates": [
          30.75333,
          -24.90502
        ]
      },
      "properties": {
        "name": "Pilgrim’s Rest",
        "country": "South Africa",
        "region": "Mpumalanga",
        "elevation_m": null,
        "population": 2061,
        "feature_type": "populated place",
        "geoname_id": 965179
      }
    },
    {
      "type": "Feature",
      "geometry": {
        "type": "Point",
        "coordinates": [
          27.6991,
          -26.41447
        ]
      },
      "properties": {
        "name": "Seberuberung",
        "country": "South Africa",
        "region": "Gauteng",
        "elevation_m": null,
        "population": 2059,
        "feature_type": "populated place",
        "geoname_id": 12718764
      }
    },
    {
      "type": "Feature",
      "geometry": {
        "type": "Point",
        "coordinates": [
          30.98003,
          -24.61183
        ]
      },
      "properties": {
        "name": "Moloro",
        "country": "South Africa",
        "region": "Mpumalanga",
        "elevation_m": null,
        "population": 2053,
        "feature_type": "populated place",
        "geoname_id": 974742
      }
    },
    {
      "type": "Feature",
      "geometry": {
        "type": "Point",
        "coordinates": [
          28.09267,
          -26.43358
        ]
      },
      "properties": {
        "name": "Randvaal",
        "country": "South Africa",
        "region": "Gauteng",
        "elevation_m": null,
        "population": 2049,
        "feature_type": "populated place",
        "geoname_id": 12718763
      }
    },
    {
      "type": "Feature",
      "geometry": {
        "type": "Point",
        "coordinates": [
          27.60266,
          -26.03137
        ]
      },
      "properties": {
        "name": "Orient Hills",
        "country": "South Africa",
        "region": "Gauteng",
        "elevation_m": null,
        "population": 2043,
        "feature_type": "populated place",
        "geoname_id": 12718761
      }
    },
    {
      "type": "Feature",
      "geometry": {
        "type": "Point",
        "coordinates": [
          27.57278,
          -26.44244
        ]
      },
      "properties": {
        "name": "Leeudoorn Mine",
        "country": "South Africa",
        "region": "Gauteng",
        "elevation_m": null,
        "population": 2043,
        "feature_type": "populated place",
        "geoname_id": 12718762
      }
    },
    {
      "type": "Feature",
      "geometry": {
        "type": "Point",
        "coordinates": [
          30.03487,
          -22.90384
        ]
      },
      "properties": {
        "name": "Tshituni",
        "country": "South Africa",
        "region": "Limpopo",
        "elevation_m": null,
        "population": 2039,
        "feature_type": "populated place",
        "geoname_id": 947846
      }
    },
    {
      "type": "Feature",
      "geometry": {
        "type": "Point",
        "coordinates": [
          23.007,
          -32.093
        ]
      },
      "properties": {
        "name": "Nelspoort",
        "country": "South Africa",
        "region": "Western Cape",
        "elevation_m": null,
        "population": 2035,
        "feature_type": "populated place",
        "geoname_id": 971541
      }
    },
    {
      "type": "Feature",
      "geometry": {
        "type": "Point",
        "coordinates": [
          29.51361,
          -29.74675
        ]
      },
      "properties": {
        "name": "Himeville",
        "country": "South Africa",
        "region": "KwaZulu-Natal",
        "elevation_m": null,
        "population": 2033,
        "feature_type": "seat of a third-order administrative division",
        "geoname_id": 996409
      }
    },
    {
      "type": "Feature",
      "geometry": {
        "type": "Point",
        "coordinates": [
          31.09429,
          -24.96414
        ]
      },
      "properties": {
        "name": "Sekrepeng",
        "country": "South Africa",
        "region": "Mpumalanga",
        "elevation_m": null,
        "population": 2024,
        "feature_type": "populated place",
        "geoname_id": 13527221
      }
    },
    {
      "type": "Feature",
      "geometry": {
        "type": "Point",
        "coordinates": [
          28.91521,
          -26.37087
        ]
      },
      "properties": {
        "name": "Thuli",
        "country": "South Africa",
        "region": "Mpumalanga",
        "elevation_m": null,
        "population": 2023,
        "feature_type": "populated place",
        "geoname_id": 984118
      }
    },
    {
      "type": "Feature",
      "geometry": {
        "type": "Point",
        "coordinates": [
          18.52149,
          -33.53957
        ]
      },
      "properties": {
        "name": "Pella WC",
        "country": "South Africa",
        "region": "Western Cape",
        "elevation_m": null,
        "population": 2014,
        "feature_type": "populated place",
        "geoname_id": 12718860
      }
    },
    {
      "type": "Feature",
      "geometry": {
        "type": "Point",
        "coordinates": [
          23.88247,
          -33.97041
        ]
      },
      "properties": {
        "name": "Stormsrivier",
        "country": "South Africa",
        "region": "Eastern Cape",
        "elevation_m": null,
        "population": 2000,
        "feature_type": "populated place",
        "geoname_id": 951910
      }
    },
    {
      "type": "Feature",
      "geometry": {
        "type": "Point",
        "coordinates": [
          18.49231,
          -33.85395
        ]
      },
      "properties": {
        "name": "Sunset Beach",
        "country": "South Africa",
        "region": "Western Cape",
        "elevation_m": 20,
        "population": 2000,
        "feature_type": "section of populated place",
        "geoname_id": 6942529
      }
    },
    {
      "type": "Feature",
      "geometry": {
        "type": "Point",
        "coordinates": [
          31.05966,
          -24.77478
        ]
      },
      "properties": {
        "name": "Relani",
        "country": "South Africa",
        "region": "Mpumalanga",
        "elevation_m": null,
        "population": 1989,
        "feature_type": "populated place",
        "geoname_id": 13527186
      }
    },
    {
      "type": "Feature",
      "geometry": {
        "type": "Point",
        "coordinates": [
          23.71516,
          -33.96462
        ]
      },
      "properties": {
        "name": "Coldstream",
        "country": "South Africa",
        "region": "Eastern Cape",
        "elevation_m": null,
        "population": 1985,
        "feature_type": "populated place",
        "geoname_id": 1013092
      }
    },
    {
      "type": "Feature",
      "geometry": {
        "type": "Point",
        "coordinates": [
          24.41192,
          -26.16353
        ]
      },
      "properties": {
        "name": "Piet Plessis",
        "country": "South Africa",
        "region": "North West",
        "elevation_m": null,
        "population": 1982,
        "feature_type": "populated place",
        "geoname_id": 965245
      }
    },
    {
      "type": "Feature",
      "geometry": {
        "type": "Point",
        "coordinates": [
          21.2043,
          -28.51852
        ]
      },
      "properties": {
        "name": "Swartkop",
        "country": "South Africa",
        "region": "Northern Cape",
        "elevation_m": null,
        "population": 1979,
        "feature_type": "populated place",
        "geoname_id": 12718850
      }
    },
    {
      "type": "Feature",
      "geometry": {
        "type": "Point",
        "coordinates": [
          27.43361,
          -31.97144
        ]
      },
      "properties": {
        "name": "Mkukwini",
        "country": "South Africa",
        "region": "Eastern Cape",
        "elevation_m": null,
        "population": 1970,
        "feature_type": "populated place",
        "geoname_id": 12718744
      }
    },
    {
      "type": "Feature",
      "geometry": {
        "type": "Point",
        "coordinates": [
          27.33962,
          -33.31949
        ]
      },
      "properties": {
        "name": "Wesley",
        "country": "South Africa",
        "region": "Eastern Cape",
        "elevation_m": null,
        "population": 1957,
        "feature_type": "populated place",
        "geoname_id": 940438
      }
    },
    {
      "type": "Feature",
      "geometry": {
        "type": "Point",
        "coordinates": [
          31.32178,
          -24.77052
        ]
      },
      "properties": {
        "name": "Dumfries A",
        "country": "South Africa",
        "region": "Mpumalanga",
        "elevation_m": null,
        "population": 1950,
        "feature_type": "populated place",
        "geoname_id": 13527153
      }
    },
    {
      "type": "Feature",
      "geometry": {
        "type": "Point",
        "coordinates": [
          30.1,
          -28.53333
        ]
      },
      "properties": {
        "name": "Waay Hoek",
        "country": "South Africa",
        "region": "KwaZulu-Natal",
        "elevation_m": null,
        "population": 1944,
        "feature_type": "populated place",
        "geoname_id": 942245
      }
    },
    {
      "type": "Feature",
      "geometry": {
        "type": "Point",
        "coordinates": [
          30.42642,
          -28.55393
        ]
      },
      "properties": {
        "name": "Solomon Linda",
        "country": "South Africa",
        "region": "KwaZulu-Natal",
        "elevation_m": null,
        "population": 1942,
        "feature_type": "populated place",
        "geoname_id": 964599
      }
    },
    {
      "type": "Feature",
      "geometry": {
        "type": "Point",
        "coordinates": [
          29.1715,
          -26.27466
        ]
      },
      "properties": {
        "name": "Kriel Power Station",
        "country": "South Africa",
        "region": "Mpumalanga",
        "elevation_m": null,
        "population": 1939,
        "feature_type": "populated place",
        "geoname_id": 12718818
      }
    },
    {
      "type": "Feature",
      "geometry": {
        "type": "Point",
        "coordinates": [
          30.32701,
          -30.91414
        ]
      },
      "properties": {
        "name": "Southbroom",
        "country": "South Africa",
        "region": "KwaZulu-Natal",
        "elevation_m": null,
        "population": 1934,
        "feature_type": "populated place",
        "geoname_id": 953979
      }
    },
    {
      "type": "Feature",
      "geometry": {
        "type": "Point",
        "coordinates": [
          21.51554,
          -32.66756
        ]
      },
      "properties": {
        "name": "Merweville",
        "country": "South Africa",
        "region": "Western Cape",
        "elevation_m": null,
        "population": 1907,
        "feature_type": "populated place",
        "geoname_id": 976901
      }
    },
    {
      "type": "Feature",
      "geometry": {
        "type": "Point",
        "coordinates": [
          28.30316,
          -32.37664
        ]
      },
      "properties": {
        "name": "Teko Springs",
        "country": "South Africa",
        "region": "Eastern Cape",
        "elevation_m": null,
        "population": 1905,
        "feature_type": "populated place",
        "geoname_id": 949923
      }
    },
    {
      "type": "Feature",
      "geometry": {
        "type": "Point",
        "coordinates": [
          32.21782,
          -28.39885
        ]
      },
      "properties": {
        "name": "Randgate",
        "country": "South Africa",
        "region": "KwaZulu-Natal",
        "elevation_m": null,
        "population": 1903,
        "feature_type": "populated place",
        "geoname_id": 12718775
      }
    },
    {
      "type": "Feature",
      "geometry": {
        "type": "Point",
        "coordinates": [
          25.49501,
          -30.60093
        ]
      },
      "properties": {
        "name": "Gariep Dam",
        "country": "South Africa",
        "region": "Free State",
        "elevation_m": null,
        "population": 1878,
        "feature_type": "populated place",
        "geoname_id": 12626041
      }
    },
    {
      "type": "Feature",
      "geometry": {
        "type": "Point",
        "coordinates": [
          30.40252,
          -23.0703
        ]
      },
      "properties": {
        "name": "Mvelaphanda",
        "country": "South Africa",
        "region": "Limpopo",
        "elevation_m": null,
        "population": 1872,
        "feature_type": "populated place",
        "geoname_id": 12718795
      }
    },
    {
      "type": "Feature",
      "geometry": {
        "type": "Point",
        "coordinates": [
          27.93807,
          -32.19648
        ]
      },
      "properties": {
        "name": "Ngqamakhwe",
        "country": "South Africa",
        "region": "Eastern Cape",
        "elevation_m": null,
        "population": 1866,
        "feature_type": "populated place",
        "geoname_id": 969515
      }
    },
    {
      "type": "Feature",
      "geometry": {
        "type": "Point",
        "coordinates": [
          18.29128,
          -31.52689
        ]
      },
      "properties": {
        "name": "Koekenaap",
        "country": "South Africa",
        "region": "Western Cape",
        "elevation_m": null,
        "population": 1858,
        "feature_type": "populated place",
        "geoname_id": 3365354
      }
    },
    {
      "type": "Feature",
      "geometry": {
        "type": "Point",
        "coordinates": [
          24.55499,
          -31.867
        ]
      },
      "properties": {
        "name": "Nieu-Bethesda",
        "country": "South Africa",
        "region": "Eastern Cape",
        "elevation_m": null,
        "population": 1845,
        "feature_type": "populated place",
        "geoname_id": 970641
      }
    },
    {
      "type": "Feature",
      "geometry": {
        "type": "Point",
        "coordinates": [
          31.00509,
          -24.63881
        ]
      },
      "properties": {
        "name": "New Line",
        "country": "South Africa",
        "region": "Mpumalanga",
        "elevation_m": null,
        "population": 1843,
        "feature_type": "populated place",
        "geoname_id": 13527174
      }
    },
    {
      "type": "Feature",
      "geometry": {
        "type": "Point",
        "coordinates": [
          19.3107,
          -33.01726
        ]
      },
      "properties": {
        "name": "Op-die-Berg",
        "country": "South Africa",
        "region": "Western Cape",
        "elevation_m": null,
        "population": 1834,
        "feature_type": "populated place",
        "geoname_id": 3363273
      }
    },
    {
      "type": "Feature",
      "geometry": {
        "type": "Point",
        "coordinates": [
          29.83668,
          -23.85685
        ]
      },
      "properties": {
        "name": "Moshate",
        "country": "South Africa",
        "region": "Limpopo",
        "elevation_m": null,
        "population": 1834,
        "feature_type": "populated place",
        "geoname_id": 12718794
      }
    },
    {
      "type": "Feature",
      "geometry": {
        "type": "Point",
        "coordinates": [
          18.88363,
          -32.68709
        ]
      },
      "properties": {
        "name": "Eendekuil",
        "country": "South Africa",
        "region": "Western Cape",
        "elevation_m": null,
        "population": 1833,
        "feature_type": "populated place",
        "geoname_id": 3368187
      }
    },
    {
      "type": "Feature",
      "geometry": {
        "type": "Point",
        "coordinates": [
          31.16549,
          -29.59215
        ]
      },
      "properties": {
        "name": "Westbrook",
        "country": "South Africa",
        "region": "KwaZulu-Natal",
        "elevation_m": null,
        "population": 1828,
        "feature_type": "populated place",
        "geoname_id": 940394
      }
    },
    {
      "type": "Feature",
      "geometry": {
        "type": "Point",
        "coordinates": [
          18.34413,
          -32.31401
        ]
      },
      "properties": {
        "name": "Elandsbaai",
        "country": "South Africa",
        "region": "Western Cape",
        "elevation_m": null,
        "population": 1827,
        "feature_type": "populated place",
        "geoname_id": 3368118
      }
    },
    {
      "type": "Feature",
      "geometry": {
        "type": "Point",
        "coordinates": [
          30.68977,
          -29.75575
        ]
      },
      "properties": {
        "name": "Drummond",
        "country": "South Africa",
        "region": "KwaZulu-Natal",
        "elevation_m": null,
        "population": 1823,
        "feature_type": "populated place",
        "geoname_id": 12718774
      }
    },
    {
      "type": "Feature",
      "geometry": {
        "type": "Point",
        "coordinates": [
          28.59898,
          -25.60233
        ]
      },
      "properties": {
        "name": "Onverwacht",
        "country": "South Africa",
        "region": "Gauteng",
        "elevation_m": null,
        "population": 1818,
        "feature_type": "populated place",
        "geoname_id": 12718760
      }
    },
    {
      "type": "Feature",
      "geometry": {
        "type": "Point",
        "coordinates": [
          30.86667,
          -28.96667
        ]
      },
      "properties": {
        "name": "Kranskop",
        "country": "South Africa",
        "region": "KwaZulu-Natal",
        "elevation_m": null,
        "population": 1813,
        "feature_type": "populated place",
        "geoname_id": 987298
      }
    },
    {
      "type": "Feature",
      "geometry": {
        "type": "Point",
        "coordinates": [
          31.44052,
          -28.25856
        ]
      },
      "properties": {
        "name": "Mahlabatini",
        "country": "South Africa",
        "region": "KwaZulu-Natal",
        "elevation_m": null,
        "population": 1810,
        "feature_type": "populated place",
        "geoname_id": 980322
      }
    },
    {
      "type": "Feature",
      "geometry": {
        "type": "Point",
        "coordinates": [
          31.3416,
          -24.85346
        ]
      },
      "properties": {
        "name": "Meetse",
        "country": "South Africa",
        "region": "Limpopo",
        "elevation_m": null,
        "population": 1809,
        "feature_type": "populated place",
        "geoname_id": 977302
      }
    },
    {
      "type": "Feature",
      "geometry": {
        "type": "Point",
        "coordinates": [
          31.29522,
          -24.76579
        ]
      },
      "properties": {
        "name": "Dumfries B",
        "country": "South Africa",
        "region": "Mpumalanga",
        "elevation_m": null,
        "population": 1804,
        "feature_type": "populated place",
        "geoname_id": 13527154
      }
    },
    {
      "type": "Feature",
      "geometry": {
        "type": "Point",
        "coordinates": [
          30.63119,
          -29.34093
        ]
      },
      "properties": {
        "name": "Dalton",
        "country": "South Africa",
        "region": "KwaZulu-Natal",
        "elevation_m": null,
        "population": 1788,
        "feature_type": "populated place",
        "geoname_id": 1012080
      }
    },
    {
      "type": "Feature",
      "geometry": {
        "type": "Point",
        "coordinates": [
          30.301,
          -29.55453
        ]
      },
      "properties": {
        "name": "Hilton",
        "country": "South Africa",
        "region": "KwaZulu-Natal",
        "elevation_m": null,
        "population": 1787,
        "feature_type": "populated place",
        "geoname_id": 996419
      }
    },
    {
      "type": "Feature",
      "geometry": {
        "type": "Point",
        "coordinates": [
          30.91187,
          -26.25394
        ]
      },
      "properties": {
        "name": "Betty's Goed",
        "country": "South Africa",
        "region": "Mpumalanga",
        "elevation_m": null,
        "population": 1784,
        "feature_type": "populated place",
        "geoname_id": 12718817
      }
    },
    {
      "type": "Feature",
      "geometry": {
        "type": "Point",
        "coordinates": [
          31.01168,
          -24.60752
        ]
      },
      "properties": {
        "name": "Pelindaba",
        "country": "South Africa",
        "region": "Mpumalanga",
        "elevation_m": null,
        "population": 1768,
        "feature_type": "populated place",
        "geoname_id": 13527171
      }
    },
    {
      "type": "Feature",
      "geometry": {
        "type": "Point",
        "coordinates": [
          22.06257,
          -34.06501
        ]
      },
      "properties": {
        "name": "Brandwag",
        "country": "South Africa",
        "region": "Western Cape",
        "elevation_m": null,
        "population": 1761,
        "feature_type": "populated place",
        "geoname_id": 1015837
      }
    },
    {
      "type": "Feature",
      "geometry": {
        "type": "Point",
        "coordinates": [
          28.31578,
          -32.50598
        ]
      },
      "properties": {
        "name": "Centane",
        "country": "South Africa",
        "region": "Eastern Cape",
        "elevation_m": null,
        "population": 1744,
        "feature_type": "populated place",
        "geoname_id": 991359
      }
    },
    {
      "type": "Feature",
      "geometry": {
        "type": "Point",
        "coordinates": [
          16.48535,
          -28.59608
        ]
      },
      "properties": {
        "name": "Alexander Bay",
        "country": "South Africa",
        "region": "Northern Cape",
        "elevation_m": null,
        "population": 1736,
        "feature_type": "populated place",
        "geoname_id": 3370511
      }
    },
    {
      "type": "Feature",
      "geometry": {
        "type": "Point",
        "coordinates": [
          31.11911,
          -24.74512
        ]
      },
      "properties": {
        "name": "New Forest A",
        "country": "South Africa",
        "region": "Limpopo",
        "elevation_m": null,
        "population": 1731,
        "feature_type": "populated place",
        "geoname_id": 971393
      }
    },
    {
      "type": "Feature",
      "geometry": {
        "type": "Point",
        "coordinates": [
          20.52687,
          -34.04605
        ]
      },
      "properties": {
        "name": "Buffeljagsrivier",
        "country": "South Africa",
        "region": "Western Cape",
        "elevation_m": null,
        "population": 1724,
        "feature_type": "populated place",
        "geoname_id": 1015228
      }
    },
    {
      "type": "Feature",
      "geometry": {
        "type": "Point",
        "coordinates": [
          31.08247,
          -24.62853
        ]
      },
      "properties": {
        "name": "Rooiboklaagte A",
        "country": "South Africa",
        "region": "Mpumalanga",
        "elevation_m": null,
        "population": 1723,
        "feature_type": "populated place",
        "geoname_id": 13527166
      }
    },
    {
      "type": "Feature",
      "geometry": {
        "type": "Point",
        "coordinates": [
          31.29931,
          -24.922
        ]
      },
      "properties": {
        "name": "Fayini",
        "country": "South Africa",
        "region": "Mpumalanga",
        "elevation_m": null,
        "population": 1722,
        "feature_type": "populated place",
        "geoname_id": 13527214
      }
    },
    {
      "type": "Feature",
      "geometry": {
        "type": "Point",
        "coordinates": [
          21.82498,
          -30.35101
        ]
      },
      "properties": {
        "name": "Van Wyksvlei",
        "country": "South Africa",
        "region": "Northern Cape",
        "elevation_m": null,
        "population": 1721,
        "feature_type": "populated place",
        "geoname_id": 944774
      }
    },
    {
      "type": "Feature",
      "geometry": {
        "type": "Point",
        "coordinates": [
          29.33533,
          -24.18674
        ]
      },
      "properties": {
        "name": "Bergnek",
        "country": "South Africa",
        "region": "Limpopo",
        "elevation_m": null,
        "population": 1698,
        "feature_type": "populated place",
        "geoname_id": 1019995
      }
    },
    {
      "type": "Feature",
      "geometry": {
        "type": "Point",
        "coordinates": [
          19.75788,
          -34.58972
        ]
      },
      "properties": {
        "name": "Elim",
        "country": "South Africa",
        "region": "Western Cape",
        "elevation_m": null,
        "population": 1691,
        "feature_type": "populated place",
        "geoname_id": 3368057
      }
    },
    {
      "type": "Feature",
      "geometry": {
        "type": "Point",
        "coordinates": [
          31.61904,
          -27.37808
        ]
      },
      "properties": {
        "name": "Pongola",
        "country": "South Africa",
        "region": "KwaZulu-Natal",
        "elevation_m": null,
        "population": 1680,
        "feature_type": "seat of a third-order administrative division",
        "geoname_id": 964574
      }
    },
    {
      "type": "Feature",
      "geometry": {
        "type": "Point",
        "coordinates": [
          30.26667,
          -27.78333
        ]
      },
      "properties": {
        "name": "Waterval",
        "country": "South Africa",
        "region": "KwaZulu-Natal",
        "elevation_m": null,
        "population": 1674,
        "feature_type": "populated place",
        "geoname_id": 941458
      }
    },
    {
      "type": "Feature",
      "geometry": {
        "type": "Point",
        "coordinates": [
          21.84764,
          -28.7526
        ]
      },
      "properties": {
        "name": "Gannaput",
        "country": "South Africa",
        "region": "Northern Cape",
        "elevation_m": null,
        "population": 1674,
        "feature_type": "populated place",
        "geoname_id": 12718849
      }
    },
    {
      "type": "Feature",
      "geometry": {
        "type": "Point",
        "coordinates": [
          31.26075,
          -25.48562
        ]
      },
      "properties": {
        "name": "Mpakeni",
        "country": "South Africa",
        "region": "Mpumalanga",
        "elevation_m": null,
        "population": 1670,
        "feature_type": "populated place",
        "geoname_id": 973350
      }
    },
    {
      "type": "Feature",
      "geometry": {
        "type": "Point",
        "coordinates": [
          29.94074,
          -27.10565
        ]
      },
      "properties": {
        "name": "Palmietfontein",
        "country": "South Africa",
        "region": "Mpumalanga",
        "elevation_m": null,
        "population": 1670,
        "feature_type": "section of populated place",
        "geoname_id": 12808734
      }
    },
    {
      "type": "Feature",
      "geometry": {
        "type": "Point",
        "coordinates": [
          30.97528,
          -24.77028
        ]
      },
      "properties": {
        "name": "Tswafeng",
        "country": "South Africa",
        "region": "Mpumalanga",
        "elevation_m": null,
        "population": 1660,
        "feature_type": "populated place",
        "geoname_id": 947723
      }
    },
    {
      "type": "Feature",
      "geometry": {
        "type": "Point",
        "coordinates": [
          21.52342,
          -28.406
        ]
      },
      "properties": {
        "name": "Leerkrans",
        "country": "South Africa",
        "region": "Northern Cape",
        "elevation_m": null,
        "population": 1657,
        "feature_type": "populated place",
        "geoname_id": 12718848
      }
    },
    {
      "type": "Feature",
      "geometry": {
        "type": "Point",
        "coordinates": [
          18.91268,
          -34.3535
        ]
      },
      "properties": {
        "name": "Betty’s Bay",
        "country": "South Africa",
        "region": "Western Cape",
        "elevation_m": null,
        "population": 1653,
        "feature_type": "populated place",
        "geoname_id": 3370086
      }
    },
    {
      "type": "Feature",
      "geometry": {
        "type": "Point",
        "coordinates": [
          31.31361,
          -24.8101
        ]
      },
      "properties": {
        "name": "Matshaye",
        "country": "South Africa",
        "region": "Mpumalanga",
        "elevation_m": null,
        "population": 1640,
        "feature_type": "populated place",
        "geoname_id": 13527200
      }
    },
    {
      "type": "Feature",
      "geometry": {
        "type": "Point",
        "coordinates": [
          25.30251,
          -26.537
        ]
      },
      "properties": {
        "name": "Geysdorp",
        "country": "South Africa",
        "region": "North West",
        "elevation_m": null,
        "population": 1635,
        "feature_type": "populated place",
        "geoname_id": 1002044
      }
    },
    {
      "type": "Feature",
      "geometry": {
        "type": "Point",
        "coordinates": [
          23.69713,
          -25.46145
        ]
      },
      "properties": {
        "name": "Bray",
        "country": "South Africa",
        "region": "North West",
        "elevation_m": null,
        "population": 1625,
        "feature_type": "populated place",
        "geoname_id": 12718841
      }
    },
    {
      "type": "Feature",
      "geometry": {
        "type": "Point",
        "coordinates": [
          31.0575,
          -24.84993
        ]
      },
      "properties": {
        "name": "Masana",
        "country": "South Africa",
        "region": "Mpumalanga",
        "elevation_m": null,
        "population": 1616,
        "feature_type": "populated place",
        "geoname_id": 13527194
      }
    },
    {
      "type": "Feature",
      "geometry": {
        "type": "Point",
        "coordinates": [
          27.4747,
          -33.29042
        ]
      },
      "properties": {
        "name": "Hamburg",
        "country": "South Africa",
        "region": "Eastern Cape",
        "elevation_m": null,
        "population": 1615,
        "feature_type": "populated place",
        "geoname_id": 998131
      }
    },
    {
      "type": "Feature",
      "geometry": {
        "type": "Point",
        "coordinates": [
          27.54697,
          -32.70548
        ]
      },
      "properties": {
        "name": "Kei Road",
        "country": "South Africa",
        "region": "Eastern Cape",
        "elevation_m": null,
        "population": 1605,
        "feature_type": "populated place",
        "geoname_id": 991485
      }
    },
    {
      "type": "Feature",
      "geometry": {
        "type": "Point",
        "coordinates": [
          27.10296,
          -25.35916
        ]
      },
      "properties": {
        "name": "Sun Village",
        "country": "South Africa",
        "region": "North West",
        "elevation_m": null,
        "population": 1592,
        "feature_type": "populated place",
        "geoname_id": 12718840
      }
    },
    {
      "type": "Feature",
      "geometry": {
        "type": "Point",
        "coordinates": [
          30.10652,
          -28.31314
        ]
      },
      "properties": {
        "name": "Wasbank",
        "country": "South Africa",
        "region": "KwaZulu-Natal",
        "elevation_m": null,
        "population": 1585,
        "feature_type": "populated place",
        "geoname_id": 941914
      }
    },
    {
      "type": "Feature",
      "geometry": {
        "type": "Point",
        "coordinates": [
          31.02247,
          -24.65076
        ]
      },
      "properties": {
        "name": "Arthur’s Seat",
        "country": "South Africa",
        "region": "Mpumalanga",
        "elevation_m": null,
        "population": 1569,
        "feature_type": "populated place",
        "geoname_id": 1022210
      }
    },
    {
      "type": "Feature",
      "geometry": {
        "type": "Point",
        "coordinates": [
          18.22527,
          -31.58239
        ]
      },
      "properties": {
        "name": "Ebenhaeser",
        "country": "South Africa",
        "region": "Western Cape",
        "elevation_m": null,
        "population": 1563,
        "feature_type": "populated place",
        "geoname_id": 3368195
      }
    },
    {
      "type": "Feature",
      "geometry": {
        "type": "Point",
        "coordinates": [
          31.99705,
          -27.13313
        ]
      },
      "properties": {
        "name": "Ingwavuma",
        "country": "South Africa",
        "region": "KwaZulu-Natal",
        "elevation_m": null,
        "population": 1561,
        "feature_type": "populated place",
        "geoname_id": 994758
      }
    },
    {
      "type": "Feature",
      "geometry": {
        "type": "Point",
        "coordinates": [
          30.40458,
          -23.03847
        ]
      },
      "properties": {
        "name": "Lwamondo",
        "country": "South Africa",
        "region": "Limpopo",
        "elevation_m": null,
        "population": 1557,
        "feature_type": "populated place",
        "geoname_id": 12718793
      }
    },
    {
      "type": "Feature",
      "geometry": {
        "type": "Point",
        "coordinates": [
          27.09738,
          -25.33997
        ]
      },
      "properties": {
        "name": "Sun City",
        "country": "South Africa",
        "region": "North West",
        "elevation_m": null,
        "population": 1556,
        "feature_type": "populated place",
        "geoname_id": 12718839
      }
    },
    {
      "type": "Feature",
      "geometry": {
        "type": "Point",
        "coordinates": [
          31.41237,
          -24.63847
        ]
      },
      "properties": {
        "name": "Thulani",
        "country": "South Africa",
        "region": "Limpopo",
        "elevation_m": null,
        "population": 1551,
        "feature_type": "populated place",
        "geoname_id": 949023
      }
    },
    {
      "type": "Feature",
      "geometry": {
        "type": "Point",
        "coordinates": [
          27.318,
          -32.76494
        ]
      },
      "properties": {
        "name": "Tyusha",
        "country": "South Africa",
        "region": "Eastern Cape",
        "elevation_m": null,
        "population": 1544,
        "feature_type": "populated locality",
        "geoname_id": 946981
      }
    },
    {
      "type": "Feature",
      "geometry": {
        "type": "Point",
        "coordinates": [
          30.69097,
          -23.90209
        ]
      },
      "properties": {
        "name": "Murchison",
        "country": "South Africa",
        "region": "Limpopo",
        "elevation_m": null,
        "population": 1543,
        "feature_type": "populated place",
        "geoname_id": 972572
      }
    },
    {
      "type": "Feature",
      "geometry": {
        "type": "Point",
        "coordinates": [
          29.98333,
          -29.35
        ]
      },
      "properties": {
        "name": "Nottingham Road",
        "country": "South Africa",
        "region": "KwaZulu-Natal",
        "elevation_m": null,
        "population": 1530,
        "feature_type": "populated place",
        "geoname_id": 969619
      }
    },
    {
      "type": "Feature",
      "geometry": {
        "type": "Point",
        "coordinates": [
          31.10513,
          -29.55416
        ]
      },
      "properties": {
        "name": "Hambanathi",
        "country": "South Africa",
        "region": "KwaZulu-Natal",
        "elevation_m": null,
        "population": 1520,
        "feature_type": "populated place",
        "geoname_id": 12718773
      }
    },
    {
      "type": "Feature",
      "geometry": {
        "type": "Point",
        "coordinates": [
          20.23086,
          -34.66739
        ]
      },
      "properties": {
        "name": "Arniston",
        "country": "South Africa",
        "region": "Western Cape",
        "elevation_m": null,
        "population": 1518,
        "feature_type": "populated place",
        "geoname_id": 942206
      }
    },
    {
      "type": "Feature",
      "geometry": {
        "type": "Point",
        "coordinates": [
          18.23659,
          -31.8171
        ]
      },
      "properties": {
        "name": "Doringbaai",
        "country": "South Africa",
        "region": "Western Cape",
        "elevation_m": null,
        "population": 1509,
        "feature_type": "populated place",
        "geoname_id": 3368507
      }
    },
    {
      "type": "Feature",
      "geometry": {
        "type": "Point",
        "coordinates": [
          27.83798,
          -26.03673
        ]
      },
      "properties": {
        "name": "Muldersdriseloop",
        "country": "South Africa",
        "region": "Gauteng",
        "elevation_m": null,
        "population": 1500,
        "feature_type": "populated place",
        "geoname_id": 972673
      }
    },
    {
      "type": "Feature",
      "geometry": {
        "type": "Point",
        "coordinates": [
          19.53333,
          -34.33333
        ]
      },
      "properties": {
        "name": "Tesselaarsdal",
        "country": "South Africa",
        "region": "Western Cape",
        "elevation_m": 375,
        "population": 1500,
        "feature_type": "populated place",
        "geoname_id": 3360605
      }
    },
    {
      "type": "Feature",
      "geometry": {
        "type": "Point",
        "coordinates": [
          26.87483,
          -33.13235
        ]
      },
      "properties": {
        "name": "Glenmore",
        "country": "South Africa",
        "region": "Eastern Cape",
        "elevation_m": null,
        "population": 1491,
        "feature_type": "populated place",
        "geoname_id": 12718743
      }
    },
    {
      "type": "Feature",
      "geometry": {
        "type": "Point",
        "coordinates": [
          22.1425,
          -33.95528
        ]
      },
      "properties": {
        "name": "Friemersheim",
        "country": "South Africa",
        "region": "Western Cape",
        "elevation_m": null,
        "population": 1479,
        "feature_type": "populated place",
        "geoname_id": 12718859
      }
    },
    {
      "type": "Feature",
      "geometry": {
        "type": "Point",
        "coordinates": [
          32.02791,
          -27.61748
        ]
      },
      "properties": {
        "name": "Thembalethu",
        "country": "South Africa",
        "region": "KwaZulu-Natal",
        "elevation_m": null,
        "population": 1471,
        "feature_type": "populated place",
        "geoname_id": 12718772
      }
    },
    {
      "type": "Feature",
      "geometry": {
        "type": "Point",
        "coordinates": [
          28.53333,
          -25.9009
        ]
      },
      "properties": {
        "name": "Kameelkraal",
        "country": "South Africa",
        "region": "Gauteng",
        "elevation_m": null,
        "population": 1464,
        "feature_type": "populated place",
        "geoname_id": 12718759
      }
    },
    {
      "type": "Feature",
      "geometry": {
        "type": "Point",
        "coordinates": [
          31.36365,
          -24.65698
        ]
      },
      "properties": {
        "name": "Eglington A",
        "country": "South Africa",
        "region": "Mpumalanga",
        "elevation_m": null,
        "population": 1457,
        "feature_type": "populated place",
        "geoname_id": 13527142
      }
    },
    {
      "type": "Feature",
      "geometry": {
        "type": "Point",
        "coordinates": [
          18.67806,
          -33.01806
        ]
      },
      "properties": {
        "name": "Koringberg",
        "country": "South Africa",
        "region": "Western Cape",
        "elevation_m": null,
        "population": 1454,
        "feature_type": "populated place",
        "geoname_id": 3365182
      }
    },
    {
      "type": "Feature",
      "geometry": {
        "type": "Point",
        "coordinates": [
          30.89928,
          -23.09269
        ]
      },
      "properties": {
        "name": "Mtititi",
        "country": "South Africa",
        "region": "Limpopo",
        "elevation_m": null,
        "population": 1450,
        "feature_type": "populated place",
        "geoname_id": 972870
      }
    },
    {
      "type": "Feature",
      "geometry": {
        "type": "Point",
        "coordinates": [
          29.43314,
          -26.08266
        ]
      },
      "properties": {
        "name": "Blinkpan",
        "country": "South Africa",
        "region": "Mpumalanga",
        "elevation_m": null,
        "population": 1446,
        "feature_type": "populated place",
        "geoname_id": 1018838
      }
    },
    {
      "type": "Feature",
      "geometry": {
        "type": "Point",
        "coordinates": [
          31.13601,
          -24.6768
        ]
      },
      "properties": {
        "name": "Dingleydale B",
        "country": "South Africa",
        "region": "Mpumalanga",
        "elevation_m": null,
        "population": 1444,
        "feature_type": "populated place",
        "geoname_id": 13527162
      }
    },
    {
      "type": "Feature",
      "geometry": {
        "type": "Point",
        "coordinates": [
          30.68094,
          -30.40605
        ]
      },
      "properties": {
        "name": "Sezela",
        "country": "South Africa",
        "region": "KwaZulu-Natal",
        "elevation_m": null,
        "population": 1441,
        "feature_type": "populated place",
        "geoname_id": 956253
      }
    },
    {
      "type": "Feature",
      "geometry": {
        "type": "Point",
        "coordinates": [
          27.4806,
          -32.81899
        ]
      },
      "properties": {
        "name": "Hanover",
        "country": "South Africa",
        "region": "Eastern Cape",
        "elevation_m": null,
        "population": 1437,
        "feature_type": "populated place",
        "geoname_id": 997971
      }
    },
    {
      "type": "Feature",
      "geometry": {
        "type": "Point",
        "coordinates": [
          29.66537,
          -26.44477
        ]
      },
      "properties": {
        "name": "Davel",
        "country": "South Africa",
        "region": "Mpumalanga",
        "elevation_m": null,
        "population": 1429,
        "feature_type": "populated place",
        "geoname_id": 1011708
      }
    },
    {
      "type": "Feature",
      "geometry": {
        "type": "Point",
        "coordinates": [
          31.0298,
          -24.7375
        ]
      },
      "properties": {
        "name": "Rivoni",
        "country": "South Africa",
        "region": "Mpumalanga",
        "elevation_m": null,
        "population": 1424,
        "feature_type": "populated place",
        "geoname_id": 13527182
      }
    },
    {
      "type": "Feature",
      "geometry": {
        "type": "Point",
        "coordinates": [
          23.15084,
          -32.90194
        ]
      },
      "properties": {
        "name": "Rietbron",
        "country": "South Africa",
        "region": "Eastern Cape",
        "elevation_m": null,
        "population": 1418,
        "feature_type": "populated place",
        "geoname_id": 962251
      }
    },
    {
      "type": "Feature",
      "geometry": {
        "type": "Point",
        "coordinates": [
          30.71189,
          -25.49851
        ]
      },
      "properties": {
        "name": "Elandshoek",
        "country": "South Africa",
        "region": "Mpumalanga",
        "elevation_m": null,
        "population": 1410,
        "feature_type": "populated place",
        "geoname_id": 1006204
      }
    },
    {
      "type": "Feature",
      "geometry": {
        "type": "Point",
        "coordinates": [
          28.2534,
          -26.87212
        ]
      },
      "properties": {
        "name": "Mamello",
        "country": "South Africa",
        "region": "Gauteng",
        "elevation_m": null,
        "population": 1407,
        "feature_type": "populated place",
        "geoname_id": 12718758
      }
    },
    {
      "type": "Feature",
      "geometry": {
        "type": "Point",
        "coordinates": [
          29.35187,
          -28.73122
        ]
      },
      "properties": {
        "name": "Bergville",
        "country": "South Africa",
        "region": "KwaZulu-Natal",
        "elevation_m": null,
        "population": 1405,
        "feature_type": "seat of a third-order administrative division",
        "geoname_id": 1019933
      }
    },
    {
      "type": "Feature",
      "geometry": {
        "type": "Point",
        "coordinates": [
          30.99611,
          -24.66984
        ]
      },
      "properties": {
        "name": "Graigieburn",
        "country": "South Africa",
        "region": "Mpumalanga",
        "elevation_m": null,
        "population": 1394,
        "feature_type": "populated locality",
        "geoname_id": 13527178
      }
    },
    {
      "type": "Feature",
      "geometry": {
        "type": "Point",
        "coordinates": [
          29.4086,
          -26.11447
        ]
      },
      "properties": {
        "name": "Sizanane",
        "country": "South Africa",
        "region": "Mpumalanga",
        "elevation_m": null,
        "population": 1383,
        "feature_type": "populated place",
        "geoname_id": 12718816
      }
    },
    {
      "type": "Feature",
      "geometry": {
        "type": "Point",
        "coordinates": [
          18.16157,
          -33.34438
        ]
      },
      "properties": {
        "name": "Yzerfontein",
        "country": "South Africa",
        "region": "Western Cape",
        "elevation_m": null,
        "population": 1365,
        "feature_type": "populated place",
        "geoname_id": 3358975
      }
    },
    {
      "type": "Feature",
      "geometry": {
        "type": "Point",
        "coordinates": [
          31.30575,
          -25.67704
        ]
      },
      "properties": {
        "name": "Louieville",
        "country": "South Africa",
        "region": "Mpumalanga",
        "elevation_m": null,
        "population": 1364,
        "feature_type": "populated place",
        "geoname_id": 13527126
      }
    },
    {
      "type": "Feature",
      "geometry": {
        "type": "Point",
        "coordinates": [
          30.33051,
          -25.23237
        ]
      },
      "properties": {
        "name": "Bosoord",
        "country": "South Africa",
        "region": "Mpumalanga",
        "elevation_m": null,
        "population": 1353,
        "feature_type": "populated place",
        "geoname_id": 12718815
      }
    },
    {
      "type": "Feature",
      "geometry": {
        "type": "Point",
        "coordinates": [
          29.70407,
          -23.15265
        ]
      },
      "properties": {
        "name": "Louis Trichardt Airforce Base",
        "country": "South Africa",
        "region": "Limpopo",
        "elevation_m": null,
        "population": 1345,
        "feature_type": "populated place",
        "geoname_id": 12718792
      }
    },
    {
      "type": "Feature",
      "geometry": {
        "type": "Point",
        "coordinates": [
          31.58152,
          -29.02671
        ]
      },
      "properties": {
        "name": "KwaGingindlovu",
        "country": "South Africa",
        "region": "KwaZulu-Natal",
        "elevation_m": null,
        "population": 1328,
        "feature_type": "populated place",
        "geoname_id": 1001869
      }
    },
    {
      "type": "Feature",
      "geometry": {
        "type": "Point",
        "coordinates": [
          30.20584,
          -24.73118
        ]
      },
      "properties": {
        "name": "Steelpoort",
        "country": "South Africa",
        "region": "Mpumalanga",
        "elevation_m": null,
        "population": 1323,
        "feature_type": "populated place",
        "geoname_id": 952681
      }
    },
    {
      "type": "Feature",
      "geometry": {
        "type": "Point",
        "coordinates": [
          32.41181,
          -28.37622
        ]
      },
      "properties": {
        "name": "Saint Lucia",
        "country": "South Africa",
        "region": "KwaZulu-Natal",
        "elevation_m": null,
        "population": 1322,
        "feature_type": "populated place",
        "geoname_id": 958273
      }
    },
    {
      "type": "Feature",
      "geometry": {
        "type": "Point",
        "coordinates": [
          29.99771,
          -27.84017
        ]
      },
      "properties": {
        "name": "Ngagane",
        "country": "South Africa",
        "region": "KwaZulu-Natal",
        "elevation_m": null,
        "population": 1321,
        "feature_type": "populated place",
        "geoname_id": 971233
      }
    },
    {
      "type": "Feature",
      "geometry": {
        "type": "Point",
        "coordinates": [
          30.61895,
          -23.95307
        ]
      },
      "properties": {
        "name": "Gravelotte",
        "country": "South Africa",
        "region": "Limpopo",
        "elevation_m": null,
        "population": 1315,
        "feature_type": "populated place",
        "geoname_id": 1000162
      }
    },
    {
      "type": "Feature",
      "geometry": {
        "type": "Point",
        "coordinates": [
          29.36159,
          -30.81595
        ]
      },
      "properties": {
        "name": "Santombe",
        "country": "South Africa",
        "region": "Eastern Cape",
        "elevation_m": null,
        "population": 1299,
        "feature_type": "populated place",
        "geoname_id": 12718742
      }
    },
    {
      "type": "Feature",
      "geometry": {
        "type": "Point",
        "coordinates": [
          31.14713,
          -29.58971
        ]
      },
      "properties": {
        "name": "Ocean Drive-In",
        "country": "South Africa",
        "region": "KwaZulu-Natal",
        "elevation_m": null,
        "population": 1299,
        "feature_type": "populated place",
        "geoname_id": 12718771
      }
    },
    {
      "type": "Feature",
      "geometry": {
        "type": "Point",
        "coordinates": [
          29.04054,
          -24.62123
        ]
      },
      "properties": {
        "name": "Thusang",
        "country": "South Africa",
        "region": "Limpopo",
        "elevation_m": null,
        "population": 1299,
        "feature_type": "populated place",
        "geoname_id": 12718791
      }
    },
    {
      "type": "Feature",
      "geometry": {
        "type": "Point",
        "coordinates": [
          20.09484,
          -26.81168
        ]
      },
      "properties": {
        "name": "Philandersbron",
        "country": "South Africa",
        "region": "Northern Cape",
        "elevation_m": null,
        "population": 1295,
        "feature_type": "populated place",
        "geoname_id": 12718847
      }
    },
    {
      "type": "Feature",
      "geometry": {
        "type": "Point",
        "coordinates": [
          30.82101,
          -28.10478
        ]
      },
      "properties": {
        "name": "Loss",
        "country": "South Africa",
        "region": "KwaZulu-Natal",
        "elevation_m": null,
        "population": 1290,
        "feature_type": "populated place",
        "geoname_id": 12718770
      }
    },
    {
      "type": "Feature",
      "geometry": {
        "type": "Point",
        "coordinates": [
          29.76729,
          -29.80593
        ]
      },
      "properties": {
        "name": "Bulwer",
        "country": "South Africa",
        "region": "KwaZulu-Natal",
        "elevation_m": null,
        "population": 1285,
        "feature_type": "populated place",
        "geoname_id": 1014709
      }
    },
    {
      "type": "Feature",
      "geometry": {
        "type": "Point",
        "coordinates": [
          32.18304,
          -27.49124
        ]
      },
      "properties": {
        "name": "Hlalanathi",
        "country": "South Africa",
        "region": "KwaZulu-Natal",
        "elevation_m": null,
        "population": 1281,
        "feature_type": "populated place",
        "geoname_id": 12718769
      }
    },
    {
      "type": "Feature",
      "geometry": {
        "type": "Point",
        "coordinates": [
          19.11792,
          -33.90673
        ]
      },
      "properties": {
        "name": "Hugenote",
        "country": "South Africa",
        "region": "Western Cape",
        "elevation_m": null,
        "population": 1277,
        "feature_type": "populated place",
        "geoname_id": 12718858
      }
    },
    {
      "type": "Feature",
      "geometry": {
        "type": "Point",
        "coordinates": [
          27.88731,
          -26.90782
        ]
      },
      "properties": {
        "name": "Kragbron",
        "country": "South Africa",
        "region": "Free State",
        "elevation_m": null,
        "population": 1268,
        "feature_type": "populated place",
        "geoname_id": 987458
      }
    },
    {
      "type": "Feature",
      "geometry": {
        "type": "Point",
        "coordinates": [
          22.39709,
          -34.04832
        ]
      },
      "properties": {
        "name": "Herolds Bay",
        "country": "South Africa",
        "region": "Western Cape",
        "elevation_m": null,
        "population": 1268,
        "feature_type": "populated place",
        "geoname_id": 7304422
      }
    },
    {
      "type": "Feature",
      "geometry": {
        "type": "Point",
        "coordinates": [
          30.39554,
          -23.26352
        ]
      },
      "properties": {
        "name": "KaNdengeza",
        "country": "South Africa",
        "region": "Limpopo",
        "elevation_m": null,
        "population": 1267,
        "feature_type": "populated place",
        "geoname_id": 12718790
      }
    },
    {
      "type": "Feature",
      "geometry": {
        "type": "Point",
        "coordinates": [
          19.49647,
          -34.66277
        ]
      },
      "properties": {
        "name": "Pearly Beach",
        "country": "South Africa",
        "region": "Western Cape",
        "elevation_m": null,
        "population": 1248,
        "feature_type": "populated place",
        "geoname_id": 3362976
      }
    },
    {
      "type": "Feature",
      "geometry": {
        "type": "Point",
        "coordinates": [
          31.49851,
          -24.79855
        ]
      },
      "properties": {
        "name": "Sabi-Sand Game Reserve",
        "country": "South Africa",
        "region": "Mpumalanga",
        "elevation_m": null,
        "population": 1242,
        "feature_type": "populated place",
        "geoname_id": 13527202
      }
    },
    {
      "type": "Feature",
      "geometry": {
        "type": "Point",
        "coordinates": [
          19.04329,
          -33.87286
        ]
      },
      "properties": {
        "name": "Wemmershoek",
        "country": "South Africa",
        "region": "Western Cape",
        "elevation_m": null,
        "population": 1238,
        "feature_type": "populated place",
        "geoname_id": 12718857
      }
    },
    {
      "type": "Feature",
      "geometry": {
        "type": "Point",
        "coordinates": [
          26.94019,
          -32.59527
        ]
      },
      "properties": {
        "name": "Hogsback",
        "country": "South Africa",
        "region": "Eastern Cape",
        "elevation_m": null,
        "population": 1232,
        "feature_type": "populated place",
        "geoname_id": 996060
      }
    },
    {
      "type": "Feature",
      "geometry": {
        "type": "Point",
        "coordinates": [
          31.89125,
          -28.82957
        ]
      },
      "properties": {
        "name": "Felixton",
        "country": "South Africa",
        "region": "KwaZulu-Natal",
        "elevation_m": null,
        "population": 1225,
        "feature_type": "populated place",
        "geoname_id": 1004380
      }
    },
    {
      "type": "Feature",
      "geometry": {
        "type": "Point",
        "coordinates": [
          27.73154,
          -24.91651
        ]
      },
      "properties": {
        "name": "Leeupoort",
        "country": "South Africa",
        "region": "Limpopo",
        "elevation_m": null,
        "population": 1214,
        "feature_type": "populated place",
        "geoname_id": 983857
      }
    },
    {
      "type": "Feature",
      "geometry": {
        "type": "Point",
        "coordinates": [
          31.78465,
          -25.36512
        ]
      },
      "properties": {
        "name": "Marloth Park",
        "country": "South Africa",
        "region": "Mpumalanga",
        "elevation_m": null,
        "population": 1198,
        "feature_type": "populated place",
        "geoname_id": 7289237
      }
    },
    {
      "type": "Feature",
      "geometry": {
        "type": "Point",
        "coordinates": [
          19.4,
          -33.73333
        ]
      },
      "properties": {
        "name": "Brandvlei",
        "country": "South Africa",
        "region": "Western Cape",
        "elevation_m": null,
        "population": 1171,
        "feature_type": "populated place",
        "geoname_id": 3369367
      }
    },
    {
      "type": "Feature",
      "geometry": {
        "type": "Point",
        "coordinates": [
          18.65727,
          -33.81229
        ]
      },
      "properties": {
        "name": "Vierlanden",
        "country": "South Africa",
        "region": "Western Cape",
        "elevation_m": 153,
        "population": 1157,
        "feature_type": "populated place",
        "geoname_id": 8184439
      }
    },
    {
      "type": "Feature",
      "geometry": {
        "type": "Point",
        "coordinates": [
          31.44538,
          -24.67663
        ]
      },
      "properties": {
        "name": "Seville B",
        "country": "South Africa",
        "region": "Mpumalanga",
        "elevation_m": null,
        "population": 1149,
        "feature_type": "populated place",
        "geoname_id": 13527138
      }
    },
    {
      "type": "Feature",
      "geometry": {
        "type": "Point",
        "coordinates": [
          31.31677,
          -24.67424
        ]
      },
      "properties": {
        "name": "Eglington B",
        "country": "South Africa",
        "region": "Mpumalanga",
        "elevation_m": null,
        "population": 1054,
        "feature_type": "populated place",
        "geoname_id": 13527147
      }
    },
    {
      "type": "Feature",
      "geometry": {
        "type": "Point",
        "coordinates": [
          31.04765,
          -24.81927
        ]
      },
      "properties": {
        "name": "Masakeng",
        "country": "South Africa",
        "region": "Mpumalanga",
        "elevation_m": null,
        "population": 1051,
        "feature_type": "populated place",
        "geoname_id": 982298
      }
    },
    {
      "type": "Feature",
      "geometry": {
        "type": "Point",
        "coordinates": [
          30.48566,
          -27.01067
        ]
      },
      "properties": {
        "name": "KwaNgema",
        "country": "South Africa",
        "region": "Mpumalanga",
        "elevation_m": null,
        "population": 1006,
        "feature_type": "populated place",
        "geoname_id": 12808667
      }
    },
    {
      "type": "Feature",
      "geometry": {
        "type": "Point",
        "coordinates": [
          31.43162,
          -24.62164
        ]
      },
      "properties": {
        "name": "Hlalakahle",
        "country": "South Africa",
        "region": "Mpumalanga",
        "elevation_m": null,
        "population": 992,
        "feature_type": "populated place",
        "geoname_id": 13527133
      }
    },
    {
      "type": "Feature",
      "geometry": {
        "type": "Point",
        "coordinates": [
          31.44183,
          -24.70131
        ]
      },
      "properties": {
        "name": "Utlha A",
        "country": "South Africa",
        "region": "Mpumalanga",
        "elevation_m": null,
        "population": 880,
        "feature_type": "populated place",
        "geoname_id": 13527140
      }
    },
    {
      "type": "Feature",
      "geometry": {
        "type": "Point",
        "coordinates": [
          31.12495,
          -24.61547
        ]
      },
      "properties": {
        "name": "Mapaleng B",
        "country": "South Africa",
        "region": "Mpumalanga",
        "elevation_m": null,
        "population": 836,
        "feature_type": "populated place",
        "geoname_id": 13527165
      }
    },
    {
      "type": "Feature",
      "geometry": {
        "type": "Point",
        "coordinates": [
          31.308,
          -24.74721
        ]
      },
      "properties": {
        "name": "Dumfries C",
        "country": "South Africa",
        "region": "Mpumalanga",
        "elevation_m": null,
        "population": 813,
        "feature_type": "populated place",
        "geoname_id": 13527152
      }
    },
    {
      "type": "Feature",
      "geometry": {
        "type": "Point",
        "coordinates": [
          31.29794,
          -24.88111
        ]
      },
      "properties": {
        "name": "Malamule",
        "country": "South Africa",
        "region": "Mpumalanga",
        "elevation_m": null,
        "population": 813,
        "feature_type": "populated place",
        "geoname_id": 13527211
      }
    },
    {
      "type": "Feature",
      "geometry": {
        "type": "Point",
        "coordinates": [
          31.3266,
          -24.64887
        ]
      },
      "properties": {
        "name": "Clare C",
        "country": "South Africa",
        "region": "Mpumalanga",
        "elevation_m": null,
        "population": 804,
        "feature_type": "populated place",
        "geoname_id": 13527144
      }
    },
    {
      "type": "Feature",
      "geometry": {
        "type": "Point",
        "coordinates": [
          29.18566,
          -26.66055
        ]
      },
      "properties": {
        "name": "Charl Cilliers",
        "country": "South Africa",
        "region": "Mpumalanga",
        "elevation_m": null,
        "population": 771,
        "feature_type": "populated place",
        "geoname_id": 1013716
      }
    },
    {
      "type": "Feature",
      "geometry": {
        "type": "Point",
        "coordinates": [
          30.98311,
          -24.66282
        ]
      },
      "properties": {
        "name": "Setlhake",
        "country": "South Africa",
        "region": "Mpumalanga",
        "elevation_m": null,
        "population": 741,
        "feature_type": "israeli settlement",
        "geoname_id": 13527177
      }
    },
    {
      "type": "Feature",
      "geometry": {
        "type": "Point",
        "coordinates": [
          30.08933,
          -26.6007
        ]
      },
      "properties": {
        "name": "Camden",
        "country": "South Africa",
        "region": "Mpumalanga",
        "elevation_m": null,
        "population": 674,
        "feature_type": "populated place",
        "geoname_id": 1014220
      }
    },
    {
      "type": "Feature",
      "geometry": {
        "type": "Point",
        "coordinates": [
          31.44679,
          -24.693
        ]
      },
      "properties": {
        "name": "Utlha B",
        "country": "South Africa",
        "region": "Mpumalanga",
        "elevation_m": null,
        "population": 650,
        "feature_type": "populated place",
        "geoname_id": 13527139
      }
    },
    {
      "type": "Feature",
      "geometry": {
        "type": "Point",
        "coordinates": [
          31.41703,
          -24.66885
        ]
      },
      "properties": {
        "name": "Seville A",
        "country": "South Africa",
        "region": "Mpumalanga",
        "elevation_m": null,
        "population": 588,
        "feature_type": "populated place",
        "geoname_id": 13527137
      }
    },
    {
      "type": "Feature",
      "geometry": {
        "type": "Point",
        "coordinates": [
          18.58123,
          -33.66584
        ]
      },
      "properties": {
        "name": "Philadelphia",
        "country": "South Africa",
        "region": "Western Cape",
        "elevation_m": null,
        "population": 570,
        "feature_type": "populated place",
        "geoname_id": 3362900
      }
    },
    {
      "type": "Feature",
      "geometry": {
        "type": "Point",
        "coordinates": [
          31.25675,
          -24.83487
        ]
      },
      "properties": {
        "name": "Croquet Lawn B",
        "country": "South Africa",
        "region": "Mpumalanga",
        "elevation_m": null,
        "population": 560,
        "feature_type": "populated place",
        "geoname_id": 13527198
      }
    },
    {
      "type": "Feature",
      "geometry": {
        "type": "Point",
        "coordinates": [
          31.44744,
          -24.64772
        ]
      },
      "properties": {
        "name": "Thorndale",
        "country": "South Africa",
        "region": "Mpumalanga",
        "elevation_m": null,
        "population": 514,
        "feature_type": "populated place",
        "geoname_id": 13527135
      }
    },
    {
      "type": "Feature",
      "geometry": {
        "type": "Point",
        "coordinates": [
          31.42371,
          -24.6546
        ]
      },
      "properties": {
        "name": "Seville C",
        "country": "South Africa",
        "region": "Mpumalanga",
        "elevation_m": null,
        "population": 480,
        "feature_type": "populated place",
        "geoname_id": 13527136
      }
    },
    {
      "type": "Feature",
      "geometry": {
        "type": "Point",
        "coordinates": [
          31.55121,
          -25.4718
        ]
      },
      "properties": {
        "name": "M'hati",
        "country": "South Africa",
        "region": "Mpumalanga",
        "elevation_m": null,
        "population": 472,
        "feature_type": "populated place",
        "geoname_id": 13527120
      }
    },
    {
      "type": "Feature",
      "geometry": {
        "type": "Point",
        "coordinates": [
          31.27688,
          -25.71055
        ]
      },
      "properties": {
        "name": "Singobile",
        "country": "South Africa",
        "region": "Mpumalanga",
        "elevation_m": null,
        "population": 470,
        "feature_type": "populated place",
        "geoname_id": 955500
      }
    },
    {
      "type": "Feature",
      "geometry": {
        "type": "Point",
        "coordinates": [
          31.62009,
          -25.16654
        ]
      },
      "properties": {
        "name": "Kemps Cottage",
        "country": "South Africa",
        "region": "Mpumalanga",
        "elevation_m": null,
        "population": 418,
        "feature_type": "populated place",
        "geoname_id": 991422
      }
    },
    {
      "type": "Feature",
      "geometry": {
        "type": "Point",
        "coordinates": [
          31.47575,
          -24.694
        ]
      },
      "properties": {
        "name": "Phungwe",
        "country": "South Africa",
        "region": "Limpopo",
        "elevation_m": null,
        "population": 405,
        "feature_type": "populated place",
        "geoname_id": 965403
      }
    },
    {
      "type": "Feature",
      "geometry": {
        "type": "Point",
        "coordinates": [
          31.42093,
          -24.6359
        ]
      },
      "properties": {
        "name": "Gottenburg",
        "country": "South Africa",
        "region": "Mpumalanga",
        "elevation_m": null,
        "population": 400,
        "feature_type": "populated place",
        "geoname_id": 13527134
      }
    },
    {
      "type": "Feature",
      "geometry": {
        "type": "Point",
        "coordinates": [
          31.03847,
          -24.74879
        ]
      },
      "properties": {
        "name": "Violetbank A",
        "country": "South Africa",
        "region": "Mpumalanga",
        "elevation_m": null,
        "population": 376,
        "feature_type": "populated place",
        "geoname_id": 13527183
      }
    },
    {
      "type": "Feature",
      "geometry": {
        "type": "Point",
        "coordinates": [
          31.32003,
          -24.38102
        ]
      },
      "properties": {
        "name": "Timbavati",
        "country": "South Africa",
        "region": "Mpumalanga",
        "elevation_m": null,
        "population": 349,
        "feature_type": "populated place",
        "geoname_id": 13527130
      }
    },
    {
      "type": "Feature",
      "geometry": {
        "type": "Point",
        "coordinates": [
          31.15375,
          -24.19886
        ]
      },
      "properties": {
        "name": "Klaserie Private Nature Reserve",
        "country": "South Africa",
        "region": "Mpumalanga",
        "elevation_m": null,
        "population": 314,
        "feature_type": "populated place",
        "geoname_id": 13527129
      }
    },
    {
      "type": "Feature",
      "geometry": {
        "type": "Point",
        "coordinates": [
          31.28116,
          -25.67416
        ]
      },
      "properties": {
        "name": "Lilydale",
        "country": "South Africa",
        "region": "Mpumalanga",
        "elevation_m": null,
        "population": 306,
        "feature_type": "populated place",
        "geoname_id": 13527127
      }
    },
    {
      "type": "Feature",
      "geometry": {
        "type": "Point",
        "coordinates": [
          31.25588,
          -24.46453
        ]
      },
      "properties": {
        "name": "Thornybush Game Reserve",
        "country": "South Africa",
        "region": "Mpumalanga",
        "elevation_m": null,
        "population": 282,
        "feature_type": "populated place",
        "geoname_id": 13527131
      }
    },
    {
      "type": "Feature",
      "geometry": {
        "type": "Point",
        "coordinates": [
          31.28785,
          -25.66542
        ]
      },
      "properties": {
        "name": "Shiyalongubo",
        "country": "South Africa",
        "region": "Mpumalanga",
        "elevation_m": null,
        "population": 280,
        "feature_type": "populated place",
        "geoname_id": 13527125
      }
    },
    {
      "type": "Feature",
      "geometry": {
        "type": "Point",
        "coordinates": [
          31.34013,
          -25.53632
        ]
      },
      "properties": {
        "name": "Kaapmuiden",
        "country": "South Africa",
        "region": "Mpumalanga",
        "elevation_m": null,
        "population": 270,
        "feature_type": "populated place",
        "geoname_id": 993358
      }
    },
    {
      "type": "Feature",
      "geometry": {
        "type": "Point",
        "coordinates": [
          31.31253,
          -24.64837
        ]
      },
      "properties": {
        "name": "Clare B",
        "country": "South Africa",
        "region": "Mpumalanga",
        "elevation_m": null,
        "population": 254,
        "feature_type": "populated place",
        "geoname_id": 13527145
      }
    },
    {
      "type": "Feature",
      "geometry": {
        "type": "Point",
        "coordinates": [
          31.36547,
          -24.93006
        ]
      },
      "properties": {
        "name": "Jongilanga",
        "country": "South Africa",
        "region": "Mpumalanga",
        "elevation_m": null,
        "population": 235,
        "feature_type": "populated place",
        "geoname_id": 13527206
      }
    },
    {
      "type": "Feature",
      "geometry": {
        "type": "Point",
        "coordinates": [
          28.61591,
          -31.78319
        ]
      },
      "properties": {
        "name": "Qunu",
        "country": "South Africa",
        "region": "Eastern Cape",
        "elevation_m": null,
        "population": 213,
        "feature_type": "populated place",
        "geoname_id": 963482
      }
    },
    {
      "type": "Feature",
      "geometry": {
        "type": "Point",
        "coordinates": [
          29.96667,
          -29.66667
        ]
      },
      "properties": {
        "name": "Boston",
        "country": "South Africa",
        "region": "KwaZulu-Natal",
        "elevation_m": 1451,
        "population": 207,
        "feature_type": "populated place",
        "geoname_id": 1016800
      }
    },
    {
      "type": "Feature",
      "geometry": {
        "type": "Point",
        "coordinates": [
          31.35518,
          -24.15207
        ]
      },
      "properties": {
        "name": "Umbabat Nature Reserve",
        "country": "South Africa",
        "region": "Mpumalanga",
        "elevation_m": null,
        "population": 204,
        "feature_type": "populated place",
        "geoname_id": 13527128
      }
    },
    {
      "type": "Feature",
      "geometry": {
        "type": "Point",
        "coordinates": [
          31.16238,
          -24.70935
        ]
      },
      "properties": {
        "name": "Tshunelani B",
        "country": "South Africa",
        "region": "Mpumalanga",
        "elevation_m": null,
        "population": 143,
        "feature_type": "populated place",
        "geoname_id": 13527160
      }
    },
    {
      "type": "Feature",
      "geometry": {
        "type": "Point",
        "coordinates": [
          31.16613,
          -24.69927
        ]
      },
      "properties": {
        "name": "Tshunelani A",
        "country": "South Africa",
        "region": "Mpumalanga",
        "elevation_m": null,
        "population": 125,
        "feature_type": "populated place",
        "geoname_id": 13527159
      }
    },
    {
      "type": "Feature",
      "geometry": {
        "type": "Point",
        "coordinates": [
          31.46721,
          -24.9795
        ]
      },
      "properties": {
        "name": "Sabie Park",
        "country": "South Africa",
        "region": "Mpumalanga",
        "elevation_m": null,
        "population": 121,
        "feature_type": "populated place",
        "geoname_id": 13527207
      }
    },
    {
      "type": "Feature",
      "geometry": {
        "type": "Point",
        "coordinates": [
          31.47226,
          -24.60527
        ]
      },
      "properties": {
        "name": "Manyeleti Game reserve",
        "country": "South Africa",
        "region": "Mpumalanga",
        "elevation_m": null,
        "population": 114,
        "feature_type": "populated place",
        "geoname_id": 13527132
      }
    },
    {
      "type": "Feature",
      "geometry": {
        "type": "Point",
        "coordinates": [
          -2.82861,
          -71.67361
        ]
      },
      "properties": {
        "name": "South African National Antarctic Expedition IV",
        "country": "Antarctica",
        "region": "",
        "elevation_m": null,
        "population": 110,
        "feature_type": "populated place",
        "geoname_id": 13512724
      }
    },
    {
      "type": "Feature",
      "geometry": {
        "type": "Point",
        "coordinates": [
          25.18582,
          -33.895
        ]
      },
      "properties": {
        "name": "Crossways Farm Village",
        "country": "South Africa",
        "region": "Eastern Cape",
        "elevation_m": 220,
        "population": 100,
        "feature_type": "populated place",
        "geoname_id": 12104197
      }
    },
    {
      "type": "Feature",
      "geometry": {
        "type": "Point",
        "coordinates": [
          31.27272,
          -24.92376
        ]
      },
      "properties": {
        "name": "Chavelgaza",
        "country": "South Africa",
        "region": "Mpumalanga",
        "elevation_m": null,
        "population": 89,
        "feature_type": "populated place",
        "geoname_id": 13527215
      }
    },
    {
      "type": "Feature",
      "geometry": {
        "type": "Point",
        "coordinates": [
          31.22011,
          -24.99345
        ]
      },
      "properties": {
        "name": "Hoxani",
        "country": "South Africa",
        "region": "Mpumalanga",
        "elevation_m": null,
        "population": 86,
        "feature_type": "populated place",
        "geoname_id": 13527217
      }
    },
    {
      "type": "Feature",
      "geometry": {
        "type": "Point",
        "coordinates": [
          29.76962,
          -27.10038
        ]
      },
      "properties": {
        "name": "Majuba",
        "country": "South Africa",
        "region": "Mpumalanga",
        "elevation_m": null,
        "population": 65,
        "feature_type": "populated place",
        "geoname_id": 12808733
      }
    },
    {
      "type": "Feature",
      "geometry": {
        "type": "Point",
        "coordinates": [
          31.21339,
          -25.00658
        ]
      },
      "properties": {
        "name": "Mangwazi",
        "country": "South Africa",
        "region": "Mpumalanga",
        "elevation_m": null,
        "population": 61,
        "feature_type": "populated place",
        "geoname_id": 13527218
      }
    },
    {
      "type": "Feature",
      "geometry": {
        "type": "Point",
        "coordinates": [
          31.04653,
          -24.74485
        ]
      },
      "properties": {
        "name": "Violetbank B",
        "country": "South Africa",
        "region": "Mpumalanga",
        "elevation_m": null,
        "population": 60,
        "feature_type": "populated place",
        "geoname_id": 13527184
      }
    },
    {
      "type": "Feature",
      "geometry": {
        "type": "Point",
        "coordinates": [
          30.94189,
          -24.59343
        ]
      },
      "properties": {
        "name": "Salique State Forest",
        "country": "South Africa",
        "region": "Mpumalanga",
        "elevation_m": null,
        "population": 40,
        "feature_type": "populated place",
        "geoname_id": 13527172
      }
    },
    {
      "type": "Feature",
      "geometry": {
        "type": "Point",
        "coordinates": [
          30.36383,
          -25.67712
        ]
      },
      "properties": {
        "name": "Tranquilitas camping",
        "country": "South Africa",
        "region": "Mpumalanga",
        "elevation_m": 812,
        "population": 12,
        "feature_type": "populated place",
        "geoname_id": 12534571
      }
    },
    {
      "type": "Feature",
      "geometry": {
        "type": "Point",
        "coordinates": [
          19.77592,
          -32.87101
        ]
      },
      "properties": {
        "name": "Tankwa Padstal",
        "country": "South Africa",
        "region": "Western Cape",
        "elevation_m": null,
        "population": 10,
        "feature_type": "populated place",
        "geoname_id": 12501266
      }
    },
    {
      "type": "Feature",
      "geometry": {
        "type": "Point",
        "coordinates": [
          30.86601,
          -24.57706
        ]
      },
      "properties": {
        "name": "Mariepskop State Forest",
        "country": "South Africa",
        "region": "Mpumalanga",
        "elevation_m": null,
        "population": 4,
        "feature_type": "populated place",
        "geoname_id": 13527173
      }
    },
    {
      "type": "Feature",
      "geometry": {
        "type": "Point",
        "coordinates": [
          28.69655,
          -25.9989
        ]
      },
      "properties": {
        "name": "Waaikraal",
        "country": "South Africa",
        "region": "Gauteng",
        "elevation_m": null,
        "population": 0,
        "feature_type": "populated place",
        "geoname_id": 1105717
      }
    },
    {
      "type": "Feature",
      "geometry": {
        "type": "Point",
        "coordinates": [
          28.91944,
          -25.84833
        ]
      },
      "properties": {
        "name": "Crown Douglas",
        "country": "South Africa",
        "region": "Gauteng",
        "elevation_m": null,
        "population": 0,
        "feature_type": "populated place",
        "geoname_id": 1105718
      }
    },
    {
      "type": "Feature",
      "geometry": {
        "type": "Point",
        "coordinates": [
          28.8775,
          -25.82889
        ]
      },
      "properties": {
        "name": "Wilgerivier",
        "country": "South Africa",
        "region": "Gauteng",
        "elevation_m": null,
        "population": 0,
        "feature_type": "populated place",
        "geoname_id": 1105719
      }
    },
    {
      "type": "Feature",
      "geometry": {
        "type": "Point",
        "coordinates": [
          28.64167,
          -25.77333
        ]
      },
      "properties": {
        "name": "Percydale",
        "country": "South Africa",
        "region": "Gauteng",
        "elevation_m": null,
        "population": 0,
        "feature_type": "populated place",
        "geoname_id": 1105720
      }
    },
    {
      "type": "Feature",
      "geometry": {
        "type": "Point",
        "coordinates": [
          28.61222,
          -25.76417
        ]
      },
      "properties": {
        "name": "Forfar",
        "country": "South Africa",
        "region": "Gauteng",
        "elevation_m": null,
        "population": 0,
        "feature_type": "populated place",
        "geoname_id": 1105721
      }
    }
  ]
}