{
  "type": "FeatureCollection",
  "features": [
    {
      "type": "Feature",
      "geometry": {
        "type": "Point",
        "coordinates": [
          32.58322,
          -25.96553
        ]
      },
      "properties": {
        "name": "Maputo",
        "country": "Mozambique",
        "region": "Maputo City",
        "elevation_m": null,
        "population": 1254837,
        "feature_type": "capital of a political entity",
        "geoname_id": 1040652
      }
    },
    {
      "type": "Feature",
      "geometry": {
        "type": "Point",
        "coordinates": [
          32.45889,
          -25.96222
        ]
      },
      "properties": {
        "name": "Matola",
        "country": "Mozambique",
        "region": "Maputo Province",
        "elevation_m": null,
        "population": 1198988,
        "feature_type": "seat of a first-order administrative division",
        "geoname_id": 1039854
      }
    },
    {
      "type": "Feature",
      "geometry": {
        "type": "Point",
        "coordinates": [
          39.2666,
          -15.11646
        ]
      },
      "properties": {
        "name": "Nampula",
        "country": "Mozambique",
        "region": "Nampula",
        "elevation_m": null,
        "population": 770379,
        "feature_type": "seat of a first-order administrative division",
        "geoname_id": 1033356
      }
    },
    {
      "type": "Feature",
      "geometry": {
        "type": "Point",
        "coordinates": [
          34.83889,
          -19.84361
        ]
      },
      "properties": {
        "name": "Beira",
        "country": "Mozambique",
        "region": "Sofala",
        "elevation_m": null,
        "population": 687764,
        "feature_type": "seat of a first-order administrative division",
        "geoname_id": 1052373
      }
    },
    {
      "type": "Feature",
      "geometry": {
        "type": "Point",
        "coordinates": [
          33.48333,
          -19.11639
        ]
      },
      "properties": {
        "name": "Chimoio",
        "country": "Mozambique",
        "region": "Manica",
        "elevation_m": null,
        "population": 422046,
        "feature_type": "seat of a first-order administrative division",
        "geoname_id": 1049261
      }
    },
    {
      "type": "Feature",
      "geometry": {
        "type": "Point",
        "coordinates": [
          33.58667,
          -16.15639
        ]
      },
      "properties": {
        "name": "Tete",
        "country": "Mozambique",
        "region": "Tete",
        "elevation_m": null,
        "population": 357000,
        "feature_type": "seat of a first-order administrative division",
        "geoname_id": 1026014
      }
    },
    {
      "type": "Feature",
      "geometry": {
        "type": "Point",
        "coordinates": [
          36.88833,
          -17.87861
        ]
      },
      "properties": {
        "name": "Quelimane",
        "country": "Mozambique",
        "region": "Zambezia Province",
        "elevation_m": null,
        "population": 349842,
        "feature_type": "seat of a first-order administrative division",
        "geoname_id": 1028434
      }
    },
    {
      "type": "Feature",
      "geometry": {
        "type": "Point",
        "coordinates": [
          35.24056,
          -13.31278
        ]
      },
      "properties": {
        "name": "Lichinga",
        "country": "Mozambique",
        "region": "Niassa Province",
        "elevation_m": null,
        "population": 281341,
        "feature_type": "seat of a first-order administrative division",
        "geoname_id": 1043893
      }
    },
    {
      "type": "Feature",
      "geometry": {
        "type": "Point",
        "coordinates": [
          40.68538,
          -14.56257
        ]
      },
      "properties": {
        "name": "Nacala",
        "country": "Mozambique",
        "region": "Nampula",
        "elevation_m": null,
        "population": 239808,
        "feature_type": "populated place",
        "geoname_id": 1035025
      }
    },
    {
      "type": "Feature",
      "geometry": {
        "type": "Point",
        "coordinates": [
          40.51775,
          -12.97395
        ]
      },
      "properties": {
        "name": "Pemba",
        "country": "Mozambique",
        "region": "Cabo Delgado Province",
        "elevation_m": null,
        "population": 232932,
        "feature_type": "seat of a first-order administrative division",
        "geoname_id": 1028918
      }
    },
    {
      "type": "Feature",
      "geometry": {
        "type": "Point",
        "coordinates": [
          36.98556,
          -16.8375
        ]
      },
      "properties": {
        "name": "Mocuba",
        "country": "Mozambique",
        "region": "Zambezia Province",
        "elevation_m": null,
        "population": 196001,
        "feature_type": "populated place",
        "geoname_id": 1024694
      }
    },
    {
      "type": "Feature",
      "geometry": {
        "type": "Point",
        "coordinates": [
          36.97778,
          -15.46694
        ]
      },
      "properties": {
        "name": "Gurúè",
        "country": "Mozambique",
        "region": "Zambezia Province",
        "elevation_m": null,
        "population": 168971,
        "feature_type": "populated place",
        "geoname_id": 1045512
      }
    },
    {
      "type": "Feature",
      "geometry": {
        "type": "Point",
        "coordinates": [
          33.64417,
          -25.05194
        ]
      },
      "properties": {
        "name": "Xai-Xai",
        "country": "Mozambique",
        "region": "Gaza Province",
        "elevation_m": null,
        "population": 154356,
        "feature_type": "seat of a first-order administrative division",
        "geoname_id": 1024552
      }
    },
    {
      "type": "Feature",
      "geometry": {
        "type": "Point",
        "coordinates": [
          35.34722,
          -23.85972
        ]
      },
      "properties": {
        "name": "Maxixe",
        "country": "Mozambique",
        "region": "Inhambane Province",
        "elevation_m": null,
        "population": 126408,
        "feature_type": "populated place",
        "geoname_id": 1039536
      }
    },
    {
      "type": "Feature",
      "geometry": {
        "type": "Point",
        "coordinates": [
          35.65056,
          -14.3525
        ]
      },
      "properties": {
        "name": "Mandimba",
        "country": "Mozambique",
        "region": "Niassa Province",
        "elevation_m": null,
        "population": 118922,
        "feature_type": "populated place",
        "geoname_id": 1041190
      }
    },
    {
      "type": "Feature",
      "geometry": {
        "type": "Point",
        "coordinates": [
          31.99528,
          -25.44278
        ]
      },
      "properties": {
        "name": "Ressano Garcia",
        "country": "Mozambique",
        "region": "Maputo Province",
        "elevation_m": null,
        "population": 110000,
        "feature_type": "populated place",
        "geoname_id": 1028079
      }
    },
    {
      "type": "Feature",
      "geometry": {
        "type": "Point",
        "coordinates": [
          39.90861,
          -16.2325
        ]
      },
      "properties": {
        "name": "Angoche",
        "country": "Mozambique",
        "region": "Nampula",
        "elevation_m": null,
        "population": 104540,
        "feature_type": "populated place",
        "geoname_id": 1052944
      }
    },
    {
      "type": "Feature",
      "geometry": {
        "type": "Point",
        "coordinates": [
          35.38333,
          -23.865
        ]
      },
      "properties": {
        "name": "Inhambane",
        "country": "Mozambique",
        "region": "Inhambane Province",
        "elevation_m": null,
        "population": 95388,
        "feature_type": "seat of a first-order administrative division",
        "geoname_id": 1045114
      }
    },
    {
      "type": "Feature",
      "geometry": {
        "type": "Point",
        "coordinates": [
          36.53722,
          -14.80306
        ]
      },
      "properties": {
        "name": "Cuamba",
        "country": "Mozambique",
        "region": "Niassa Province",
        "elevation_m": null,
        "population": 91780,
        "feature_type": "populated place",
        "geoname_id": 1047660
      }
    },
    {
      "type": "Feature",
      "geometry": {
        "type": "Point",
        "coordinates": [
          38.99972,
          -13.12556
        ]
      },
      "properties": {
        "name": "Montepuez",
        "country": "Mozambique",
        "region": "Cabo Delgado Province",
        "elevation_m": null,
        "population": 88442,
        "feature_type": "populated place",
        "geoname_id": 1037125
      }
    },
    {
      "type": "Feature",
      "geometry": {
        "type": "Point",
        "coordinates": [
          34.74306,
          -19.60944
        ]
      },
      "properties": {
        "name": "Dondo",
        "country": "Mozambique",
        "region": "Sofala",
        "elevation_m": null,
        "population": 82260,
        "feature_type": "populated place",
        "geoname_id": 1024696
      }
    },
    {
      "type": "Feature",
      "geometry": {
        "type": "Point",
        "coordinates": [
          33.53056,
          -24.68667
        ]
      },
      "properties": {
        "name": "Chibuto",
        "country": "Mozambique",
        "region": "Gaza Province",
        "elevation_m": null,
        "population": 73393,
        "feature_type": "populated place",
        "geoname_id": 1049861
      }
    },
    {
      "type": "Feature",
      "geometry": {
        "type": "Point",
        "coordinates": [
          32.80722,
          -25.40222
        ]
      },
      "properties": {
        "name": "Manhiça",
        "country": "Mozambique",
        "region": "Maputo Province",
        "elevation_m": null,
        "population": 65240,
        "feature_type": "seat of a second-order administrative division",
        "geoname_id": 1040989
      }
    },
    {
      "type": "Feature",
      "geometry": {
        "type": "Point",
        "coordinates": [
          32.98333,
          -24.53333
        ]
      },
      "properties": {
        "name": "Chokwé",
        "country": "Mozambique",
        "region": "Gaza Province",
        "elevation_m": null,
        "population": 63695,
        "feature_type": "seat of a second-order administrative division",
        "geoname_id": 1048364
      }
    },
    {
      "type": "Feature",
      "geometry": {
        "type": "Point",
        "coordinates": [
          40.73447,
          -15.03466
        ]
      },
      "properties": {
        "name": "Mozambique",
        "country": "Mozambique",
        "region": "Nampula",
        "elevation_m": null,
        "population": 55829,
        "feature_type": "populated place",
        "geoname_id": 1037390
      }
    },
    {
      "type": "Feature",
      "geometry": {
        "type": "Point",
        "coordinates": [
          39.3425,
          -15.72028
        ]
      },
      "properties": {
        "name": "Nametil",
        "country": "Mozambique",
        "region": "Nampula",
        "elevation_m": null,
        "population": 52457,
        "feature_type": "populated place",
        "geoname_id": 1033827
      }
    },
    {
      "type": "Feature",
      "geometry": {
        "type": "Point",
        "coordinates": [
          40.30222,
          -14.91694
        ]
      },
      "properties": {
        "name": "Monapo",
        "country": "Mozambique",
        "region": "Nampula",
        "elevation_m": null,
        "population": 50134,
        "feature_type": "populated place",
        "geoname_id": 1037180
      }
    },
    {
      "type": "Feature",
      "geometry": {
        "type": "Point",
        "coordinates": [
          37.68833,
          -15.63556
        ]
      },
      "properties": {
        "name": "Alto Molocue",
        "country": "Mozambique",
        "region": "Zambezia Province",
        "elevation_m": null,
        "population": 49019,
        "feature_type": "populated place",
        "geoname_id": 1053143
      }
    },
    {
      "type": "Feature",
      "geometry": {
        "type": "Point",
        "coordinates": [
          35.94528,
          -18.29083
        ]
      },
      "properties": {
        "name": "Marromeu",
        "country": "Mozambique",
        "region": "Sofala",
        "elevation_m": null,
        "population": 45777,
        "feature_type": "populated place",
        "geoname_id": 1040397
      }
    },
    {
      "type": "Feature",
      "geometry": {
        "type": "Point",
        "coordinates": [
          40.35158,
          -11.35172
        ]
      },
      "properties": {
        "name": "Mocímboa da Praia",
        "country": "Mozambique",
        "region": "Cabo Delgado Province",
        "elevation_m": null,
        "population": 45313,
        "feature_type": "populated place",
        "geoname_id": 1024699
      }
    },
    {
      "type": "Feature",
      "geometry": {
        "type": "Point",
        "coordinates": [
          33.72944,
          -16.11528
        ]
      },
      "properties": {
        "name": "Moatize",
        "country": "Mozambique",
        "region": "Tete",
        "elevation_m": null,
        "population": 45213,
        "feature_type": "populated place",
        "geoname_id": 1024685
      }
    },
    {
      "type": "Feature",
      "geometry": {
        "type": "Point",
        "coordinates": [
          35.31667,
          -22
        ]
      },
      "properties": {
        "name": "Vilankulo",
        "country": "Mozambique",
        "region": "Inhambane Province",
        "elevation_m": null,
        "population": 43183,
        "feature_type": "populated place",
        "geoname_id": 1024683
      }
    },
    {
      "type": "Feature",
      "geometry": {
        "type": "Point",
        "coordinates": [
          32.87556,
          -18.93444
        ]
      },
      "properties": {
        "name": "Manica",
        "country": "Mozambique",
        "region": "Manica",
        "elevation_m": null,
        "population": 41961,
        "feature_type": "populated place",
        "geoname_id": 1040950
      }
    },
    {
      "type": "Feature",
      "geometry": {
        "type": "Point",
        "coordinates": [
          33.64861,
          -19.08833
        ]
      },
      "properties": {
        "name": "Gondola",
        "country": "Mozambique",
        "region": "Manica",
        "elevation_m": null,
        "population": 39351,
        "feature_type": "populated place",
        "geoname_id": 1045826
      }
    },
    {
      "type": "Feature",
      "geometry": {
        "type": "Point",
        "coordinates": [
          39.78167,
          -13.3825
        ]
      },
      "properties": {
        "name": "Chiúre",
        "country": "Mozambique",
        "region": "Cabo Delgado Province",
        "elevation_m": null,
        "population": 37871,
        "feature_type": "populated place",
        "geoname_id": 1048468
      }
    },
    {
      "type": "Feature",
      "geometry": {
        "type": "Point",
        "coordinates": [
          39.98361,
          -14.92056
        ]
      },
      "properties": {
        "name": "Namialo",
        "country": "Mozambique",
        "region": "Nampula",
        "elevation_m": null,
        "population": 37226,
        "feature_type": "populated place",
        "geoname_id": 1033797
      }
    },
    {
      "type": "Feature",
      "geometry": {
        "type": "Point",
        "coordinates": [
          35.77,
          -16.09861
        ]
      },
      "properties": {
        "name": "Milange",
        "country": "Mozambique",
        "region": "Zambezia Province",
        "elevation_m": null,
        "population": 35146,
        "feature_type": "populated place",
        "geoname_id": 1037721
      }
    },
    {
      "type": "Feature",
      "geometry": {
        "type": "Point",
        "coordinates": [
          37.00444,
          -14.87056
        ]
      },
      "properties": {
        "name": "Mutuáli",
        "country": "Mozambique",
        "region": "Nampula",
        "elevation_m": null,
        "population": 32921,
        "feature_type": "populated place",
        "geoname_id": 1088155
      }
    },
    {
      "type": "Feature",
      "geometry": {
        "type": "Point",
        "coordinates": [
          33.09889,
          -25.02694
        ]
      },
      "properties": {
        "name": "Macia",
        "country": "Mozambique",
        "region": "Gaza Province",
        "elevation_m": null,
        "population": 32286,
        "feature_type": "populated place",
        "geoname_id": 1024701
      }
    },
    {
      "type": "Feature",
      "geometry": {
        "type": "Point",
        "coordinates": [
          32.76472,
          -15.59583
        ]
      },
      "properties": {
        "name": "Songo",
        "country": "Mozambique",
        "region": "Tete",
        "elevation_m": null,
        "population": 31101,
        "feature_type": "populated place",
        "geoname_id": 1026755
      }
    },
    {
      "type": "Feature",
      "geometry": {
        "type": "Point",
        "coordinates": [
          38.32362,
          -14.94473
        ]
      },
      "properties": {
        "name": "Ribáuè",
        "country": "Mozambique",
        "region": "Nampula",
        "elevation_m": null,
        "population": 30241,
        "feature_type": "populated place",
        "geoname_id": 12718698
      }
    },
    {
      "type": "Feature",
      "geometry": {
        "type": "Point",
        "coordinates": [
          34.21278,
          -19.26917
        ]
      },
      "properties": {
        "name": "Nhamatanda",
        "country": "Mozambique",
        "region": "Sofala",
        "elevation_m": null,
        "population": 30087,
        "feature_type": "populated place",
        "geoname_id": 1024687
      }
    },
    {
      "type": "Feature",
      "geometry": {
        "type": "Point",
        "coordinates": [
          39.23333,
          -16.73333
        ]
      },
      "properties": {
        "name": "Micolene",
        "country": "Mozambique",
        "region": "Nampula",
        "elevation_m": null,
        "population": 29686,
        "feature_type": "populated place",
        "geoname_id": 1037792
      }
    },
    {
      "type": "Feature",
      "geometry": {
        "type": "Point",
        "coordinates": [
          40.35,
          -11.31667
        ]
      },
      "properties": {
        "name": "Mocímboa",
        "country": "Mozambique",
        "region": "Cabo Delgado Province",
        "elevation_m": null,
        "population": 27909,
        "feature_type": "populated place",
        "geoname_id": 1037370
      }
    },
    {
      "type": "Feature",
      "geometry": {
        "type": "Point",
        "coordinates": [
          32.33027,
          -26.04236
        ]
      },
      "properties": {
        "name": "Boane",
        "country": "Mozambique",
        "region": "Maputo Province",
        "elevation_m": null,
        "population": 27325,
        "feature_type": "populated place",
        "geoname_id": 1052191
      }
    },
    {
      "type": "Feature",
      "geometry": {
        "type": "Point",
        "coordinates": [
          39.55056,
          -11.66278
        ]
      },
      "properties": {
        "name": "Mueda",
        "country": "Mozambique",
        "region": "Cabo Delgado Province",
        "elevation_m": null,
        "population": 27274,
        "feature_type": "populated place",
        "geoname_id": 1036263
      }
    },
    {
      "type": "Feature",
      "geometry": {
        "type": "Point",
        "coordinates": [
          39.83151,
          -13.71302
        ]
      },
      "properties": {
        "name": "Namapa-erati",
        "country": "Mozambique",
        "region": "Nampula",
        "elevation_m": null,
        "population": 26383,
        "feature_type": "populated place",
        "geoname_id": 11205324
      }
    },
    {
      "type": "Feature",
      "geometry": {
        "type": "Point",
        "coordinates": [
          33.17361,
          -18.0575
        ]
      },
      "properties": {
        "name": "Catandica",
        "country": "Mozambique",
        "region": "Manica",
        "elevation_m": null,
        "population": 25869,
        "feature_type": "populated place",
        "geoname_id": 1050871
      }
    },
    {
      "type": "Feature",
      "geometry": {
        "type": "Point",
        "coordinates": [
          35.38139,
          -23.32917
        ]
      },
      "properties": {
        "name": "Massinga",
        "country": "Mozambique",
        "region": "Inhambane Province",
        "elevation_m": null,
        "population": 24312,
        "feature_type": "populated place",
        "geoname_id": 1040201
      }
    },
    {
      "type": "Feature",
      "geometry": {
        "type": "Point",
        "coordinates": [
          40.66389,
          -14.96778
        ]
      },
      "properties": {
        "name": "Mossuril",
        "country": "Mozambique",
        "region": "Nampula",
        "elevation_m": null,
        "population": 24079,
        "feature_type": "populated place",
        "geoname_id": 1037021
      }
    },
    {
      "type": "Feature",
      "geometry": {
        "type": "Point",
        "coordinates": [
          35.58417,
          -17.32694
        ]
      },
      "properties": {
        "name": "Morrumbala",
        "country": "Mozambique",
        "region": "Zambezia Province",
        "elevation_m": null,
        "population": 24076,
        "feature_type": "populated place",
        "geoname_id": 1037044
      }
    },
    {
      "type": "Feature",
      "geometry": {
        "type": "Point",
        "coordinates": [
          33.25844,
          -24.68941
        ]
      },
      "properties": {
        "name": "Xilembene",
        "country": "Mozambique",
        "region": "Gaza Province",
        "elevation_m": null,
        "population": 23742,
        "feature_type": "populated place",
        "geoname_id": 12718700
      }
    },
    {
      "type": "Feature",
      "geometry": {
        "type": "Point",
        "coordinates": [
          37.41591,
          -14.94747
        ]
      },
      "properties": {
        "name": "Malema",
        "country": "Mozambique",
        "region": "Nampula",
        "elevation_m": null,
        "population": 23553,
        "feature_type": "populated place",
        "geoname_id": 12718696
      }
    },
    {
      "type": "Feature",
      "geometry": {
        "type": "Point",
        "coordinates": [
          40.12083,
          -12.24667
        ]
      },
      "properties": {
        "name": "Macomia",
        "country": "Mozambique",
        "region": "Cabo Delgado Province",
        "elevation_m": null,
        "population": 23228,
        "feature_type": "populated place",
        "geoname_id": 1042456
      }
    },
    {
      "type": "Feature",
      "geometry": {
        "type": "Point",
        "coordinates": [
          37.02889,
          -17.49194
        ]
      },
      "properties": {
        "name": "Namacurra",
        "country": "Mozambique",
        "region": "Zambezia Province",
        "elevation_m": null,
        "population": 22647,
        "feature_type": "populated place",
        "geoname_id": 1034311
      }
    },
    {
      "type": "Feature",
      "geometry": {
        "type": "Point",
        "coordinates": [
          34.07278,
          -18.67556
        ]
      },
      "properties": {
        "name": "Gorongosa",
        "country": "Mozambique",
        "region": "Sofala",
        "elevation_m": null,
        "population": 21792,
        "feature_type": "populated place",
        "geoname_id": 1024680
      }
    },
    {
      "type": "Feature",
      "geometry": {
        "type": "Point",
        "coordinates": [
          35.34417,
          -17.82028
        ]
      },
      "properties": {
        "name": "Caia",
        "country": "Mozambique",
        "region": "Sofala",
        "elevation_m": null,
        "population": 21179,
        "feature_type": "populated place",
        "geoname_id": 1024692
      }
    },
    {
      "type": "Feature",
      "geometry": {
        "type": "Point",
        "coordinates": [
          38.0425,
          -15.025
        ]
      },
      "properties": {
        "name": "Iapala",
        "country": "Mozambique",
        "region": "Nampula",
        "elevation_m": null,
        "population": 20146,
        "feature_type": "populated place",
        "geoname_id": 1091197
      }
    },
    {
      "type": "Feature",
      "geometry": {
        "type": "Point",
        "coordinates": [
          38.67722,
          -15.45694
        ]
      },
      "properties": {
        "name": "Murrupula",
        "country": "Mozambique",
        "region": "Nampula",
        "elevation_m": null,
        "population": 19504,
        "feature_type": "populated place",
        "geoname_id": 1035471
      }
    },
    {
      "type": "Feature",
      "geometry": {
        "type": "Point",
        "coordinates": [
          37.50784,
          -17.31197
        ]
      },
      "properties": {
        "name": "Maganja",
        "country": "Mozambique",
        "region": "Zambezia Province",
        "elevation_m": null,
        "population": 17900,
        "feature_type": "populated place",
        "geoname_id": 1024703
      }
    },
    {
      "type": "Feature",
      "geometry": {
        "type": "Point",
        "coordinates": [
          36.45861,
          -18.58111
        ]
      },
      "properties": {
        "name": "Chinde",
        "country": "Mozambique",
        "region": "Zambezia Province",
        "elevation_m": null,
        "population": 17558,
        "feature_type": "populated place",
        "geoname_id": 1024697
      }
    },
    {
      "type": "Feature",
      "geometry": {
        "type": "Point",
        "coordinates": [
          38.135,
          -17.26417
        ]
      },
      "properties": {
        "name": "Pebane",
        "country": "Mozambique",
        "region": "Zambezia Province",
        "elevation_m": null,
        "population": 17167,
        "feature_type": "populated place",
        "geoname_id": 1028970
      }
    },
    {
      "type": "Feature",
      "geometry": {
        "type": "Point",
        "coordinates": [
          34.46735,
          -19.86439
        ]
      },
      "properties": {
        "name": "Búzi",
        "country": "Mozambique",
        "region": "Sofala",
        "elevation_m": null,
        "population": 16369,
        "feature_type": "populated place",
        "geoname_id": 12718693
      }
    },
    {
      "type": "Feature",
      "geometry": {
        "type": "Point",
        "coordinates": [
          32.73553,
          -18.98604
        ]
      },
      "properties": {
        "name": "Machipanda",
        "country": "Mozambique",
        "region": "Manica",
        "elevation_m": null,
        "population": 15962,
        "feature_type": "populated place",
        "geoname_id": 1095961
      }
    },
    {
      "type": "Feature",
      "geometry": {
        "type": "Point",
        "coordinates": [
          33.08226,
          -18.99161
        ]
      },
      "properties": {
        "name": "Messica",
        "country": "Mozambique",
        "region": "Manica",
        "elevation_m": null,
        "population": 15907,
        "feature_type": "populated place",
        "geoname_id": 12718697
      }
    },
    {
      "type": "Feature",
      "geometry": {
        "type": "Point",
        "coordinates": [
          34.36083,
          -14.72278
        ]
      },
      "properties": {
        "name": "Ulongué",
        "country": "Mozambique",
        "region": "Tete",
        "elevation_m": null,
        "population": 15820,
        "feature_type": "populated place",
        "geoname_id": 1025104
      }
    },
    {
      "type": "Feature",
      "geometry": {
        "type": "Point",
        "coordinates": [
          32.24607,
          -25.60268
        ]
      },
      "properties": {
        "name": "Moamba",
        "country": "Mozambique",
        "region": "Maputo Province",
        "elevation_m": null,
        "population": 14940,
        "feature_type": "populated place",
        "geoname_id": 1037408
      }
    },
    {
      "type": "Feature",
      "geometry": {
        "type": "Point",
        "coordinates": [
          34.81583,
          -12.695
        ]
      },
      "properties": {
        "name": "Metangula",
        "country": "Mozambique",
        "region": "Niassa Province",
        "elevation_m": null,
        "population": 14835,
        "feature_type": "populated place",
        "geoname_id": 1052702
      }
    },
    {
      "type": "Feature",
      "geometry": {
        "type": "Point",
        "coordinates": [
          32.01897,
          -25.97502
        ]
      },
      "properties": {
        "name": "Namaacha",
        "country": "Mozambique",
        "region": "Maputo Province",
        "elevation_m": null,
        "population": 14781,
        "feature_type": "populated place",
        "geoname_id": 1034421
      }
    },
    {
      "type": "Feature",
      "geometry": {
        "type": "Point",
        "coordinates": [
          35.20222,
          -21.53472
        ]
      },
      "properties": {
        "name": "Inhassoro",
        "country": "Mozambique",
        "region": "Inhambane Province",
        "elevation_m": null,
        "population": 13122,
        "feature_type": "populated place",
        "geoname_id": 1044995
      }
    },
    {
      "type": "Feature",
      "geometry": {
        "type": "Point",
        "coordinates": [
          32.67639,
          -25.73694
        ]
      },
      "properties": {
        "name": "Marracuene",
        "country": "Mozambique",
        "region": "Maputo Province",
        "elevation_m": null,
        "population": 13051,
        "feature_type": "populated place",
        "geoname_id": 1024688
      }
    },
    {
      "type": "Feature",
      "geometry": {
        "type": "Point",
        "coordinates": [
          35.345,
          -23.65778
        ]
      },
      "properties": {
        "name": "Morrumbene",
        "country": "Mozambique",
        "region": "Inhambane Province",
        "elevation_m": null,
        "population": 12532,
        "feature_type": "populated place",
        "geoname_id": 1037042
      }
    },
    {
      "type": "Feature",
      "geometry": {
        "type": "Point",
        "coordinates": [
          32.64806,
          -25.02306
        ]
      },
      "properties": {
        "name": "Magude",
        "country": "Mozambique",
        "region": "Maputo Province",
        "elevation_m": null,
        "population": 12419,
        "feature_type": "populated place",
        "geoname_id": 1041867
      }
    },
    {
      "type": "Feature",
      "geometry": {
        "type": "Point",
        "coordinates": [
          34.7425,
          -24.72028
        ]
      },
      "properties": {
        "name": "Quissico",
        "country": "Mozambique",
        "region": "Inhambane Province",
        "elevation_m": null,
        "population": 12070,
        "feature_type": "populated place",
        "geoname_id": 1028307
      }
    },
    {
      "type": "Feature",
      "geometry": {
        "type": "Point",
        "coordinates": [
          33.85639,
          -24.72389
        ]
      },
      "properties": {
        "name": "Manjacaze",
        "country": "Mozambique",
        "region": "Gaza Province",
        "elevation_m": null,
        "population": 11984,
        "feature_type": "populated place",
        "geoname_id": 1040937
      }
    },
    {
      "type": "Feature",
      "geometry": {
        "type": "Point",
        "coordinates": [
          35.0225,
          -18.41528
        ]
      },
      "properties": {
        "name": "Inhaminga",
        "country": "Mozambique",
        "region": "Sofala",
        "elevation_m": null,
        "population": 11564,
        "feature_type": "populated place",
        "geoname_id": 1045088
      }
    },
    {
      "type": "Feature",
      "geometry": {
        "type": "Point",
        "coordinates": [
          32.80038,
          -25.16047
        ]
      },
      "properties": {
        "name": "Xinavane",
        "country": "Mozambique",
        "region": "Maputo Province",
        "elevation_m": null,
        "population": 11534,
        "feature_type": "populated place",
        "geoname_id": 12718701
      }
    },
    {
      "type": "Feature",
      "geometry": {
        "type": "Point",
        "coordinates": [
          39.84667,
          -14.9925
        ]
      },
      "properties": {
        "name": "Meconta",
        "country": "Mozambique",
        "region": "Nampula",
        "elevation_m": null,
        "population": 10891,
        "feature_type": "populated place",
        "geoname_id": 1088746
      }
    },
    {
      "type": "Feature",
      "geometry": {
        "type": "Point",
        "coordinates": [
          35.06583,
          -17.42056
        ]
      },
      "properties": {
        "name": "Nhamayabué",
        "country": "Mozambique",
        "region": "Tete",
        "elevation_m": null,
        "population": 10088,
        "feature_type": "populated place",
        "geoname_id": 1046919
      }
    },
    {
      "type": "Feature",
      "geometry": {
        "type": "Point",
        "coordinates": [
          31.67861,
          -22.07917
        ]
      },
      "properties": {
        "name": "Vila Eduardo Mondlane",
        "country": "Mozambique",
        "region": "Gaza Province",
        "elevation_m": null,
        "population": 9665,
        "feature_type": "populated place",
        "geoname_id": 1049629
      }
    },
    {
      "type": "Feature",
      "geometry": {
        "type": "Point",
        "coordinates": [
          37.50453,
          -13.18877
        ]
      },
      "properties": {
        "name": "Marrupa",
        "country": "Mozambique",
        "region": "Niassa Province",
        "elevation_m": null,
        "population": 9565,
        "feature_type": "populated place",
        "geoname_id": 1040370
      }
    },
    {
      "type": "Feature",
      "geometry": {
        "type": "Point",
        "coordinates": [
          35.03028,
          -24.47694
        ]
      },
      "properties": {
        "name": "Inharrime",
        "country": "Mozambique",
        "region": "Inhambane Province",
        "elevation_m": null,
        "population": 9415,
        "feature_type": "populated place",
        "geoname_id": 1045007
      }
    },
    {
      "type": "Feature",
      "geometry": {
        "type": "Point",
        "coordinates": [
          33.24205,
          -25.27264
        ]
      },
      "properties": {
        "name": "Bilene",
        "country": "Mozambique",
        "region": "Gaza Province",
        "elevation_m": null,
        "population": 9235,
        "feature_type": "populated place",
        "geoname_id": 1028576
      }
    },
    {
      "type": "Feature",
      "geometry": {
        "type": "Point",
        "coordinates": [
          35.15139,
          -23.88444
        ]
      },
      "properties": {
        "name": "Homoíne",
        "country": "Mozambique",
        "region": "Inhambane Province",
        "elevation_m": null,
        "population": 8447,
        "feature_type": "populated place",
        "geoname_id": 1045449
      }
    },
    {
      "type": "Feature",
      "geometry": {
        "type": "Point",
        "coordinates": [
          36.10528,
          -18.39278
        ]
      },
      "properties": {
        "name": "Luabo",
        "country": "Mozambique",
        "region": "Zambezia Province",
        "elevation_m": null,
        "population": 7099,
        "feature_type": "populated place",
        "geoname_id": 1043458
      }
    },
    {
      "type": "Feature",
      "geometry": {
        "type": "Point",
        "coordinates": [
          35.87091,
          -15.19783
        ]
      },
      "properties": {
        "name": "Insaca",
        "country": "Mozambique",
        "region": "Niassa Province",
        "elevation_m": null,
        "population": 6668,
        "feature_type": "populated place",
        "geoname_id": 12718695
      }
    },
    {
      "type": "Feature",
      "geometry": {
        "type": "Point",
        "coordinates": [
          32.94287,
          -24.41703
        ]
      },
      "properties": {
        "name": "Caniçado",
        "country": "Mozambique",
        "region": "Gaza Province",
        "elevation_m": null,
        "population": 6608,
        "feature_type": "populated place",
        "geoname_id": 12718694
      }
    },
    {
      "type": "Feature",
      "geometry": {
        "type": "Point",
        "coordinates": [
          40.5859,
          -12.3426
        ]
      },
      "properties": {
        "name": "Ibo",
        "country": "Mozambique",
        "region": "Cabo Delgado Province",
        "elevation_m": null,
        "population": 5701,
        "feature_type": "populated place",
        "geoname_id": 1024695
      }
    },
    {
      "type": "Feature",
      "geometry": {
        "type": "Point",
        "coordinates": [
          35.05008,
          -12.90597
        ]
      },
      "properties": {
        "name": "Sanga",
        "country": "Mozambique",
        "region": "Niassa Province",
        "elevation_m": null,
        "population": 4184,
        "feature_type": "populated place",
        "geoname_id": 12718699
      }
    },
    {
      "type": "Feature",
      "geometry": {
        "type": "Point",
        "coordinates": [
          32.66746,
          -26.34065
        ]
      },
      "properties": {
        "name": "Bela Vista",
        "country": "Mozambique",
        "region": "Maputo Province",
        "elevation_m": null,
        "population": 3006,
        "feature_type": "populated place",
        "geoname_id": 1052365
      }
    },
    {
      "type": "Feature",
      "geometry": {
        "type": "Point",
        "coordinates": [
          32.88783,
          -26.84781
        ]
      },
      "properties": {
        "name": "Ponta d'Ouro",
        "country": "Mozambique",
        "region": "Maputo Province",
        "elevation_m": null,
        "population": 2738,
        "feature_type": "populated place",
        "geoname_id": 6942241
      }
    },
    {
      "type": "Feature",
      "geometry": {
        "type": "Point",
        "coordinates": [
          35.02222,
          -20.98806
        ]
      },
      "properties": {
        "name": "Nova Mambone",
        "country": "Mozambique",
        "region": "Inhambane Province",
        "elevation_m": null,
        "population": 2482,
        "feature_type": "populated place",
        "geoname_id": 1029537
      }
    },
    {
      "type": "Feature",
      "geometry": {
        "type": "Point",
        "coordinates": [
          33.465,
          -25.12556
        ]
      },
      "properties": {
        "name": "C. Maxanuquene",
        "country": "Mozambique",
        "region": "Gaza Province",
        "elevation_m": null,
        "population": 0,
        "feature_type": "populated place",
        "geoname_id": 1099890
      }
    },
    {
      "type": "Feature",
      "geometry": {
        "type": "Point",
        "coordinates": [
          32.07083,
          -22.96583
        ]
      },
      "properties": {
        "name": "Macaia",
        "country": "Mozambique",
        "region": "Gaza Province",
        "elevation_m": null,
        "population": 0,
        "feature_type": "populated place",
        "geoname_id": 1099891
      }
    },
    {
      "type": "Feature",
      "geometry": {
        "type": "Point",
        "coordinates": [
          33.41083,
          -25.10222
        ]
      },
      "properties": {
        "name": "C. Chirrinzanine",
        "country": "Mozambique",
        "region": "Gaza Province",
        "elevation_m": null,
        "population": 0,
        "feature_type": "populated place",
        "geoname_id": 1099892
      }
    },
    {
      "type": "Feature",
      "geometry": {
        "type": "Point",
        "coordinates": [
          32.06083,
          -22.98806
        ]
      },
      "properties": {
        "name": "Meque",
        "country": "Mozambique",
        "region": "Gaza Province",
        "elevation_m": null,
        "population": 0,
        "feature_type": "populated place",
        "geoname_id": 1099893
      }
    },
    {
      "type": "Feature",
      "geometry": {
        "type": "Point",
        "coordinates": [
          32.05583,
          -22.97944
        ]
      },
      "properties": {
        "name": "Dengueza",
        "country": "Mozambique",
        "region": "Gaza Province",
        "elevation_m": null,
        "population": 0,
        "feature_type": "populated place",
        "geoname_id": 1099895
      }
    },
    {
      "type": "Feature",
      "geometry": {
        "type": "Point",
        "coordinates": [
          32.08111,
          -22.97722
        ]
      },
      "properties": {
        "name": "Paposêco",
        "country": "Mozambique",
        "region": "Gaza Province",
        "elevation_m": null,
        "population": 0,
        "feature_type": "populated place",
        "geoname_id": 1099896
      }
    },
    {
      "type": "Feature",
      "geometry": {
        "type": "Point",
        "coordinates": [
          34.575,
          -24.6575
        ]
      },
      "properties": {
        "name": "Induna Abnero",
        "country": "Mozambique",
        "region": "Inhambane Province",
        "elevation_m": null,
        "population": 0,
        "feature_type": "populated place",
        "geoname_id": 1099897
      }
    },
    {
      "type": "Feature",
      "geometry": {
        "type": "Point",
        "coordinates": [
          34.65972,
          -24.66222
        ]
      },
      "properties": {
        "name": "Cat. Baptista",
        "country": "Mozambique",
        "region": "Inhambane Province",
        "elevation_m": null,
        "population": 0,
        "feature_type": "populated place",
        "geoname_id": 1099901
      }
    },
    {
      "type": "Feature",
      "geometry": {
        "type": "Point",
        "coordinates": [
          34.60861,
          -24.66833
        ]
      },
      "properties": {
        "name": "G. Bulo",
        "country": "Mozambique",
        "region": "Inhambane Province",
        "elevation_m": null,
        "population": 0,
        "feature_type": "populated place",
        "geoname_id": 1099903
      }
    },
    {
      "type": "Feature",
      "geometry": {
        "type": "Point",
        "coordinates": [
          33.45389,
          -25.09389
        ]
      },
      "properties": {
        "name": "Aldeia Vóz Da da Frelimo",
        "country": "Mozambique",
        "region": "Gaza Province",
        "elevation_m": null,
        "population": 0,
        "feature_type": "populated place",
        "geoname_id": 1099904
      }
    },
    {
      "type": "Feature",
      "geometry": {
        "type": "Point",
        "coordinates": [
          33.47278,
          -25.04944
        ]
      },
      "properties": {
        "name": "C. Lumane",
        "country": "Mozambique",
        "region": "Gaza Province",
        "elevation_m": null,
        "population": 0,
        "feature_type": "populated place",
        "geoname_id": 1099908
      }
    },
    {
      "type": "Feature",
      "geometry": {
        "type": "Point",
        "coordinates": [
          33.48472,
          -25.04194
        ]
      },
      "properties": {
        "name": "Aldeia V. Lenine",
        "country": "Mozambique",
        "region": "Gaza Province",
        "elevation_m": null,
        "population": 0,
        "feature_type": "populated place",
        "geoname_id": 1099909
      }
    },
    {
      "type": "Feature",
      "geometry": {
        "type": "Point",
        "coordinates": [
          34.67139,
          -24.66778
        ]
      },
      "properties": {
        "name": "Induna Zefanias",
        "country": "Mozambique",
        "region": "Inhambane Province",
        "elevation_m": null,
        "population": 0,
        "feature_type": "populated place",
        "geoname_id": 1099910
      }
    },
    {
      "type": "Feature",
      "geometry": {
        "type": "Point",
        "coordinates": [
          32.06806,
          -22.95444
        ]
      },
      "properties": {
        "name": "Uhura",
        "country": "Mozambique",
        "region": "Gaza Province",
        "elevation_m": null,
        "population": 0,
        "feature_type": "populated place",
        "geoname_id": 1099911
      }
    },
    {
      "type": "Feature",
      "geometry": {
        "type": "Point",
        "coordinates": [
          32.0525,
          -22.95139
        ]
      },
      "properties": {
        "name": "Lehete",
        "country": "Mozambique",
        "region": "Gaza Province",
        "elevation_m": null,
        "population": 0,
        "feature_type": "populated place",
        "geoname_id": 1099912
      }
    },
    {
      "type": "Feature",
      "geometry": {
        "type": "Point",
        "coordinates": [
          32.03611,
          -22.92139
        ]
      },
      "properties": {
        "name": "Xeneape",
        "country": "Mozambique",
        "region": "Gaza Province",
        "elevation_m": null,
        "population": 0,
        "feature_type": "populated place",
        "geoname_id": 1099914
      }
    },
    {
      "type": "Feature",
      "geometry": {
        "type": "Point",
        "coordinates": [
          33.47639,
          -25.05583
        ]
      },
      "properties": {
        "name": "Lumane",
        "country": "Mozambique",
        "region": "Gaza Province",
        "elevation_m": null,
        "population": 0,
        "feature_type": "populated place",
        "geoname_id": 1099916
      }
    },
    {
      "type": "Feature",
      "geometry": {
        "type": "Point",
        "coordinates": [
          33.44417,
          -25.02611
        ]
      },
      "properties": {
        "name": "C. Chacul",
        "country": "Mozambique",
        "region": "",
        "elevation_m": null,
        "population": 0,
        "feature_type": "populated place",
        "geoname_id": 1099918
      }
    },
    {
      "type": "Feature",
      "geometry": {
        "type": "Point",
        "coordinates": [
          33.40444,
          -25.02278
        ]
      },
      "properties": {
        "name": "Tlacula",
        "country": "Mozambique",
        "region": "Gaza Province",
        "elevation_m": null,
        "population": 0,
        "feature_type": "populated place",
        "geoname_id": 1099919
      }
    },
    {
      "type": "Feature",
      "geometry": {
        "type": "Point",
        "coordinates": [
          32.035,
          -22.88556
        ]
      },
      "properties": {
        "name": "Volante",
        "country": "Mozambique",
        "region": "Gaza Province",
        "elevation_m": null,
        "population": 0,
        "feature_type": "populated place",
        "geoname_id": 1099921
      }
    },
    {
      "type": "Feature",
      "geometry": {
        "type": "Point",
        "coordinates": [
          33.44361,
          -25.00139
        ]
      },
      "properties": {
        "name": "C. Caichane",
        "country": "Mozambique",
        "region": "Gaza Province",
        "elevation_m": null,
        "population": 0,
        "feature_type": "populated place",
        "geoname_id": 1099922
      }
    },
    {
      "type": "Feature",
      "geometry": {
        "type": "Point",
        "coordinates": [
          33.77889,
          -24.89778
        ]
      },
      "properties": {
        "name": "Induna Matusse",
        "country": "Mozambique",
        "region": "Gaza Province",
        "elevation_m": null,
        "population": 0,
        "feature_type": "populated place",
        "geoname_id": 1099923
      }
    },
    {
      "type": "Feature",
      "geometry": {
        "type": "Point",
        "coordinates": [
          32.01778,
          -22.87583
        ]
      },
      "properties": {
        "name": "Chefe Buiela",
        "country": "Mozambique",
        "region": "Gaza Province",
        "elevation_m": null,
        "population": 0,
        "feature_type": "populated place",
        "geoname_id": 1099924
      }
    },
    {
      "type": "Feature",
      "geometry": {
        "type": "Point",
        "coordinates": [
          33.48722,
          -25.01
        ]
      },
      "properties": {
        "name": "R. Chiconela",
        "country": "Mozambique",
        "region": "Gaza Province",
        "elevation_m": null,
        "population": 0,
        "feature_type": "populated place",
        "geoname_id": 1099931
      }
    },
    {
      "type": "Feature",
      "geometry": {
        "type": "Point",
        "coordinates": [
          33.76444,
          -24.95389
        ]
      },
      "properties": {
        "name": "Regedor Siaia",
        "country": "Mozambique",
        "region": "Gaza Province",
        "elevation_m": null,
        "population": 0,
        "feature_type": "populated place",
        "geoname_id": 1099932
      }
    },
    {
      "type": "Feature",
      "geometry": {
        "type": "Point",
        "coordinates": [
          33.76917,
          -24.96972
        ]
      },
      "properties": {
        "name": "Chefe Nhocuene",
        "country": "Mozambique",
        "region": "Gaza Province",
        "elevation_m": null,
        "population": 0,
        "feature_type": "populated place",
        "geoname_id": 1099933
      }
    },
    {
      "type": "Feature",
      "geometry": {
        "type": "Point",
        "coordinates": [
          33.51944,
          -25.01417
        ]
      },
      "properties": {
        "name": "C. Choane",
        "country": "Mozambique",
        "region": "Gaza Province",
        "elevation_m": null,
        "population": 0,
        "feature_type": "populated place",
        "geoname_id": 1099934
      }
    },
    {
      "type": "Feature",
      "geometry": {
        "type": "Point",
        "coordinates": [
          33.51056,
          -25.01056
        ]
      },
      "properties": {
        "name": "José Andrade",
        "country": "Mozambique",
        "region": "Gaza Province",
        "elevation_m": null,
        "population": 0,
        "feature_type": "populated place",
        "geoname_id": 1099936
      }
    },
    {
      "type": "Feature",
      "geometry": {
        "type": "Point",
        "coordinates": [
          33.56167,
          -25.00778
        ]
      },
      "properties": {
        "name": "Madoda Balecane",
        "country": "Mozambique",
        "region": "Gaza Province",
        "elevation_m": null,
        "population": 0,
        "feature_type": "populated place",
        "geoname_id": 1099937
      }
    },
    {
      "type": "Feature",
      "geometry": {
        "type": "Point",
        "coordinates": [
          33.77917,
          -24.99056
        ]
      },
      "properties": {
        "name": "Freire de Andrede",
        "country": "Mozambique",
        "region": "Gaza Province",
        "elevation_m": null,
        "population": 0,
        "feature_type": "populated place",
        "geoname_id": 1099940
      }
    },
    {
      "type": "Feature",
      "geometry": {
        "type": "Point",
        "coordinates": [
          33.59528,
          -25.03667
        ]
      },
      "properties": {
        "name": "C. Denguene",
        "country": "Mozambique",
        "region": "Gaza Province",
        "elevation_m": null,
        "population": 0,
        "feature_type": "populated place",
        "geoname_id": 1099944
      }
    },
    {
      "type": "Feature",
      "geometry": {
        "type": "Point",
        "coordinates": [
          33.8725,
          -24.97528
        ]
      },
      "properties": {
        "name": "Chefe Nhatsembene",
        "country": "Mozambique",
        "region": "Gaza Province",
        "elevation_m": null,
        "population": 0,
        "feature_type": "populated place",
        "geoname_id": 1099950
      }
    },
    {
      "type": "Feature",
      "geometry": {
        "type": "Point",
        "coordinates": [
          33.86583,
          -24.98611
        ]
      },
      "properties": {
        "name": "Tomás",
        "country": "Mozambique",
        "region": "Gaza Province",
        "elevation_m": null,
        "population": 0,
        "feature_type": "populated place",
        "geoname_id": 1099951
      }
    },
    {
      "type": "Feature",
      "geometry": {
        "type": "Point",
        "coordinates": [
          33.69861,
          -25.03861
        ]
      },
      "properties": {
        "name": "B. Nuno",
        "country": "Mozambique",
        "region": "Gaza Province",
        "elevation_m": null,
        "population": 0,
        "feature_type": "populated place",
        "geoname_id": 1099963
      }
    },
    {
      "type": "Feature",
      "geometry": {
        "type": "Point",
        "coordinates": [
          33.78833,
          -25.04083
        ]
      },
      "properties": {
        "name": "C Goanine",
        "country": "Mozambique",
        "region": "Gaza Province",
        "elevation_m": null,
        "population": 0,
        "feature_type": "populated place",
        "geoname_id": 1099965
      }
    },
    {
      "type": "Feature",
      "geometry": {
        "type": "Point",
        "coordinates": [
          33.74306,
          -25.04944
        ]
      },
      "properties": {
        "name": "I. Dimane",
        "country": "Mozambique",
        "region": "Gaza Province",
        "elevation_m": null,
        "population": 0,
        "feature_type": "populated place",
        "geoname_id": 1099969
      }
    },
    {
      "type": "Feature",
      "geometry": {
        "type": "Point",
        "coordinates": [
          34.80667,
          -24.585
        ]
      },
      "properties": {
        "name": "Chongone",
        "country": "Mozambique",
        "region": "Inhambane Province",
        "elevation_m": null,
        "population": 0,
        "feature_type": "populated place",
        "geoname_id": 1099988
      }
    },
    {
      "type": "Feature",
      "geometry": {
        "type": "Point",
        "coordinates": [
          34.70861,
          -24.59083
        ]
      },
      "properties": {
        "name": "Nachilambo",
        "country": "Mozambique",
        "region": "Inhambane Province",
        "elevation_m": null,
        "population": 0,
        "feature_type": "populated place",
        "geoname_id": 1099992
      }
    },
    {
      "type": "Feature",
      "geometry": {
        "type": "Point",
        "coordinates": [
          34.735,
          -24.6225
        ]
      },
      "properties": {
        "name": "Penhane Peni",
        "country": "Mozambique",
        "region": "Inhambane Province",
        "elevation_m": null,
        "population": 0,
        "feature_type": "populated place",
        "geoname_id": 1100000
      }
    },
    {
      "type": "Feature",
      "geometry": {
        "type": "Point",
        "coordinates": [
          34.71972,
          -24.63333
        ]
      },
      "properties": {
        "name": "São Saranga",
        "country": "Mozambique",
        "region": "Inhambane Province",
        "elevation_m": null,
        "population": 0,
        "feature_type": "populated place",
        "geoname_id": 1100001
      }
    },
    {
      "type": "Feature",
      "geometry": {
        "type": "Point",
        "coordinates": [
          32.04167,
          -22.72056
        ]
      },
      "properties": {
        "name": "Manuel",
        "country": "Mozambique",
        "region": "Gaza Province",
        "elevation_m": null,
        "population": 0,
        "feature_type": "populated place",
        "geoname_id": 1100002
      }
    },
    {
      "type": "Feature",
      "geometry": {
        "type": "Point",
        "coordinates": [
          32.07889,
          -22.72278
        ]
      },
      "properties": {
        "name": "Júlio",
        "country": "Mozambique",
        "region": "Gaza Province",
        "elevation_m": null,
        "population": 0,
        "feature_type": "populated place",
        "geoname_id": 1100004
      }
    },
    {
      "type": "Feature",
      "geometry": {
        "type": "Point",
        "coordinates": [
          32.10472,
          -22.73972
        ]
      },
      "properties": {
        "name": "Paxela",
        "country": "Mozambique",
        "region": "Gaza Province",
        "elevation_m": null,
        "population": 0,
        "feature_type": "populated place",
        "geoname_id": 1100005
      }
    },
    {
      "type": "Feature",
      "geometry": {
        "type": "Point",
        "coordinates": [
          33.94028,
          -24.87333
        ]
      },
      "properties": {
        "name": "Chefe Nhacoco",
        "country": "Mozambique",
        "region": "Gaza Province",
        "elevation_m": null,
        "population": 0,
        "feature_type": "populated place",
        "geoname_id": 1100007
      }
    },
    {
      "type": "Feature",
      "geometry": {
        "type": "Point",
        "coordinates": [
          33.96444,
          -24.89278
        ]
      },
      "properties": {
        "name": "Chefe Cuco",
        "country": "Mozambique",
        "region": "Gaza Province",
        "elevation_m": null,
        "population": 0,
        "feature_type": "populated place",
        "geoname_id": 1100008
      }
    },
    {
      "type": "Feature",
      "geometry": {
        "type": "Point",
        "coordinates": [
          33.92361,
          -24.92583
        ]
      },
      "properties": {
        "name": "Chefe Lipango",
        "country": "Mozambique",
        "region": "Gaza Province",
        "elevation_m": null,
        "population": 0,
        "feature_type": "populated place",
        "geoname_id": 1100011
      }
    },
    {
      "type": "Feature",
      "geometry": {
        "type": "Point",
        "coordinates": [
          33.93722,
          -24.99361
        ]
      },
      "properties": {
        "name": "Nhamavila",
        "country": "Mozambique",
        "region": "Gaza Province",
        "elevation_m": null,
        "population": 0,
        "feature_type": "populated place",
        "geoname_id": 1100027
      }
    },
    {
      "type": "Feature",
      "geometry": {
        "type": "Point",
        "coordinates": [
          33.90806,
          -22.72028
        ]
      },
      "properties": {
        "name": "Tauzeni",
        "country": "Mozambique",
        "region": "Inhambane Province",
        "elevation_m": null,
        "population": 0,
        "feature_type": "populated place",
        "geoname_id": 1100028
      }
    },
    {
      "type": "Feature",
      "geometry": {
        "type": "Point",
        "coordinates": [
          33.95972,
          -24.99389
        ]
      },
      "properties": {
        "name": "Tetene",
        "country": "Mozambique",
        "region": "Gaza Province",
        "elevation_m": null,
        "population": 0,
        "feature_type": "populated place",
        "geoname_id": 1100033
      }
    },
    {
      "type": "Feature",
      "geometry": {
        "type": "Point",
        "coordinates": [
          34.75333,
          -24.65639
        ]
      },
      "properties": {
        "name": "Matandane",
        "country": "Mozambique",
        "region": "Inhambane Province",
        "elevation_m": null,
        "population": 0,
        "feature_type": "populated place",
        "geoname_id": 1100035
      }
    },
    {
      "type": "Feature",
      "geometry": {
        "type": "Point",
        "coordinates": [
          34.76361,
          -24.65833
        ]
      },
      "properties": {
        "name": "Induna Mujajo",
        "country": "Mozambique",
        "region": "Inhambane Province",
        "elevation_m": null,
        "population": 0,
        "feature_type": "populated place",
        "geoname_id": 1100039
      }
    },
    {
      "type": "Feature",
      "geometry": {
        "type": "Point",
        "coordinates": [
          34.70333,
          -24.66028
        ]
      },
      "properties": {
        "name": "Augusto",
        "country": "Mozambique",
        "region": "Inhambane Province",
        "elevation_m": null,
        "population": 0,
        "feature_type": "populated place",
        "geoname_id": 1100041
      }
    },
    {
      "type": "Feature",
      "geometry": {
        "type": "Point",
        "coordinates": [
          34.745,
          -24.67306
        ]
      },
      "properties": {
        "name": "Induna Uinge",
        "country": "Mozambique",
        "region": "Inhambane Province",
        "elevation_m": null,
        "population": 0,
        "feature_type": "populated place",
        "geoname_id": 1100043
      }
    },
    {
      "type": "Feature",
      "geometry": {
        "type": "Point",
        "coordinates": [
          32.19417,
          -22.71972
        ]
      },
      "properties": {
        "name": "Massoja",
        "country": "Mozambique",
        "region": "Gaza Province",
        "elevation_m": null,
        "population": 0,
        "feature_type": "populated place",
        "geoname_id": 1100047
      }
    },
    {
      "type": "Feature",
      "geometry": {
        "type": "Point",
        "coordinates": [
          33.81306,
          -22.86194
        ]
      },
      "properties": {
        "name": "Sabão",
        "country": "Mozambique",
        "region": "Inhambane Province",
        "elevation_m": null,
        "population": 0,
        "feature_type": "populated place",
        "geoname_id": 1100051
      }
    },
    {
      "type": "Feature",
      "geometry": {
        "type": "Point",
        "coordinates": [
          33.86167,
          -22.84694
        ]
      },
      "properties": {
        "name": "Muhetani",
        "country": "Mozambique",
        "region": "Inhambane Province",
        "elevation_m": null,
        "population": 0,
        "feature_type": "populated place",
        "geoname_id": 1100052
      }
    },
    {
      "type": "Feature",
      "geometry": {
        "type": "Point",
        "coordinates": [
          34.79528,
          -24.64861
        ]
      },
      "properties": {
        "name": "Nhalicade",
        "country": "Mozambique",
        "region": "Inhambane Province",
        "elevation_m": null,
        "population": 0,
        "feature_type": "populated place",
        "geoname_id": 1100053
      }
    },
    {
      "type": "Feature",
      "geometry": {
        "type": "Point",
        "coordinates": [
          34.82194,
          -24.6125
        ]
      },
      "properties": {
        "name": "Chichele",
        "country": "Mozambique",
        "region": "Inhambane Province",
        "elevation_m": null,
        "population": 0,
        "feature_type": "populated place",
        "geoname_id": 1100058
      }
    },
    {
      "type": "Feature",
      "geometry": {
        "type": "Point",
        "coordinates": [
          34.83389,
          -24.63583
        ]
      },
      "properties": {
        "name": "Chizambo",
        "country": "Mozambique",
        "region": "Inhambane Province",
        "elevation_m": null,
        "population": 0,
        "feature_type": "populated place",
        "geoname_id": 1100062
      }
    },
    {
      "type": "Feature",
      "geometry": {
        "type": "Point",
        "coordinates": [
          34.79389,
          -24.63833
        ]
      },
      "properties": {
        "name": "Chipetambele",
        "country": "Mozambique",
        "region": "Inhambane Province",
        "elevation_m": null,
        "population": 0,
        "feature_type": "populated place",
        "geoname_id": 1100063
      }
    },
    {
      "type": "Feature",
      "geometry": {
        "type": "Point",
        "coordinates": [
          33.77694,
          -22.83306
        ]
      },
      "properties": {
        "name": "Muguduane",
        "country": "Mozambique",
        "region": "Inhambane Province",
        "elevation_m": null,
        "population": 0,
        "feature_type": "populated place",
        "geoname_id": 1100072
      }
    },
    {
      "type": "Feature",
      "geometry": {
        "type": "Point",
        "coordinates": [
          33.685,
          -22.87611
        ]
      },
      "properties": {
        "name": "Chenzela",
        "country": "Mozambique",
        "region": "Inhambane Province",
        "elevation_m": null,
        "population": 0,
        "feature_type": "populated place",
        "geoname_id": 1100073
      }
    },
    {
      "type": "Feature",
      "geometry": {
        "type": "Point",
        "coordinates": [
          33.63722,
          -22.87639
        ]
      },
      "properties": {
        "name": "Chavamuzonde",
        "country": "Mozambique",
        "region": "Inhambane Province",
        "elevation_m": null,
        "population": 0,
        "feature_type": "populated place",
        "geoname_id": 1100080
      }
    },
    {
      "type": "Feature",
      "geometry": {
        "type": "Point",
        "coordinates": [
          33.61722,
          -22.85806
        ]
      },
      "properties": {
        "name": "Muhoho",
        "country": "Mozambique",
        "region": "Inhambane Province",
        "elevation_m": null,
        "population": 0,
        "feature_type": "populated place",
        "geoname_id": 1100081
      }
    },
    {
      "type": "Feature",
      "geometry": {
        "type": "Point",
        "coordinates": [
          33.92306,
          -24.75028
        ]
      },
      "properties": {
        "name": "Chefe Chiessanhane",
        "country": "Mozambique",
        "region": "Gaza Province",
        "elevation_m": null,
        "population": 0,
        "feature_type": "populated place",
        "geoname_id": 1100099
      }
    },
    {
      "type": "Feature",
      "geometry": {
        "type": "Point",
        "coordinates": [
          33.41806,
          -24.46556
        ]
      },
      "properties": {
        "name": "Raphael",
        "country": "Mozambique",
        "region": "Gaza Province",
        "elevation_m": null,
        "population": 0,
        "feature_type": "populated place",
        "geoname_id": 1100135
      }
    },
    {
      "type": "Feature",
      "geometry": {
        "type": "Point",
        "coordinates": [
          33.04694,
          -22.85361
        ]
      },
      "properties": {
        "name": "Chicamane",
        "country": "Mozambique",
        "region": "Gaza Province",
        "elevation_m": null,
        "population": 0,
        "feature_type": "populated place",
        "geoname_id": 1100144
      }
    },
    {
      "type": "Feature",
      "geometry": {
        "type": "Point",
        "coordinates": [
          34.74639,
          -24.73
        ]
      },
      "properties": {
        "name": "Toma de Água",
        "country": "Mozambique",
        "region": "Inhambane Province",
        "elevation_m": null,
        "population": 0,
        "feature_type": "populated place",
        "geoname_id": 1100158
      }
    },
    {
      "type": "Feature",
      "geometry": {
        "type": "Point",
        "coordinates": [
          35.2675,
          -22.12306
        ]
      },
      "properties": {
        "name": "Niquisse",
        "country": "Mozambique",
        "region": "Inhambane Province",
        "elevation_m": null,
        "population": 0,
        "feature_type": "populated place",
        "geoname_id": 1100165
      }
    },
    {
      "type": "Feature",
      "geometry": {
        "type": "Point",
        "coordinates": [
          35.31028,
          -22.10667
        ]
      },
      "properties": {
        "name": "Cabo Cachane",
        "country": "Mozambique",
        "region": "Inhambane Province",
        "elevation_m": null,
        "population": 0,
        "feature_type": "populated place",
        "geoname_id": 1100166
      }
    },
    {
      "type": "Feature",
      "geometry": {
        "type": "Point",
        "coordinates": [
          35.24833,
          -22.08111
        ]
      },
      "properties": {
        "name": "Alberto",
        "country": "Mozambique",
        "region": "Inhambane Province",
        "elevation_m": null,
        "population": 0,
        "feature_type": "populated place",
        "geoname_id": 1100167
      }
    },
    {
      "type": "Feature",
      "geometry": {
        "type": "Point",
        "coordinates": [
          35.26889,
          -22.09222
        ]
      },
      "properties": {
        "name": "Nago",
        "country": "Mozambique",
        "region": "Inhambane Province",
        "elevation_m": null,
        "population": 0,
        "feature_type": "populated place",
        "geoname_id": 1100170
      }
    },
    {
      "type": "Feature",
      "geometry": {
        "type": "Point",
        "coordinates": [
          35.27778,
          -22.00417
        ]
      },
      "properties": {
        "name": "Chefe Desse",
        "country": "Mozambique",
        "region": "Inhambane Province",
        "elevation_m": null,
        "population": 0,
        "feature_type": "populated place",
        "geoname_id": 1100179
      }
    },
    {
      "type": "Feature",
      "geometry": {
        "type": "Point",
        "coordinates": [
          35.31528,
          -22.02278
        ]
      },
      "properties": {
        "name": "Damião",
        "country": "Mozambique",
        "region": "Inhambane Province",
        "elevation_m": null,
        "population": 0,
        "feature_type": "populated place",
        "geoname_id": 1100188
      }
    },
    {
      "type": "Feature",
      "geometry": {
        "type": "Point",
        "coordinates": [
          35.02694,
          -22.07056
        ]
      },
      "properties": {
        "name": "Augusto",
        "country": "Mozambique",
        "region": "Inhambane Province",
        "elevation_m": null,
        "population": 0,
        "feature_type": "populated place",
        "geoname_id": 1100189
      }
    },
    {
      "type": "Feature",
      "geometry": {
        "type": "Point",
        "coordinates": [
          35.02444,
          -22.05444
        ]
      },
      "properties": {
        "name": "Mutuzane",
        "country": "Mozambique",
        "region": "Inhambane Province",
        "elevation_m": null,
        "population": 0,
        "feature_type": "populated place",
        "geoname_id": 1100190
      }
    },
    {
      "type": "Feature",
      "geometry": {
        "type": "Point",
        "coordinates": [
          35.04528,
          -22.02972
        ]
      },
      "properties": {
        "name": "Masselau",
        "country": "Mozambique",
        "region": "Inhambane Province",
        "elevation_m": null,
        "population": 0,
        "feature_type": "populated place",
        "geoname_id": 1100191
      }
    },
    {
      "type": "Feature",
      "geometry": {
        "type": "Point",
        "coordinates": [
          35.11361,
          -22.05528
        ]
      },
      "properties": {
        "name": "Silambo",
        "country": "Mozambique",
        "region": "Inhambane Province",
        "elevation_m": null,
        "population": 0,
        "feature_type": "populated place",
        "geoname_id": 1100192
      }
    },
    {
      "type": "Feature",
      "geometry": {
        "type": "Point",
        "coordinates": [
          35.02028,
          -22.02
        ]
      },
      "properties": {
        "name": "Januário",
        "country": "Mozambique",
        "region": "Inhambane Province",
        "elevation_m": null,
        "population": 0,
        "feature_type": "populated place",
        "geoname_id": 1100193
      }
    },
    {
      "type": "Feature",
      "geometry": {
        "type": "Point",
        "coordinates": [
          35.12694,
          -22.03333
        ]
      },
      "properties": {
        "name": "Uane",
        "country": "Mozambique",
        "region": "Inhambane Province",
        "elevation_m": null,
        "population": 0,
        "feature_type": "populated place",
        "geoname_id": 1100194
      }
    },
    {
      "type": "Feature",
      "geometry": {
        "type": "Point",
        "coordinates": [
          35.04944,
          -22.13722
        ]
      },
      "properties": {
        "name": "Lange",
        "country": "Mozambique",
        "region": "Inhambane Province",
        "elevation_m": null,
        "population": 0,
        "feature_type": "populated place",
        "geoname_id": 1100198
      }
    },
    {
      "type": "Feature",
      "geometry": {
        "type": "Point",
        "coordinates": [
          35.00306,
          -22.17861
        ]
      },
      "properties": {
        "name": "Tiniasse",
        "country": "Mozambique",
        "region": "Inhambane Province",
        "elevation_m": null,
        "population": 0,
        "feature_type": "populated place",
        "geoname_id": 1100199
      }
    },
    {
      "type": "Feature",
      "geometry": {
        "type": "Point",
        "coordinates": [
          35.00139,
          -22.20333
        ]
      },
      "properties": {
        "name": "Cabo Docolo",
        "country": "Mozambique",
        "region": "Inhambane Province",
        "elevation_m": null,
        "population": 0,
        "feature_type": "populated place",
        "geoname_id": 1100200
      }
    },
    {
      "type": "Feature",
      "geometry": {
        "type": "Point",
        "coordinates": [
          35.06417,
          -22.19278
        ]
      },
      "properties": {
        "name": "Fissane",
        "country": "Mozambique",
        "region": "Inhambane Province",
        "elevation_m": null,
        "population": 0,
        "feature_type": "populated place",
        "geoname_id": 1100201
      }
    },
    {
      "type": "Feature",
      "geometry": {
        "type": "Point",
        "coordinates": [
          35.09861,
          -22.19361
        ]
      },
      "properties": {
        "name": "Filipe",
        "country": "Mozambique",
        "region": "Inhambane Province",
        "elevation_m": null,
        "population": 0,
        "feature_type": "populated place",
        "geoname_id": 1100202
      }
    },
    {
      "type": "Feature",
      "geometry": {
        "type": "Point",
        "coordinates": [
          35.12889,
          -22.23028
        ]
      },
      "properties": {
        "name": "Fiosso",
        "country": "Mozambique",
        "region": "Inhambane Province",
        "elevation_m": null,
        "population": 0,
        "feature_type": "populated place",
        "geoname_id": 1100203
      }
    },
    {
      "type": "Feature",
      "geometry": {
        "type": "Point",
        "coordinates": [
          35.08333,
          -22.27944
        ]
      },
      "properties": {
        "name": "Filipe",
        "country": "Mozambique",
        "region": "Inhambane Province",
        "elevation_m": null,
        "population": 0,
        "feature_type": "populated place",
        "geoname_id": 1100204
      }
    },
    {
      "type": "Feature",
      "geometry": {
        "type": "Point",
        "coordinates": [
          35.06389,
          -22.27111
        ]
      },
      "properties": {
        "name": "Bauane",
        "country": "Mozambique",
        "region": "Inhambane Province",
        "elevation_m": null,
        "population": 0,
        "feature_type": "populated place",
        "geoname_id": 1100205
      }
    },
    {
      "type": "Feature",
      "geometry": {
        "type": "Point",
        "coordinates": [
          35.04944,
          -22.29667
        ]
      },
      "properties": {
        "name": "Chipaiete",
        "country": "Mozambique",
        "region": "Inhambane Province",
        "elevation_m": null,
        "population": 0,
        "feature_type": "populated place",
        "geoname_id": 1100206
      }
    },
    {
      "type": "Feature",
      "geometry": {
        "type": "Point",
        "coordinates": [
          35.01583,
          -22.27528
        ]
      },
      "properties": {
        "name": "Chaúzo",
        "country": "Mozambique",
        "region": "Inhambane Province",
        "elevation_m": null,
        "population": 0,
        "feature_type": "populated place",
        "geoname_id": 1100207
      }
    },
    {
      "type": "Feature",
      "geometry": {
        "type": "Point",
        "coordinates": [
          35.01556,
          -22.31694
        ]
      },
      "properties": {
        "name": "Chomela",
        "country": "Mozambique",
        "region": "Inhambane Province",
        "elevation_m": null,
        "population": 0,
        "feature_type": "populated place",
        "geoname_id": 1100209
      }
    },
    {
      "type": "Feature",
      "geometry": {
        "type": "Point",
        "coordinates": [
          35.05444,
          -22.3125
        ]
      },
      "properties": {
        "name": "Lassita",
        "country": "Mozambique",
        "region": "Inhambane Province",
        "elevation_m": null,
        "population": 0,
        "feature_type": "populated place",
        "geoname_id": 1100210
      }
    },
    {
      "type": "Feature",
      "geometry": {
        "type": "Point",
        "coordinates": [
          35.12083,
          -22.30722
        ]
      },
      "properties": {
        "name": "Jorge",
        "country": "Mozambique",
        "region": "Inhambane Province",
        "elevation_m": null,
        "population": 0,
        "feature_type": "populated place",
        "geoname_id": 1100211
      }
    },
    {
      "type": "Feature",
      "geometry": {
        "type": "Point",
        "coordinates": [
          35.14194,
          -22.29889
        ]
      },
      "properties": {
        "name": "Francisco",
        "country": "Mozambique",
        "region": "Inhambane Province",
        "elevation_m": null,
        "population": 0,
        "feature_type": "populated place",
        "geoname_id": 1100212
      }
    },
    {
      "type": "Feature",
      "geometry": {
        "type": "Point",
        "coordinates": [
          35.03611,
          -22.34833
        ]
      },
      "properties": {
        "name": "Cabo Machoco",
        "country": "Mozambique",
        "region": "Inhambane Province",
        "elevation_m": null,
        "population": 0,
        "feature_type": "populated place",
        "geoname_id": 1100213
      }
    },
    {
      "type": "Feature",
      "geometry": {
        "type": "Point",
        "coordinates": [
          35.04028,
          -22.36611
        ]
      },
      "properties": {
        "name": "Mica",
        "country": "Mozambique",
        "region": "Inhambane Province",
        "elevation_m": null,
        "population": 0,
        "feature_type": "populated place",
        "geoname_id": 1100214
      }
    },
    {
      "type": "Feature",
      "geometry": {
        "type": "Point",
        "coordinates": [
          35.00944,
          -22.38111
        ]
      },
      "properties": {
        "name": "Laitane",
        "country": "Mozambique",
        "region": "Inhambane Province",
        "elevation_m": null,
        "population": 0,
        "feature_type": "populated place",
        "geoname_id": 1100215
      }
    },
    {
      "type": "Feature",
      "geometry": {
        "type": "Point",
        "coordinates": [
          35.12028,
          -22.40417
        ]
      },
      "properties": {
        "name": "Paulo",
        "country": "Mozambique",
        "region": "Inhambane Province",
        "elevation_m": null,
        "population": 0,
        "feature_type": "populated place",
        "geoname_id": 1100216
      }
    },
    {
      "type": "Feature",
      "geometry": {
        "type": "Point",
        "coordinates": [
          35.00611,
          -22.42417
        ]
      },
      "properties": {
        "name": "Matingalicane",
        "country": "Mozambique",
        "region": "Inhambane Province",
        "elevation_m": null,
        "population": 0,
        "feature_type": "populated place",
        "geoname_id": 1100217
      }
    },
    {
      "type": "Feature",
      "geometry": {
        "type": "Point",
        "coordinates": [
          35.04778,
          -22.40194
        ]
      },
      "properties": {
        "name": "Julai",
        "country": "Mozambique",
        "region": "Inhambane Province",
        "elevation_m": null,
        "population": 0,
        "feature_type": "populated place",
        "geoname_id": 1100218
      }
    },
    {
      "type": "Feature",
      "geometry": {
        "type": "Point",
        "coordinates": [
          35.07667,
          -22.40417
        ]
      },
      "properties": {
        "name": "Sabastião",
        "country": "Mozambique",
        "region": "Inhambane Province",
        "elevation_m": null,
        "population": 0,
        "feature_type": "populated place",
        "geoname_id": 1100219
      }
    },
    {
      "type": "Feature",
      "geometry": {
        "type": "Point",
        "coordinates": [
          35.04389,
          -22.44194
        ]
      },
      "properties": {
        "name": "Maticane",
        "country": "Mozambique",
        "region": "Inhambane Province",
        "elevation_m": null,
        "population": 0,
        "feature_type": "populated place",
        "geoname_id": 1100220
      }
    },
    {
      "type": "Feature",
      "geometry": {
        "type": "Point",
        "coordinates": [
          35.00167,
          -22.46194
        ]
      },
      "properties": {
        "name": "Macandia",
        "country": "Mozambique",
        "region": "Inhambane Province",
        "elevation_m": null,
        "population": 0,
        "feature_type": "populated place",
        "geoname_id": 1100222
      }
    },
    {
      "type": "Feature",
      "geometry": {
        "type": "Point",
        "coordinates": [
          35.05472,
          -22.46944
        ]
      },
      "properties": {
        "name": "Uanela",
        "country": "Mozambique",
        "region": "Inhambane Province",
        "elevation_m": null,
        "population": 0,
        "feature_type": "populated place",
        "geoname_id": 1100223
      }
    },
    {
      "type": "Feature",
      "geometry": {
        "type": "Point",
        "coordinates": [
          35.01833,
          -22.49806
        ]
      },
      "properties": {
        "name": "Seapossene",
        "country": "Mozambique",
        "region": "Inhambane Province",
        "elevation_m": null,
        "population": 0,
        "feature_type": "populated place",
        "geoname_id": 1100224
      }
    },
    {
      "type": "Feature",
      "geometry": {
        "type": "Point",
        "coordinates": [
          35.0725,
          -22.49333
        ]
      },
      "properties": {
        "name": "Jossai",
        "country": "Mozambique",
        "region": "Inhambane Province",
        "elevation_m": null,
        "population": 0,
        "feature_type": "populated place",
        "geoname_id": 1100225
      }
    },
    {
      "type": "Feature",
      "geometry": {
        "type": "Point",
        "coordinates": [
          35.09806,
          -22.45806
        ]
      },
      "properties": {
        "name": "Ricardo",
        "country": "Mozambique",
        "region": "Inhambane Province",
        "elevation_m": null,
        "population": 0,
        "feature_type": "populated place",
        "geoname_id": 1100226
      }
    },
    {
      "type": "Feature",
      "geometry": {
        "type": "Point",
        "coordinates": [
          34.60889,
          -24.70861
        ]
      },
      "properties": {
        "name": "M. Somboco",
        "country": "Mozambique",
        "region": "Inhambane Province",
        "elevation_m": null,
        "population": 0,
        "feature_type": "populated place",
        "geoname_id": 1100232
      }
    },
    {
      "type": "Feature",
      "geometry": {
        "type": "Point",
        "coordinates": [
          34.63,
          -24.71583
        ]
      },
      "properties": {
        "name": "M. Simione",
        "country": "Mozambique",
        "region": "Inhambane Province",
        "elevation_m": null,
        "population": 0,
        "feature_type": "populated place",
        "geoname_id": 1100233
      }
    },
    {
      "type": "Feature",
      "geometry": {
        "type": "Point",
        "coordinates": [
          34.68,
          -24.72972
        ]
      },
      "properties": {
        "name": "M. Camboque",
        "country": "Mozambique",
        "region": "Inhambane Province",
        "elevation_m": null,
        "population": 0,
        "feature_type": "populated place",
        "geoname_id": 1100235
      }
    },
    {
      "type": "Feature",
      "geometry": {
        "type": "Point",
        "coordinates": [
          33.60889,
          -22.90222
        ]
      },
      "properties": {
        "name": "Régulo Chigobo",
        "country": "Mozambique",
        "region": "Gaza Province",
        "elevation_m": null,
        "population": 0,
        "feature_type": "populated place",
        "geoname_id": 1100236
      }
    },
    {
      "type": "Feature",
      "geometry": {
        "type": "Point",
        "coordinates": [
          34.63611,
          -24.73639
        ]
      },
      "properties": {
        "name": "G. Chelengue",
        "country": "Mozambique",
        "region": "Inhambane Province",
        "elevation_m": null,
        "population": 0,
        "feature_type": "populated place",
        "geoname_id": 1100238
      }
    },
    {
      "type": "Feature",
      "geometry": {
        "type": "Point",
        "coordinates": [
          33.60556,
          -22.9075
        ]
      },
      "properties": {
        "name": "Metuque",
        "country": "Mozambique",
        "region": "Gaza Province",
        "elevation_m": null,
        "population": 0,
        "feature_type": "populated place",
        "geoname_id": 1100239
      }
    },
    {
      "type": "Feature",
      "geometry": {
        "type": "Point",
        "coordinates": [
          33.63639,
          -22.90778
        ]
      },
      "properties": {
        "name": "Chivejo",
        "country": "Mozambique",
        "region": "Gaza Province",
        "elevation_m": null,
        "population": 0,
        "feature_type": "populated place",
        "geoname_id": 1100240
      }
    },
    {
      "type": "Feature",
      "geometry": {
        "type": "Point",
        "coordinates": [
          34.59444,
          -24.74139
        ]
      },
      "properties": {
        "name": "G. Nhalicale",
        "country": "Mozambique",
        "region": "Inhambane Province",
        "elevation_m": null,
        "population": 0,
        "feature_type": "populated place",
        "geoname_id": 1100241
      }
    },
    {
      "type": "Feature",
      "geometry": {
        "type": "Point",
        "coordinates": [
          35.07639,
          -22.51278
        ]
      },
      "properties": {
        "name": "Jossia",
        "country": "Mozambique",
        "region": "Inhambane Province",
        "elevation_m": null,
        "population": 0,
        "feature_type": "populated place",
        "geoname_id": 1100252
      }
    },
    {
      "type": "Feature",
      "geometry": {
        "type": "Point",
        "coordinates": [
          33.6625,
          -22.90139
        ]
      },
      "properties": {
        "name": "Machichissane",
        "country": "Mozambique",
        "region": "Inhambane Province",
        "elevation_m": null,
        "population": 0,
        "feature_type": "populated place",
        "geoname_id": 1100253
      }
    },
    {
      "type": "Feature",
      "geometry": {
        "type": "Point",
        "coordinates": [
          35.02361,
          -22.53278
        ]
      },
      "properties": {
        "name": "João",
        "country": "Mozambique",
        "region": "Inhambane Province",
        "elevation_m": null,
        "population": 0,
        "feature_type": "populated place",
        "geoname_id": 1100254
      }
    },
    {
      "type": "Feature",
      "geometry": {
        "type": "Point",
        "coordinates": [
          35.04861,
          -22.56917
        ]
      },
      "properties": {
        "name": "Fabião",
        "country": "Mozambique",
        "region": "Inhambane Province",
        "elevation_m": null,
        "population": 0,
        "feature_type": "populated place",
        "geoname_id": 1100256
      }
    },
    {
      "type": "Feature",
      "geometry": {
        "type": "Point",
        "coordinates": [
          35.00778,
          -22.56389
        ]
      },
      "properties": {
        "name": "Pulau",
        "country": "Mozambique",
        "region": "Inhambane Province",
        "elevation_m": null,
        "population": 0,
        "feature_type": "populated place",
        "geoname_id": 1100257
      }
    },
    {
      "type": "Feature",
      "geometry": {
        "type": "Point",
        "coordinates": [
          34.64222,
          -24.76639
        ]
      },
      "properties": {
        "name": "Chimbalane",
        "country": "Mozambique",
        "region": "Inhambane Province",
        "elevation_m": null,
        "population": 0,
        "feature_type": "populated place",
        "geoname_id": 1100262
      }
    },
    {
      "type": "Feature",
      "geometry": {
        "type": "Point",
        "coordinates": [
          35.04472,
          -22.59278
        ]
      },
      "properties": {
        "name": "Sabão",
        "country": "Mozambique",
        "region": "Inhambane Province",
        "elevation_m": null,
        "population": 0,
        "feature_type": "populated place",
        "geoname_id": 1100264
      }
    },
    {
      "type": "Feature",
      "geometry": {
        "type": "Point",
        "coordinates": [
          35.11028,
          -22.58083
        ]
      },
      "properties": {
        "name": "Chefe José",
        "country": "Mozambique",
        "region": "Inhambane Province",
        "elevation_m": null,
        "population": 0,
        "feature_type": "populated place",
        "geoname_id": 1100267
      }
    },
    {
      "type": "Feature",
      "geometry": {
        "type": "Point",
        "coordinates": [
          35.00639,
          -22.59694
        ]
      },
      "properties": {
        "name": "Úanicela",
        "country": "Mozambique",
        "region": "Inhambane Province",
        "elevation_m": null,
        "population": 0,
        "feature_type": "populated place",
        "geoname_id": 1100271
      }
    },
    {
      "type": "Feature",
      "geometry": {
        "type": "Point",
        "coordinates": [
          33.72528,
          -22.96083
        ]
      },
      "properties": {
        "name": "Reis",
        "country": "Mozambique",
        "region": "Inhambane Province",
        "elevation_m": null,
        "population": 0,
        "feature_type": "populated place",
        "geoname_id": 1100273
      }
    },
    {
      "type": "Feature",
      "geometry": {
        "type": "Point",
        "coordinates": [
          33.72028,
          -22.95917
        ]
      },
      "properties": {
        "name": "Cabo Matlale",
        "country": "Mozambique",
        "region": "Inhambane Province",
        "elevation_m": null,
        "population": 0,
        "feature_type": "populated place",
        "geoname_id": 1100275
      }
    },
    {
      "type": "Feature",
      "geometry": {
        "type": "Point",
        "coordinates": [
          34.54778,
          -24.70333
        ]
      },
      "properties": {
        "name": "B. Tomolane",
        "country": "Mozambique",
        "region": "Inhambane Province",
        "elevation_m": null,
        "population": 0,
        "feature_type": "populated place",
        "geoname_id": 1100279
      }
    },
    {
      "type": "Feature",
      "geometry": {
        "type": "Point",
        "coordinates": [
          34.50694,
          -24.70278
        ]
      },
      "properties": {
        "name": "Doropo Nhabete",
        "country": "Mozambique",
        "region": "Inhambane Province",
        "elevation_m": null,
        "population": 0,
        "feature_type": "populated place",
        "geoname_id": 1100280
      }
    },
    {
      "type": "Feature",
      "geometry": {
        "type": "Point",
        "coordinates": [
          34.50278,
          -24.71361
        ]
      },
      "properties": {
        "name": "N. Nhabete",
        "country": "Mozambique",
        "region": "Inhambane Province",
        "elevation_m": null,
        "population": 0,
        "feature_type": "populated place",
        "geoname_id": 1100282
      }
    },
    {
      "type": "Feature",
      "geometry": {
        "type": "Point",
        "coordinates": [
          34.56778,
          -24.71417
        ]
      },
      "properties": {
        "name": "Foliche Tomo",
        "country": "Mozambique",
        "region": "Inhambane Province",
        "elevation_m": null,
        "population": 0,
        "feature_type": "populated place",
        "geoname_id": 1100285
      }
    },
    {
      "type": "Feature",
      "geometry": {
        "type": "Point",
        "coordinates": [
          34.48611,
          -24.72417
        ]
      },
      "properties": {
        "name": "N. Souto",
        "country": "Mozambique",
        "region": "Inhambane Province",
        "elevation_m": null,
        "population": 0,
        "feature_type": "populated place",
        "geoname_id": 1100286
      }
    },
    {
      "type": "Feature",
      "geometry": {
        "type": "Point",
        "coordinates": [
          34.52972,
          -24.72778
        ]
      },
      "properties": {
        "name": "Laísse Magenge",
        "country": "Mozambique",
        "region": "Inhambane Province",
        "elevation_m": null,
        "population": 0,
        "feature_type": "populated place",
        "geoname_id": 1100288
      }
    },
    {
      "type": "Feature",
      "geometry": {
        "type": "Point",
        "coordinates": [
          34.555,
          -24.73556
        ]
      },
      "properties": {
        "name": "G. Nhanenge",
        "country": "Mozambique",
        "region": "Inhambane Province",
        "elevation_m": null,
        "population": 0,
        "feature_type": "populated place",
        "geoname_id": 1100290
      }
    },
    {
      "type": "Feature",
      "geometry": {
        "type": "Point",
        "coordinates": [
          34.56583,
          -24.74611
        ]
      },
      "properties": {
        "name": "Meque Mhavane",
        "country": "Mozambique",
        "region": "Inhambane Province",
        "elevation_m": null,
        "population": 0,
        "feature_type": "populated place",
        "geoname_id": 1100292
      }
    },
    {
      "type": "Feature",
      "geometry": {
        "type": "Point",
        "coordinates": [
          34.50694,
          -24.76056
        ]
      },
      "properties": {
        "name": "Gumbe",
        "country": "Mozambique",
        "region": "Inhambane Province",
        "elevation_m": null,
        "population": 0,
        "feature_type": "populated place",
        "geoname_id": 1100293
      }
    },
    {
      "type": "Feature",
      "geometry": {
        "type": "Point",
        "coordinates": [
          34.54583,
          -24.75833
        ]
      },
      "properties": {
        "name": "G. Mubai",
        "country": "Mozambique",
        "region": "Inhambane Province",
        "elevation_m": null,
        "population": 0,
        "feature_type": "populated place",
        "geoname_id": 1100294
      }
    },
    {
      "type": "Feature",
      "geometry": {
        "type": "Point",
        "coordinates": [
          34.90889,
          -20.6375
        ]
      },
      "properties": {
        "name": "Bue",
        "country": "Mozambique",
        "region": "Sofala",
        "elevation_m": null,
        "population": 0,
        "feature_type": "populated place",
        "geoname_id": 1100303
      }
    },
    {
      "type": "Feature",
      "geometry": {
        "type": "Point",
        "coordinates": [
          35.49167,
          -22.11639
        ]
      },
      "properties": {
        "name": "Xavier",
        "country": "Mozambique",
        "region": "Inhambane Province",
        "elevation_m": null,
        "population": 0,
        "feature_type": "populated place",
        "geoname_id": 1100308
      }
    },
    {
      "type": "Feature",
      "geometry": {
        "type": "Point",
        "coordinates": [
          35.48,
          -22.1425
        ]
      },
      "properties": {
        "name": "Ricardo",
        "country": "Mozambique",
        "region": "Inhambane Province",
        "elevation_m": null,
        "population": 0,
        "feature_type": "populated place",
        "geoname_id": 1100309
      }
    },
    {
      "type": "Feature",
      "geometry": {
        "type": "Point",
        "coordinates": [
          35.46583,
          -22.17194
        ]
      },
      "properties": {
        "name": "Penicela",
        "country": "Mozambique",
        "region": "Inhambane Province",
        "elevation_m": null,
        "population": 0,
        "feature_type": "populated place",
        "geoname_id": 1100310
      }
    },
    {
      "type": "Feature",
      "geometry": {
        "type": "Point",
        "coordinates": [
          35.48278,
          -22.19528
        ]
      },
      "properties": {
        "name": "Elias",
        "country": "Mozambique",
        "region": "Inhambane Province",
        "elevation_m": null,
        "population": 0,
        "feature_type": "populated place",
        "geoname_id": 1100311
      }
    },
    {
      "type": "Feature",
      "geometry": {
        "type": "Point",
        "coordinates": [
          35.46972,
          -22.19889
        ]
      },
      "properties": {
        "name": "Chefe Massopane",
        "country": "Mozambique",
        "region": "Inhambane Province",
        "elevation_m": null,
        "population": 0,
        "feature_type": "populated place",
        "geoname_id": 1100312
      }
    },
    {
      "type": "Feature",
      "geometry": {
        "type": "Point",
        "coordinates": [
          35.45333,
          -22.21639
        ]
      },
      "properties": {
        "name": "Mateus",
        "country": "Mozambique",
        "region": "Inhambane Province",
        "elevation_m": null,
        "population": 0,
        "feature_type": "populated place",
        "geoname_id": 1100313
      }
    },
    {
      "type": "Feature",
      "geometry": {
        "type": "Point",
        "coordinates": [
          35.50583,
          -22.20472
        ]
      },
      "properties": {
        "name": "Muchache",
        "country": "Mozambique",
        "region": "Inhambane Province",
        "elevation_m": null,
        "population": 0,
        "feature_type": "populated place",
        "geoname_id": 1100314
      }
    },
    {
      "type": "Feature",
      "geometry": {
        "type": "Point",
        "coordinates": [
          35.53583,
          -22.18861
        ]
      },
      "properties": {
        "name": "Xavier",
        "country": "Mozambique",
        "region": "Inhambane Province",
        "elevation_m": null,
        "population": 0,
        "feature_type": "populated place",
        "geoname_id": 1100315
      }
    },
    {
      "type": "Feature",
      "geometry": {
        "type": "Point",
        "coordinates": [
          35.53111,
          -22.15833
        ]
      },
      "properties": {
        "name": "Macachocho",
        "country": "Mozambique",
        "region": "Inhambane Province",
        "elevation_m": null,
        "population": 0,
        "feature_type": "populated place",
        "geoname_id": 1100316
      }
    },
    {
      "type": "Feature",
      "geometry": {
        "type": "Point",
        "coordinates": [
          34.92361,
          -20.73278
        ]
      },
      "properties": {
        "name": "Chirunda",
        "country": "Mozambique",
        "region": "Sofala",
        "elevation_m": null,
        "population": 0,
        "feature_type": "populated place",
        "geoname_id": 1100328
      }
    },
    {
      "type": "Feature",
      "geometry": {
        "type": "Point",
        "coordinates": [
          33.68028,
          -22.96778
        ]
      },
      "properties": {
        "name": "Jorge",
        "country": "Mozambique",
        "region": "Gaza Province",
        "elevation_m": null,
        "population": 0,
        "feature_type": "populated place",
        "geoname_id": 1100331
      }
    },
    {
      "type": "Feature",
      "geometry": {
        "type": "Point",
        "coordinates": [
          35.16861,
          -22.0275
        ]
      },
      "properties": {
        "name": "Sevene",
        "country": "Mozambique",
        "region": "Inhambane Province",
        "elevation_m": null,
        "population": 0,
        "feature_type": "populated place",
        "geoname_id": 1100341
      }
    },
    {
      "type": "Feature",
      "geometry": {
        "type": "Point",
        "coordinates": [
          35.1825,
          -22.00389
        ]
      },
      "properties": {
        "name": "Pedro",
        "country": "Mozambique",
        "region": "Inhambane Province",
        "elevation_m": null,
        "population": 0,
        "feature_type": "populated place",
        "geoname_id": 1100342
      }
    },
    {
      "type": "Feature",
      "geometry": {
        "type": "Point",
        "coordinates": [
          35.14472,
          -22.08222
        ]
      },
      "properties": {
        "name": "Iobela",
        "country": "Mozambique",
        "region": "Inhambane Province",
        "elevation_m": null,
        "population": 0,
        "feature_type": "populated place",
        "geoname_id": 1100343
      }
    },
    {
      "type": "Feature",
      "geometry": {
        "type": "Point",
        "coordinates": [
          35.135,
          -22.12722
        ]
      },
      "properties": {
        "name": "Chembane",
        "country": "Mozambique",
        "region": "Inhambane Province",
        "elevation_m": null,
        "population": 0,
        "feature_type": "populated place",
        "geoname_id": 1100344
      }
    },
    {
      "type": "Feature",
      "geometry": {
        "type": "Point",
        "coordinates": [
          35.21222,
          -22.08083
        ]
      },
      "properties": {
        "name": "Chefe Lanzelela",
        "country": "Mozambique",
        "region": "Inhambane Province",
        "elevation_m": null,
        "population": 0,
        "feature_type": "populated place",
        "geoname_id": 1100345
      }
    },
    {
      "type": "Feature",
      "geometry": {
        "type": "Point",
        "coordinates": [
          34.58389,
          -20.97694
        ]
      },
      "properties": {
        "name": "Pemene Chibila",
        "country": "Mozambique",
        "region": "Sofala",
        "elevation_m": null,
        "population": 0,
        "feature_type": "populated place",
        "geoname_id": 1100347
      }
    },
    {
      "type": "Feature",
      "geometry": {
        "type": "Point",
        "coordinates": [
          35.20361,
          -22.11611
        ]
      },
      "properties": {
        "name": "José",
        "country": "Mozambique",
        "region": "Inhambane Province",
        "elevation_m": null,
        "population": 0,
        "feature_type": "populated place",
        "geoname_id": 1100351
      }
    },
    {
      "type": "Feature",
      "geometry": {
        "type": "Point",
        "coordinates": [
          35.22528,
          -22.14194
        ]
      },
      "properties": {
        "name": "José",
        "country": "Mozambique",
        "region": "Inhambane Province",
        "elevation_m": null,
        "population": 0,
        "feature_type": "populated place",
        "geoname_id": 1100352
      }
    },
    {
      "type": "Feature",
      "geometry": {
        "type": "Point",
        "coordinates": [
          33.29722,
          -22.99722
        ]
      },
      "properties": {
        "name": "Macuambe",
        "country": "Mozambique",
        "region": "Gaza Province",
        "elevation_m": null,
        "population": 0,
        "feature_type": "populated place",
        "geoname_id": 1100355
      }
    },
    {
      "type": "Feature",
      "geometry": {
        "type": "Point",
        "coordinates": [
          33.29833,
          -22.96972
        ]
      },
      "properties": {
        "name": "Tumbane",
        "country": "Mozambique",
        "region": "Gaza Province",
        "elevation_m": null,
        "population": 0,
        "feature_type": "populated place",
        "geoname_id": 1100356
      }
    },
    {
      "type": "Feature",
      "geometry": {
        "type": "Point",
        "coordinates": [
          34.4425,
          -24.72306
        ]
      },
      "properties": {
        "name": "Chissibuca",
        "country": "Mozambique",
        "region": "Inhambane Province",
        "elevation_m": null,
        "population": 0,
        "feature_type": "populated place",
        "geoname_id": 1100358
      }
    },
    {
      "type": "Feature",
      "geometry": {
        "type": "Point",
        "coordinates": [
          34.47222,
          -24.68889
        ]
      },
      "properties": {
        "name": "Ernesto Ucua",
        "country": "Mozambique",
        "region": "Inhambane Province",
        "elevation_m": null,
        "population": 0,
        "feature_type": "populated place",
        "geoname_id": 1100360
      }
    },
    {
      "type": "Feature",
      "geometry": {
        "type": "Point",
        "coordinates": [
          34.39028,
          -24.70028
        ]
      },
      "properties": {
        "name": "São Mateus",
        "country": "Mozambique",
        "region": "Inhambane Province",
        "elevation_m": null,
        "population": 0,
        "feature_type": "populated place",
        "geoname_id": 1100361
      }
    },
    {
      "type": "Feature",
      "geometry": {
        "type": "Point",
        "coordinates": [
          34.37139,
          -24.70806
        ]
      },
      "properties": {
        "name": "C. Chibimbirre",
        "country": "Mozambique",
        "region": "Inhambane Province",
        "elevation_m": null,
        "population": 0,
        "feature_type": "populated place",
        "geoname_id": 1100365
      }
    },
    {
      "type": "Feature",
      "geometry": {
        "type": "Point",
        "coordinates": [
          34.40333,
          -24.71444
        ]
      },
      "properties": {
        "name": "Chiponhana",
        "country": "Mozambique",
        "region": "Inhambane Province",
        "elevation_m": null,
        "population": 0,
        "feature_type": "populated place",
        "geoname_id": 1100366
      }
    },
    {
      "type": "Feature",
      "geometry": {
        "type": "Point",
        "coordinates": [
          34.43611,
          -24.71139
        ]
      },
      "properties": {
        "name": "Chefe Mahamba",
        "country": "Mozambique",
        "region": "Inhambane Province",
        "elevation_m": null,
        "population": 0,
        "feature_type": "populated place",
        "geoname_id": 1100367
      }
    },
    {
      "type": "Feature",
      "geometry": {
        "type": "Point",
        "coordinates": [
          34.41889,
          -24.72722
        ]
      },
      "properties": {
        "name": "Titosse",
        "country": "Mozambique",
        "region": "Inhambane Province",
        "elevation_m": null,
        "population": 0,
        "feature_type": "populated place",
        "geoname_id": 1100368
      }
    },
    {
      "type": "Feature",
      "geometry": {
        "type": "Point",
        "coordinates": [
          34.4675,
          -24.72194
        ]
      },
      "properties": {
        "name": "Eusébio Ofisso",
        "country": "Mozambique",
        "region": "Inhambane Province",
        "elevation_m": null,
        "population": 0,
        "feature_type": "populated place",
        "geoname_id": 1100371
      }
    },
    {
      "type": "Feature",
      "geometry": {
        "type": "Point",
        "coordinates": [
          34.44278,
          -24.74028
        ]
      },
      "properties": {
        "name": "Nomissane",
        "country": "Mozambique",
        "region": "Inhambane Province",
        "elevation_m": null,
        "population": 0,
        "feature_type": "populated place",
        "geoname_id": 1100372
      }
    },
    {
      "type": "Feature",
      "geometry": {
        "type": "Point",
        "coordinates": [
          34.41278,
          -24.74889
        ]
      },
      "properties": {
        "name": "Quinque Zulu",
        "country": "Mozambique",
        "region": "Inhambane Province",
        "elevation_m": null,
        "population": 0,
        "feature_type": "populated place",
        "geoname_id": 1100375
      }
    },
    {
      "type": "Feature",
      "geometry": {
        "type": "Point",
        "coordinates": [
          34.42056,
          -24.75611
        ]
      },
      "properties": {
        "name": "F. Chiquepo",
        "country": "Mozambique",
        "region": "Inhambane Province",
        "elevation_m": null,
        "population": 0,
        "feature_type": "populated place",
        "geoname_id": 1100377
      }
    },
    {
      "type": "Feature",
      "geometry": {
        "type": "Point",
        "coordinates": [
          34.47,
          -24.7525
        ]
      },
      "properties": {
        "name": "P. Naete",
        "country": "Mozambique",
        "region": "Inhambane Province",
        "elevation_m": null,
        "population": 0,
        "feature_type": "populated place",
        "geoname_id": 1100379
      }
    },
    {
      "type": "Feature",
      "geometry": {
        "type": "Point",
        "coordinates": [
          34.39556,
          -24.68528
        ]
      },
      "properties": {
        "name": "Cat. Metodista",
        "country": "Mozambique",
        "region": "Inhambane Province",
        "elevation_m": null,
        "population": 0,
        "feature_type": "populated place",
        "geoname_id": 1100380
      }
    },
    {
      "type": "Feature",
      "geometry": {
        "type": "Point",
        "coordinates": [
          35.26583,
          -22.15611
        ]
      },
      "properties": {
        "name": "Taquine",
        "country": "Mozambique",
        "region": "Inhambane Province",
        "elevation_m": null,
        "population": 0,
        "feature_type": "populated place",
        "geoname_id": 1100395
      }
    },
    {
      "type": "Feature",
      "geometry": {
        "type": "Point",
        "coordinates": [
          34.34083,
          -24.68778
        ]
      },
      "properties": {
        "name": "Quésar Marumbine",
        "country": "Mozambique",
        "region": "Gaza Province",
        "elevation_m": null,
        "population": 0,
        "feature_type": "populated place",
        "geoname_id": 1100400
      }
    },
    {
      "type": "Feature",
      "geometry": {
        "type": "Point",
        "coordinates": [
          34.30917,
          -24.68972
        ]
      },
      "properties": {
        "name": "Jossefa Chiucuane",
        "country": "Mozambique",
        "region": "Gaza Province",
        "elevation_m": null,
        "population": 0,
        "feature_type": "populated place",
        "geoname_id": 1100401
      }
    },
    {
      "type": "Feature",
      "geometry": {
        "type": "Point",
        "coordinates": [
          34.31333,
          -24.70083
        ]
      },
      "properties": {
        "name": "Fichane Chilaelane",
        "country": "Mozambique",
        "region": "Gaza Province",
        "elevation_m": null,
        "population": 0,
        "feature_type": "populated place",
        "geoname_id": 1100402
      }
    },
    {
      "type": "Feature",
      "geometry": {
        "type": "Point",
        "coordinates": [
          34.31472,
          -24.71778
        ]
      },
      "properties": {
        "name": "D. Machongane",
        "country": "Mozambique",
        "region": "Inhambane Province",
        "elevation_m": null,
        "population": 0,
        "feature_type": "populated place",
        "geoname_id": 1100404
      }
    },
    {
      "type": "Feature",
      "geometry": {
        "type": "Point",
        "coordinates": [
          35.32389,
          -22.20861
        ]
      },
      "properties": {
        "name": "Xavier",
        "country": "Mozambique",
        "region": "Inhambane Province",
        "elevation_m": null,
        "population": 0,
        "feature_type": "populated place",
        "geoname_id": 1100406
      }
    },
    {
      "type": "Feature",
      "geometry": {
        "type": "Point",
        "coordinates": [
          35.30528,
          -22.19333
        ]
      },
      "properties": {
        "name": "Zaqueu",
        "country": "Mozambique",
        "region": "Inhambane Province",
        "elevation_m": null,
        "population": 0,
        "feature_type": "populated place",
        "geoname_id": 1100407
      }
    },
    {
      "type": "Feature",
      "geometry": {
        "type": "Point",
        "coordinates": [
          35.22972,
          -22.20833
        ]
      },
      "properties": {
        "name": "Zacarias",
        "country": "Mozambique",
        "region": "Inhambane Province",
        "elevation_m": null,
        "population": 0,
        "feature_type": "populated place",
        "geoname_id": 1100409
      }
    },
    {
      "type": "Feature",
      "geometry": {
        "type": "Point",
        "coordinates": [
          34.34611,
          -24.72167
        ]
      },
      "properties": {
        "name": "Jossia Ingainga",
        "country": "Mozambique",
        "region": "Inhambane Province",
        "elevation_m": null,
        "population": 0,
        "feature_type": "populated place",
        "geoname_id": 1100410
      }
    },
    {
      "type": "Feature",
      "geometry": {
        "type": "Point",
        "coordinates": [
          34.36667,
          -24.73278
        ]
      },
      "properties": {
        "name": "Cat. Americana",
        "country": "Mozambique",
        "region": "Inhambane Province",
        "elevation_m": null,
        "population": 0,
        "feature_type": "populated place",
        "geoname_id": 1100412
      }
    },
    {
      "type": "Feature",
      "geometry": {
        "type": "Point",
        "coordinates": [
          35.25611,
          -22.22722
        ]
      },
      "properties": {
        "name": "Damião",
        "country": "Mozambique",
        "region": "Inhambane Province",
        "elevation_m": null,
        "population": 0,
        "feature_type": "populated place",
        "geoname_id": 1100413
      }
    },
    {
      "type": "Feature",
      "geometry": {
        "type": "Point",
        "coordinates": [
          34.35139,
          -24.73861
        ]
      },
      "properties": {
        "name": "Cat. Americana",
        "country": "Mozambique",
        "region": "Inhambane Province",
        "elevation_m": null,
        "population": 0,
        "feature_type": "populated place",
        "geoname_id": 1100416
      }
    },
    {
      "type": "Feature",
      "geometry": {
        "type": "Point",
        "coordinates": [
          34.27333,
          -21.05111
        ]
      },
      "properties": {
        "name": "Mutongue",
        "country": "Mozambique",
        "region": "Sofala",
        "elevation_m": null,
        "population": 0,
        "feature_type": "populated place",
        "geoname_id": 1100419
      }
    },
    {
      "type": "Feature",
      "geometry": {
        "type": "Point",
        "coordinates": [
          34.33167,
          -24.73889
        ]
      },
      "properties": {
        "name": "Manuel Jossefa",
        "country": "Mozambique",
        "region": "Inhambane Province",
        "elevation_m": null,
        "population": 0,
        "feature_type": "populated place",
        "geoname_id": 1100424
      }
    },
    {
      "type": "Feature",
      "geometry": {
        "type": "Point",
        "coordinates": [
          34.36806,
          -24.73917
        ]
      },
      "properties": {
        "name": "Chefe Mangachilo",
        "country": "Mozambique",
        "region": "Inhambane Province",
        "elevation_m": null,
        "population": 0,
        "feature_type": "populated place",
        "geoname_id": 1100425
      }
    },
    {
      "type": "Feature",
      "geometry": {
        "type": "Point",
        "coordinates": [
          34.37222,
          -24.74667
        ]
      },
      "properties": {
        "name": "Induna Chingaze",
        "country": "Mozambique",
        "region": "Inhambane Province",
        "elevation_m": null,
        "population": 0,
        "feature_type": "populated place",
        "geoname_id": 1100429
      }
    },
    {
      "type": "Feature",
      "geometry": {
        "type": "Point",
        "coordinates": [
          32.13515,
          -22.85427
        ]
      },
      "properties": {
        "name": "Régua",
        "country": "Mozambique",
        "region": "Gaza Province",
        "elevation_m": null,
        "population": 0,
        "feature_type": "populated place",
        "geoname_id": 1100430
      }
    },
    {
      "type": "Feature",
      "geometry": {
        "type": "Point",
        "coordinates": [
          34.29611,
          -24.75167
        ]
      },
      "properties": {
        "name": "Magumanine",
        "country": "Mozambique",
        "region": "Gaza Province",
        "elevation_m": null,
        "population": 0,
        "feature_type": "populated place",
        "geoname_id": 1100432
      }
    },
    {
      "type": "Feature",
      "geometry": {
        "type": "Point",
        "coordinates": [
          34.30417,
          -24.75583
        ]
      },
      "properties": {
        "name": "Fulamine",
        "country": "Mozambique",
        "region": "Inhambane Province",
        "elevation_m": null,
        "population": 0,
        "feature_type": "populated place",
        "geoname_id": 1100434
      }
    },
    {
      "type": "Feature",
      "geometry": {
        "type": "Point",
        "coordinates": [
          34.3225,
          -24.7575
        ]
      },
      "properties": {
        "name": "Cat. Suiça",
        "country": "Mozambique",
        "region": "Inhambane Province",
        "elevation_m": null,
        "population": 0,
        "feature_type": "populated place",
        "geoname_id": 1100435
      }
    },
    {
      "type": "Feature",
      "geometry": {
        "type": "Point",
        "coordinates": [
          34.36944,
          -24.76389
        ]
      },
      "properties": {
        "name": "Chefe Buce",
        "country": "Mozambique",
        "region": "Inhambane Province",
        "elevation_m": null,
        "population": 0,
        "feature_type": "populated place",
        "geoname_id": 1100437
      }
    },
    {
      "type": "Feature",
      "geometry": {
        "type": "Point",
        "coordinates": [
          34.35306,
          -24.77028
        ]
      },
      "properties": {
        "name": "Cat. Americana",
        "country": "Mozambique",
        "region": "Inhambane Province",
        "elevation_m": null,
        "population": 0,
        "feature_type": "populated place",
        "geoname_id": 1100438
      }
    },
    {
      "type": "Feature",
      "geometry": {
        "type": "Point",
        "coordinates": [
          34.49306,
          -21.04722
        ]
      },
      "properties": {
        "name": "Mabomanhane",
        "country": "Mozambique",
        "region": "Sofala",
        "elevation_m": null,
        "population": 0,
        "feature_type": "populated place",
        "geoname_id": 1100441
      }
    },
    {
      "type": "Feature",
      "geometry": {
        "type": "Point",
        "coordinates": [
          34.41694,
          -21.09417
        ]
      },
      "properties": {
        "name": "Macocolo",
        "country": "Mozambique",
        "region": "Sofala",
        "elevation_m": null,
        "population": 0,
        "feature_type": "populated place",
        "geoname_id": 1100447
      }
    },
    {
      "type": "Feature",
      "geometry": {
        "type": "Point",
        "coordinates": [
          34.435,
          -21.11556
        ]
      },
      "properties": {
        "name": "Gogóio",
        "country": "Mozambique",
        "region": "Sofala",
        "elevation_m": null,
        "population": 0,
        "feature_type": "populated place",
        "geoname_id": 1100448
      }
    },
    {
      "type": "Feature",
      "geometry": {
        "type": "Point",
        "coordinates": [
          34.42667,
          -21.12194
        ]
      },
      "properties": {
        "name": "Lepondo",
        "country": "Mozambique",
        "region": "Sofala",
        "elevation_m": null,
        "population": 0,
        "feature_type": "populated place",
        "geoname_id": 1100449
      }
    },
    {
      "type": "Feature",
      "geometry": {
        "type": "Point",
        "coordinates": [
          34.43056,
          -21.125
        ]
      },
      "properties": {
        "name": "Chilile",
        "country": "Mozambique",
        "region": "Sofala",
        "elevation_m": null,
        "population": 0,
        "feature_type": "populated place",
        "geoname_id": 1100450
      }
    },
    {
      "type": "Feature",
      "geometry": {
        "type": "Point",
        "coordinates": [
          35.21194,
          -22.22444
        ]
      },
      "properties": {
        "name": "Xavier",
        "country": "Mozambique",
        "region": "Inhambane Province",
        "elevation_m": null,
        "population": 0,
        "feature_type": "populated place",
        "geoname_id": 1100454
      }
    },
    {
      "type": "Feature",
      "geometry": {
        "type": "Point",
        "coordinates": [
          35.20639,
          -22.18167
        ]
      },
      "properties": {
        "name": "José",
        "country": "Mozambique",
        "region": "Inhambane Province",
        "elevation_m": null,
        "population": 0,
        "feature_type": "populated place",
        "geoname_id": 1100455
      }
    },
    {
      "type": "Feature",
      "geometry": {
        "type": "Point",
        "coordinates": [
          35.22472,
          -22.16333
        ]
      },
      "properties": {
        "name": "Amela",
        "country": "Mozambique",
        "region": "Inhambane Province",
        "elevation_m": null,
        "population": 0,
        "feature_type": "populated place",
        "geoname_id": 1100457
      }
    },
    {
      "type": "Feature",
      "geometry": {
        "type": "Point",
        "coordinates": [
          34.11194,
          -21.11028
        ]
      },
      "properties": {
        "name": "Mabiaquene",
        "country": "Mozambique",
        "region": "Sofala",
        "elevation_m": null,
        "population": 0,
        "feature_type": "populated place",
        "geoname_id": 1100474
      }
    },
    {
      "type": "Feature",
      "geometry": {
        "type": "Point",
        "coordinates": [
          34.1475,
          -21.1175
        ]
      },
      "properties": {
        "name": "Seventine",
        "country": "Mozambique",
        "region": "Sofala",
        "elevation_m": null,
        "population": 0,
        "feature_type": "populated place",
        "geoname_id": 1100475
      }
    },
    {
      "type": "Feature",
      "geometry": {
        "type": "Point",
        "coordinates": [
          34.65167,
          -20.82611
        ]
      },
      "properties": {
        "name": "Tchimene Simango",
        "country": "Mozambique",
        "region": "Sofala",
        "elevation_m": null,
        "population": 0,
        "feature_type": "populated place",
        "geoname_id": 1100487
      }
    },
    {
      "type": "Feature",
      "geometry": {
        "type": "Point",
        "coordinates": [
          34.62222,
          -20.82278
        ]
      },
      "properties": {
        "name": "Tonganhe Machava",
        "country": "Mozambique",
        "region": "Sofala",
        "elevation_m": null,
        "population": 0,
        "feature_type": "populated place",
        "geoname_id": 1100489
      }
    },
    {
      "type": "Feature",
      "geometry": {
        "type": "Point",
        "coordinates": [
          34.73306,
          -20.94
        ]
      },
      "properties": {
        "name": "Malenguene Massaíde",
        "country": "Mozambique",
        "region": "Sofala",
        "elevation_m": null,
        "population": 0,
        "feature_type": "populated place",
        "geoname_id": 1100494
      }
    },
    {
      "type": "Feature",
      "geometry": {
        "type": "Point",
        "coordinates": [
          34.05222,
          -21.18306
        ]
      },
      "properties": {
        "name": "Faife",
        "country": "Mozambique",
        "region": "Sofala",
        "elevation_m": null,
        "population": 0,
        "feature_type": "populated place",
        "geoname_id": 1100497
      }
    },
    {
      "type": "Feature",
      "geometry": {
        "type": "Point",
        "coordinates": [
          34.03278,
          -21.21583
        ]
      },
      "properties": {
        "name": "Zacarias",
        "country": "Mozambique",
        "region": "Sofala",
        "elevation_m": null,
        "population": 0,
        "feature_type": "populated place",
        "geoname_id": 1100500
      }
    },
    {
      "type": "Feature",
      "geometry": {
        "type": "Point",
        "coordinates": [
          34.12194,
          -21.19556
        ]
      },
      "properties": {
        "name": "Chigói",
        "country": "Mozambique",
        "region": "Sofala",
        "elevation_m": null,
        "population": 0,
        "feature_type": "populated place",
        "geoname_id": 1100504
      }
    },
    {
      "type": "Feature",
      "geometry": {
        "type": "Point",
        "coordinates": [
          34.23389,
          -21.215
        ]
      },
      "properties": {
        "name": "Magumane",
        "country": "Mozambique",
        "region": "Sofala",
        "elevation_m": null,
        "population": 0,
        "feature_type": "populated place",
        "geoname_id": 1100513
      }
    },
    {
      "type": "Feature",
      "geometry": {
        "type": "Point",
        "coordinates": [
          34.2325,
          -24.69139
        ]
      },
      "properties": {
        "name": "Bebane Matsinhe",
        "country": "Mozambique",
        "region": "Gaza Province",
        "elevation_m": null,
        "population": 0,
        "feature_type": "populated place",
        "geoname_id": 1100517
      }
    },
    {
      "type": "Feature",
      "geometry": {
        "type": "Point",
        "coordinates": [
          34.21028,
          -24.70028
        ]
      },
      "properties": {
        "name": "Davide Gege",
        "country": "Mozambique",
        "region": "Gaza Province",
        "elevation_m": null,
        "population": 0,
        "feature_type": "populated place",
        "geoname_id": 1100518
      }
    },
    {
      "type": "Feature",
      "geometry": {
        "type": "Point",
        "coordinates": [
          34.18917,
          -24.71278
        ]
      },
      "properties": {
        "name": "Zaqueu Manhique",
        "country": "Mozambique",
        "region": "Gaza Province",
        "elevation_m": null,
        "population": 0,
        "feature_type": "populated place",
        "geoname_id": 1100519
      }
    },
    {
      "type": "Feature",
      "geometry": {
        "type": "Point",
        "coordinates": [
          34.25361,
          -24.745
        ]
      },
      "properties": {
        "name": "Simão Nhantumbo",
        "country": "Mozambique",
        "region": "Gaza Province",
        "elevation_m": null,
        "population": 0,
        "feature_type": "populated place",
        "geoname_id": 1100521
      }
    },
    {
      "type": "Feature",
      "geometry": {
        "type": "Point",
        "coordinates": [
          34.20222,
          -24.76306
        ]
      },
      "properties": {
        "name": "Chigombanine",
        "country": "Mozambique",
        "region": "Gaza Province",
        "elevation_m": null,
        "population": 0,
        "feature_type": "populated place",
        "geoname_id": 1100523
      }
    },
    {
      "type": "Feature",
      "geometry": {
        "type": "Point",
        "coordinates": [
          34.25778,
          -24.76444
        ]
      },
      "properties": {
        "name": "Valente Banze",
        "country": "Mozambique",
        "region": "Gaza Province",
        "elevation_m": null,
        "population": 0,
        "feature_type": "populated place",
        "geoname_id": 1100524
      }
    },
    {
      "type": "Feature",
      "geometry": {
        "type": "Point",
        "coordinates": [
          34.24444,
          -21.16972
        ]
      },
      "properties": {
        "name": "Chicuale",
        "country": "Mozambique",
        "region": "Sofala",
        "elevation_m": null,
        "population": 0,
        "feature_type": "populated place",
        "geoname_id": 1100534
      }
    },
    {
      "type": "Feature",
      "geometry": {
        "type": "Point",
        "coordinates": [
          35.15806,
          -22.76667
        ]
      },
      "properties": {
        "name": "Capataz",
        "country": "Mozambique",
        "region": "Inhambane Province",
        "elevation_m": null,
        "population": 0,
        "feature_type": "populated place",
        "geoname_id": 1100537
      }
    },
    {
      "type": "Feature",
      "geometry": {
        "type": "Point",
        "coordinates": [
          34.14889,
          -24.70389
        ]
      },
      "properties": {
        "name": "Chibejane Chaúque",
        "country": "Mozambique",
        "region": "Gaza Province",
        "elevation_m": null,
        "population": 0,
        "feature_type": "populated place",
        "geoname_id": 1100542
      }
    },
    {
      "type": "Feature",
      "geometry": {
        "type": "Point",
        "coordinates": [
          34.08972,
          -24.69028
        ]
      },
      "properties": {
        "name": "Amade Bai",
        "country": "Mozambique",
        "region": "Gaza Province",
        "elevation_m": null,
        "population": 0,
        "feature_type": "populated place",
        "geoname_id": 1100544
      }
    },
    {
      "type": "Feature",
      "geometry": {
        "type": "Point",
        "coordinates": [
          34.07306,
          -24.69444
        ]
      },
      "properties": {
        "name": "Raul Vilanculo",
        "country": "Mozambique",
        "region": "Gaza Province",
        "elevation_m": null,
        "population": 0,
        "feature_type": "populated place",
        "geoname_id": 1100545
      }
    },
    {
      "type": "Feature",
      "geometry": {
        "type": "Point",
        "coordinates": [
          34.09222,
          -24.71556
        ]
      },
      "properties": {
        "name": "Afonso Matsinhe",
        "country": "Mozambique",
        "region": "Gaza Province",
        "elevation_m": null,
        "population": 0,
        "feature_type": "populated place",
        "geoname_id": 1100548
      }
    },
    {
      "type": "Feature",
      "geometry": {
        "type": "Point",
        "coordinates": [
          34.14028,
          -24.71361
        ]
      },
      "properties": {
        "name": "Mateus Muianga",
        "country": "Mozambique",
        "region": "Gaza Province",
        "elevation_m": null,
        "population": 0,
        "feature_type": "populated place",
        "geoname_id": 1100549
      }
    },
    {
      "type": "Feature",
      "geometry": {
        "type": "Point",
        "coordinates": [
          35.13417,
          -22.60361
        ]
      },
      "properties": {
        "name": "Senda",
        "country": "Mozambique",
        "region": "Inhambane Province",
        "elevation_m": null,
        "population": 0,
        "feature_type": "populated place",
        "geoname_id": 1100555
      }
    },
    {
      "type": "Feature",
      "geometry": {
        "type": "Point",
        "coordinates": [
          34.03194,
          -21.29167
        ]
      },
      "properties": {
        "name": "Judasse",
        "country": "Mozambique",
        "region": "Sofala",
        "elevation_m": null,
        "population": 0,
        "feature_type": "populated place",
        "geoname_id": 1100556
      }
    },
    {
      "type": "Feature",
      "geometry": {
        "type": "Point",
        "coordinates": [
          35.01111,
          -22.6325
        ]
      },
      "properties": {
        "name": "Zefanias",
        "country": "Mozambique",
        "region": "Inhambane Province",
        "elevation_m": null,
        "population": 0,
        "feature_type": "populated place",
        "geoname_id": 1100558
      }
    },
    {
      "type": "Feature",
      "geometry": {
        "type": "Point",
        "coordinates": [
          34.05472,
          -21.28722
        ]
      },
      "properties": {
        "name": "Penicela",
        "country": "Mozambique",
        "region": "Sofala",
        "elevation_m": null,
        "population": 0,
        "feature_type": "populated place",
        "geoname_id": 1100559
      }
    },
    {
      "type": "Feature",
      "geometry": {
        "type": "Point",
        "coordinates": [
          35.01806,
          -22.66139
        ]
      },
      "properties": {
        "name": "Fenicela",
        "country": "Mozambique",
        "region": "Inhambane Province",
        "elevation_m": null,
        "population": 0,
        "feature_type": "populated place",
        "geoname_id": 1100560
      }
    },
    {
      "type": "Feature",
      "geometry": {
        "type": "Point",
        "coordinates": [
          35.08583,
          -22.65611
        ]
      },
      "properties": {
        "name": "Jossias",
        "country": "Mozambique",
        "region": "Inhambane Province",
        "elevation_m": null,
        "population": 0,
        "feature_type": "populated place",
        "geoname_id": 1100561
      }
    },
    {
      "type": "Feature",
      "geometry": {
        "type": "Point",
        "coordinates": [
          35.10167,
          -22.63861
        ]
      },
      "properties": {
        "name": "André",
        "country": "Mozambique",
        "region": "Inhambane Province",
        "elevation_m": null,
        "population": 0,
        "feature_type": "populated place",
        "geoname_id": 1100562
      }
    },
    {
      "type": "Feature",
      "geometry": {
        "type": "Point",
        "coordinates": [
          34.10111,
          -21.27333
        ]
      },
      "properties": {
        "name": "Morera",
        "country": "Mozambique",
        "region": "Sofala",
        "elevation_m": null,
        "population": 0,
        "feature_type": "populated place",
        "geoname_id": 1100568
      }
    },
    {
      "type": "Feature",
      "geometry": {
        "type": "Point",
        "coordinates": [
          34.14778,
          -21.26417
        ]
      },
      "properties": {
        "name": "Jossai",
        "country": "Mozambique",
        "region": "Sofala",
        "elevation_m": null,
        "population": 0,
        "feature_type": "populated place",
        "geoname_id": 1100573
      }
    },
    {
      "type": "Feature",
      "geometry": {
        "type": "Point",
        "coordinates": [
          34.1525,
          -21.29
        ]
      },
      "properties": {
        "name": "Chibomane",
        "country": "Mozambique",
        "region": "Sofala",
        "elevation_m": null,
        "population": 0,
        "feature_type": "populated place",
        "geoname_id": 1100574
      }
    },
    {
      "type": "Feature",
      "geometry": {
        "type": "Point",
        "coordinates": [
          34.145,
          -21.30528
        ]
      },
      "properties": {
        "name": "Manuel",
        "country": "Mozambique",
        "region": "Sofala",
        "elevation_m": null,
        "population": 0,
        "feature_type": "populated place",
        "geoname_id": 1100575
      }
    },
    {
      "type": "Feature",
      "geometry": {
        "type": "Point",
        "coordinates": [
          34.04361,
          -24.69361
        ]
      },
      "properties": {
        "name": "Afonso Maúnge",
        "country": "Mozambique",
        "region": "Gaza Province",
        "elevation_m": null,
        "population": 0,
        "feature_type": "populated place",
        "geoname_id": 1100577
      }
    },
    {
      "type": "Feature",
      "geometry": {
        "type": "Point",
        "coordinates": [
          35.06444,
          -22.70167
        ]
      },
      "properties": {
        "name": "Zaqueu",
        "country": "Mozambique",
        "region": "Inhambane Province",
        "elevation_m": null,
        "population": 0,
        "feature_type": "populated place",
        "geoname_id": 1100578
      }
    },
    {
      "type": "Feature",
      "geometry": {
        "type": "Point",
        "coordinates": [
          35.01611,
          -22.71222
        ]
      },
      "properties": {
        "name": "Tenda",
        "country": "Mozambique",
        "region": "Inhambane Province",
        "elevation_m": null,
        "population": 0,
        "feature_type": "populated place",
        "geoname_id": 1100579
      }
    },
    {
      "type": "Feature",
      "geometry": {
        "type": "Point",
        "coordinates": [
          34.02111,
          -24.70528
        ]
      },
      "properties": {
        "name": "M. Machava",
        "country": "Mozambique",
        "region": "Gaza Province",
        "elevation_m": null,
        "population": 0,
        "feature_type": "populated place",
        "geoname_id": 1100580
      }
    },
    {
      "type": "Feature",
      "geometry": {
        "type": "Point",
        "coordinates": [
          35.06,
          -22.72556
        ]
      },
      "properties": {
        "name": "Machebane",
        "country": "Mozambique",
        "region": "Inhambane Province",
        "elevation_m": null,
        "population": 0,
        "feature_type": "populated place",
        "geoname_id": 1100581
      }
    },
    {
      "type": "Feature",
      "geometry": {
        "type": "Point",
        "coordinates": [
          35.00917,
          -22.73583
        ]
      },
      "properties": {
        "name": "Uandela",
        "country": "Mozambique",
        "region": "Inhambane Province",
        "elevation_m": null,
        "population": 0,
        "feature_type": "populated place",
        "geoname_id": 1100583
      }
    },
    {
      "type": "Feature",
      "geometry": {
        "type": "Point",
        "coordinates": [
          34.63222,
          -20.00556
        ]
      },
      "properties": {
        "name": "Cherimonha",
        "country": "Mozambique",
        "region": "Sofala",
        "elevation_m": null,
        "population": 0,
        "feature_type": "populated place",
        "geoname_id": 1100584
      }
    },
    {
      "type": "Feature",
      "geometry": {
        "type": "Point",
        "coordinates": [
          35.00417,
          -22.75444
        ]
      },
      "properties": {
        "name": "Penicela",
        "country": "Mozambique",
        "region": "Inhambane Province",
        "elevation_m": null,
        "population": 0,
        "feature_type": "populated place",
        "geoname_id": 1100585
      }
    },
    {
      "type": "Feature",
      "geometry": {
        "type": "Point",
        "coordinates": [
          35.05361,
          -22.74861
        ]
      },
      "properties": {
        "name": "Lacida",
        "country": "Mozambique",
        "region": "Inhambane Province",
        "elevation_m": null,
        "population": 0,
        "feature_type": "populated place",
        "geoname_id": 1100586
      }
    },
    {
      "type": "Feature",
      "geometry": {
        "type": "Point",
        "coordinates": [
          35.08694,
          -22.76194
        ]
      },
      "properties": {
        "name": "Mabuche",
        "country": "Mozambique",
        "region": "Inhambane Province",
        "elevation_m": null,
        "population": 0,
        "feature_type": "populated place",
        "geoname_id": 1100587
      }
    },
    {
      "type": "Feature",
      "geometry": {
        "type": "Point",
        "coordinates": [
          35.12417,
          -22.76806
        ]
      },
      "properties": {
        "name": "Fabião",
        "country": "Mozambique",
        "region": "Inhambane Province",
        "elevation_m": null,
        "population": 0,
        "feature_type": "populated place",
        "geoname_id": 1100588
      }
    },
    {
      "type": "Feature",
      "geometry": {
        "type": "Point",
        "coordinates": [
          34.03083,
          -24.72917
        ]
      },
      "properties": {
        "name": "F. Mazuze",
        "country": "Mozambique",
        "region": "Gaza Province",
        "elevation_m": null,
        "population": 0,
        "feature_type": "populated place",
        "geoname_id": 1100589
      }
    },
    {
      "type": "Feature",
      "geometry": {
        "type": "Point",
        "coordinates": [
          34.01972,
          -24.73806
        ]
      },
      "properties": {
        "name": "Fernando Tembe",
        "country": "Mozambique",
        "region": "Gaza Province",
        "elevation_m": null,
        "population": 0,
        "feature_type": "populated place",
        "geoname_id": 1100591
      }
    },
    {
      "type": "Feature",
      "geometry": {
        "type": "Point",
        "coordinates": [
          35.09,
          -22.78444
        ]
      },
      "properties": {
        "name": "Tonela",
        "country": "Mozambique",
        "region": "Inhambane Province",
        "elevation_m": null,
        "population": 0,
        "feature_type": "populated place",
        "geoname_id": 1100592
      }
    },
    {
      "type": "Feature",
      "geometry": {
        "type": "Point",
        "coordinates": [
          35.10722,
          -22.72444
        ]
      },
      "properties": {
        "name": "Fabião",
        "country": "Mozambique",
        "region": "Inhambane Province",
        "elevation_m": null,
        "population": 0,
        "feature_type": "populated place",
        "geoname_id": 1100593
      }
    },
    {
      "type": "Feature",
      "geometry": {
        "type": "Point",
        "coordinates": [
          33.53278,
          -22.77556
        ]
      },
      "properties": {
        "name": "Ouache",
        "country": "Mozambique",
        "region": "Inhambane Province",
        "elevation_m": null,
        "population": 0,
        "feature_type": "populated place",
        "geoname_id": 1100595
      }
    },
    {
      "type": "Feature",
      "geometry": {
        "type": "Point",
        "coordinates": [
          35.06278,
          -22.84167
        ]
      },
      "properties": {
        "name": "Fabião",
        "country": "Mozambique",
        "region": "Inhambane Province",
        "elevation_m": null,
        "population": 0,
        "feature_type": "populated place",
        "geoname_id": 1100596
      }
    },
    {
      "type": "Feature",
      "geometry": {
        "type": "Point",
        "coordinates": [
          35.08222,
          -22.80833
        ]
      },
      "properties": {
        "name": "Simião",
        "country": "Mozambique",
        "region": "Inhambane Province",
        "elevation_m": null,
        "population": 0,
        "feature_type": "populated place",
        "geoname_id": 1100597
      }
    },
    {
      "type": "Feature",
      "geometry": {
        "type": "Point",
        "coordinates": [
          35.00583,
          -22.80806
        ]
      },
      "properties": {
        "name": "Uetela",
        "country": "Mozambique",
        "region": "Inhambane Province",
        "elevation_m": null,
        "population": 0,
        "feature_type": "populated place",
        "geoname_id": 1100598
      }
    },
    {
      "type": "Feature",
      "geometry": {
        "type": "Point",
        "coordinates": [
          35.05278,
          -22.825
        ]
      },
      "properties": {
        "name": "Fernando",
        "country": "Mozambique",
        "region": "Inhambane Province",
        "elevation_m": null,
        "population": 0,
        "feature_type": "populated place",
        "geoname_id": 1100599
      }
    },
    {
      "type": "Feature",
      "geometry": {
        "type": "Point",
        "coordinates": [
          35.10833,
          -22.83056
        ]
      },
      "properties": {
        "name": "Chefe Marranguene",
        "country": "Mozambique",
        "region": "Inhambane Province",
        "elevation_m": null,
        "population": 0,
        "feature_type": "populated place",
        "geoname_id": 1100600
      }
    },
    {
      "type": "Feature",
      "geometry": {
        "type": "Point",
        "coordinates": [
          35.1,
          -22.84417
        ]
      },
      "properties": {
        "name": "Pilauane",
        "country": "Mozambique",
        "region": "Inhambane Province",
        "elevation_m": null,
        "population": 0,
        "feature_type": "populated place",
        "geoname_id": 1100601
      }
    },
    {
      "type": "Feature",
      "geometry": {
        "type": "Point",
        "coordinates": [
          35.1325,
          -22.85639
        ]
      },
      "properties": {
        "name": "Naie",
        "country": "Mozambique",
        "region": "Inhambane Province",
        "elevation_m": null,
        "population": 0,
        "feature_type": "populated place",
        "geoname_id": 1100602
      }
    },
    {
      "type": "Feature",
      "geometry": {
        "type": "Point",
        "coordinates": [
          35.08167,
          -22.86667
        ]
      },
      "properties": {
        "name": "Zita",
        "country": "Mozambique",
        "region": "Inhambane Province",
        "elevation_m": null,
        "population": 0,
        "feature_type": "populated place",
        "geoname_id": 1100603
      }
    },
    {
      "type": "Feature",
      "geometry": {
        "type": "Point",
        "coordinates": [
          35.12278,
          -22.87389
        ]
      },
      "properties": {
        "name": "Manuel",
        "country": "Mozambique",
        "region": "Inhambane Province",
        "elevation_m": null,
        "population": 0,
        "feature_type": "populated place",
        "geoname_id": 1100606
      }
    },
    {
      "type": "Feature",
      "geometry": {
        "type": "Point",
        "coordinates": [
          35.06389,
          -22.88833
        ]
      },
      "properties": {
        "name": "Andela",
        "country": "Mozambique",
        "region": "Inhambane Province",
        "elevation_m": null,
        "population": 0,
        "feature_type": "populated place",
        "geoname_id": 1100607
      }
    },
    {
      "type": "Feature",
      "geometry": {
        "type": "Point",
        "coordinates": [
          35.04083,
          -22.89833
        ]
      },
      "properties": {
        "name": "Arone",
        "country": "Mozambique",
        "region": "Inhambane Province",
        "elevation_m": null,
        "population": 0,
        "feature_type": "populated place",
        "geoname_id": 1100609
      }
    },
    {
      "type": "Feature",
      "geometry": {
        "type": "Point",
        "coordinates": [
          35.04861,
          -22.92
        ]
      },
      "properties": {
        "name": "Chico",
        "country": "Mozambique",
        "region": "Inhambane Province",
        "elevation_m": null,
        "population": 0,
        "feature_type": "populated place",
        "geoname_id": 1100610
      }
    },
    {
      "type": "Feature",
      "geometry": {
        "type": "Point",
        "coordinates": [
          35.07,
          -22.93333
        ]
      },
      "properties": {
        "name": "Jossai",
        "country": "Mozambique",
        "region": "Inhambane Province",
        "elevation_m": null,
        "population": 0,
        "feature_type": "populated place",
        "geoname_id": 1100611
      }
    },
    {
      "type": "Feature",
      "geometry": {
        "type": "Point",
        "coordinates": [
          35.08861,
          -22.90611
        ]
      },
      "properties": {
        "name": "Cabo Chipumbo",
        "country": "Mozambique",
        "region": "Inhambane Province",
        "elevation_m": null,
        "population": 0,
        "feature_type": "populated place",
        "geoname_id": 1100612
      }
    },
    {
      "type": "Feature",
      "geometry": {
        "type": "Point",
        "coordinates": [
          35.11944,
          -22.91722
        ]
      },
      "properties": {
        "name": "Roupasse",
        "country": "Mozambique",
        "region": "Inhambane Province",
        "elevation_m": null,
        "population": 0,
        "feature_type": "populated place",
        "geoname_id": 1100613
      }
    },
    {
      "type": "Feature",
      "geometry": {
        "type": "Point",
        "coordinates": [
          35.01083,
          -22.94222
        ]
      },
      "properties": {
        "name": "Pácue",
        "country": "Mozambique",
        "region": "Inhambane Province",
        "elevation_m": null,
        "population": 0,
        "feature_type": "populated place",
        "geoname_id": 1100615
      }
    },
    {
      "type": "Feature",
      "geometry": {
        "type": "Point",
        "coordinates": [
          35.1125,
          -22.95389
        ]
      },
      "properties": {
        "name": "Faife",
        "country": "Mozambique",
        "region": "Inhambane Province",
        "elevation_m": null,
        "population": 0,
        "feature_type": "populated place",
        "geoname_id": 1100616
      }
    },
    {
      "type": "Feature",
      "geometry": {
        "type": "Point",
        "coordinates": [
          35.02083,
          -22.9725
        ]
      },
      "properties": {
        "name": "Caetano",
        "country": "Mozambique",
        "region": "Inhambane Province",
        "elevation_m": null,
        "population": 0,
        "feature_type": "populated place",
        "geoname_id": 1100617
      }
    },
    {
      "type": "Feature",
      "geometry": {
        "type": "Point",
        "coordinates": [
          35.04944,
          -22.97861
        ]
      },
      "properties": {
        "name": "Cabo Uiane",
        "country": "Mozambique",
        "region": "Inhambane Province",
        "elevation_m": null,
        "population": 0,
        "feature_type": "populated place",
        "geoname_id": 1100619
      }
    },
    {
      "type": "Feature",
      "geometry": {
        "type": "Point",
        "coordinates": [
          35.07528,
          -22.98194
        ]
      },
      "properties": {
        "name": "Julião",
        "country": "Mozambique",
        "region": "Inhambane Province",
        "elevation_m": null,
        "population": 0,
        "feature_type": "populated place",
        "geoname_id": 1100620
      }
    },
    {
      "type": "Feature",
      "geometry": {
        "type": "Point",
        "coordinates": [
          35.11472,
          -22.98722
        ]
      },
      "properties": {
        "name": "Mulangene",
        "country": "Mozambique",
        "region": "Inhambane Province",
        "elevation_m": null,
        "population": 0,
        "feature_type": "populated place",
        "geoname_id": 1100621
      }
    },
    {
      "type": "Feature",
      "geometry": {
        "type": "Point",
        "coordinates": [
          35.17556,
          -22.96333
        ]
      },
      "properties": {
        "name": "Quevel",
        "country": "Mozambique",
        "region": "Inhambane Province",
        "elevation_m": null,
        "population": 0,
        "feature_type": "populated place",
        "geoname_id": 1100622
      }
    },
    {
      "type": "Feature",
      "geometry": {
        "type": "Point",
        "coordinates": [
          35.2075,
          -22.96556
        ]
      },
      "properties": {
        "name": "Ussene",
        "country": "Mozambique",
        "region": "Inhambane Province",
        "elevation_m": null,
        "population": 0,
        "feature_type": "populated place",
        "geoname_id": 1100623
      }
    },
    {
      "type": "Feature",
      "geometry": {
        "type": "Point",
        "coordinates": [
          35.24472,
          -22.95972
        ]
      },
      "properties": {
        "name": "Saquene",
        "country": "Mozambique",
        "region": "Inhambane Province",
        "elevation_m": null,
        "population": 0,
        "feature_type": "populated place",
        "geoname_id": 1100624
      }
    },
    {
      "type": "Feature",
      "geometry": {
        "type": "Point",
        "coordinates": [
          35.23583,
          -22.97861
        ]
      },
      "properties": {
        "name": "Chefe Putene",
        "country": "Mozambique",
        "region": "Inhambane Province",
        "elevation_m": null,
        "population": 0,
        "feature_type": "populated place",
        "geoname_id": 1100625
      }
    },
    {
      "type": "Feature",
      "geometry": {
        "type": "Point",
        "coordinates": [
          35.18583,
          -22.98194
        ]
      },
      "properties": {
        "name": "António",
        "country": "Mozambique",
        "region": "Inhambane Province",
        "elevation_m": null,
        "population": 0,
        "feature_type": "populated place",
        "geoname_id": 1100626
      }
    },
    {
      "type": "Feature",
      "geometry": {
        "type": "Point",
        "coordinates": [
          35.22639,
          -22.94139
        ]
      },
      "properties": {
        "name": "Jossai",
        "country": "Mozambique",
        "region": "Inhambane Province",
        "elevation_m": null,
        "population": 0,
        "feature_type": "populated place",
        "geoname_id": 1100628
      }
    },
    {
      "type": "Feature",
      "geometry": {
        "type": "Point",
        "coordinates": [
          35.16361,
          -22.93861
        ]
      },
      "properties": {
        "name": "Cabo Mabunguane",
        "country": "Mozambique",
        "region": "Inhambane Province",
        "elevation_m": null,
        "population": 0,
        "feature_type": "populated place",
        "geoname_id": 1100629
      }
    },
    {
      "type": "Feature",
      "geometry": {
        "type": "Point",
        "coordinates": [
          35.23194,
          -22.91111
        ]
      },
      "properties": {
        "name": "Domingos",
        "country": "Mozambique",
        "region": "Inhambane Province",
        "elevation_m": null,
        "population": 0,
        "feature_type": "populated place",
        "geoname_id": 1100630
      }
    },
    {
      "type": "Feature",
      "geometry": {
        "type": "Point",
        "coordinates": [
          34.03639,
          -24.75222
        ]
      },
      "properties": {
        "name": "Cat. Evangelista",
        "country": "Mozambique",
        "region": "Gaza Province",
        "elevation_m": null,
        "population": 0,
        "feature_type": "populated place",
        "geoname_id": 1100634
      }
    },
    {
      "type": "Feature",
      "geometry": {
        "type": "Point",
        "coordinates": [
          34.20611,
          -21.25889
        ]
      },
      "properties": {
        "name": "Salemune",
        "country": "Mozambique",
        "region": "Sofala",
        "elevation_m": null,
        "population": 0,
        "feature_type": "populated place",
        "geoname_id": 1100635
      }
    },
    {
      "type": "Feature",
      "geometry": {
        "type": "Point",
        "coordinates": [
          34.20139,
          -21.24528
        ]
      },
      "properties": {
        "name": "Conjane",
        "country": "Mozambique",
        "region": "Sofala",
        "elevation_m": null,
        "population": 0,
        "feature_type": "populated place",
        "geoname_id": 1100637
      }
    },
    {
      "type": "Feature",
      "geometry": {
        "type": "Point",
        "coordinates": [
          34.2025,
          -21.2425
        ]
      },
      "properties": {
        "name": "Motongue",
        "country": "Mozambique",
        "region": "Sofala",
        "elevation_m": null,
        "population": 0,
        "feature_type": "populated place",
        "geoname_id": 1100638
      }
    },
    {
      "type": "Feature",
      "geometry": {
        "type": "Point",
        "coordinates": [
          34.02611,
          -24.75361
        ]
      },
      "properties": {
        "name": "Cat. Feiticista",
        "country": "Mozambique",
        "region": "Gaza Province",
        "elevation_m": null,
        "population": 0,
        "feature_type": "populated place",
        "geoname_id": 1100639
      }
    },
    {
      "type": "Feature",
      "geometry": {
        "type": "Point",
        "coordinates": [
          34.25889,
          -21.24667
        ]
      },
      "properties": {
        "name": "Eliasse",
        "country": "Mozambique",
        "region": "Sofala",
        "elevation_m": null,
        "population": 0,
        "feature_type": "populated place",
        "geoname_id": 1100640
      }
    },
    {
      "type": "Feature",
      "geometry": {
        "type": "Point",
        "coordinates": [
          34.27056,
          -21.25222
        ]
      },
      "properties": {
        "name": "Chefe Manganhane",
        "country": "Mozambique",
        "region": "Sofala",
        "elevation_m": null,
        "population": 0,
        "feature_type": "populated place",
        "geoname_id": 1100641
      }
    },
    {
      "type": "Feature",
      "geometry": {
        "type": "Point",
        "coordinates": [
          34.26417,
          -21.26556
        ]
      },
      "properties": {
        "name": "Manuel",
        "country": "Mozambique",
        "region": "Sofala",
        "elevation_m": null,
        "population": 0,
        "feature_type": "populated place",
        "geoname_id": 1100642
      }
    },
    {
      "type": "Feature",
      "geometry": {
        "type": "Point",
        "coordinates": [
          34.28583,
          -21.28528
        ]
      },
      "properties": {
        "name": "Matsena",
        "country": "Mozambique",
        "region": "Sofala",
        "elevation_m": null,
        "population": 0,
        "feature_type": "populated place",
        "geoname_id": 1100643
      }
    },
    {
      "type": "Feature",
      "geometry": {
        "type": "Point",
        "coordinates": [
          34.05528,
          -24.74833
        ]
      },
      "properties": {
        "name": "Daúde Mauai",
        "country": "Mozambique",
        "region": "Gaza Province",
        "elevation_m": null,
        "population": 0,
        "feature_type": "populated place",
        "geoname_id": 1100644
      }
    },
    {
      "type": "Feature",
      "geometry": {
        "type": "Point",
        "coordinates": [
          35.30278,
          -22.965
        ]
      },
      "properties": {
        "name": "Chefe Doti",
        "country": "Mozambique",
        "region": "Inhambane Province",
        "elevation_m": null,
        "population": 0,
        "feature_type": "populated place",
        "geoname_id": 1100646
      }
    },
    {
      "type": "Feature",
      "geometry": {
        "type": "Point",
        "coordinates": [
          34.12194,
          -24.33944
        ]
      },
      "properties": {
        "name": "Cat. Nazarena",
        "country": "Mozambique",
        "region": "Inhambane Province",
        "elevation_m": null,
        "population": 0,
        "feature_type": "populated place",
        "geoname_id": 1100647
      }
    },
    {
      "type": "Feature",
      "geometry": {
        "type": "Point",
        "coordinates": [
          34.08278,
          -24.78417
        ]
      },
      "properties": {
        "name": "Aldeia Videira",
        "country": "Mozambique",
        "region": "Gaza Province",
        "elevation_m": null,
        "population": 0,
        "feature_type": "populated place",
        "geoname_id": 1100648
      }
    },
    {
      "type": "Feature",
      "geometry": {
        "type": "Point",
        "coordinates": [
          35.28278,
          -22.98056
        ]
      },
      "properties": {
        "name": "Chefe Mauai",
        "country": "Mozambique",
        "region": "Inhambane Province",
        "elevation_m": null,
        "population": 0,
        "feature_type": "populated place",
        "geoname_id": 1100649
      }
    },
    {
      "type": "Feature",
      "geometry": {
        "type": "Point",
        "coordinates": [
          35.29639,
          -22.99361
        ]
      },
      "properties": {
        "name": "Penicela",
        "country": "Mozambique",
        "region": "Inhambane Province",
        "elevation_m": null,
        "population": 0,
        "feature_type": "populated place",
        "geoname_id": 1100650
      }
    },
    {
      "type": "Feature",
      "geometry": {
        "type": "Point",
        "coordinates": [
          34.07944,
          -24.84944
        ]
      },
      "properties": {
        "name": "Nhanzilo",
        "country": "Mozambique",
        "region": "Gaza Province",
        "elevation_m": null,
        "population": 0,
        "feature_type": "populated place",
        "geoname_id": 1100652
      }
    },
    {
      "type": "Feature",
      "geometry": {
        "type": "Point",
        "coordinates": [
          34.08583,
          -24.78944
        ]
      },
      "properties": {
        "name": "Regedor Banze",
        "country": "Mozambique",
        "region": "Gaza Province",
        "elevation_m": null,
        "population": 0,
        "feature_type": "populated place",
        "geoname_id": 1100653
      }
    },
    {
      "type": "Feature",
      "geometry": {
        "type": "Point",
        "coordinates": [
          34.00528,
          -24.84389
        ]
      },
      "properties": {
        "name": "Matesenhegane",
        "country": "Mozambique",
        "region": "Gaza Province",
        "elevation_m": null,
        "population": 0,
        "feature_type": "populated place",
        "geoname_id": 1100658
      }
    },
    {
      "type": "Feature",
      "geometry": {
        "type": "Point",
        "coordinates": [
          34.05833,
          -24.84056
        ]
      },
      "properties": {
        "name": "Cat. Feiticista",
        "country": "Mozambique",
        "region": "Gaza Province",
        "elevation_m": null,
        "population": 0,
        "feature_type": "populated place",
        "geoname_id": 1100659
      }
    },
    {
      "type": "Feature",
      "geometry": {
        "type": "Point",
        "coordinates": [
          34.04056,
          -24.84472
        ]
      },
      "properties": {
        "name": "Cat. Metodista",
        "country": "Mozambique",
        "region": "Gaza Province",
        "elevation_m": null,
        "population": 0,
        "feature_type": "populated place",
        "geoname_id": 1100661
      }
    },
    {
      "type": "Feature",
      "geometry": {
        "type": "Point",
        "coordinates": [
          34.0075,
          -24.84917
        ]
      },
      "properties": {
        "name": "Chefe Nhancale",
        "country": "Mozambique",
        "region": "Gaza Province",
        "elevation_m": null,
        "population": 0,
        "feature_type": "populated place",
        "geoname_id": 1100662
      }
    },
    {
      "type": "Feature",
      "geometry": {
        "type": "Point",
        "coordinates": [
          34.04583,
          -24.85556
        ]
      },
      "properties": {
        "name": "Chefe Ruco",
        "country": "Mozambique",
        "region": "Gaza Province",
        "elevation_m": null,
        "population": 0,
        "feature_type": "populated place",
        "geoname_id": 1100663
      }
    },
    {
      "type": "Feature",
      "geometry": {
        "type": "Point",
        "coordinates": [
          34.04056,
          -24.85722
        ]
      },
      "properties": {
        "name": "Cat. Suica",
        "country": "Mozambique",
        "region": "Gaza Province",
        "elevation_m": null,
        "population": 0,
        "feature_type": "populated place",
        "geoname_id": 1100664
      }
    },
    {
      "type": "Feature",
      "geometry": {
        "type": "Point",
        "coordinates": [
          34.07417,
          -24.8575
        ]
      },
      "properties": {
        "name": "Cat. Feiticista",
        "country": "Mozambique",
        "region": "Gaza Province",
        "elevation_m": null,
        "population": 0,
        "feature_type": "populated place",
        "geoname_id": 1100665
      }
    },
    {
      "type": "Feature",
      "geometry": {
        "type": "Point",
        "coordinates": [
          34.08194,
          -24.84306
        ]
      },
      "properties": {
        "name": "Chiúe",
        "country": "Mozambique",
        "region": "Gaza Province",
        "elevation_m": null,
        "population": 0,
        "feature_type": "populated place",
        "geoname_id": 1100666
      }
    },
    {
      "type": "Feature",
      "geometry": {
        "type": "Point",
        "coordinates": [
          34.10639,
          -24.82278
        ]
      },
      "properties": {
        "name": "Cat. Nazarena",
        "country": "Mozambique",
        "region": "Gaza Province",
        "elevation_m": null,
        "population": 0,
        "feature_type": "populated place",
        "geoname_id": 1100667
      }
    },
    {
      "type": "Feature",
      "geometry": {
        "type": "Point",
        "coordinates": [
          34.19444,
          -24.79583
        ]
      },
      "properties": {
        "name": "Betula",
        "country": "Mozambique",
        "region": "Gaza Province",
        "elevation_m": null,
        "population": 0,
        "feature_type": "populated place",
        "geoname_id": 1100669
      }
    },
    {
      "type": "Feature",
      "geometry": {
        "type": "Point",
        "coordinates": [
          34.08306,
          -24.79472
        ]
      },
      "properties": {
        "name": "Jaime Banze",
        "country": "Mozambique",
        "region": "Gaza Province",
        "elevation_m": null,
        "population": 0,
        "feature_type": "populated place",
        "geoname_id": 1100670
      }
    },
    {
      "type": "Feature",
      "geometry": {
        "type": "Point",
        "coordinates": [
          34.17694,
          -24.79889
        ]
      },
      "properties": {
        "name": "Uangaze",
        "country": "Mozambique",
        "region": "Gaza Province",
        "elevation_m": null,
        "population": 0,
        "feature_type": "populated place",
        "geoname_id": 1100671
      }
    },
    {
      "type": "Feature",
      "geometry": {
        "type": "Point",
        "coordinates": [
          35.36611,
          -22.95667
        ]
      },
      "properties": {
        "name": "Chefe Covene",
        "country": "Mozambique",
        "region": "Inhambane Province",
        "elevation_m": null,
        "population": 0,
        "feature_type": "populated place",
        "geoname_id": 1100672
      }
    },
    {
      "type": "Feature",
      "geometry": {
        "type": "Point",
        "coordinates": [
          35.42778,
          -22.95694
        ]
      },
      "properties": {
        "name": "Cabo Murri",
        "country": "Mozambique",
        "region": "Inhambane Province",
        "elevation_m": null,
        "population": 0,
        "feature_type": "populated place",
        "geoname_id": 1100673
      }
    },
    {
      "type": "Feature",
      "geometry": {
        "type": "Point",
        "coordinates": [
          35.38861,
          -22.97722
        ]
      },
      "properties": {
        "name": "Cabo Murenze",
        "country": "Mozambique",
        "region": "Inhambane Province",
        "elevation_m": null,
        "population": 0,
        "feature_type": "populated place",
        "geoname_id": 1100674
      }
    },
    {
      "type": "Feature",
      "geometry": {
        "type": "Point",
        "coordinates": [
          35.47833,
          -22.96389
        ]
      },
      "properties": {
        "name": "Julai",
        "country": "Mozambique",
        "region": "Inhambane Province",
        "elevation_m": null,
        "population": 0,
        "feature_type": "populated place",
        "geoname_id": 1100675
      }
    },
    {
      "type": "Feature",
      "geometry": {
        "type": "Point",
        "coordinates": [
          35.46,
          -22.99528
        ]
      },
      "properties": {
        "name": "João",
        "country": "Mozambique",
        "region": "Inhambane Province",
        "elevation_m": null,
        "population": 0,
        "feature_type": "populated place",
        "geoname_id": 1100676
      }
    },
    {
      "type": "Feature",
      "geometry": {
        "type": "Point",
        "coordinates": [
          34.1525,
          -24.78167
        ]
      },
      "properties": {
        "name": "Cat. Metodista",
        "country": "Mozambique",
        "region": "Gaza Province",
        "elevation_m": null,
        "population": 0,
        "feature_type": "populated place",
        "geoname_id": 1100685
      }
    },
    {
      "type": "Feature",
      "geometry": {
        "type": "Point",
        "coordinates": [
          34.15,
          -24.80861
        ]
      },
      "properties": {
        "name": "Cat. Metodista",
        "country": "Mozambique",
        "region": "Gaza Province",
        "elevation_m": null,
        "population": 0,
        "feature_type": "populated place",
        "geoname_id": 1100686
      }
    },
    {
      "type": "Feature",
      "geometry": {
        "type": "Point",
        "coordinates": [
          34.13028,
          -24.82806
        ]
      },
      "properties": {
        "name": "Chefe Dolene",
        "country": "Mozambique",
        "region": "Gaza Province",
        "elevation_m": null,
        "population": 0,
        "feature_type": "populated place",
        "geoname_id": 1100693
      }
    },
    {
      "type": "Feature",
      "geometry": {
        "type": "Point",
        "coordinates": [
          35.55417,
          -22.98278
        ]
      },
      "properties": {
        "name": "Chefe Pomene",
        "country": "Mozambique",
        "region": "Inhambane Province",
        "elevation_m": null,
        "population": 0,
        "feature_type": "populated place",
        "geoname_id": 1100694
      }
    },
    {
      "type": "Feature",
      "geometry": {
        "type": "Point",
        "coordinates": [
          34.19639,
          -24.78222
        ]
      },
      "properties": {
        "name": "Nhachingue",
        "country": "Mozambique",
        "region": "Gaza Province",
        "elevation_m": null,
        "population": 0,
        "feature_type": "populated place",
        "geoname_id": 1100697
      }
    },
    {
      "type": "Feature",
      "geometry": {
        "type": "Point",
        "coordinates": [
          35.46639,
          -22.94167
        ]
      },
      "properties": {
        "name": "Muchungo",
        "country": "Mozambique",
        "region": "Inhambane Province",
        "elevation_m": null,
        "population": 0,
        "feature_type": "populated place",
        "geoname_id": 1100698
      }
    },
    {
      "type": "Feature",
      "geometry": {
        "type": "Point",
        "coordinates": [
          35.1125,
          -22.59639
        ]
      },
      "properties": {
        "name": "Vilankulo",
        "country": "Mozambique",
        "region": "Inhambane Province",
        "elevation_m": null,
        "population": 0,
        "feature_type": "populated place",
        "geoname_id": 1100700
      }
    },
    {
      "type": "Feature",
      "geometry": {
        "type": "Point",
        "coordinates": [
          34.23917,
          -24.79028
        ]
      },
      "properties": {
        "name": "Cat. Metodista",
        "country": "Mozambique",
        "region": "Gaza Province",
        "elevation_m": null,
        "population": 0,
        "feature_type": "populated place",
        "geoname_id": 1100701
      }
    },
    {
      "type": "Feature",
      "geometry": {
        "type": "Point",
        "coordinates": [
          34.19889,
          -24.79361
        ]
      },
      "properties": {
        "name": "Cat. Metodista",
        "country": "Mozambique",
        "region": "Gaza Province",
        "elevation_m": null,
        "population": 0,
        "feature_type": "populated place",
        "geoname_id": 1100702
      }
    },
    {
      "type": "Feature",
      "geometry": {
        "type": "Point",
        "coordinates": [
          34.28611,
          -24.80167
        ]
      },
      "properties": {
        "name": "Chefe Barramo",
        "country": "Mozambique",
        "region": "Gaza Province",
        "elevation_m": null,
        "population": 0,
        "feature_type": "populated place",
        "geoname_id": 1100703
      }
    },
    {
      "type": "Feature",
      "geometry": {
        "type": "Point",
        "coordinates": [
          34.26611,
          -24.80667
        ]
      },
      "properties": {
        "name": "Cat. Anglicana",
        "country": "Mozambique",
        "region": "Gaza Province",
        "elevation_m": null,
        "population": 0,
        "feature_type": "populated place",
        "geoname_id": 1100707
      }
    },
    {
      "type": "Feature",
      "geometry": {
        "type": "Point",
        "coordinates": [
          34.21028,
          -24.80917
        ]
      },
      "properties": {
        "name": "Macume",
        "country": "Mozambique",
        "region": "Gaza Province",
        "elevation_m": null,
        "population": 0,
        "feature_type": "populated place",
        "geoname_id": 1100708
      }
    },
    {
      "type": "Feature",
      "geometry": {
        "type": "Point",
        "coordinates": [
          34.19528,
          -24.81556
        ]
      },
      "properties": {
        "name": "Fanete Cossa",
        "country": "Mozambique",
        "region": "Gaza Province",
        "elevation_m": null,
        "population": 0,
        "feature_type": "populated place",
        "geoname_id": 1100709
      }
    },
    {
      "type": "Feature",
      "geometry": {
        "type": "Point",
        "coordinates": [
          34.24111,
          -24.82944
        ]
      },
      "properties": {
        "name": "Lopes Zacarias",
        "country": "Mozambique",
        "region": "Gaza Province",
        "elevation_m": null,
        "population": 0,
        "feature_type": "populated place",
        "geoname_id": 1100710
      }
    },
    {
      "type": "Feature",
      "geometry": {
        "type": "Point",
        "coordinates": [
          34.24667,
          -24.84333
        ]
      },
      "properties": {
        "name": "U. Nhapulo",
        "country": "Mozambique",
        "region": "Gaza Province",
        "elevation_m": null,
        "population": 0,
        "feature_type": "populated place",
        "geoname_id": 1100711
      }
    },
    {
      "type": "Feature",
      "geometry": {
        "type": "Point",
        "coordinates": [
          34.2075,
          -24.85472
        ]
      },
      "properties": {
        "name": "M. Nhapule",
        "country": "Mozambique",
        "region": "Gaza Province",
        "elevation_m": null,
        "population": 0,
        "feature_type": "populated place",
        "geoname_id": 1100712
      }
    },
    {
      "type": "Feature",
      "geometry": {
        "type": "Point",
        "coordinates": [
          34.38028,
          -21.14833
        ]
      },
      "properties": {
        "name": "Chichocane",
        "country": "Mozambique",
        "region": "Sofala",
        "elevation_m": null,
        "population": 0,
        "feature_type": "populated place",
        "geoname_id": 1100715
      }
    },
    {
      "type": "Feature",
      "geometry": {
        "type": "Point",
        "coordinates": [
          34.41028,
          -21.15556
        ]
      },
      "properties": {
        "name": "Augusto",
        "country": "Mozambique",
        "region": "Sofala",
        "elevation_m": null,
        "population": 0,
        "feature_type": "populated place",
        "geoname_id": 1100716
      }
    },
    {
      "type": "Feature",
      "geometry": {
        "type": "Point",
        "coordinates": [
          34.38972,
          -21.15972
        ]
      },
      "properties": {
        "name": "Uchuane",
        "country": "Mozambique",
        "region": "Sofala",
        "elevation_m": null,
        "population": 0,
        "feature_type": "populated place",
        "geoname_id": 1100717
      }
    },
    {
      "type": "Feature",
      "geometry": {
        "type": "Point",
        "coordinates": [
          34.41667,
          -21.16444
        ]
      },
      "properties": {
        "name": "Mambirrice",
        "country": "Mozambique",
        "region": "Sofala",
        "elevation_m": null,
        "population": 0,
        "feature_type": "populated place",
        "geoname_id": 1100718
      }
    },
    {
      "type": "Feature",
      "geometry": {
        "type": "Point",
        "coordinates": [
          34.40583,
          -21.165
        ]
      },
      "properties": {
        "name": "Lazau",
        "country": "Mozambique",
        "region": "Sofala",
        "elevation_m": null,
        "population": 0,
        "feature_type": "populated place",
        "geoname_id": 1100719
      }
    },
    {
      "type": "Feature",
      "geometry": {
        "type": "Point",
        "coordinates": [
          34.42444,
          -21.17528
        ]
      },
      "properties": {
        "name": "Joina",
        "country": "Mozambique",
        "region": "Sofala",
        "elevation_m": null,
        "population": 0,
        "feature_type": "populated place",
        "geoname_id": 1100720
      }
    },
    {
      "type": "Feature",
      "geometry": {
        "type": "Point",
        "coordinates": [
          34.44056,
          -21.17694
        ]
      },
      "properties": {
        "name": "Matoco",
        "country": "Mozambique",
        "region": "Sofala",
        "elevation_m": null,
        "population": 0,
        "feature_type": "populated place",
        "geoname_id": 1100721
      }
    },
    {
      "type": "Feature",
      "geometry": {
        "type": "Point",
        "coordinates": [
          35.4525,
          -22.86083
        ]
      },
      "properties": {
        "name": "Tonela",
        "country": "Mozambique",
        "region": "Inhambane Province",
        "elevation_m": null,
        "population": 0,
        "feature_type": "populated place",
        "geoname_id": 1100726
      }
    },
    {
      "type": "Feature",
      "geometry": {
        "type": "Point",
        "coordinates": [
          35.44389,
          -22.88917
        ]
      },
      "properties": {
        "name": "Merca",
        "country": "Mozambique",
        "region": "Inhambane Province",
        "elevation_m": null,
        "population": 0,
        "feature_type": "populated place",
        "geoname_id": 1100727
      }
    },
    {
      "type": "Feature",
      "geometry": {
        "type": "Point",
        "coordinates": [
          35.49222,
          -22.88444
        ]
      },
      "properties": {
        "name": "Chefe Macachula",
        "country": "Mozambique",
        "region": "Inhambane Province",
        "elevation_m": null,
        "population": 0,
        "feature_type": "populated place",
        "geoname_id": 1100728
      }
    },
    {
      "type": "Feature",
      "geometry": {
        "type": "Point",
        "coordinates": [
          35.46944,
          -22.90111
        ]
      },
      "properties": {
        "name": "Uiane",
        "country": "Mozambique",
        "region": "Inhambane Province",
        "elevation_m": null,
        "population": 0,
        "feature_type": "populated place",
        "geoname_id": 1100729
      }
    },
    {
      "type": "Feature",
      "geometry": {
        "type": "Point",
        "coordinates": [
          35.49389,
          -22.93306
        ]
      },
      "properties": {
        "name": "Chivale",
        "country": "Mozambique",
        "region": "Inhambane Province",
        "elevation_m": null,
        "population": 0,
        "feature_type": "populated place",
        "geoname_id": 1100730
      }
    },
    {
      "type": "Feature",
      "geometry": {
        "type": "Point",
        "coordinates": [
          35.5075,
          -22.90833
        ]
      },
      "properties": {
        "name": "Salomone",
        "country": "Mozambique",
        "region": "Inhambane Province",
        "elevation_m": null,
        "population": 0,
        "feature_type": "populated place",
        "geoname_id": 1100731
      }
    },
    {
      "type": "Feature",
      "geometry": {
        "type": "Point",
        "coordinates": [
          35.49472,
          -22.87389
        ]
      },
      "properties": {
        "name": "Gonnamo",
        "country": "Mozambique",
        "region": "Inhambane Province",
        "elevation_m": null,
        "population": 0,
        "feature_type": "populated place",
        "geoname_id": 1100732
      }
    },
    {
      "type": "Feature",
      "geometry": {
        "type": "Point",
        "coordinates": [
          35.39306,
          -22.87167
        ]
      },
      "properties": {
        "name": "Andela",
        "country": "Mozambique",
        "region": "Inhambane Province",
        "elevation_m": null,
        "population": 0,
        "feature_type": "populated place",
        "geoname_id": 1100743
      }
    },
    {
      "type": "Feature",
      "geometry": {
        "type": "Point",
        "coordinates": [
          35.3425,
          -22.89833
        ]
      },
      "properties": {
        "name": "Chefe Tiane",
        "country": "Mozambique",
        "region": "Inhambane Province",
        "elevation_m": null,
        "population": 0,
        "feature_type": "populated place",
        "geoname_id": 1100745
      }
    },
    {
      "type": "Feature",
      "geometry": {
        "type": "Point",
        "coordinates": [
          34.31778,
          -21.28028
        ]
      },
      "properties": {
        "name": "Gonmane",
        "country": "Mozambique",
        "region": "Sofala",
        "elevation_m": null,
        "population": 0,
        "feature_type": "populated place",
        "geoname_id": 1100746
      }
    },
    {
      "type": "Feature",
      "geometry": {
        "type": "Point",
        "coordinates": [
          35.40528,
          -22.89222
        ]
      },
      "properties": {
        "name": "Chefe Quebo",
        "country": "Mozambique",
        "region": "Inhambane Province",
        "elevation_m": null,
        "population": 0,
        "feature_type": "populated place",
        "geoname_id": 1100747
      }
    },
    {
      "type": "Feature",
      "geometry": {
        "type": "Point",
        "coordinates": [
          35.39806,
          -22.91444
        ]
      },
      "properties": {
        "name": "Chefe Marrambana",
        "country": "Mozambique",
        "region": "Inhambane Province",
        "elevation_m": null,
        "population": 0,
        "feature_type": "populated place",
        "geoname_id": 1100748
      }
    },
    {
      "type": "Feature",
      "geometry": {
        "type": "Point",
        "coordinates": [
          35.37556,
          -22.945
        ]
      },
      "properties": {
        "name": "Chefe Nhatsitsi",
        "country": "Mozambique",
        "region": "Inhambane Province",
        "elevation_m": null,
        "population": 0,
        "feature_type": "populated place",
        "geoname_id": 1100750
      }
    },
    {
      "type": "Feature",
      "geometry": {
        "type": "Point",
        "coordinates": [
          34.33722,
          -21.29667
        ]
      },
      "properties": {
        "name": "Simanco",
        "country": "Mozambique",
        "region": "Sofala",
        "elevation_m": null,
        "population": 0,
        "feature_type": "populated place",
        "geoname_id": 1100751
      }
    },
    {
      "type": "Feature",
      "geometry": {
        "type": "Point",
        "coordinates": [
          35.38556,
          -22.93472
        ]
      },
      "properties": {
        "name": "Chefe Mubangoene",
        "country": "Mozambique",
        "region": "Inhambane Province",
        "elevation_m": null,
        "population": 0,
        "feature_type": "populated place",
        "geoname_id": 1100752
      }
    },
    {
      "type": "Feature",
      "geometry": {
        "type": "Point",
        "coordinates": [
          34.3625,
          -21.27028
        ]
      },
      "properties": {
        "name": "Sinava",
        "country": "Mozambique",
        "region": "Sofala",
        "elevation_m": null,
        "population": 0,
        "feature_type": "populated place",
        "geoname_id": 1100756
      }
    },
    {
      "type": "Feature",
      "geometry": {
        "type": "Point",
        "coordinates": [
          35.27444,
          -22.87833
        ]
      },
      "properties": {
        "name": "Fulau",
        "country": "Mozambique",
        "region": "Inhambane Province",
        "elevation_m": null,
        "population": 0,
        "feature_type": "populated place",
        "geoname_id": 1100760
      }
    },
    {
      "type": "Feature",
      "geometry": {
        "type": "Point",
        "coordinates": [
          35.32417,
          -22.88694
        ]
      },
      "properties": {
        "name": "Nova Lousã",
        "country": "Mozambique",
        "region": "Inhambane Province",
        "elevation_m": null,
        "population": 0,
        "feature_type": "populated place",
        "geoname_id": 1100761
      }
    },
    {
      "type": "Feature",
      "geometry": {
        "type": "Point",
        "coordinates": [
          35.32917,
          -22.89861
        ]
      },
      "properties": {
        "name": "Chefe Pai",
        "country": "Mozambique",
        "region": "Inhambane Province",
        "elevation_m": null,
        "population": 0,
        "feature_type": "populated place",
        "geoname_id": 1100762
      }
    },
    {
      "type": "Feature",
      "geometry": {
        "type": "Point",
        "coordinates": [
          35.27694,
          -22.89556
        ]
      },
      "properties": {
        "name": "Chefe Sainda",
        "country": "Mozambique",
        "region": "Inhambane Province",
        "elevation_m": null,
        "population": 0,
        "feature_type": "populated place",
        "geoname_id": 1100763
      }
    },
    {
      "type": "Feature",
      "geometry": {
        "type": "Point",
        "coordinates": [
          35.28611,
          -22.91556
        ]
      },
      "properties": {
        "name": "Fernando",
        "country": "Mozambique",
        "region": "Inhambane Province",
        "elevation_m": null,
        "population": 0,
        "feature_type": "populated place",
        "geoname_id": 1100764
      }
    },
    {
      "type": "Feature",
      "geometry": {
        "type": "Point",
        "coordinates": [
          35.26833,
          -22.93278
        ]
      },
      "properties": {
        "name": "Chefe Tsatsane",
        "country": "Mozambique",
        "region": "Inhambane Province",
        "elevation_m": null,
        "population": 0,
        "feature_type": "populated place",
        "geoname_id": 1100765
      }
    },
    {
      "type": "Feature",
      "geometry": {
        "type": "Point",
        "coordinates": [
          35.32917,
          -22.94083
        ]
      },
      "properties": {
        "name": "Chefe Catine",
        "country": "Mozambique",
        "region": "Inhambane Province",
        "elevation_m": null,
        "population": 0,
        "feature_type": "populated place",
        "geoname_id": 1100766
      }
    },
    {
      "type": "Feature",
      "geometry": {
        "type": "Point",
        "coordinates": [
          34.35278,
          -24.7775
        ]
      },
      "properties": {
        "name": "Chefe Magacimbe",
        "country": "Mozambique",
        "region": "Inhambane Province",
        "elevation_m": null,
        "population": 0,
        "feature_type": "populated place",
        "geoname_id": 1100768
      }
    },
    {
      "type": "Feature",
      "geometry": {
        "type": "Point",
        "coordinates": [
          34.33444,
          -24.79444
        ]
      },
      "properties": {
        "name": "São Pedro e São Paulo",
        "country": "Mozambique",
        "region": "Inhambane Province",
        "elevation_m": null,
        "population": 0,
        "feature_type": "populated place",
        "geoname_id": 1100770
      }
    },
    {
      "type": "Feature",
      "geometry": {
        "type": "Point",
        "coordinates": [
          34.33972,
          -24.81139
        ]
      },
      "properties": {
        "name": "Sílvia Filimão",
        "country": "Mozambique",
        "region": "Gaza Province",
        "elevation_m": null,
        "population": 0,
        "feature_type": "populated place",
        "geoname_id": 1100771
      }
    },
    {
      "type": "Feature",
      "geometry": {
        "type": "Point",
        "coordinates": [
          34.35222,
          -24.80889
        ]
      },
      "properties": {
        "name": "Abel",
        "country": "Mozambique",
        "region": "Gaza Province",
        "elevation_m": null,
        "population": 0,
        "feature_type": "populated place",
        "geoname_id": 1100773
      }
    },
    {
      "type": "Feature",
      "geometry": {
        "type": "Point",
        "coordinates": [
          34.32167,
          -24.83472
        ]
      },
      "properties": {
        "name": "Chefe Chibangue",
        "country": "Mozambique",
        "region": "Gaza Province",
        "elevation_m": null,
        "population": 0,
        "feature_type": "populated place",
        "geoname_id": 1100774
      }
    },
    {
      "type": "Feature",
      "geometry": {
        "type": "Point",
        "coordinates": [
          35.21167,
          -22.86861
        ]
      },
      "properties": {
        "name": "Setela",
        "country": "Mozambique",
        "region": "Inhambane Province",
        "elevation_m": null,
        "population": 0,
        "feature_type": "populated place",
        "geoname_id": 1100776
      }
    },
    {
      "type": "Feature",
      "geometry": {
        "type": "Point",
        "coordinates": [
          35.23278,
          -22.88306
        ]
      },
      "properties": {
        "name": "Nonga",
        "country": "Mozambique",
        "region": "Inhambane Province",
        "elevation_m": null,
        "population": 0,
        "feature_type": "populated place",
        "geoname_id": 1100777
      }
    },
    {
      "type": "Feature",
      "geometry": {
        "type": "Point",
        "coordinates": [
          35.19528,
          -22.89556
        ]
      },
      "properties": {
        "name": "Naife",
        "country": "Mozambique",
        "region": "Inhambane Province",
        "elevation_m": null,
        "population": 0,
        "feature_type": "populated place",
        "geoname_id": 1100778
      }
    },
    {
      "type": "Feature",
      "geometry": {
        "type": "Point",
        "coordinates": [
          35.15917,
          -22.88472
        ]
      },
      "properties": {
        "name": "Uanicela",
        "country": "Mozambique",
        "region": "Inhambane Province",
        "elevation_m": null,
        "population": 0,
        "feature_type": "populated place",
        "geoname_id": 1100779
      }
    },
    {
      "type": "Feature",
      "geometry": {
        "type": "Point",
        "coordinates": [
          34.33333,
          -24.84139
        ]
      },
      "properties": {
        "name": "Cat. Metodista",
        "country": "Mozambique",
        "region": "Gaza Province",
        "elevation_m": null,
        "population": 0,
        "feature_type": "populated place",
        "geoname_id": 1100781
      }
    },
    {
      "type": "Feature",
      "geometry": {
        "type": "Point",
        "coordinates": [
          35.15694,
          -22.77833
        ]
      },
      "properties": {
        "name": "Malando",
        "country": "Mozambique",
        "region": "Inhambane Province",
        "elevation_m": null,
        "population": 0,
        "feature_type": "populated place",
        "geoname_id": 1100783
      }
    },
    {
      "type": "Feature",
      "geometry": {
        "type": "Point",
        "coordinates": [
          35.2,
          -22.79583
        ]
      },
      "properties": {
        "name": "Silva",
        "country": "Mozambique",
        "region": "Inhambane Province",
        "elevation_m": null,
        "population": 0,
        "feature_type": "populated place",
        "geoname_id": 1100784
      }
    },
    {
      "type": "Feature",
      "geometry": {
        "type": "Point",
        "coordinates": [
          35.2125,
          -22.81472
        ]
      },
      "properties": {
        "name": "Manuel",
        "country": "Mozambique",
        "region": "Inhambane Province",
        "elevation_m": null,
        "population": 0,
        "feature_type": "populated place",
        "geoname_id": 1100785
      }
    },
    {
      "type": "Feature",
      "geometry": {
        "type": "Point",
        "coordinates": [
          35.21972,
          -22.83361
        ]
      },
      "properties": {
        "name": "Chefe Massace",
        "country": "Mozambique",
        "region": "Inhambane Province",
        "elevation_m": null,
        "population": 0,
        "feature_type": "populated place",
        "geoname_id": 1100786
      }
    },
    {
      "type": "Feature",
      "geometry": {
        "type": "Point",
        "coordinates": [
          35.50528,
          -22.78306
        ]
      },
      "properties": {
        "name": "Davi",
        "country": "Mozambique",
        "region": "Inhambane Province",
        "elevation_m": null,
        "population": 0,
        "feature_type": "populated place",
        "geoname_id": 1100787
      }
    },
    {
      "type": "Feature",
      "geometry": {
        "type": "Point",
        "coordinates": [
          35.50361,
          -22.83861
        ]
      },
      "properties": {
        "name": "João",
        "country": "Mozambique",
        "region": "Inhambane Province",
        "elevation_m": null,
        "population": 0,
        "feature_type": "populated place",
        "geoname_id": 1100788
      }
    },
    {
      "type": "Feature",
      "geometry": {
        "type": "Point",
        "coordinates": [
          35.48694,
          -22.76556
        ]
      },
      "properties": {
        "name": "Bento",
        "country": "Mozambique",
        "region": "Inhambane Province",
        "elevation_m": null,
        "population": 0,
        "feature_type": "populated place",
        "geoname_id": 1100789
      }
    },
    {
      "type": "Feature",
      "geometry": {
        "type": "Point",
        "coordinates": [
          35.4825,
          -22.78278
        ]
      },
      "properties": {
        "name": "Passe",
        "country": "Mozambique",
        "region": "Inhambane Province",
        "elevation_m": null,
        "population": 0,
        "feature_type": "populated place",
        "geoname_id": 1100790
      }
    },
    {
      "type": "Feature",
      "geometry": {
        "type": "Point",
        "coordinates": [
          35.48389,
          -22.8025
        ]
      },
      "properties": {
        "name": "Cabo Malamba",
        "country": "Mozambique",
        "region": "Inhambane Province",
        "elevation_m": null,
        "population": 0,
        "feature_type": "populated place",
        "geoname_id": 1100791
      }
    },
    {
      "type": "Feature",
      "geometry": {
        "type": "Point",
        "coordinates": [
          35.48306,
          -22.82972
        ]
      },
      "properties": {
        "name": "Passe",
        "country": "Mozambique",
        "region": "Inhambane Province",
        "elevation_m": null,
        "population": 0,
        "feature_type": "populated place",
        "geoname_id": 1100792
      }
    },
    {
      "type": "Feature",
      "geometry": {
        "type": "Point",
        "coordinates": [
          35.40111,
          -22.77444
        ]
      },
      "properties": {
        "name": "Guilande",
        "country": "Mozambique",
        "region": "Inhambane Province",
        "elevation_m": null,
        "population": 0,
        "feature_type": "populated place",
        "geoname_id": 1100797
      }
    },
    {
      "type": "Feature",
      "geometry": {
        "type": "Point",
        "coordinates": [
          35.35111,
          -22.7725
        ]
      },
      "properties": {
        "name": "Ducane",
        "country": "Mozambique",
        "region": "Inhambane Province",
        "elevation_m": null,
        "population": 0,
        "feature_type": "populated place",
        "geoname_id": 1100798
      }
    },
    {
      "type": "Feature",
      "geometry": {
        "type": "Point",
        "coordinates": [
          35.35861,
          -22.79889
        ]
      },
      "properties": {
        "name": "Hamela",
        "country": "Mozambique",
        "region": "Inhambane Province",
        "elevation_m": null,
        "population": 0,
        "feature_type": "populated place",
        "geoname_id": 1100799
      }
    },
    {
      "type": "Feature",
      "geometry": {
        "type": "Point",
        "coordinates": [
          35.39333,
          -22.81694
        ]
      },
      "properties": {
        "name": "Laíta",
        "country": "Mozambique",
        "region": "Inhambane Province",
        "elevation_m": null,
        "population": 0,
        "feature_type": "populated place",
        "geoname_id": 1100800
      }
    },
    {
      "type": "Feature",
      "geometry": {
        "type": "Point",
        "coordinates": [
          35.42806,
          -22.81472
        ]
      },
      "properties": {
        "name": "Zefania",
        "country": "Mozambique",
        "region": "Inhambane Province",
        "elevation_m": null,
        "population": 0,
        "feature_type": "populated place",
        "geoname_id": 1100801
      }
    },
    {
      "type": "Feature",
      "geometry": {
        "type": "Point",
        "coordinates": [
          35.37444,
          -22.82361
        ]
      },
      "properties": {
        "name": "Fafetine",
        "country": "Mozambique",
        "region": "Inhambane Province",
        "elevation_m": null,
        "population": 0,
        "feature_type": "populated place",
        "geoname_id": 1100802
      }
    },
    {
      "type": "Feature",
      "geometry": {
        "type": "Point",
        "coordinates": [
          35.39,
          -22.84944
        ]
      },
      "properties": {
        "name": "Zefania",
        "country": "Mozambique",
        "region": "Inhambane Province",
        "elevation_m": null,
        "population": 0,
        "feature_type": "populated place",
        "geoname_id": 1100803
      }
    },
    {
      "type": "Feature",
      "geometry": {
        "type": "Point",
        "coordinates": [
          35.425,
          -22.84583
        ]
      },
      "properties": {
        "name": "Duzenta",
        "country": "Mozambique",
        "region": "Inhambane Province",
        "elevation_m": null,
        "population": 0,
        "feature_type": "populated place",
        "geoname_id": 1100804
      }
    },
    {
      "type": "Feature",
      "geometry": {
        "type": "Point",
        "coordinates": [
          35.26472,
          -22.78
        ]
      },
      "properties": {
        "name": "Chefe Chicatsa",
        "country": "Mozambique",
        "region": "Inhambane Province",
        "elevation_m": null,
        "population": 0,
        "feature_type": "populated place",
        "geoname_id": 1100805
      }
    },
    {
      "type": "Feature",
      "geometry": {
        "type": "Point",
        "coordinates": [
          35.30611,
          -22.78278
        ]
      },
      "properties": {
        "name": "Malongoe",
        "country": "Mozambique",
        "region": "Inhambane Province",
        "elevation_m": null,
        "population": 0,
        "feature_type": "populated place",
        "geoname_id": 1100806
      }
    },
    {
      "type": "Feature",
      "geometry": {
        "type": "Point",
        "coordinates": [
          35.27639,
          -22.78889
        ]
      },
      "properties": {
        "name": "Chefe Massango",
        "country": "Mozambique",
        "region": "Inhambane Province",
        "elevation_m": null,
        "population": 0,
        "feature_type": "populated place",
        "geoname_id": 1100807
      }
    },
    {
      "type": "Feature",
      "geometry": {
        "type": "Point",
        "coordinates": [
          35.25944,
          -22.80778
        ]
      },
      "properties": {
        "name": "Seneta",
        "country": "Mozambique",
        "region": "Inhambane Province",
        "elevation_m": null,
        "population": 0,
        "feature_type": "populated place",
        "geoname_id": 1100808
      }
    },
    {
      "type": "Feature",
      "geometry": {
        "type": "Point",
        "coordinates": [
          35.27333,
          -22.83
        ]
      },
      "properties": {
        "name": "Uachisse",
        "country": "Mozambique",
        "region": "Inhambane Province",
        "elevation_m": null,
        "population": 0,
        "feature_type": "populated place",
        "geoname_id": 1100809
      }
    },
    {
      "type": "Feature",
      "geometry": {
        "type": "Point",
        "coordinates": [
          35.29472,
          -22.81722
        ]
      },
      "properties": {
        "name": "Chefe Chiculecule",
        "country": "Mozambique",
        "region": "Inhambane Province",
        "elevation_m": null,
        "population": 0,
        "feature_type": "populated place",
        "geoname_id": 1100810
      }
    },
    {
      "type": "Feature",
      "geometry": {
        "type": "Point",
        "coordinates": [
          35.32111,
          -22.84083
        ]
      },
      "properties": {
        "name": "Chefe Matsenguana",
        "country": "Mozambique",
        "region": "Inhambane Province",
        "elevation_m": null,
        "population": 0,
        "feature_type": "populated place",
        "geoname_id": 1100811
      }
    },
    {
      "type": "Feature",
      "geometry": {
        "type": "Point",
        "coordinates": [
          35.25556,
          -22.85361
        ]
      },
      "properties": {
        "name": "Uetela",
        "country": "Mozambique",
        "region": "Inhambane Province",
        "elevation_m": null,
        "population": 0,
        "feature_type": "populated place",
        "geoname_id": 1100812
      }
    },
    {
      "type": "Feature",
      "geometry": {
        "type": "Point",
        "coordinates": [
          35.27861,
          -22.85889
        ]
      },
      "properties": {
        "name": "Massunguene",
        "country": "Mozambique",
        "region": "Inhambane Province",
        "elevation_m": null,
        "population": 0,
        "feature_type": "populated place",
        "geoname_id": 1100813
      }
    },
    {
      "type": "Feature",
      "geometry": {
        "type": "Point",
        "coordinates": [
          34.01722,
          -21.31306
        ]
      },
      "properties": {
        "name": "Induna Matata",
        "country": "Mozambique",
        "region": "Inhambane Province",
        "elevation_m": null,
        "population": 0,
        "feature_type": "populated place",
        "geoname_id": 1100815
      }
    },
    {
      "type": "Feature",
      "geometry": {
        "type": "Point",
        "coordinates": [
          34.39944,
          -24.85167
        ]
      },
      "properties": {
        "name": "Dengoene",
        "country": "Mozambique",
        "region": "Inhambane Province",
        "elevation_m": null,
        "population": 0,
        "feature_type": "populated place",
        "geoname_id": 1100817
      }
    },
    {
      "type": "Feature",
      "geometry": {
        "type": "Point",
        "coordinates": [
          34.07778,
          -21.30139
        ]
      },
      "properties": {
        "name": "Tiane",
        "country": "Mozambique",
        "region": "Inhambane Province",
        "elevation_m": null,
        "population": 0,
        "feature_type": "populated place",
        "geoname_id": 1100822
      }
    },
    {
      "type": "Feature",
      "geometry": {
        "type": "Point",
        "coordinates": [
          34.38611,
          -24.77667
        ]
      },
      "properties": {
        "name": "Baimbai",
        "country": "Mozambique",
        "region": "Inhambane Province",
        "elevation_m": null,
        "population": 0,
        "feature_type": "populated place",
        "geoname_id": 1100826
      }
    },
    {
      "type": "Feature",
      "geometry": {
        "type": "Point",
        "coordinates": [
          34.42333,
          -24.79694
        ]
      },
      "properties": {
        "name": "Chiuriane",
        "country": "Mozambique",
        "region": "Inhambane Province",
        "elevation_m": null,
        "population": 0,
        "feature_type": "populated place",
        "geoname_id": 1100827
      }
    },
    {
      "type": "Feature",
      "geometry": {
        "type": "Point",
        "coordinates": [
          34.3925,
          -24.80472
        ]
      },
      "properties": {
        "name": "Cat. Suíça",
        "country": "Mozambique",
        "region": "",
        "elevation_m": null,
        "population": 0,
        "feature_type": "populated place",
        "geoname_id": 1100828
      }
    },
    {
      "type": "Feature",
      "geometry": {
        "type": "Point",
        "coordinates": [
          34.45444,
          -24.80611
        ]
      },
      "properties": {
        "name": "Chefe Gune",
        "country": "Mozambique",
        "region": "Inhambane Province",
        "elevation_m": null,
        "population": 0,
        "feature_type": "populated place",
        "geoname_id": 1100829
      }
    },
    {
      "type": "Feature",
      "geometry": {
        "type": "Point",
        "coordinates": [
          35.1725,
          -22.70833
        ]
      },
      "properties": {
        "name": "João",
        "country": "Mozambique",
        "region": "Inhambane Province",
        "elevation_m": null,
        "population": 0,
        "feature_type": "populated place",
        "geoname_id": 1100832
      }
    },
    {
      "type": "Feature",
      "geometry": {
        "type": "Point",
        "coordinates": [
          35.21972,
          -22.71361
        ]
      },
      "properties": {
        "name": "Uaiane",
        "country": "Mozambique",
        "region": "Inhambane Province",
        "elevation_m": null,
        "population": 0,
        "feature_type": "populated place",
        "geoname_id": 1100833
      }
    },
    {
      "type": "Feature",
      "geometry": {
        "type": "Point",
        "coordinates": [
          35.235,
          -22.74611
        ]
      },
      "properties": {
        "name": "Fabião",
        "country": "Mozambique",
        "region": "Inhambane Province",
        "elevation_m": null,
        "population": 0,
        "feature_type": "populated place",
        "geoname_id": 1100836
      }
    },
    {
      "type": "Feature",
      "geometry": {
        "type": "Point",
        "coordinates": [
          34.43556,
          -24.8125
        ]
      },
      "properties": {
        "name": "Cat. Metodista",
        "country": "Mozambique",
        "region": "Gaza Province",
        "elevation_m": null,
        "population": 0,
        "feature_type": "populated place",
        "geoname_id": 1100837
      }
    },
    {
      "type": "Feature",
      "geometry": {
        "type": "Point",
        "coordinates": [
          34.41556,
          -24.83167
        ]
      },
      "properties": {
        "name": "Quimisse Cáu",
        "country": "Mozambique",
        "region": "Gaza Province",
        "elevation_m": null,
        "population": 0,
        "feature_type": "populated place",
        "geoname_id": 1100838
      }
    },
    {
      "type": "Feature",
      "geometry": {
        "type": "Point",
        "coordinates": [
          34.4575,
          -24.83278
        ]
      },
      "properties": {
        "name": "Regedor Canda",
        "country": "Mozambique",
        "region": "Gaza Province",
        "elevation_m": null,
        "population": 0,
        "feature_type": "populated place",
        "geoname_id": 1100839
      }
    },
    {
      "type": "Feature",
      "geometry": {
        "type": "Point",
        "coordinates": [
          35.3225,
          -22.68778
        ]
      },
      "properties": {
        "name": "Safo",
        "country": "Mozambique",
        "region": "Inhambane Province",
        "elevation_m": null,
        "population": 0,
        "feature_type": "populated place",
        "geoname_id": 1100841
      }
    },
    {
      "type": "Feature",
      "geometry": {
        "type": "Point",
        "coordinates": [
          35.31139,
          -22.74528
        ]
      },
      "properties": {
        "name": "Jeque",
        "country": "Mozambique",
        "region": "Inhambane Province",
        "elevation_m": null,
        "population": 0,
        "feature_type": "populated place",
        "geoname_id": 1100844
      }
    },
    {
      "type": "Feature",
      "geometry": {
        "type": "Point",
        "coordinates": [
          35.32333,
          -22.76722
        ]
      },
      "properties": {
        "name": "Paundane",
        "country": "Mozambique",
        "region": "Inhambane Province",
        "elevation_m": null,
        "population": 0,
        "feature_type": "populated place",
        "geoname_id": 1100845
      }
    },
    {
      "type": "Feature",
      "geometry": {
        "type": "Point",
        "coordinates": [
          34.43528,
          -24.84778
        ]
      },
      "properties": {
        "name": "Cat. Metodista",
        "country": "Mozambique",
        "region": "Gaza Province",
        "elevation_m": null,
        "population": 0,
        "feature_type": "populated place",
        "geoname_id": 1100846
      }
    },
    {
      "type": "Feature",
      "geometry": {
        "type": "Point",
        "coordinates": [
          35.37556,
          -22.69
        ]
      },
      "properties": {
        "name": "Maquile",
        "country": "Mozambique",
        "region": "Inhambane Province",
        "elevation_m": null,
        "population": 0,
        "feature_type": "populated place",
        "geoname_id": 1100848
      }
    },
    {
      "type": "Feature",
      "geometry": {
        "type": "Point",
        "coordinates": [
          35.38833,
          -22.70778
        ]
      },
      "properties": {
        "name": "Mezazaila",
        "country": "Mozambique",
        "region": "Inhambane Province",
        "elevation_m": null,
        "population": 0,
        "feature_type": "populated place",
        "geoname_id": 1100849
      }
    },
    {
      "type": "Feature",
      "geometry": {
        "type": "Point",
        "coordinates": [
          35.34056,
          -22.72056
        ]
      },
      "properties": {
        "name": "Chefe Jonasse",
        "country": "Mozambique",
        "region": "Inhambane Province",
        "elevation_m": null,
        "population": 0,
        "feature_type": "populated place",
        "geoname_id": 1100850
      }
    },
    {
      "type": "Feature",
      "geometry": {
        "type": "Point",
        "coordinates": [
          35.37722,
          -22.74472
        ]
      },
      "properties": {
        "name": "Rafael",
        "country": "Mozambique",
        "region": "Inhambane Province",
        "elevation_m": null,
        "population": 0,
        "feature_type": "populated place",
        "geoname_id": 1100851
      }
    },
    {
      "type": "Feature",
      "geometry": {
        "type": "Point",
        "coordinates": [
          35.42194,
          -22.71056
        ]
      },
      "properties": {
        "name": "Chacate",
        "country": "Mozambique",
        "region": "Inhambane Province",
        "elevation_m": null,
        "population": 0,
        "feature_type": "populated place",
        "geoname_id": 1100852
      }
    },
    {
      "type": "Feature",
      "geometry": {
        "type": "Point",
        "coordinates": [
          35.47861,
          -22.70444
        ]
      },
      "properties": {
        "name": "Uachane",
        "country": "Mozambique",
        "region": "Inhambane Province",
        "elevation_m": null,
        "population": 0,
        "feature_type": "populated place",
        "geoname_id": 1100859
      }
    },
    {
      "type": "Feature",
      "geometry": {
        "type": "Point",
        "coordinates": [
          35.4725,
          -22.73194
        ]
      },
      "properties": {
        "name": "Facetela",
        "country": "Mozambique",
        "region": "Inhambane Province",
        "elevation_m": null,
        "population": 0,
        "feature_type": "populated place",
        "geoname_id": 1100861
      }
    },
    {
      "type": "Feature",
      "geometry": {
        "type": "Point",
        "coordinates": [
          35.45861,
          -22.74417
        ]
      },
      "properties": {
        "name": "Malamba",
        "country": "Mozambique",
        "region": "Inhambane Province",
        "elevation_m": null,
        "population": 0,
        "feature_type": "populated place",
        "geoname_id": 1100862
      }
    },
    {
      "type": "Feature",
      "geometry": {
        "type": "Point",
        "coordinates": [
          35.49639,
          -22.73194
        ]
      },
      "properties": {
        "name": "Chechene",
        "country": "Mozambique",
        "region": "Inhambane Province",
        "elevation_m": null,
        "population": 0,
        "feature_type": "populated place",
        "geoname_id": 1100864
      }
    },
    {
      "type": "Feature",
      "geometry": {
        "type": "Point",
        "coordinates": [
          35.45083,
          -22.63222
        ]
      },
      "properties": {
        "name": "Joane",
        "country": "Mozambique",
        "region": "Inhambane Province",
        "elevation_m": null,
        "population": 0,
        "feature_type": "populated place",
        "geoname_id": 1100871
      }
    },
    {
      "type": "Feature",
      "geometry": {
        "type": "Point",
        "coordinates": [
          35.49778,
          -22.65556
        ]
      },
      "properties": {
        "name": "Malamba",
        "country": "Mozambique",
        "region": "Inhambane Province",
        "elevation_m": null,
        "population": 0,
        "feature_type": "populated place",
        "geoname_id": 1100872
      }
    },
    {
      "type": "Feature",
      "geometry": {
        "type": "Point",
        "coordinates": [
          35.49333,
          -22.6175
        ]
      },
      "properties": {
        "name": "Caetano",
        "country": "Mozambique",
        "region": "Inhambane Province",
        "elevation_m": null,
        "population": 0,
        "feature_type": "populated place",
        "geoname_id": 1100873
      }
    },
    {
      "type": "Feature",
      "geometry": {
        "type": "Point",
        "coordinates": [
          35.47556,
          -22.59361
        ]
      },
      "properties": {
        "name": "Chiquessane",
        "country": "Mozambique",
        "region": "Inhambane Province",
        "elevation_m": null,
        "population": 0,
        "feature_type": "populated place",
        "geoname_id": 1100874
      }
    },
    {
      "type": "Feature",
      "geometry": {
        "type": "Point",
        "coordinates": [
          35.45028,
          -22.59694
        ]
      },
      "properties": {
        "name": "Soquisso",
        "country": "Mozambique",
        "region": "Inhambane Province",
        "elevation_m": null,
        "population": 0,
        "feature_type": "populated place",
        "geoname_id": 1100875
      }
    },
    {
      "type": "Feature",
      "geometry": {
        "type": "Point",
        "coordinates": [
          34.52417,
          -24.78694
        ]
      },
      "properties": {
        "name": "E. Murende",
        "country": "Mozambique",
        "region": "Inhambane Province",
        "elevation_m": null,
        "population": 0,
        "feature_type": "populated place",
        "geoname_id": 1100879
      }
    },
    {
      "type": "Feature",
      "geometry": {
        "type": "Point",
        "coordinates": [
          34.57889,
          -24.79972
        ]
      },
      "properties": {
        "name": "Chefe Chibembe",
        "country": "Mozambique",
        "region": "Inhambane Province",
        "elevation_m": null,
        "population": 0,
        "feature_type": "populated place",
        "geoname_id": 1100881
      }
    },
    {
      "type": "Feature",
      "geometry": {
        "type": "Point",
        "coordinates": [
          34.52611,
          -24.81222
        ]
      },
      "properties": {
        "name": "Chefe Mutota",
        "country": "Mozambique",
        "region": "Inhambane Province",
        "elevation_m": null,
        "population": 0,
        "feature_type": "populated place",
        "geoname_id": 1100882
      }
    },
    {
      "type": "Feature",
      "geometry": {
        "type": "Point",
        "coordinates": [
          34.51583,
          -24.82306
        ]
      },
      "properties": {
        "name": "Saguate",
        "country": "Mozambique",
        "region": "Inhambane Province",
        "elevation_m": null,
        "population": 0,
        "feature_type": "populated place",
        "geoname_id": 1100883
      }
    },
    {
      "type": "Feature",
      "geometry": {
        "type": "Point",
        "coordinates": [
          35.35528,
          -22.66667
        ]
      },
      "properties": {
        "name": "Andela",
        "country": "Mozambique",
        "region": "Inhambane Province",
        "elevation_m": null,
        "population": 0,
        "feature_type": "populated place",
        "geoname_id": 1100888
      }
    },
    {
      "type": "Feature",
      "geometry": {
        "type": "Point",
        "coordinates": [
          35.36972,
          -22.60639
        ]
      },
      "properties": {
        "name": "Timbe",
        "country": "Mozambique",
        "region": "Inhambane Province",
        "elevation_m": null,
        "population": 0,
        "feature_type": "populated place",
        "geoname_id": 1100889
      }
    },
    {
      "type": "Feature",
      "geometry": {
        "type": "Point",
        "coordinates": [
          35.33167,
          -22.59944
        ]
      },
      "properties": {
        "name": "Chitofo",
        "country": "Mozambique",
        "region": "Inhambane Province",
        "elevation_m": null,
        "population": 0,
        "feature_type": "populated place",
        "geoname_id": 1100890
      }
    },
    {
      "type": "Feature",
      "geometry": {
        "type": "Point",
        "coordinates": [
          35.28833,
          -22.60417
        ]
      },
      "properties": {
        "name": "Chefe Mamite",
        "country": "Mozambique",
        "region": "Inhambane Province",
        "elevation_m": null,
        "population": 0,
        "feature_type": "populated place",
        "geoname_id": 1100893
      }
    },
    {
      "type": "Feature",
      "geometry": {
        "type": "Point",
        "coordinates": [
          35.32167,
          -22.63444
        ]
      },
      "properties": {
        "name": "Seneta",
        "country": "Mozambique",
        "region": "Inhambane Province",
        "elevation_m": null,
        "population": 0,
        "feature_type": "populated place",
        "geoname_id": 1100894
      }
    },
    {
      "type": "Feature",
      "geometry": {
        "type": "Point",
        "coordinates": [
          35.29528,
          -22.67583
        ]
      },
      "properties": {
        "name": "Fiosso",
        "country": "Mozambique",
        "region": "Inhambane Province",
        "elevation_m": null,
        "population": 0,
        "feature_type": "populated place",
        "geoname_id": 1100895
      }
    },
    {
      "type": "Feature",
      "geometry": {
        "type": "Point",
        "coordinates": [
          35.17833,
          -22.60972
        ]
      },
      "properties": {
        "name": "Alfiado",
        "country": "Mozambique",
        "region": "Inhambane Province",
        "elevation_m": null,
        "population": 0,
        "feature_type": "populated place",
        "geoname_id": 1100900
      }
    },
    {
      "type": "Feature",
      "geometry": {
        "type": "Point",
        "coordinates": [
          35.15028,
          -22.64861
        ]
      },
      "properties": {
        "name": "Zaqueu",
        "country": "Mozambique",
        "region": "Inhambane Province",
        "elevation_m": null,
        "population": 0,
        "feature_type": "populated place",
        "geoname_id": 1100901
      }
    },
    {
      "type": "Feature",
      "geometry": {
        "type": "Point",
        "coordinates": [
          35.17722,
          -22.66194
        ]
      },
      "properties": {
        "name": "Ernesto",
        "country": "Mozambique",
        "region": "Inhambane Province",
        "elevation_m": null,
        "population": 0,
        "feature_type": "populated place",
        "geoname_id": 1100902
      }
    },
    {
      "type": "Feature",
      "geometry": {
        "type": "Point",
        "coordinates": [
          35.21583,
          -22.67194
        ]
      },
      "properties": {
        "name": "Julai",
        "country": "Mozambique",
        "region": "Inhambane Province",
        "elevation_m": null,
        "population": 0,
        "feature_type": "populated place",
        "geoname_id": 1100903
      }
    },
    {
      "type": "Feature",
      "geometry": {
        "type": "Point",
        "coordinates": [
          35.21083,
          -22.64389
        ]
      },
      "properties": {
        "name": "Fabião",
        "country": "Mozambique",
        "region": "Inhambane Province",
        "elevation_m": null,
        "population": 0,
        "feature_type": "populated place",
        "geoname_id": 1100904
      }
    },
    {
      "type": "Feature",
      "geometry": {
        "type": "Point",
        "coordinates": [
          35.24639,
          -22.63056
        ]
      },
      "properties": {
        "name": "Xavier",
        "country": "Mozambique",
        "region": "Inhambane Province",
        "elevation_m": null,
        "population": 0,
        "feature_type": "populated place",
        "geoname_id": 1100905
      }
    },
    {
      "type": "Feature",
      "geometry": {
        "type": "Point",
        "coordinates": [
          34.27389,
          -21.28972
        ]
      },
      "properties": {
        "name": "Simone",
        "country": "Mozambique",
        "region": "Inhambane Province",
        "elevation_m": null,
        "population": 0,
        "feature_type": "populated place",
        "geoname_id": 1100909
      }
    },
    {
      "type": "Feature",
      "geometry": {
        "type": "Point",
        "coordinates": [
          34.27528,
          -21.30889
        ]
      },
      "properties": {
        "name": "Cabo Jofane",
        "country": "Mozambique",
        "region": "Inhambane Province",
        "elevation_m": null,
        "population": 0,
        "feature_type": "populated place",
        "geoname_id": 1100910
      }
    },
    {
      "type": "Feature",
      "geometry": {
        "type": "Point",
        "coordinates": [
          34.18194,
          -21.31944
        ]
      },
      "properties": {
        "name": "Laquene",
        "country": "Mozambique",
        "region": "Inhambane Province",
        "elevation_m": null,
        "population": 0,
        "feature_type": "populated place",
        "geoname_id": 1100912
      }
    },
    {
      "type": "Feature",
      "geometry": {
        "type": "Point",
        "coordinates": [
          34.16222,
          -21.32278
        ]
      },
      "properties": {
        "name": "Chetio",
        "country": "Mozambique",
        "region": "Inhambane Province",
        "elevation_m": null,
        "population": 0,
        "feature_type": "populated place",
        "geoname_id": 1100916
      }
    },
    {
      "type": "Feature",
      "geometry": {
        "type": "Point",
        "coordinates": [
          34.16917,
          -21.35222
        ]
      },
      "properties": {
        "name": "Induna Touquisso",
        "country": "Mozambique",
        "region": "Inhambane Province",
        "elevation_m": null,
        "population": 0,
        "feature_type": "populated place",
        "geoname_id": 1100917
      }
    },
    {
      "type": "Feature",
      "geometry": {
        "type": "Point",
        "coordinates": [
          34.14528,
          -21.36861
        ]
      },
      "properties": {
        "name": "Malambe",
        "country": "Mozambique",
        "region": "Inhambane Province",
        "elevation_m": null,
        "population": 0,
        "feature_type": "populated place",
        "geoname_id": 1100918
      }
    },
    {
      "type": "Feature",
      "geometry": {
        "type": "Point",
        "coordinates": [
          34.27806,
          -21.3425
        ]
      },
      "properties": {
        "name": "Chefe Chiguemane",
        "country": "Mozambique",
        "region": "Inhambane Province",
        "elevation_m": null,
        "population": 0,
        "feature_type": "populated place",
        "geoname_id": 1100919
      }
    },
    {
      "type": "Feature",
      "geometry": {
        "type": "Point",
        "coordinates": [
          34.26917,
          -21.35389
        ]
      },
      "properties": {
        "name": "Massinguile",
        "country": "Mozambique",
        "region": "Inhambane Province",
        "elevation_m": null,
        "population": 0,
        "feature_type": "populated place",
        "geoname_id": 1100921
      }
    },
    {
      "type": "Feature",
      "geometry": {
        "type": "Point",
        "coordinates": [
          34.24667,
          -21.3625
        ]
      },
      "properties": {
        "name": "Guaúi",
        "country": "Mozambique",
        "region": "Inhambane Province",
        "elevation_m": null,
        "population": 0,
        "feature_type": "populated place",
        "geoname_id": 1100922
      }
    },
    {
      "type": "Feature",
      "geometry": {
        "type": "Point",
        "coordinates": [
          34.24389,
          -21.37417
        ]
      },
      "properties": {
        "name": "Cocho",
        "country": "Mozambique",
        "region": "Inhambane Province",
        "elevation_m": null,
        "population": 0,
        "feature_type": "populated place",
        "geoname_id": 1100923
      }
    },
    {
      "type": "Feature",
      "geometry": {
        "type": "Point",
        "coordinates": [
          34.22083,
          -21.38333
        ]
      },
      "properties": {
        "name": "Paulo",
        "country": "Mozambique",
        "region": "Inhambane Province",
        "elevation_m": null,
        "population": 0,
        "feature_type": "populated place",
        "geoname_id": 1100924
      }
    },
    {
      "type": "Feature",
      "geometry": {
        "type": "Point",
        "coordinates": [
          34.25528,
          -21.39111
        ]
      },
      "properties": {
        "name": "Mavonho",
        "country": "Mozambique",
        "region": "Inhambane Province",
        "elevation_m": null,
        "population": 0,
        "feature_type": "populated place",
        "geoname_id": 1100925
      }
    },
    {
      "type": "Feature",
      "geometry": {
        "type": "Point",
        "coordinates": [
          35.14667,
          -22.50806
        ]
      },
      "properties": {
        "name": "Finiasse",
        "country": "Mozambique",
        "region": "Inhambane Province",
        "elevation_m": null,
        "population": 0,
        "feature_type": "populated place",
        "geoname_id": 1100927
      }
    },
    {
      "type": "Feature",
      "geometry": {
        "type": "Point",
        "coordinates": [
          35.17417,
          -22.545
        ]
      },
      "properties": {
        "name": "Talufo",
        "country": "Mozambique",
        "region": "Inhambane Province",
        "elevation_m": null,
        "population": 0,
        "feature_type": "populated place",
        "geoname_id": 1100928
      }
    },
    {
      "type": "Feature",
      "geometry": {
        "type": "Point",
        "coordinates": [
          35.15944,
          -22.55278
        ]
      },
      "properties": {
        "name": "Rafael",
        "country": "Mozambique",
        "region": "Inhambane Province",
        "elevation_m": null,
        "population": 0,
        "feature_type": "populated place",
        "geoname_id": 1100929
      }
    },
    {
      "type": "Feature",
      "geometry": {
        "type": "Point",
        "coordinates": [
          35.22806,
          -22.54861
        ]
      },
      "properties": {
        "name": "Fernando",
        "country": "Mozambique",
        "region": "Inhambane Province",
        "elevation_m": null,
        "population": 0,
        "feature_type": "populated place",
        "geoname_id": 1100930
      }
    },
    {
      "type": "Feature",
      "geometry": {
        "type": "Point",
        "coordinates": [
          35.17667,
          -22.57778
        ]
      },
      "properties": {
        "name": "Bernardo",
        "country": "Mozambique",
        "region": "Inhambane Province",
        "elevation_m": null,
        "population": 0,
        "feature_type": "populated place",
        "geoname_id": 1100931
      }
    },
    {
      "type": "Feature",
      "geometry": {
        "type": "Point",
        "coordinates": [
          35.315,
          -22.50722
        ]
      },
      "properties": {
        "name": "Uoache",
        "country": "Mozambique",
        "region": "Inhambane Province",
        "elevation_m": null,
        "population": 0,
        "feature_type": "populated place",
        "geoname_id": 1100932
      }
    },
    {
      "type": "Feature",
      "geometry": {
        "type": "Point",
        "coordinates": [
          35.32389,
          -22.53917
        ]
      },
      "properties": {
        "name": "Manera",
        "country": "Mozambique",
        "region": "Inhambane Province",
        "elevation_m": null,
        "population": 0,
        "feature_type": "populated place",
        "geoname_id": 1100933
      }
    },
    {
      "type": "Feature",
      "geometry": {
        "type": "Point",
        "coordinates": [
          35.25806,
          -22.57056
        ]
      },
      "properties": {
        "name": "Guezemane",
        "country": "Mozambique",
        "region": "Inhambane Province",
        "elevation_m": null,
        "population": 0,
        "feature_type": "populated place",
        "geoname_id": 1100934
      }
    },
    {
      "type": "Feature",
      "geometry": {
        "type": "Point",
        "coordinates": [
          35.26639,
          -22.52972
        ]
      },
      "properties": {
        "name": "Cofe",
        "country": "Mozambique",
        "region": "Inhambane Province",
        "elevation_m": null,
        "population": 0,
        "feature_type": "populated place",
        "geoname_id": 1100935
      }
    },
    {
      "type": "Feature",
      "geometry": {
        "type": "Point",
        "coordinates": [
          34.30611,
          -24.87139
        ]
      },
      "properties": {
        "name": "Regedor Nhachengo",
        "country": "Mozambique",
        "region": "Gaza Province",
        "elevation_m": null,
        "population": 0,
        "feature_type": "populated place",
        "geoname_id": 1100945
      }
    },
    {
      "type": "Feature",
      "geometry": {
        "type": "Point",
        "coordinates": [
          34.2775,
          -24.86833
        ]
      },
      "properties": {
        "name": "Chefe Matsuquetete",
        "country": "Mozambique",
        "region": "Gaza Province",
        "elevation_m": null,
        "population": 0,
        "feature_type": "populated place",
        "geoname_id": 1100964
      }
    },
    {
      "type": "Feature",
      "geometry": {
        "type": "Point",
        "coordinates": [
          34.23889,
          -24.885
        ]
      },
      "properties": {
        "name": "Regedor Madender",
        "country": "Mozambique",
        "region": "Gaza Province",
        "elevation_m": null,
        "population": 0,
        "feature_type": "populated place",
        "geoname_id": 1100967
      }
    },
    {
      "type": "Feature",
      "geometry": {
        "type": "Point",
        "coordinates": [
          34.26639,
          -24.90111
        ]
      },
      "properties": {
        "name": "Chefe Mahomo",
        "country": "Mozambique",
        "region": "Gaza Province",
        "elevation_m": null,
        "population": 0,
        "feature_type": "populated place",
        "geoname_id": 1100980
      }
    },
    {
      "type": "Feature",
      "geometry": {
        "type": "Point",
        "coordinates": [
          34.19083,
          -24.90639
        ]
      },
      "properties": {
        "name": "Regedor Chidenguele",
        "country": "Mozambique",
        "region": "Gaza Province",
        "elevation_m": null,
        "population": 0,
        "feature_type": "populated place",
        "geoname_id": 1100987
      }
    },
    {
      "type": "Feature",
      "geometry": {
        "type": "Point",
        "coordinates": [
          35.43667,
          -22.23111
        ]
      },
      "properties": {
        "name": "Uacelane",
        "country": "Mozambique",
        "region": "Inhambane Province",
        "elevation_m": null,
        "population": 0,
        "feature_type": "populated place",
        "geoname_id": 1101007
      }
    },
    {
      "type": "Feature",
      "geometry": {
        "type": "Point",
        "coordinates": [
          34.11889,
          -24.88028
        ]
      },
      "properties": {
        "name": "Induna Sabão",
        "country": "Mozambique",
        "region": "Gaza Province",
        "elevation_m": null,
        "population": 0,
        "feature_type": "populated place",
        "geoname_id": 1101008
      }
    },
    {
      "type": "Feature",
      "geometry": {
        "type": "Point",
        "coordinates": [
          35.42861,
          -22.25972
        ]
      },
      "properties": {
        "name": "Jaime",
        "country": "Mozambique",
        "region": "Inhambane Province",
        "elevation_m": null,
        "population": 0,
        "feature_type": "populated place",
        "geoname_id": 1101009
      }
    },
    {
      "type": "Feature",
      "geometry": {
        "type": "Point",
        "coordinates": [
          34.12583,
          -24.8825
        ]
      },
      "properties": {
        "name": "Chefe Mungoi",
        "country": "Mozambique",
        "region": "Gaza Province",
        "elevation_m": null,
        "population": 0,
        "feature_type": "populated place",
        "geoname_id": 1101010
      }
    },
    {
      "type": "Feature",
      "geometry": {
        "type": "Point",
        "coordinates": [
          35.40722,
          -22.29361
        ]
      },
      "properties": {
        "name": "Xico",
        "country": "Mozambique",
        "region": "Inhambane Province",
        "elevation_m": null,
        "population": 0,
        "feature_type": "populated place",
        "geoname_id": 1101012
      }
    },
    {
      "type": "Feature",
      "geometry": {
        "type": "Point",
        "coordinates": [
          34.16806,
          -24.90361
        ]
      },
      "properties": {
        "name": "Regedor Muguambe",
        "country": "Mozambique",
        "region": "Gaza Province",
        "elevation_m": null,
        "population": 0,
        "feature_type": "populated place",
        "geoname_id": 1101014
      }
    },
    {
      "type": "Feature",
      "geometry": {
        "type": "Point",
        "coordinates": [
          34.11111,
          -24.90306
        ]
      },
      "properties": {
        "name": "Chefe Matimbe",
        "country": "Mozambique",
        "region": "Gaza Province",
        "elevation_m": null,
        "population": 0,
        "feature_type": "populated place",
        "geoname_id": 1101017
      }
    },
    {
      "type": "Feature",
      "geometry": {
        "type": "Point",
        "coordinates": [
          34.98667,
          -23.98389
        ]
      },
      "properties": {
        "name": "Leonardo",
        "country": "Mozambique",
        "region": "Inhambane Province",
        "elevation_m": null,
        "population": 0,
        "feature_type": "populated place",
        "geoname_id": 1101024
      }
    },
    {
      "type": "Feature",
      "geometry": {
        "type": "Point",
        "coordinates": [
          34.13583,
          -24.93083
        ]
      },
      "properties": {
        "name": "Chefe Chitombe",
        "country": "Mozambique",
        "region": "Gaza Province",
        "elevation_m": null,
        "population": 0,
        "feature_type": "populated place",
        "geoname_id": 1101025
      }
    },
    {
      "type": "Feature",
      "geometry": {
        "type": "Point",
        "coordinates": [
          34.94389,
          -23.99667
        ]
      },
      "properties": {
        "name": "Cabo Muvique",
        "country": "Mozambique",
        "region": "Inhambane Province",
        "elevation_m": null,
        "population": 0,
        "feature_type": "populated place",
        "geoname_id": 1101029
      }
    },
    {
      "type": "Feature",
      "geometry": {
        "type": "Point",
        "coordinates": [
          34.92889,
          -23.96833
        ]
      },
      "properties": {
        "name": "P. Lobo",
        "country": "Mozambique",
        "region": "Inhambane Province",
        "elevation_m": null,
        "population": 0,
        "feature_type": "populated place",
        "geoname_id": 1101031
      }
    },
    {
      "type": "Feature",
      "geometry": {
        "type": "Point",
        "coordinates": [
          35.4325,
          -22.32167
        ]
      },
      "properties": {
        "name": "Sequene",
        "country": "Mozambique",
        "region": "Inhambane Province",
        "elevation_m": null,
        "population": 0,
        "feature_type": "populated place",
        "geoname_id": 1101032
      }
    },
    {
      "type": "Feature",
      "geometry": {
        "type": "Point",
        "coordinates": [
          35.4475,
          -22.35
        ]
      },
      "properties": {
        "name": "Taime",
        "country": "Mozambique",
        "region": "Inhambane Province",
        "elevation_m": null,
        "population": 0,
        "feature_type": "populated place",
        "geoname_id": 1101033
      }
    },
    {
      "type": "Feature",
      "geometry": {
        "type": "Point",
        "coordinates": [
          35.43389,
          -22.36333
        ]
      },
      "properties": {
        "name": "Sando",
        "country": "Mozambique",
        "region": "Inhambane Province",
        "elevation_m": null,
        "population": 0,
        "feature_type": "populated place",
        "geoname_id": 1101034
      }
    },
    {
      "type": "Feature",
      "geometry": {
        "type": "Point",
        "coordinates": [
          35.52139,
          -22.39333
        ]
      },
      "properties": {
        "name": "Zefanias",
        "country": "Mozambique",
        "region": "Inhambane Province",
        "elevation_m": null,
        "population": 0,
        "feature_type": "populated place",
        "geoname_id": 1101035
      }
    },
    {
      "type": "Feature",
      "geometry": {
        "type": "Point",
        "coordinates": [
          34.47194,
          -21.17111
        ]
      },
      "properties": {
        "name": "Maconza",
        "country": "Mozambique",
        "region": "Inhambane Province",
        "elevation_m": null,
        "population": 0,
        "feature_type": "populated place",
        "geoname_id": 1101036
      }
    },
    {
      "type": "Feature",
      "geometry": {
        "type": "Point",
        "coordinates": [
          34.495,
          -21.17056
        ]
      },
      "properties": {
        "name": "Mufúcua",
        "country": "Mozambique",
        "region": "Inhambane Province",
        "elevation_m": null,
        "population": 0,
        "feature_type": "populated place",
        "geoname_id": 1101038
      }
    },
    {
      "type": "Feature",
      "geometry": {
        "type": "Point",
        "coordinates": [
          34.46361,
          -21.17806
        ]
      },
      "properties": {
        "name": "Jossai",
        "country": "Mozambique",
        "region": "Inhambane Province",
        "elevation_m": null,
        "population": 0,
        "feature_type": "populated place",
        "geoname_id": 1101041
      }
    },
    {
      "type": "Feature",
      "geometry": {
        "type": "Point",
        "coordinates": [
          35.47611,
          -22.35417
        ]
      },
      "properties": {
        "name": "Juga",
        "country": "Mozambique",
        "region": "Inhambane Province",
        "elevation_m": null,
        "population": 0,
        "feature_type": "populated place",
        "geoname_id": 1101042
      }
    },
    {
      "type": "Feature",
      "geometry": {
        "type": "Point",
        "coordinates": [
          34.17333,
          -24.91472
        ]
      },
      "properties": {
        "name": "Nhaluele",
        "country": "Mozambique",
        "region": "Gaza Province",
        "elevation_m": null,
        "population": 0,
        "feature_type": "populated place",
        "geoname_id": 1101052
      }
    },
    {
      "type": "Feature",
      "geometry": {
        "type": "Point",
        "coordinates": [
          34.45444,
          -21.2075
        ]
      },
      "properties": {
        "name": "Finiasse",
        "country": "Mozambique",
        "region": "Inhambane Province",
        "elevation_m": null,
        "population": 0,
        "feature_type": "populated place",
        "geoname_id": 1101056
      }
    },
    {
      "type": "Feature",
      "geometry": {
        "type": "Point",
        "coordinates": [
          34.05972,
          -24.70222
        ]
      },
      "properties": {
        "name": "F. Nhate",
        "country": "Mozambique",
        "region": "Gaza Province",
        "elevation_m": null,
        "population": 0,
        "feature_type": "populated place",
        "geoname_id": 1101058
      }
    },
    {
      "type": "Feature",
      "geometry": {
        "type": "Point",
        "coordinates": [
          34.44139,
          -21.21833
        ]
      },
      "properties": {
        "name": "Faria",
        "country": "Mozambique",
        "region": "Inhambane Province",
        "elevation_m": null,
        "population": 0,
        "feature_type": "populated place",
        "geoname_id": 1101059
      }
    },
    {
      "type": "Feature",
      "geometry": {
        "type": "Point",
        "coordinates": [
          35.43583,
          -22.41444
        ]
      },
      "properties": {
        "name": "Hugo",
        "country": "Mozambique",
        "region": "Inhambane Province",
        "elevation_m": null,
        "population": 0,
        "feature_type": "populated place",
        "geoname_id": 1101066
      }
    },
    {
      "type": "Feature",
      "geometry": {
        "type": "Point",
        "coordinates": [
          35.42556,
          -22.43389
        ]
      },
      "properties": {
        "name": "Somborane",
        "country": "Mozambique",
        "region": "Inhambane Province",
        "elevation_m": null,
        "population": 0,
        "feature_type": "populated place",
        "geoname_id": 1101067
      }
    },
    {
      "type": "Feature",
      "geometry": {
        "type": "Point",
        "coordinates": [
          35.42139,
          -22.45806
        ]
      },
      "properties": {
        "name": "Silica",
        "country": "Mozambique",
        "region": "Inhambane Province",
        "elevation_m": null,
        "population": 0,
        "feature_type": "populated place",
        "geoname_id": 1101068
      }
    },
    {
      "type": "Feature",
      "geometry": {
        "type": "Point",
        "coordinates": [
          35.41528,
          -22.50861
        ]
      },
      "properties": {
        "name": "Notiça",
        "country": "Mozambique",
        "region": "Inhambane Province",
        "elevation_m": null,
        "population": 0,
        "feature_type": "populated place",
        "geoname_id": 1101070
      }
    },
    {
      "type": "Feature",
      "geometry": {
        "type": "Point",
        "coordinates": [
          35.44667,
          -22.49833
        ]
      },
      "properties": {
        "name": "Fabião",
        "country": "Mozambique",
        "region": "Inhambane Province",
        "elevation_m": null,
        "population": 0,
        "feature_type": "populated place",
        "geoname_id": 1101071
      }
    },
    {
      "type": "Feature",
      "geometry": {
        "type": "Point",
        "coordinates": [
          35.44056,
          -22.43278
        ]
      },
      "properties": {
        "name": "Fabião",
        "country": "Mozambique",
        "region": "Inhambane Province",
        "elevation_m": null,
        "population": 0,
        "feature_type": "populated place",
        "geoname_id": 1101072
      }
    },
    {
      "type": "Feature",
      "geometry": {
        "type": "Point",
        "coordinates": [
          34.96861,
          -23.96
        ]
      },
      "properties": {
        "name": "Timoteo",
        "country": "Mozambique",
        "region": "Inhambane Province",
        "elevation_m": null,
        "population": 0,
        "feature_type": "populated place",
        "geoname_id": 1101078
      }
    },
    {
      "type": "Feature",
      "geometry": {
        "type": "Point",
        "coordinates": [
          35.51722,
          -22.41222
        ]
      },
      "properties": {
        "name": "Mavai",
        "country": "Mozambique",
        "region": "Inhambane Province",
        "elevation_m": null,
        "population": 0,
        "feature_type": "populated place",
        "geoname_id": 1101085
      }
    },
    {
      "type": "Feature",
      "geometry": {
        "type": "Point",
        "coordinates": [
          35.42861,
          -22.5275
        ]
      },
      "properties": {
        "name": "Uetela",
        "country": "Mozambique",
        "region": "Inhambane Province",
        "elevation_m": null,
        "population": 0,
        "feature_type": "populated place",
        "geoname_id": 1101086
      }
    },
    {
      "type": "Feature",
      "geometry": {
        "type": "Point",
        "coordinates": [
          35.41583,
          -22.58056
        ]
      },
      "properties": {
        "name": "Magol",
        "country": "Mozambique",
        "region": "Inhambane Province",
        "elevation_m": null,
        "population": 0,
        "feature_type": "populated place",
        "geoname_id": 1101087
      }
    },
    {
      "type": "Feature",
      "geometry": {
        "type": "Point",
        "coordinates": [
          35.48833,
          -22.56722
        ]
      },
      "properties": {
        "name": "Mosondai",
        "country": "Mozambique",
        "region": "Inhambane Province",
        "elevation_m": null,
        "population": 0,
        "feature_type": "populated place",
        "geoname_id": 1101088
      }
    },
    {
      "type": "Feature",
      "geometry": {
        "type": "Point",
        "coordinates": [
          35.37722,
          -22.51861
        ]
      },
      "properties": {
        "name": "Filipe",
        "country": "Mozambique",
        "region": "Inhambane Province",
        "elevation_m": null,
        "population": 0,
        "feature_type": "populated place",
        "geoname_id": 1101089
      }
    },
    {
      "type": "Feature",
      "geometry": {
        "type": "Point",
        "coordinates": [
          34.88778,
          -23.95861
        ]
      },
      "properties": {
        "name": "Cabo Mapanguelane",
        "country": "Mozambique",
        "region": "Inhambane Province",
        "elevation_m": null,
        "population": 0,
        "feature_type": "populated place",
        "geoname_id": 1101090
      }
    },
    {
      "type": "Feature",
      "geometry": {
        "type": "Point",
        "coordinates": [
          34.72722,
          -23.98194
        ]
      },
      "properties": {
        "name": "Cabo Majuta",
        "country": "Mozambique",
        "region": "Inhambane Province",
        "elevation_m": null,
        "population": 0,
        "feature_type": "populated place",
        "geoname_id": 1101097
      }
    },
    {
      "type": "Feature",
      "geometry": {
        "type": "Point",
        "coordinates": [
          34.40028,
          -21.25528
        ]
      },
      "properties": {
        "name": "Manuel",
        "country": "Mozambique",
        "region": "Inhambane Province",
        "elevation_m": null,
        "population": 0,
        "feature_type": "populated place",
        "geoname_id": 1101099
      }
    },
    {
      "type": "Feature",
      "geometry": {
        "type": "Point",
        "coordinates": [
          34.43722,
          -21.27222
        ]
      },
      "properties": {
        "name": "Machunguele",
        "country": "Mozambique",
        "region": "Inhambane Province",
        "elevation_m": null,
        "population": 0,
        "feature_type": "populated place",
        "geoname_id": 1101103
      }
    },
    {
      "type": "Feature",
      "geometry": {
        "type": "Point",
        "coordinates": [
          34.38528,
          -21.27333
        ]
      },
      "properties": {
        "name": "Mafande",
        "country": "Mozambique",
        "region": "Inhambane Province",
        "elevation_m": null,
        "population": 0,
        "feature_type": "populated place",
        "geoname_id": 1101105
      }
    },
    {
      "type": "Feature",
      "geometry": {
        "type": "Point",
        "coordinates": [
          34.43972,
          -21.33111
        ]
      },
      "properties": {
        "name": "Finiasse",
        "country": "Mozambique",
        "region": "Inhambane Province",
        "elevation_m": null,
        "population": 0,
        "feature_type": "populated place",
        "geoname_id": 1101111
      }
    },
    {
      "type": "Feature",
      "geometry": {
        "type": "Point",
        "coordinates": [
          34.37167,
          -21.29111
        ]
      },
      "properties": {
        "name": "Machotane",
        "country": "Mozambique",
        "region": "Inhambane Province",
        "elevation_m": null,
        "population": 0,
        "feature_type": "populated place",
        "geoname_id": 1101112
      }
    },
    {
      "type": "Feature",
      "geometry": {
        "type": "Point",
        "coordinates": [
          34.32556,
          -21.31889
        ]
      },
      "properties": {
        "name": "Chefe Nhamazane",
        "country": "Mozambique",
        "region": "Inhambane Province",
        "elevation_m": null,
        "population": 0,
        "feature_type": "populated place",
        "geoname_id": 1101116
      }
    },
    {
      "type": "Feature",
      "geometry": {
        "type": "Point",
        "coordinates": [
          34.36639,
          -21.33222
        ]
      },
      "properties": {
        "name": "Magamo",
        "country": "Mozambique",
        "region": "Inhambane Province",
        "elevation_m": null,
        "population": 0,
        "feature_type": "populated place",
        "geoname_id": 1101117
      }
    },
    {
      "type": "Feature",
      "geometry": {
        "type": "Point",
        "coordinates": [
          34.06417,
          -24.89861
        ]
      },
      "properties": {
        "name": "Cat. Feiticista",
        "country": "Mozambique",
        "region": "Gaza Province",
        "elevation_m": null,
        "population": 0,
        "feature_type": "populated place",
        "geoname_id": 1101119
      }
    },
    {
      "type": "Feature",
      "geometry": {
        "type": "Point",
        "coordinates": [
          34.0775,
          -24.905
        ]
      },
      "properties": {
        "name": "Cat. L. Africana",
        "country": "Mozambique",
        "region": "Gaza Province",
        "elevation_m": null,
        "population": 0,
        "feature_type": "populated place",
        "geoname_id": 1101121
      }
    },
    {
      "type": "Feature",
      "geometry": {
        "type": "Point",
        "coordinates": [
          34.0675,
          -24.90778
        ]
      },
      "properties": {
        "name": "Cat. Escandinava",
        "country": "Mozambique",
        "region": "Gaza Province",
        "elevation_m": null,
        "population": 0,
        "feature_type": "populated place",
        "geoname_id": 1101122
      }
    },
    {
      "type": "Feature",
      "geometry": {
        "type": "Point",
        "coordinates": [
          34.05,
          -24.92583
        ]
      },
      "properties": {
        "name": "Cat. Nazarena",
        "country": "Mozambique",
        "region": "Gaza Province",
        "elevation_m": null,
        "population": 0,
        "feature_type": "populated place",
        "geoname_id": 1101124
      }
    },
    {
      "type": "Feature",
      "geometry": {
        "type": "Point",
        "coordinates": [
          34.04222,
          -24.93583
        ]
      },
      "properties": {
        "name": "Chefe Chicuangue",
        "country": "Mozambique",
        "region": "Gaza Province",
        "elevation_m": null,
        "population": 0,
        "feature_type": "populated place",
        "geoname_id": 1101125
      }
    },
    {
      "type": "Feature",
      "geometry": {
        "type": "Point",
        "coordinates": [
          34.0625,
          -24.94306
        ]
      },
      "properties": {
        "name": "São Simbine",
        "country": "Mozambique",
        "region": "Gaza Province",
        "elevation_m": null,
        "population": 0,
        "feature_type": "populated place",
        "geoname_id": 1101127
      }
    },
    {
      "type": "Feature",
      "geometry": {
        "type": "Point",
        "coordinates": [
          35.35139,
          -22.50222
        ]
      },
      "properties": {
        "name": "Chetico",
        "country": "Mozambique",
        "region": "Inhambane Province",
        "elevation_m": null,
        "population": 0,
        "feature_type": "populated place",
        "geoname_id": 1101131
      }
    },
    {
      "type": "Feature",
      "geometry": {
        "type": "Point",
        "coordinates": [
          35.35222,
          -22.55639
        ]
      },
      "properties": {
        "name": "Sainda",
        "country": "Mozambique",
        "region": "Inhambane Province",
        "elevation_m": null,
        "population": 0,
        "feature_type": "populated place",
        "geoname_id": 1101132
      }
    },
    {
      "type": "Feature",
      "geometry": {
        "type": "Point",
        "coordinates": [
          35.34194,
          -22.57806
        ]
      },
      "properties": {
        "name": "Taime",
        "country": "Mozambique",
        "region": "Inhambane Province",
        "elevation_m": null,
        "population": 0,
        "feature_type": "populated place",
        "geoname_id": 1101133
      }
    },
    {
      "type": "Feature",
      "geometry": {
        "type": "Point",
        "coordinates": [
          35.37139,
          -22.47833
        ]
      },
      "properties": {
        "name": "Fernando",
        "country": "Mozambique",
        "region": "Inhambane Province",
        "elevation_m": null,
        "population": 0,
        "feature_type": "populated place",
        "geoname_id": 1101134
      }
    },
    {
      "type": "Feature",
      "geometry": {
        "type": "Point",
        "coordinates": [
          35.36806,
          -22.44806
        ]
      },
      "properties": {
        "name": "Gipaiane",
        "country": "Mozambique",
        "region": "Inhambane Province",
        "elevation_m": null,
        "population": 0,
        "feature_type": "populated place",
        "geoname_id": 1101135
      }
    },
    {
      "type": "Feature",
      "geometry": {
        "type": "Point",
        "coordinates": [
          35.34444,
          -22.44667
        ]
      },
      "properties": {
        "name": "Zefanias",
        "country": "Mozambique",
        "region": "Inhambane Province",
        "elevation_m": null,
        "population": 0,
        "feature_type": "populated place",
        "geoname_id": 1101136
      }
    },
    {
      "type": "Feature",
      "geometry": {
        "type": "Point",
        "coordinates": [
          35.33306,
          -22.41556
        ]
      },
      "properties": {
        "name": "Tomás",
        "country": "Mozambique",
        "region": "Inhambane Province",
        "elevation_m": null,
        "population": 0,
        "feature_type": "populated place",
        "geoname_id": 1101137
      }
    },
    {
      "type": "Feature",
      "geometry": {
        "type": "Point",
        "coordinates": [
          35.31,
          -22.43306
        ]
      },
      "properties": {
        "name": "Uachisso",
        "country": "Mozambique",
        "region": "Inhambane Province",
        "elevation_m": null,
        "population": 0,
        "feature_type": "populated place",
        "geoname_id": 1101142
      }
    },
    {
      "type": "Feature",
      "geometry": {
        "type": "Point",
        "coordinates": [
          35.255,
          -22.43472
        ]
      },
      "properties": {
        "name": "Penicela",
        "country": "Mozambique",
        "region": "Inhambane Province",
        "elevation_m": null,
        "population": 0,
        "feature_type": "populated place",
        "geoname_id": 1101143
      }
    },
    {
      "type": "Feature",
      "geometry": {
        "type": "Point",
        "coordinates": [
          35.31417,
          -22.45722
        ]
      },
      "properties": {
        "name": "Silva",
        "country": "Mozambique",
        "region": "Inhambane Province",
        "elevation_m": null,
        "population": 0,
        "feature_type": "populated place",
        "geoname_id": 1101144
      }
    },
    {
      "type": "Feature",
      "geometry": {
        "type": "Point",
        "coordinates": [
          35.25833,
          -22.45278
        ]
      },
      "properties": {
        "name": "Chefe Fulhau",
        "country": "Mozambique",
        "region": "Inhambane Province",
        "elevation_m": null,
        "population": 0,
        "feature_type": "populated place",
        "geoname_id": 1101145
      }
    },
    {
      "type": "Feature",
      "geometry": {
        "type": "Point",
        "coordinates": [
          35.28472,
          -22.46056
        ]
      },
      "properties": {
        "name": "Chefane",
        "country": "Mozambique",
        "region": "Inhambane Province",
        "elevation_m": null,
        "population": 0,
        "feature_type": "populated place",
        "geoname_id": 1101146
      }
    },
    {
      "type": "Feature",
      "geometry": {
        "type": "Point",
        "coordinates": [
          35.2475,
          -22.48083
        ]
      },
      "properties": {
        "name": "Lassita",
        "country": "Mozambique",
        "region": "Inhambane Province",
        "elevation_m": null,
        "population": 0,
        "feature_type": "populated place",
        "geoname_id": 1101147
      }
    },
    {
      "type": "Feature",
      "geometry": {
        "type": "Point",
        "coordinates": [
          35.30917,
          -22.48389
        ]
      },
      "properties": {
        "name": "Sando",
        "country": "Mozambique",
        "region": "Inhambane Province",
        "elevation_m": null,
        "population": 0,
        "feature_type": "populated place",
        "geoname_id": 1101148
      }
    },
    {
      "type": "Feature",
      "geometry": {
        "type": "Point",
        "coordinates": [
          35.27472,
          -22.49833
        ]
      },
      "properties": {
        "name": "Necela",
        "country": "Mozambique",
        "region": "Inhambane Province",
        "elevation_m": null,
        "population": 0,
        "feature_type": "populated place",
        "geoname_id": 1101149
      }
    },
    {
      "type": "Feature",
      "geometry": {
        "type": "Point",
        "coordinates": [
          34.03444,
          -24.95778
        ]
      },
      "properties": {
        "name": "Chingóboe",
        "country": "Mozambique",
        "region": "Gaza Province",
        "elevation_m": null,
        "population": 0,
        "feature_type": "populated place",
        "geoname_id": 1101158
      }
    },
    {
      "type": "Feature",
      "geometry": {
        "type": "Point",
        "coordinates": [
          34.7675,
          -23.96472
        ]
      },
      "properties": {
        "name": "Machava",
        "country": "Mozambique",
        "region": "Inhambane Province",
        "elevation_m": null,
        "population": 0,
        "feature_type": "populated place",
        "geoname_id": 1101159
      }
    },
    {
      "type": "Feature",
      "geometry": {
        "type": "Point",
        "coordinates": [
          34.81861,
          -23.92306
        ]
      },
      "properties": {
        "name": "Macachula",
        "country": "Mozambique",
        "region": "Inhambane Province",
        "elevation_m": null,
        "population": 0,
        "feature_type": "populated place",
        "geoname_id": 1101162
      }
    },
    {
      "type": "Feature",
      "geometry": {
        "type": "Point",
        "coordinates": [
          34.84222,
          -23.91639
        ]
      },
      "properties": {
        "name": "Rafael",
        "country": "Mozambique",
        "region": "Inhambane Province",
        "elevation_m": null,
        "population": 0,
        "feature_type": "populated place",
        "geoname_id": 1101164
      }
    },
    {
      "type": "Feature",
      "geometry": {
        "type": "Point",
        "coordinates": [
          34.93972,
          -23.87361
        ]
      },
      "properties": {
        "name": "J. Brasileiro",
        "country": "Mozambique",
        "region": "Inhambane Province",
        "elevation_m": null,
        "population": 0,
        "feature_type": "populated place",
        "geoname_id": 1101167
      }
    },
    {
      "type": "Feature",
      "geometry": {
        "type": "Point",
        "coordinates": [
          34.82583,
          -23.84778
        ]
      },
      "properties": {
        "name": "Punguene",
        "country": "Mozambique",
        "region": "Inhambane Province",
        "elevation_m": null,
        "population": 0,
        "feature_type": "populated place",
        "geoname_id": 1101168
      }
    },
    {
      "type": "Feature",
      "geometry": {
        "type": "Point",
        "coordinates": [
          34.59056,
          -23.87972
        ]
      },
      "properties": {
        "name": "Muandje",
        "country": "Mozambique",
        "region": "Inhambane Province",
        "elevation_m": null,
        "population": 0,
        "feature_type": "populated place",
        "geoname_id": 1101172
      }
    },
    {
      "type": "Feature",
      "geometry": {
        "type": "Point",
        "coordinates": [
          34.08111,
          -22.08083
        ]
      },
      "properties": {
        "name": "Chefe Maloca",
        "country": "Mozambique",
        "region": "Inhambane Province",
        "elevation_m": null,
        "population": 0,
        "feature_type": "populated place",
        "geoname_id": 1101179
      }
    },
    {
      "type": "Feature",
      "geometry": {
        "type": "Point",
        "coordinates": [
          34.07194,
          -22.09861
        ]
      },
      "properties": {
        "name": "Tenda",
        "country": "Mozambique",
        "region": "Inhambane Province",
        "elevation_m": null,
        "population": 0,
        "feature_type": "populated place",
        "geoname_id": 1101180
      }
    },
    {
      "type": "Feature",
      "geometry": {
        "type": "Point",
        "coordinates": [
          34.13361,
          -22.07722
        ]
      },
      "properties": {
        "name": "Filipe",
        "country": "Mozambique",
        "region": "Inhambane Province",
        "elevation_m": null,
        "population": 0,
        "feature_type": "populated place",
        "geoname_id": 1101181
      }
    },
    {
      "type": "Feature",
      "geometry": {
        "type": "Point",
        "coordinates": [
          35.17972,
          -22.41667
        ]
      },
      "properties": {
        "name": "Famanda",
        "country": "Mozambique",
        "region": "Inhambane Province",
        "elevation_m": null,
        "population": 0,
        "feature_type": "populated place",
        "geoname_id": 1101183
      }
    },
    {
      "type": "Feature",
      "geometry": {
        "type": "Point",
        "coordinates": [
          34.13167,
          -22.05583
        ]
      },
      "properties": {
        "name": "Bernardino",
        "country": "Mozambique",
        "region": "Inhambane Province",
        "elevation_m": null,
        "population": 0,
        "feature_type": "populated place",
        "geoname_id": 1101184
      }
    },
    {
      "type": "Feature",
      "geometry": {
        "type": "Point",
        "coordinates": [
          35.22667,
          -22.43972
        ]
      },
      "properties": {
        "name": "Elias",
        "country": "Mozambique",
        "region": "Inhambane Province",
        "elevation_m": null,
        "population": 0,
        "feature_type": "populated place",
        "geoname_id": 1101185
      }
    },
    {
      "type": "Feature",
      "geometry": {
        "type": "Point",
        "coordinates": [
          35.2275,
          -22.455
        ]
      },
      "properties": {
        "name": "Rafael",
        "country": "Mozambique",
        "region": "Inhambane Province",
        "elevation_m": null,
        "population": 0,
        "feature_type": "populated place",
        "geoname_id": 1101186
      }
    },
    {
      "type": "Feature",
      "geometry": {
        "type": "Point",
        "coordinates": [
          35.18889,
          -22.44833
        ]
      },
      "properties": {
        "name": "Betolane",
        "country": "Mozambique",
        "region": "Inhambane Province",
        "elevation_m": null,
        "population": 0,
        "feature_type": "populated place",
        "geoname_id": 1101187
      }
    },
    {
      "type": "Feature",
      "geometry": {
        "type": "Point",
        "coordinates": [
          34.13111,
          -22.04806
        ]
      },
      "properties": {
        "name": "Cabo Mabote",
        "country": "Mozambique",
        "region": "Inhambane Province",
        "elevation_m": null,
        "population": 0,
        "feature_type": "populated place",
        "geoname_id": 1101189
      }
    },
    {
      "type": "Feature",
      "geometry": {
        "type": "Point",
        "coordinates": [
          35.17306,
          -22.45917
        ]
      },
      "properties": {
        "name": "Venguele",
        "country": "Mozambique",
        "region": "Inhambane Province",
        "elevation_m": null,
        "population": 0,
        "feature_type": "populated place",
        "geoname_id": 1101190
      }
    },
    {
      "type": "Feature",
      "geometry": {
        "type": "Point",
        "coordinates": [
          35.13611,
          -22.4725
        ]
      },
      "properties": {
        "name": "Facela",
        "country": "Mozambique",
        "region": "Inhambane Province",
        "elevation_m": null,
        "population": 0,
        "feature_type": "populated place",
        "geoname_id": 1101191
      }
    },
    {
      "type": "Feature",
      "geometry": {
        "type": "Point",
        "coordinates": [
          35.18083,
          -22.48833
        ]
      },
      "properties": {
        "name": "Abobelane",
        "country": "Mozambique",
        "region": "Inhambane Province",
        "elevation_m": null,
        "population": 0,
        "feature_type": "populated place",
        "geoname_id": 1101192
      }
    },
    {
      "type": "Feature",
      "geometry": {
        "type": "Point",
        "coordinates": [
          35.19944,
          -22.48639
        ]
      },
      "properties": {
        "name": "Zacarias",
        "country": "Mozambique",
        "region": "Inhambane Province",
        "elevation_m": null,
        "population": 0,
        "feature_type": "populated place",
        "geoname_id": 1101193
      }
    },
    {
      "type": "Feature",
      "geometry": {
        "type": "Point",
        "coordinates": [
          34.13167,
          -22.05889
        ]
      },
      "properties": {
        "name": "Mabote",
        "country": "Mozambique",
        "region": "Inhambane Province",
        "elevation_m": null,
        "population": 0,
        "feature_type": "populated place",
        "geoname_id": 1101194
      }
    },
    {
      "type": "Feature",
      "geometry": {
        "type": "Point",
        "coordinates": [
          35.15056,
          -22.49167
        ]
      },
      "properties": {
        "name": "Sambula",
        "country": "Mozambique",
        "region": "Inhambane Province",
        "elevation_m": null,
        "population": 0,
        "feature_type": "populated place",
        "geoname_id": 1101195
      }
    },
    {
      "type": "Feature",
      "geometry": {
        "type": "Point",
        "coordinates": [
          35.16944,
          -22.33167
        ]
      },
      "properties": {
        "name": "Nachava",
        "country": "Mozambique",
        "region": "Inhambane Province",
        "elevation_m": null,
        "population": 0,
        "feature_type": "populated place",
        "geoname_id": 1101201
      }
    },
    {
      "type": "Feature",
      "geometry": {
        "type": "Point",
        "coordinates": [
          35.2225,
          -22.38028
        ]
      },
      "properties": {
        "name": "Pessa",
        "country": "Mozambique",
        "region": "Inhambane Province",
        "elevation_m": null,
        "population": 0,
        "feature_type": "populated place",
        "geoname_id": 1101204
      }
    },
    {
      "type": "Feature",
      "geometry": {
        "type": "Point",
        "coordinates": [
          35.24278,
          -22.36417
        ]
      },
      "properties": {
        "name": "Luis",
        "country": "Mozambique",
        "region": "Inhambane Province",
        "elevation_m": null,
        "population": 0,
        "feature_type": "populated place",
        "geoname_id": 1101205
      }
    },
    {
      "type": "Feature",
      "geometry": {
        "type": "Point",
        "coordinates": [
          35.31444,
          -22.36417
        ]
      },
      "properties": {
        "name": "Uanicelane",
        "country": "Mozambique",
        "region": "Inhambane Province",
        "elevation_m": null,
        "population": 0,
        "feature_type": "populated place",
        "geoname_id": 1101206
      }
    },
    {
      "type": "Feature",
      "geometry": {
        "type": "Point",
        "coordinates": [
          35.27611,
          -22.39278
        ]
      },
      "properties": {
        "name": "Naiete",
        "country": "Mozambique",
        "region": "Inhambane Province",
        "elevation_m": null,
        "population": 0,
        "feature_type": "populated place",
        "geoname_id": 1101207
      }
    },
    {
      "type": "Feature",
      "geometry": {
        "type": "Point",
        "coordinates": [
          35.31028,
          -22.40139
        ]
      },
      "properties": {
        "name": "Chibamo",
        "country": "Mozambique",
        "region": "Inhambane Province",
        "elevation_m": null,
        "population": 0,
        "feature_type": "populated place",
        "geoname_id": 1101208
      }
    },
    {
      "type": "Feature",
      "geometry": {
        "type": "Point",
        "coordinates": [
          35.31083,
          -22.28361
        ]
      },
      "properties": {
        "name": "Alberto",
        "country": "Mozambique",
        "region": "Inhambane Province",
        "elevation_m": null,
        "population": 0,
        "feature_type": "populated place",
        "geoname_id": 1101215
      }
    },
    {
      "type": "Feature",
      "geometry": {
        "type": "Point",
        "coordinates": [
          35.31722,
          -22.25472
        ]
      },
      "properties": {
        "name": "Macachule",
        "country": "Mozambique",
        "region": "Inhambane Province",
        "elevation_m": null,
        "population": 0,
        "feature_type": "populated place",
        "geoname_id": 1101216
      }
    },
    {
      "type": "Feature",
      "geometry": {
        "type": "Point",
        "coordinates": [
          35.25861,
          -22.24361
        ]
      },
      "properties": {
        "name": "João",
        "country": "Mozambique",
        "region": "Inhambane Province",
        "elevation_m": null,
        "population": 0,
        "feature_type": "populated place",
        "geoname_id": 1101217
      }
    },
    {
      "type": "Feature",
      "geometry": {
        "type": "Point",
        "coordinates": [
          35.17528,
          -22.24389
        ]
      },
      "properties": {
        "name": "Finiche",
        "country": "Mozambique",
        "region": "Inhambane Province",
        "elevation_m": null,
        "population": 0,
        "feature_type": "populated place",
        "geoname_id": 1101218
      }
    },
    {
      "type": "Feature",
      "geometry": {
        "type": "Point",
        "coordinates": [
          35.2175,
          -22.24361
        ]
      },
      "properties": {
        "name": "Bese",
        "country": "Mozambique",
        "region": "Inhambane Province",
        "elevation_m": null,
        "population": 0,
        "feature_type": "populated place",
        "geoname_id": 1101219
      }
    },
    {
      "type": "Feature",
      "geometry": {
        "type": "Point",
        "coordinates": [
          35.20917,
          -22.27361
        ]
      },
      "properties": {
        "name": "Silva",
        "country": "Mozambique",
        "region": "Inhambane Province",
        "elevation_m": null,
        "population": 0,
        "feature_type": "populated place",
        "geoname_id": 1101220
      }
    },
    {
      "type": "Feature",
      "geometry": {
        "type": "Point",
        "coordinates": [
          35.15528,
          -22.31444
        ]
      },
      "properties": {
        "name": "Almeida",
        "country": "Mozambique",
        "region": "Inhambane Province",
        "elevation_m": null,
        "population": 0,
        "feature_type": "populated place",
        "geoname_id": 1101221
      }
    },
    {
      "type": "Feature",
      "geometry": {
        "type": "Point",
        "coordinates": [
          35.16361,
          -22.27694
        ]
      },
      "properties": {
        "name": "Jajane",
        "country": "Mozambique",
        "region": "Inhambane Province",
        "elevation_m": null,
        "population": 0,
        "feature_type": "populated place",
        "geoname_id": 1101222
      }
    },
    {
      "type": "Feature",
      "geometry": {
        "type": "Point",
        "coordinates": [
          35.1575,
          -22.39
        ]
      },
      "properties": {
        "name": "Nheuane",
        "country": "Mozambique",
        "region": "Inhambane Province",
        "elevation_m": null,
        "population": 0,
        "feature_type": "populated place",
        "geoname_id": 1101226
      }
    },
    {
      "type": "Feature",
      "geometry": {
        "type": "Point",
        "coordinates": [
          35.16,
          -22.36833
        ]
      },
      "properties": {
        "name": "Samuel",
        "country": "Mozambique",
        "region": "Inhambane Province",
        "elevation_m": null,
        "population": 0,
        "feature_type": "populated place",
        "geoname_id": 1101227
      }
    },
    {
      "type": "Feature",
      "geometry": {
        "type": "Point",
        "coordinates": [
          35.03333,
          -24.00583
        ]
      },
      "properties": {
        "name": "M. Macuácua",
        "country": "Mozambique",
        "region": "Inhambane Province",
        "elevation_m": null,
        "population": 0,
        "feature_type": "populated place",
        "geoname_id": 1101228
      }
    },
    {
      "type": "Feature",
      "geometry": {
        "type": "Point",
        "coordinates": [
          34.03583,
          -21.4225
        ]
      },
      "properties": {
        "name": "Jossame",
        "country": "Mozambique",
        "region": "Inhambane Province",
        "elevation_m": null,
        "population": 0,
        "feature_type": "populated place",
        "geoname_id": 1101232
      }
    },
    {
      "type": "Feature",
      "geometry": {
        "type": "Point",
        "coordinates": [
          34.09472,
          -21.41167
        ]
      },
      "properties": {
        "name": "Samessone",
        "country": "Mozambique",
        "region": "Inhambane Province",
        "elevation_m": null,
        "population": 0,
        "feature_type": "populated place",
        "geoname_id": 1101234
      }
    },
    {
      "type": "Feature",
      "geometry": {
        "type": "Point",
        "coordinates": [
          35.10056,
          -24.00417
        ]
      },
      "properties": {
        "name": "V. Chavanguana",
        "country": "Mozambique",
        "region": "Inhambane Province",
        "elevation_m": null,
        "population": 0,
        "feature_type": "populated place",
        "geoname_id": 1101238
      }
    },
    {
      "type": "Feature",
      "geometry": {
        "type": "Point",
        "coordinates": [
          34.08056,
          -21.43472
        ]
      },
      "properties": {
        "name": "Feijão",
        "country": "Mozambique",
        "region": "Inhambane Province",
        "elevation_m": null,
        "population": 0,
        "feature_type": "populated place",
        "geoname_id": 1101240
      }
    },
    {
      "type": "Feature",
      "geometry": {
        "type": "Point",
        "coordinates": [
          34.14583,
          -21.43194
        ]
      },
      "properties": {
        "name": "Massinguir",
        "country": "Mozambique",
        "region": "Inhambane Province",
        "elevation_m": null,
        "population": 0,
        "feature_type": "populated place",
        "geoname_id": 1101242
      }
    },
    {
      "type": "Feature",
      "geometry": {
        "type": "Point",
        "coordinates": [
          34.16417,
          -21.41194
        ]
      },
      "properties": {
        "name": "Saize",
        "country": "Mozambique",
        "region": "Inhambane Province",
        "elevation_m": null,
        "population": 0,
        "feature_type": "populated place",
        "geoname_id": 1101243
      }
    },
    {
      "type": "Feature",
      "geometry": {
        "type": "Point",
        "coordinates": [
          34.16222,
          -21.43306
        ]
      },
      "properties": {
        "name": "Utela",
        "country": "Mozambique",
        "region": "Inhambane Province",
        "elevation_m": null,
        "population": 0,
        "feature_type": "populated place",
        "geoname_id": 1101244
      }
    },
    {
      "type": "Feature",
      "geometry": {
        "type": "Point",
        "coordinates": [
          34.15972,
          -21.44444
        ]
      },
      "properties": {
        "name": "Chimotane",
        "country": "Mozambique",
        "region": "Inhambane Province",
        "elevation_m": null,
        "population": 0,
        "feature_type": "populated place",
        "geoname_id": 1101245
      }
    },
    {
      "type": "Feature",
      "geometry": {
        "type": "Point",
        "coordinates": [
          34.01611,
          -21.48667
        ]
      },
      "properties": {
        "name": "Lázaro",
        "country": "Mozambique",
        "region": "Inhambane Province",
        "elevation_m": null,
        "population": 0,
        "feature_type": "populated place",
        "geoname_id": 1101246
      }
    },
    {
      "type": "Feature",
      "geometry": {
        "type": "Point",
        "coordinates": [
          34.04833,
          -21.47611
        ]
      },
      "properties": {
        "name": "Massinquilane",
        "country": "Mozambique",
        "region": "Inhambane Province",
        "elevation_m": null,
        "population": 0,
        "feature_type": "populated place",
        "geoname_id": 1101247
      }
    },
    {
      "type": "Feature",
      "geometry": {
        "type": "Point",
        "coordinates": [
          34.02944,
          -21.49028
        ]
      },
      "properties": {
        "name": "Sendela",
        "country": "Mozambique",
        "region": "Inhambane Province",
        "elevation_m": null,
        "population": 0,
        "feature_type": "populated place",
        "geoname_id": 1101249
      }
    },
    {
      "type": "Feature",
      "geometry": {
        "type": "Point",
        "coordinates": [
          34.05917,
          -21.4875
        ]
      },
      "properties": {
        "name": "Chizimane",
        "country": "Mozambique",
        "region": "Inhambane Province",
        "elevation_m": null,
        "population": 0,
        "feature_type": "populated place",
        "geoname_id": 1101250
      }
    },
    {
      "type": "Feature",
      "geometry": {
        "type": "Point",
        "coordinates": [
          34.10028,
          -21.46972
        ]
      },
      "properties": {
        "name": "Semende",
        "country": "Mozambique",
        "region": "Inhambane Province",
        "elevation_m": null,
        "population": 0,
        "feature_type": "populated place",
        "geoname_id": 1101252
      }
    },
    {
      "type": "Feature",
      "geometry": {
        "type": "Point",
        "coordinates": [
          35.04639,
          -24.03361
        ]
      },
      "properties": {
        "name": "Cabo Marrange",
        "country": "Mozambique",
        "region": "Inhambane Province",
        "elevation_m": null,
        "population": 0,
        "feature_type": "populated place",
        "geoname_id": 1101253
      }
    },
    {
      "type": "Feature",
      "geometry": {
        "type": "Point",
        "coordinates": [
          35.09028,
          -24.02972
        ]
      },
      "properties": {
        "name": "Naíte Maoíane",
        "country": "Mozambique",
        "region": "Inhambane Province",
        "elevation_m": null,
        "population": 0,
        "feature_type": "populated place",
        "geoname_id": 1101254
      }
    },
    {
      "type": "Feature",
      "geometry": {
        "type": "Point",
        "coordinates": [
          35.1325,
          -24.03611
        ]
      },
      "properties": {
        "name": "C. Muachiculo",
        "country": "Mozambique",
        "region": "Inhambane Province",
        "elevation_m": null,
        "population": 0,
        "feature_type": "populated place",
        "geoname_id": 1101255
      }
    },
    {
      "type": "Feature",
      "geometry": {
        "type": "Point",
        "coordinates": [
          35.16639,
          -24.025
        ]
      },
      "properties": {
        "name": "Nova Milreu",
        "country": "Mozambique",
        "region": "Inhambane Province",
        "elevation_m": null,
        "population": 0,
        "feature_type": "populated place",
        "geoname_id": 1101256
      }
    },
    {
      "type": "Feature",
      "geometry": {
        "type": "Point",
        "coordinates": [
          35.1525,
          -24.035
        ]
      },
      "properties": {
        "name": "Chefe Muachiculo",
        "country": "Mozambique",
        "region": "Inhambane Province",
        "elevation_m": null,
        "population": 0,
        "feature_type": "populated place",
        "geoname_id": 1101257
      }
    },
    {
      "type": "Feature",
      "geometry": {
        "type": "Point",
        "coordinates": [
          35.02,
          -23.00694
        ]
      },
      "properties": {
        "name": "Alexandre",
        "country": "Mozambique",
        "region": "Inhambane Province",
        "elevation_m": null,
        "population": 0,
        "feature_type": "populated place",
        "geoname_id": 1101258
      }
    },
    {
      "type": "Feature",
      "geometry": {
        "type": "Point",
        "coordinates": [
          35.02167,
          -23.03333
        ]
      },
      "properties": {
        "name": "Chefe Mucupe",
        "country": "Mozambique",
        "region": "Inhambane Province",
        "elevation_m": null,
        "population": 0,
        "feature_type": "populated place",
        "geoname_id": 1101259
      }
    },
    {
      "type": "Feature",
      "geometry": {
        "type": "Point",
        "coordinates": [
          35.03167,
          -23.06806
        ]
      },
      "properties": {
        "name": "Eliasse",
        "country": "Mozambique",
        "region": "Inhambane Province",
        "elevation_m": null,
        "population": 0,
        "feature_type": "populated place",
        "geoname_id": 1101260
      }
    },
    {
      "type": "Feature",
      "geometry": {
        "type": "Point",
        "coordinates": [
          35.00722,
          -23.08111
        ]
      },
      "properties": {
        "name": "Uane",
        "country": "Mozambique",
        "region": "Inhambane Province",
        "elevation_m": null,
        "population": 0,
        "feature_type": "populated place",
        "geoname_id": 1101261
      }
    },
    {
      "type": "Feature",
      "geometry": {
        "type": "Point",
        "coordinates": [
          35.21306,
          -24.0025
        ]
      },
      "properties": {
        "name": "Alvaro Pene",
        "country": "Mozambique",
        "region": "Inhambane Province",
        "elevation_m": null,
        "population": 0,
        "feature_type": "populated place",
        "geoname_id": 1101262
      }
    },
    {
      "type": "Feature",
      "geometry": {
        "type": "Point",
        "coordinates": [
          35.19611,
          -24.00778
        ]
      },
      "properties": {
        "name": "Chefe Garramo",
        "country": "Mozambique",
        "region": "Inhambane Province",
        "elevation_m": null,
        "population": 0,
        "feature_type": "populated place",
        "geoname_id": 1101263
      }
    },
    {
      "type": "Feature",
      "geometry": {
        "type": "Point",
        "coordinates": [
          35.01139,
          -23.09389
        ]
      },
      "properties": {
        "name": "Madangue",
        "country": "Mozambique",
        "region": "Inhambane Province",
        "elevation_m": null,
        "population": 0,
        "feature_type": "populated place",
        "geoname_id": 1101265
      }
    },
    {
      "type": "Feature",
      "geometry": {
        "type": "Point",
        "coordinates": [
          35.07694,
          -23.03444
        ]
      },
      "properties": {
        "name": "Eliasse",
        "country": "Mozambique",
        "region": "Inhambane Province",
        "elevation_m": null,
        "population": 0,
        "feature_type": "populated place",
        "geoname_id": 1101270
      }
    },
    {
      "type": "Feature",
      "geometry": {
        "type": "Point",
        "coordinates": [
          35.115,
          -23.03556
        ]
      },
      "properties": {
        "name": "Cabo Guebele",
        "country": "Mozambique",
        "region": "Inhambane Province",
        "elevation_m": null,
        "population": 0,
        "feature_type": "populated place",
        "geoname_id": 1101271
      }
    },
    {
      "type": "Feature",
      "geometry": {
        "type": "Point",
        "coordinates": [
          35.16861,
          -23.02056
        ]
      },
      "properties": {
        "name": "Chefe Mexequene",
        "country": "Mozambique",
        "region": "Inhambane Province",
        "elevation_m": null,
        "population": 0,
        "feature_type": "populated place",
        "geoname_id": 1101272
      }
    },
    {
      "type": "Feature",
      "geometry": {
        "type": "Point",
        "coordinates": [
          35.13944,
          -23.05833
        ]
      },
      "properties": {
        "name": "Cabo Zilo",
        "country": "Mozambique",
        "region": "Inhambane Province",
        "elevation_m": null,
        "population": 0,
        "feature_type": "populated place",
        "geoname_id": 1101273
      }
    },
    {
      "type": "Feature",
      "geometry": {
        "type": "Point",
        "coordinates": [
          35.08139,
          -23.08139
        ]
      },
      "properties": {
        "name": "Tingane",
        "country": "Mozambique",
        "region": "Inhambane Province",
        "elevation_m": null,
        "population": 0,
        "feature_type": "populated place",
        "geoname_id": 1101276
      }
    },
    {
      "type": "Feature",
      "geometry": {
        "type": "Point",
        "coordinates": [
          35.12556,
          -23.0825
        ]
      },
      "properties": {
        "name": "Manuel",
        "country": "Mozambique",
        "region": "Inhambane Province",
        "elevation_m": null,
        "population": 0,
        "feature_type": "populated place",
        "geoname_id": 1101277
      }
    },
    {
      "type": "Feature",
      "geometry": {
        "type": "Point",
        "coordinates": [
          35.19833,
          -24.01806
        ]
      },
      "properties": {
        "name": "Cat. Anglicana",
        "country": "Mozambique",
        "region": "Inhambane Province",
        "elevation_m": null,
        "population": 0,
        "feature_type": "populated place",
        "geoname_id": 1101278
      }
    },
    {
      "type": "Feature",
      "geometry": {
        "type": "Point",
        "coordinates": [
          35.1275,
          -23.09444
        ]
      },
      "properties": {
        "name": "Chefe Chituane",
        "country": "Mozambique",
        "region": "Inhambane Province",
        "elevation_m": null,
        "population": 0,
        "feature_type": "populated place",
        "geoname_id": 1101279
      }
    },
    {
      "type": "Feature",
      "geometry": {
        "type": "Point",
        "coordinates": [
          35.23278,
          -24.02278
        ]
      },
      "properties": {
        "name": "Cabo Uputo",
        "country": "Mozambique",
        "region": "Inhambane Province",
        "elevation_m": null,
        "population": 0,
        "feature_type": "populated place",
        "geoname_id": 1101280
      }
    },
    {
      "type": "Feature",
      "geometry": {
        "type": "Point",
        "coordinates": [
          35.21639,
          -24.03417
        ]
      },
      "properties": {
        "name": "Lucas Macassa",
        "country": "Mozambique",
        "region": "Inhambane Province",
        "elevation_m": null,
        "population": 0,
        "feature_type": "populated place",
        "geoname_id": 1101281
      }
    },
    {
      "type": "Feature",
      "geometry": {
        "type": "Point",
        "coordinates": [
          34.25917,
          -21.40361
        ]
      },
      "properties": {
        "name": "Joanisse",
        "country": "Mozambique",
        "region": "Inhambane Province",
        "elevation_m": null,
        "population": 0,
        "feature_type": "populated place",
        "geoname_id": 1101283
      }
    },
    {
      "type": "Feature",
      "geometry": {
        "type": "Point",
        "coordinates": [
          34.25083,
          -21.43194
        ]
      },
      "properties": {
        "name": "Matchucane",
        "country": "Mozambique",
        "region": "Inhambane Province",
        "elevation_m": null,
        "population": 0,
        "feature_type": "populated place",
        "geoname_id": 1101285
      }
    },
    {
      "type": "Feature",
      "geometry": {
        "type": "Point",
        "coordinates": [
          34.29472,
          -21.46111
        ]
      },
      "properties": {
        "name": "Feijão",
        "country": "Mozambique",
        "region": "Inhambane Province",
        "elevation_m": null,
        "population": 0,
        "feature_type": "populated place",
        "geoname_id": 1101286
      }
    },
    {
      "type": "Feature",
      "geometry": {
        "type": "Point",
        "coordinates": [
          34.31361,
          -21.46056
        ]
      },
      "properties": {
        "name": "Paulo",
        "country": "Mozambique",
        "region": "Inhambane Province",
        "elevation_m": null,
        "population": 0,
        "feature_type": "populated place",
        "geoname_id": 1101287
      }
    },
    {
      "type": "Feature",
      "geometry": {
        "type": "Point",
        "coordinates": [
          35.21833,
          -24.03361
        ]
      },
      "properties": {
        "name": "Joane Levene",
        "country": "Mozambique",
        "region": "Inhambane Province",
        "elevation_m": null,
        "population": 0,
        "feature_type": "populated place",
        "geoname_id": 1101288
      }
    },
    {
      "type": "Feature",
      "geometry": {
        "type": "Point",
        "coordinates": [
          34.96806,
          -23.60722
        ]
      },
      "properties": {
        "name": "Inhatechambe",
        "country": "Mozambique",
        "region": "Inhambane Province",
        "elevation_m": null,
        "population": 0,
        "feature_type": "populated place",
        "geoname_id": 1101289
      }
    },
    {
      "type": "Feature",
      "geometry": {
        "type": "Point",
        "coordinates": [
          35.27472,
          -24.03528
        ]
      },
      "properties": {
        "name": "Z. Muchange",
        "country": "Mozambique",
        "region": "Inhambane Province",
        "elevation_m": null,
        "population": 0,
        "feature_type": "populated place",
        "geoname_id": 1101290
      }
    },
    {
      "type": "Feature",
      "geometry": {
        "type": "Point",
        "coordinates": [
          35.17889,
          -23.03389
        ]
      },
      "properties": {
        "name": "Julião",
        "country": "Mozambique",
        "region": "Inhambane Province",
        "elevation_m": null,
        "population": 0,
        "feature_type": "populated place",
        "geoname_id": 1101296
      }
    },
    {
      "type": "Feature",
      "geometry": {
        "type": "Point",
        "coordinates": [
          35.2375,
          -23.03278
        ]
      },
      "properties": {
        "name": "Chefe Unguana",
        "country": "Mozambique",
        "region": "Inhambane Province",
        "elevation_m": null,
        "population": 0,
        "feature_type": "populated place",
        "geoname_id": 1101297
      }
    },
    {
      "type": "Feature",
      "geometry": {
        "type": "Point",
        "coordinates": [
          35.28278,
          -24.02056
        ]
      },
      "properties": {
        "name": "Cabo Muchirre",
        "country": "Mozambique",
        "region": "Inhambane Province",
        "elevation_m": null,
        "population": 0,
        "feature_type": "populated place",
        "geoname_id": 1101298
      }
    },
    {
      "type": "Feature",
      "geometry": {
        "type": "Point",
        "coordinates": [
          35.22111,
          -23.04889
        ]
      },
      "properties": {
        "name": "Ualece",
        "country": "Mozambique",
        "region": "Inhambane Province",
        "elevation_m": null,
        "population": 0,
        "feature_type": "populated place",
        "geoname_id": 1101299
      }
    },
    {
      "type": "Feature",
      "geometry": {
        "type": "Point",
        "coordinates": [
          35.28528,
          -24.01361
        ]
      },
      "properties": {
        "name": "Aldeia Naedane",
        "country": "Mozambique",
        "region": "Inhambane Province",
        "elevation_m": null,
        "population": 0,
        "feature_type": "populated place",
        "geoname_id": 1101300
      }
    },
    {
      "type": "Feature",
      "geometry": {
        "type": "Point",
        "coordinates": [
          35.28611,
          -24.03306
        ]
      },
      "properties": {
        "name": "R. Nhaguniga",
        "country": "Mozambique",
        "region": "Inhambane Province",
        "elevation_m": null,
        "population": 0,
        "feature_type": "populated place",
        "geoname_id": 1101302
      }
    },
    {
      "type": "Feature",
      "geometry": {
        "type": "Point",
        "coordinates": [
          35.22389,
          -23.08278
        ]
      },
      "properties": {
        "name": "Cabo Macarringa",
        "country": "Mozambique",
        "region": "Inhambane Province",
        "elevation_m": null,
        "population": 0,
        "feature_type": "populated place",
        "geoname_id": 1101304
      }
    },
    {
      "type": "Feature",
      "geometry": {
        "type": "Point",
        "coordinates": [
          35.14917,
          -23.11472
        ]
      },
      "properties": {
        "name": "Cabo Bambo-Cutchécua",
        "country": "Mozambique",
        "region": "Inhambane Province",
        "elevation_m": null,
        "population": 0,
        "feature_type": "populated place",
        "geoname_id": 1101310
      }
    },
    {
      "type": "Feature",
      "geometry": {
        "type": "Point",
        "coordinates": [
          35.41722,
          -24.02833
        ]
      },
      "properties": {
        "name": "Chefe Massuca",
        "country": "Mozambique",
        "region": "Inhambane Province",
        "elevation_m": null,
        "population": 0,
        "feature_type": "populated place",
        "geoname_id": 1101314
      }
    },
    {
      "type": "Feature",
      "geometry": {
        "type": "Point",
        "coordinates": [
          35.34694,
          -24.03306
        ]
      },
      "properties": {
        "name": "Rungo Nhanala",
        "country": "Mozambique",
        "region": "Inhambane Province",
        "elevation_m": null,
        "population": 0,
        "feature_type": "populated place",
        "geoname_id": 1101315
      }
    },
    {
      "type": "Feature",
      "geometry": {
        "type": "Point",
        "coordinates": [
          35.38361,
          -24.02694
        ]
      },
      "properties": {
        "name": "Cuaba Alari",
        "country": "Mozambique",
        "region": "Inhambane Province",
        "elevation_m": null,
        "population": 0,
        "feature_type": "populated place",
        "geoname_id": 1101316
      }
    },
    {
      "type": "Feature",
      "geometry": {
        "type": "Point",
        "coordinates": [
          35.39139,
          -24.01361
        ]
      },
      "properties": {
        "name": "F. Sandique",
        "country": "Mozambique",
        "region": "Inhambane Province",
        "elevation_m": null,
        "population": 0,
        "feature_type": "populated place",
        "geoname_id": 1101317
      }
    },
    {
      "type": "Feature",
      "geometry": {
        "type": "Point",
        "coordinates": [
          35.36556,
          -24.005
        ]
      },
      "properties": {
        "name": "Raimundo Madivala",
        "country": "Mozambique",
        "region": "Inhambane Province",
        "elevation_m": null,
        "population": 0,
        "feature_type": "populated place",
        "geoname_id": 1101318
      }
    },
    {
      "type": "Feature",
      "geometry": {
        "type": "Point",
        "coordinates": [
          35.42556,
          -24.02444
        ]
      },
      "properties": {
        "name": "Chefe Bongo",
        "country": "Mozambique",
        "region": "Inhambane Province",
        "elevation_m": null,
        "population": 0,
        "feature_type": "populated place",
        "geoname_id": 1101319
      }
    },
    {
      "type": "Feature",
      "geometry": {
        "type": "Point",
        "coordinates": [
          34.15028,
          -22.09444
        ]
      },
      "properties": {
        "name": "Ezequiel",
        "country": "Mozambique",
        "region": "Inhambane Province",
        "elevation_m": null,
        "population": 0,
        "feature_type": "populated place",
        "geoname_id": 1101320
      }
    },
    {
      "type": "Feature",
      "geometry": {
        "type": "Point",
        "coordinates": [
          34.215,
          -22.01611
        ]
      },
      "properties": {
        "name": "Chuanzuane",
        "country": "Mozambique",
        "region": "Inhambane Province",
        "elevation_m": null,
        "population": 0,
        "feature_type": "populated place",
        "geoname_id": 1101321
      }
    },
    {
      "type": "Feature",
      "geometry": {
        "type": "Point",
        "coordinates": [
          35.26917,
          -23.00139
        ]
      },
      "properties": {
        "name": "Cabo Cunane",
        "country": "Mozambique",
        "region": "Inhambane Province",
        "elevation_m": null,
        "population": 0,
        "feature_type": "populated place",
        "geoname_id": 1101323
      }
    },
    {
      "type": "Feature",
      "geometry": {
        "type": "Point",
        "coordinates": [
          35.28,
          -23.02611
        ]
      },
      "properties": {
        "name": "Chefe Movinzula",
        "country": "Mozambique",
        "region": "Inhambane Province",
        "elevation_m": null,
        "population": 0,
        "feature_type": "populated place",
        "geoname_id": 1101330
      }
    },
    {
      "type": "Feature",
      "geometry": {
        "type": "Point",
        "coordinates": [
          35.33333,
          -23.04944
        ]
      },
      "properties": {
        "name": "Uacetela",
        "country": "Mozambique",
        "region": "Inhambane Province",
        "elevation_m": null,
        "population": 0,
        "feature_type": "populated place",
        "geoname_id": 1101332
      }
    },
    {
      "type": "Feature",
      "geometry": {
        "type": "Point",
        "coordinates": [
          35.30528,
          -23.05278
        ]
      },
      "properties": {
        "name": "Cabo Chifuio",
        "country": "Mozambique",
        "region": "Inhambane Province",
        "elevation_m": null,
        "population": 0,
        "feature_type": "populated place",
        "geoname_id": 1101333
      }
    },
    {
      "type": "Feature",
      "geometry": {
        "type": "Point",
        "coordinates": [
          35.29667,
          -23.06222
        ]
      },
      "properties": {
        "name": "Cabo Selença",
        "country": "Mozambique",
        "region": "Inhambane Province",
        "elevation_m": null,
        "population": 0,
        "feature_type": "populated place",
        "geoname_id": 1101334
      }
    },
    {
      "type": "Feature",
      "geometry": {
        "type": "Point",
        "coordinates": [
          34.12556,
          -22.15944
        ]
      },
      "properties": {
        "name": "Tenda",
        "country": "Mozambique",
        "region": "Inhambane Province",
        "elevation_m": null,
        "population": 0,
        "feature_type": "populated place",
        "geoname_id": 1101338
      }
    },
    {
      "type": "Feature",
      "geometry": {
        "type": "Point",
        "coordinates": [
          34.11944,
          -22.17472
        ]
      },
      "properties": {
        "name": "Chefe Franice",
        "country": "Mozambique",
        "region": "Inhambane Province",
        "elevation_m": null,
        "population": 0,
        "feature_type": "populated place",
        "geoname_id": 1101339
      }
    },
    {
      "type": "Feature",
      "geometry": {
        "type": "Point",
        "coordinates": [
          35.26417,
          -23.09528
        ]
      },
      "properties": {
        "name": "Cabo Inhaloi",
        "country": "Mozambique",
        "region": "Inhambane Province",
        "elevation_m": null,
        "population": 0,
        "feature_type": "populated place",
        "geoname_id": 1101341
      }
    },
    {
      "type": "Feature",
      "geometry": {
        "type": "Point",
        "coordinates": [
          35.31,
          -23.11778
        ]
      },
      "properties": {
        "name": "Met. Livre",
        "country": "Mozambique",
        "region": "Inhambane Province",
        "elevation_m": null,
        "population": 0,
        "feature_type": "populated place",
        "geoname_id": 1101343
      }
    },
    {
      "type": "Feature",
      "geometry": {
        "type": "Point",
        "coordinates": [
          35.325,
          -23.12583
        ]
      },
      "properties": {
        "name": "Chefe Chichoquene",
        "country": "Mozambique",
        "region": "Inhambane Province",
        "elevation_m": null,
        "population": 0,
        "feature_type": "populated place",
        "geoname_id": 1101344
      }
    },
    {
      "type": "Feature",
      "geometry": {
        "type": "Point",
        "coordinates": [
          35.26667,
          -23.13083
        ]
      },
      "properties": {
        "name": "Chefe Tofo",
        "country": "Mozambique",
        "region": "Inhambane Province",
        "elevation_m": null,
        "population": 0,
        "feature_type": "populated place",
        "geoname_id": 1101345
      }
    },
    {
      "type": "Feature",
      "geometry": {
        "type": "Point",
        "coordinates": [
          34.76306,
          -23.66806
        ]
      },
      "properties": {
        "name": "Valente",
        "country": "Mozambique",
        "region": "Inhambane Province",
        "elevation_m": null,
        "population": 0,
        "feature_type": "populated place",
        "geoname_id": 1101347
      }
    },
    {
      "type": "Feature",
      "geometry": {
        "type": "Point",
        "coordinates": [
          34.24361,
          -22.09417
        ]
      },
      "properties": {
        "name": "Manhique",
        "country": "Mozambique",
        "region": "Inhambane Province",
        "elevation_m": null,
        "population": 0,
        "feature_type": "populated place",
        "geoname_id": 1101348
      }
    },
    {
      "type": "Feature",
      "geometry": {
        "type": "Point",
        "coordinates": [
          35.42639,
          -24.00222
        ]
      },
      "properties": {
        "name": "Cofe Guirugo",
        "country": "Mozambique",
        "region": "Inhambane Province",
        "elevation_m": null,
        "population": 0,
        "feature_type": "populated place",
        "geoname_id": 1101351
      }
    },
    {
      "type": "Feature",
      "geometry": {
        "type": "Point",
        "coordinates": [
          35.43889,
          -24.02
        ]
      },
      "properties": {
        "name": "Cat. Met. Episcopal",
        "country": "Mozambique",
        "region": "Inhambane Province",
        "elevation_m": null,
        "population": 0,
        "feature_type": "populated place",
        "geoname_id": 1101354
      }
    },
    {
      "type": "Feature",
      "geometry": {
        "type": "Point",
        "coordinates": [
          35.46639,
          -24.00611
        ]
      },
      "properties": {
        "name": "Mãe de Deus",
        "country": "Mozambique",
        "region": "Inhambane Province",
        "elevation_m": null,
        "population": 0,
        "feature_type": "populated place",
        "geoname_id": 1101355
      }
    },
    {
      "type": "Feature",
      "geometry": {
        "type": "Point",
        "coordinates": [
          35.38778,
          -23.03111
        ]
      },
      "properties": {
        "name": "Alfeu",
        "country": "Mozambique",
        "region": "Inhambane Province",
        "elevation_m": null,
        "population": 0,
        "feature_type": "populated place",
        "geoname_id": 1101357
      }
    },
    {
      "type": "Feature",
      "geometry": {
        "type": "Point",
        "coordinates": [
          35.44111,
          -23.04611
        ]
      },
      "properties": {
        "name": "Tepo",
        "country": "Mozambique",
        "region": "Inhambane Province",
        "elevation_m": null,
        "population": 0,
        "feature_type": "populated place",
        "geoname_id": 1101358
      }
    },
    {
      "type": "Feature",
      "geometry": {
        "type": "Point",
        "coordinates": [
          34.265,
          -22.14361
        ]
      },
      "properties": {
        "name": "Elias",
        "country": "Mozambique",
        "region": "Inhambane Province",
        "elevation_m": null,
        "population": 0,
        "feature_type": "populated place",
        "geoname_id": 1101359
      }
    },
    {
      "type": "Feature",
      "geometry": {
        "type": "Point",
        "coordinates": [
          35.44028,
          -23.08667
        ]
      },
      "properties": {
        "name": "Cabo Tevele",
        "country": "Mozambique",
        "region": "Inhambane Province",
        "elevation_m": null,
        "population": 0,
        "feature_type": "populated place",
        "geoname_id": 1101361
      }
    },
    {
      "type": "Feature",
      "geometry": {
        "type": "Point",
        "coordinates": [
          35.3725,
          -23.09972
        ]
      },
      "properties": {
        "name": "Samuel",
        "country": "Mozambique",
        "region": "Inhambane Province",
        "elevation_m": null,
        "population": 0,
        "feature_type": "populated place",
        "geoname_id": 1101362
      }
    },
    {
      "type": "Feature",
      "geometry": {
        "type": "Point",
        "coordinates": [
          35.44139,
          -23.11528
        ]
      },
      "properties": {
        "name": "Fernando",
        "country": "Mozambique",
        "region": "Inhambane Province",
        "elevation_m": null,
        "population": 0,
        "feature_type": "populated place",
        "geoname_id": 1101363
      }
    },
    {
      "type": "Feature",
      "geometry": {
        "type": "Point",
        "coordinates": [
          34.34028,
          -21.35833
        ]
      },
      "properties": {
        "name": "Chongoloane",
        "country": "Mozambique",
        "region": "Inhambane Province",
        "elevation_m": null,
        "population": 0,
        "feature_type": "populated place",
        "geoname_id": 1101368
      }
    },
    {
      "type": "Feature",
      "geometry": {
        "type": "Point",
        "coordinates": [
          34.36222,
          -21.36111
        ]
      },
      "properties": {
        "name": "Massetele",
        "country": "Mozambique",
        "region": "Inhambane Province",
        "elevation_m": null,
        "population": 0,
        "feature_type": "populated place",
        "geoname_id": 1101370
      }
    },
    {
      "type": "Feature",
      "geometry": {
        "type": "Point",
        "coordinates": [
          35.47194,
          -24.08111
        ]
      },
      "properties": {
        "name": "Cabo Paindana",
        "country": "Mozambique",
        "region": "Inhambane Province",
        "elevation_m": null,
        "population": 0,
        "feature_type": "populated place",
        "geoname_id": 1101374
      }
    },
    {
      "type": "Feature",
      "geometry": {
        "type": "Point",
        "coordinates": [
          35.455,
          -24.12472
        ]
      },
      "properties": {
        "name": "M. Guilima",
        "country": "Mozambique",
        "region": "Inhambane Province",
        "elevation_m": null,
        "population": 0,
        "feature_type": "populated place",
        "geoname_id": 1101375
      }
    },
    {
      "type": "Feature",
      "geometry": {
        "type": "Point",
        "coordinates": [
          35.45639,
          -24.11444
        ]
      },
      "properties": {
        "name": "Faquene Nhatumbo",
        "country": "Mozambique",
        "region": "Inhambane Province",
        "elevation_m": null,
        "population": 0,
        "feature_type": "populated place",
        "geoname_id": 1101377
      }
    },
    {
      "type": "Feature",
      "geometry": {
        "type": "Point",
        "coordinates": [
          34.49333,
          -21.34722
        ]
      },
      "properties": {
        "name": "Chefe Mangueze",
        "country": "Mozambique",
        "region": "Inhambane Province",
        "elevation_m": null,
        "population": 0,
        "feature_type": "populated place",
        "geoname_id": 1101379
      }
    },
    {
      "type": "Feature",
      "geometry": {
        "type": "Point",
        "coordinates": [
          35.47083,
          -23.01056
        ]
      },
      "properties": {
        "name": "Chefe Minerva",
        "country": "Mozambique",
        "region": "Inhambane Province",
        "elevation_m": null,
        "population": 0,
        "feature_type": "populated place",
        "geoname_id": 1101385
      }
    },
    {
      "type": "Feature",
      "geometry": {
        "type": "Point",
        "coordinates": [
          35.45917,
          -24.08306
        ]
      },
      "properties": {
        "name": "Guifuco",
        "country": "Mozambique",
        "region": "Inhambane Province",
        "elevation_m": null,
        "population": 0,
        "feature_type": "populated place",
        "geoname_id": 1101386
      }
    },
    {
      "type": "Feature",
      "geometry": {
        "type": "Point",
        "coordinates": [
          35.53167,
          -23.00167
        ]
      },
      "properties": {
        "name": "João",
        "country": "Mozambique",
        "region": "Inhambane Province",
        "elevation_m": null,
        "population": 0,
        "feature_type": "populated place",
        "geoname_id": 1101387
      }
    },
    {
      "type": "Feature",
      "geometry": {
        "type": "Point",
        "coordinates": [
          35.50722,
          -23.01472
        ]
      },
      "properties": {
        "name": "Bernardo",
        "country": "Mozambique",
        "region": "Inhambane Province",
        "elevation_m": null,
        "population": 0,
        "feature_type": "populated place",
        "geoname_id": 1101388
      }
    },
    {
      "type": "Feature",
      "geometry": {
        "type": "Point",
        "coordinates": [
          35.51056,
          -23.02778
        ]
      },
      "properties": {
        "name": "Nafetale",
        "country": "Mozambique",
        "region": "Inhambane Province",
        "elevation_m": null,
        "population": 0,
        "feature_type": "populated place",
        "geoname_id": 1101389
      }
    },
    {
      "type": "Feature",
      "geometry": {
        "type": "Point",
        "coordinates": [
          35.48667,
          -24.06972
        ]
      },
      "properties": {
        "name": "Gudze",
        "country": "Mozambique",
        "region": "Inhambane Province",
        "elevation_m": null,
        "population": 0,
        "feature_type": "populated place",
        "geoname_id": 1101392
      }
    },
    {
      "type": "Feature",
      "geometry": {
        "type": "Point",
        "coordinates": [
          35.47056,
          -24.07139
        ]
      },
      "properties": {
        "name": "Cat. Feiticista",
        "country": "Mozambique",
        "region": "Inhambane Province",
        "elevation_m": null,
        "population": 0,
        "feature_type": "populated place",
        "geoname_id": 1101393
      }
    },
    {
      "type": "Feature",
      "geometry": {
        "type": "Point",
        "coordinates": [
          35.51139,
          -23.05139
        ]
      },
      "properties": {
        "name": "Doropane",
        "country": "Mozambique",
        "region": "Inhambane Province",
        "elevation_m": null,
        "population": 0,
        "feature_type": "populated place",
        "geoname_id": 1101394
      }
    },
    {
      "type": "Feature",
      "geometry": {
        "type": "Point",
        "coordinates": [
          35.48972,
          -23.05861
        ]
      },
      "properties": {
        "name": "Chefe Naúcha",
        "country": "Mozambique",
        "region": "Inhambane Province",
        "elevation_m": null,
        "population": 0,
        "feature_type": "populated place",
        "geoname_id": 1101395
      }
    },
    {
      "type": "Feature",
      "geometry": {
        "type": "Point",
        "coordinates": [
          35.48194,
          -24.05472
        ]
      },
      "properties": {
        "name": "Met. Episcopal",
        "country": "Mozambique",
        "region": "Inhambane Province",
        "elevation_m": null,
        "population": 0,
        "feature_type": "populated place",
        "geoname_id": 1101396
      }
    },
    {
      "type": "Feature",
      "geometry": {
        "type": "Point",
        "coordinates": [
          35.47611,
          -24.05
        ]
      },
      "properties": {
        "name": "Massavane",
        "country": "Mozambique",
        "region": "Inhambane Province",
        "elevation_m": null,
        "population": 0,
        "feature_type": "populated place",
        "geoname_id": 1101398
      }
    },
    {
      "type": "Feature",
      "geometry": {
        "type": "Point",
        "coordinates": [
          35.45056,
          -24.03722
        ]
      },
      "properties": {
        "name": "Chefe Massuque",
        "country": "Mozambique",
        "region": "Inhambane Province",
        "elevation_m": null,
        "population": 0,
        "feature_type": "populated place",
        "geoname_id": 1101400
      }
    },
    {
      "type": "Feature",
      "geometry": {
        "type": "Point",
        "coordinates": [
          35.44667,
          -23.06861
        ]
      },
      "properties": {
        "name": "Chefe Betele",
        "country": "Mozambique",
        "region": "Inhambane Province",
        "elevation_m": null,
        "population": 0,
        "feature_type": "populated place",
        "geoname_id": 1101401
      }
    },
    {
      "type": "Feature",
      "geometry": {
        "type": "Point",
        "coordinates": [
          35.44667,
          -23.07667
        ]
      },
      "properties": {
        "name": "Francisco",
        "country": "Mozambique",
        "region": "Inhambane Province",
        "elevation_m": null,
        "population": 0,
        "feature_type": "populated place",
        "geoname_id": 1101402
      }
    },
    {
      "type": "Feature",
      "geometry": {
        "type": "Point",
        "coordinates": [
          35.3975,
          -24.04778
        ]
      },
      "properties": {
        "name": "Cat. Met. Episcopal",
        "country": "Mozambique",
        "region": "Inhambane Province",
        "elevation_m": null,
        "population": 0,
        "feature_type": "populated place",
        "geoname_id": 1101407
      }
    },
    {
      "type": "Feature",
      "geometry": {
        "type": "Point",
        "coordinates": [
          34.13028,
          -22.20361
        ]
      },
      "properties": {
        "name": "Chitimelane",
        "country": "Mozambique",
        "region": "Inhambane Province",
        "elevation_m": null,
        "population": 0,
        "feature_type": "populated place",
        "geoname_id": 1101409
      }
    },
    {
      "type": "Feature",
      "geometry": {
        "type": "Point",
        "coordinates": [
          35.44889,
          -24.09778
        ]
      },
      "properties": {
        "name": "N. Uandula",
        "country": "Mozambique",
        "region": "Inhambane Province",
        "elevation_m": null,
        "population": 0,
        "feature_type": "populated place",
        "geoname_id": 1101412
      }
    },
    {
      "type": "Feature",
      "geometry": {
        "type": "Point",
        "coordinates": [
          35.49139,
          -23.14667
        ]
      },
      "properties": {
        "name": "Aldeia Bulão",
        "country": "Mozambique",
        "region": "Inhambane Province",
        "elevation_m": null,
        "population": 0,
        "feature_type": "populated place",
        "geoname_id": 1101415
      }
    },
    {
      "type": "Feature",
      "geometry": {
        "type": "Point",
        "coordinates": [
          34.45056,
          -21.42444
        ]
      },
      "properties": {
        "name": "Chibomane",
        "country": "Mozambique",
        "region": "Inhambane Province",
        "elevation_m": null,
        "population": 0,
        "feature_type": "populated place",
        "geoname_id": 1101418
      }
    },
    {
      "type": "Feature",
      "geometry": {
        "type": "Point",
        "coordinates": [
          34.43944,
          -21.44083
        ]
      },
      "properties": {
        "name": "Moutisso",
        "country": "Mozambique",
        "region": "Inhambane Province",
        "elevation_m": null,
        "population": 0,
        "feature_type": "populated place",
        "geoname_id": 1101419
      }
    },
    {
      "type": "Feature",
      "geometry": {
        "type": "Point",
        "coordinates": [
          34.41944,
          -21.445
        ]
      },
      "properties": {
        "name": "Taiela",
        "country": "Mozambique",
        "region": "Inhambane Province",
        "elevation_m": null,
        "population": 0,
        "feature_type": "populated place",
        "geoname_id": 1101420
      }
    },
    {
      "type": "Feature",
      "geometry": {
        "type": "Point",
        "coordinates": [
          35.40861,
          -24.11694
        ]
      },
      "properties": {
        "name": "Januário",
        "country": "Mozambique",
        "region": "Inhambane Province",
        "elevation_m": null,
        "population": 0,
        "feature_type": "populated place",
        "geoname_id": 1101421
      }
    },
    {
      "type": "Feature",
      "geometry": {
        "type": "Point",
        "coordinates": [
          34.41389,
          -21.45861
        ]
      },
      "properties": {
        "name": "Luis",
        "country": "Mozambique",
        "region": "Inhambane Province",
        "elevation_m": null,
        "population": 0,
        "feature_type": "populated place",
        "geoname_id": 1101422
      }
    },
    {
      "type": "Feature",
      "geometry": {
        "type": "Point",
        "coordinates": [
          35.48139,
          -23.2025
        ]
      },
      "properties": {
        "name": "Chefe Chiguelane",
        "country": "Mozambique",
        "region": "Inhambane Province",
        "elevation_m": null,
        "population": 0,
        "feature_type": "populated place",
        "geoname_id": 1101425
      }
    },
    {
      "type": "Feature",
      "geometry": {
        "type": "Point",
        "coordinates": [
          34.435,
          -21.46861
        ]
      },
      "properties": {
        "name": "Duzenta",
        "country": "Mozambique",
        "region": "Inhambane Province",
        "elevation_m": null,
        "population": 0,
        "feature_type": "populated place",
        "geoname_id": 1101427
      }
    },
    {
      "type": "Feature",
      "geometry": {
        "type": "Point",
        "coordinates": [
          35.40861,
          -24.10361
        ]
      },
      "properties": {
        "name": "R. Nhapossa",
        "country": "Mozambique",
        "region": "Inhambane Province",
        "elevation_m": null,
        "population": 0,
        "feature_type": "populated place",
        "geoname_id": 1101428
      }
    },
    {
      "type": "Feature",
      "geometry": {
        "type": "Point",
        "coordinates": [
          34.48389,
          -21.46472
        ]
      },
      "properties": {
        "name": "Muzamane",
        "country": "Mozambique",
        "region": "Inhambane Province",
        "elevation_m": null,
        "population": 0,
        "feature_type": "populated place",
        "geoname_id": 1101429
      }
    },
    {
      "type": "Feature",
      "geometry": {
        "type": "Point",
        "coordinates": [
          34.48472,
          -21.48556
        ]
      },
      "properties": {
        "name": "Mucovelane",
        "country": "Mozambique",
        "region": "Inhambane Province",
        "elevation_m": null,
        "population": 0,
        "feature_type": "populated place",
        "geoname_id": 1101430
      }
    },
    {
      "type": "Feature",
      "geometry": {
        "type": "Point",
        "coordinates": [
          35.46222,
          -23.22111
        ]
      },
      "properties": {
        "name": "Cabo Morrungulo",
        "country": "Mozambique",
        "region": "Inhambane Province",
        "elevation_m": null,
        "population": 0,
        "feature_type": "populated place",
        "geoname_id": 1101433
      }
    },
    {
      "type": "Feature",
      "geometry": {
        "type": "Point",
        "coordinates": [
          34.46861,
          -21.49417
        ]
      },
      "properties": {
        "name": "Mubonmane",
        "country": "Mozambique",
        "region": "Inhambane Province",
        "elevation_m": null,
        "population": 0,
        "feature_type": "populated place",
        "geoname_id": 1101434
      }
    },
    {
      "type": "Feature",
      "geometry": {
        "type": "Point",
        "coordinates": [
          34.42111,
          -21.52167
        ]
      },
      "properties": {
        "name": "Chigamane",
        "country": "Mozambique",
        "region": "Inhambane Province",
        "elevation_m": null,
        "population": 0,
        "feature_type": "populated place",
        "geoname_id": 1101436
      }
    },
    {
      "type": "Feature",
      "geometry": {
        "type": "Point",
        "coordinates": [
          35.485,
          -23.20694
        ]
      },
      "properties": {
        "name": "Quahene",
        "country": "Mozambique",
        "region": "Inhambane Province",
        "elevation_m": null,
        "population": 0,
        "feature_type": "populated place",
        "geoname_id": 1101437
      }
    },
    {
      "type": "Feature",
      "geometry": {
        "type": "Point",
        "coordinates": [
          34.43722,
          -21.53056
        ]
      },
      "properties": {
        "name": "Muchache",
        "country": "Mozambique",
        "region": "Inhambane Province",
        "elevation_m": null,
        "population": 0,
        "feature_type": "populated place",
        "geoname_id": 1101438
      }
    },
    {
      "type": "Feature",
      "geometry": {
        "type": "Point",
        "coordinates": [
          34.45611,
          -21.53861
        ]
      },
      "properties": {
        "name": "Ganana",
        "country": "Mozambique",
        "region": "Inhambane Province",
        "elevation_m": null,
        "population": 0,
        "feature_type": "populated place",
        "geoname_id": 1101439
      }
    },
    {
      "type": "Feature",
      "geometry": {
        "type": "Point",
        "coordinates": [
          35.36028,
          -24.04583
        ]
      },
      "properties": {
        "name": "G. Nhacula",
        "country": "Mozambique",
        "region": "Inhambane Province",
        "elevation_m": null,
        "population": 0,
        "feature_type": "populated place",
        "geoname_id": 1101445
      }
    },
    {
      "type": "Feature",
      "geometry": {
        "type": "Point",
        "coordinates": [
          35.40972,
          -24.04861
        ]
      },
      "properties": {
        "name": "Chefe Mangavana",
        "country": "Mozambique",
        "region": "Inhambane Province",
        "elevation_m": null,
        "population": 0,
        "feature_type": "populated place",
        "geoname_id": 1101446
      }
    },
    {
      "type": "Feature",
      "geometry": {
        "type": "Point",
        "coordinates": [
          35.35639,
          -24.06472
        ]
      },
      "properties": {
        "name": "Chefe Bahana",
        "country": "Mozambique",
        "region": "Inhambane Province",
        "elevation_m": null,
        "population": 0,
        "feature_type": "populated place",
        "geoname_id": 1101447
      }
    },
    {
      "type": "Feature",
      "geometry": {
        "type": "Point",
        "coordinates": [
          35.39694,
          -24.0625
        ]
      },
      "properties": {
        "name": "Taela Cume",
        "country": "Mozambique",
        "region": "Inhambane Province",
        "elevation_m": null,
        "population": 0,
        "feature_type": "populated place",
        "geoname_id": 1101448
      }
    },
    {
      "type": "Feature",
      "geometry": {
        "type": "Point",
        "coordinates": [
          35.36944,
          -24.07667
        ]
      },
      "properties": {
        "name": "Chefe Dovane",
        "country": "Mozambique",
        "region": "Inhambane Province",
        "elevation_m": null,
        "population": 0,
        "feature_type": "populated place",
        "geoname_id": 1101449
      }
    },
    {
      "type": "Feature",
      "geometry": {
        "type": "Point",
        "coordinates": [
          35.41167,
          -24.0775
        ]
      },
      "properties": {
        "name": "F. Nhanala",
        "country": "Mozambique",
        "region": "Inhambane Province",
        "elevation_m": null,
        "population": 0,
        "feature_type": "populated place",
        "geoname_id": 1101450
      }
    },
    {
      "type": "Feature",
      "geometry": {
        "type": "Point",
        "coordinates": [
          35.35806,
          -23.14972
        ]
      },
      "properties": {
        "name": "Chefe Mahanuane",
        "country": "Mozambique",
        "region": "Inhambane Province",
        "elevation_m": null,
        "population": 0,
        "feature_type": "populated place",
        "geoname_id": 1101451
      }
    },
    {
      "type": "Feature",
      "geometry": {
        "type": "Point",
        "coordinates": [
          35.38306,
          -24.11917
        ]
      },
      "properties": {
        "name": "São Gissamo",
        "country": "Mozambique",
        "region": "Inhambane Province",
        "elevation_m": null,
        "population": 0,
        "feature_type": "populated place",
        "geoname_id": 1101452
      }
    },
    {
      "type": "Feature",
      "geometry": {
        "type": "Point",
        "coordinates": [
          35.35944,
          -24.09444
        ]
      },
      "properties": {
        "name": "G. Duce",
        "country": "Mozambique",
        "region": "Inhambane Province",
        "elevation_m": null,
        "population": 0,
        "feature_type": "populated place",
        "geoname_id": 1101453
      }
    },
    {
      "type": "Feature",
      "geometry": {
        "type": "Point",
        "coordinates": [
          35.40806,
          -23.15278
        ]
      },
      "properties": {
        "name": "Chefe Mabecuane",
        "country": "Mozambique",
        "region": "Inhambane Province",
        "elevation_m": null,
        "population": 0,
        "feature_type": "populated place",
        "geoname_id": 1101455
      }
    },
    {
      "type": "Feature",
      "geometry": {
        "type": "Point",
        "coordinates": [
          34.30694,
          -22.19028
        ]
      },
      "properties": {
        "name": "Muquezane",
        "country": "Mozambique",
        "region": "Inhambane Province",
        "elevation_m": null,
        "population": 0,
        "feature_type": "populated place",
        "geoname_id": 1101457
      }
    },
    {
      "type": "Feature",
      "geometry": {
        "type": "Point",
        "coordinates": [
          35.33861,
          -23.16972
        ]
      },
      "properties": {
        "name": "Chefe Chilubuane",
        "country": "Mozambique",
        "region": "Inhambane Province",
        "elevation_m": null,
        "population": 0,
        "feature_type": "populated place",
        "geoname_id": 1101460
      }
    },
    {
      "type": "Feature",
      "geometry": {
        "type": "Point",
        "coordinates": [
          35.3975,
          -23.17306
        ]
      },
      "properties": {
        "name": "Aldeia Rodriques",
        "country": "Mozambique",
        "region": "Inhambane Province",
        "elevation_m": null,
        "population": 0,
        "feature_type": "populated place",
        "geoname_id": 1101463
      }
    },
    {
      "type": "Feature",
      "geometry": {
        "type": "Point",
        "coordinates": [
          34.24194,
          -22.21806
        ]
      },
      "properties": {
        "name": "Malazelane",
        "country": "Mozambique",
        "region": "Inhambane Province",
        "elevation_m": null,
        "population": 0,
        "feature_type": "populated place",
        "geoname_id": 1101464
      }
    },
    {
      "type": "Feature",
      "geometry": {
        "type": "Point",
        "coordinates": [
          35.32444,
          -24.06611
        ]
      },
      "properties": {
        "name": "Cabo Indude",
        "country": "Mozambique",
        "region": "Inhambane Province",
        "elevation_m": null,
        "population": 0,
        "feature_type": "populated place",
        "geoname_id": 1101465
      }
    },
    {
      "type": "Feature",
      "geometry": {
        "type": "Point",
        "coordinates": [
          35.35694,
          -24.10056
        ]
      },
      "properties": {
        "name": "Nossa Senhora de Fátima",
        "country": "Mozambique",
        "region": "Inhambane Province",
        "elevation_m": null,
        "population": 0,
        "feature_type": "populated place",
        "geoname_id": 1101466
      }
    },
    {
      "type": "Feature",
      "geometry": {
        "type": "Point",
        "coordinates": [
          35.32833,
          -24.08889
        ]
      },
      "properties": {
        "name": "Nhavangue",
        "country": "Mozambique",
        "region": "Inhambane Province",
        "elevation_m": null,
        "population": 0,
        "feature_type": "populated place",
        "geoname_id": 1101470
      }
    },
    {
      "type": "Feature",
      "geometry": {
        "type": "Point",
        "coordinates": [
          35.36083,
          -24.08194
        ]
      },
      "properties": {
        "name": "Z. Bengo",
        "country": "Mozambique",
        "region": "Inhambane Province",
        "elevation_m": null,
        "population": 0,
        "feature_type": "populated place",
        "geoname_id": 1101471
      }
    },
    {
      "type": "Feature",
      "geometry": {
        "type": "Point",
        "coordinates": [
          35.36194,
          -24.07667
        ]
      },
      "properties": {
        "name": "Cat. Met. Episcopal",
        "country": "Mozambique",
        "region": "Inhambane Province",
        "elevation_m": null,
        "population": 0,
        "feature_type": "populated place",
        "geoname_id": 1101472
      }
    },
    {
      "type": "Feature",
      "geometry": {
        "type": "Point",
        "coordinates": [
          35.32583,
          -24.06972
        ]
      },
      "properties": {
        "name": "Cat. Congregacional",
        "country": "Mozambique",
        "region": "Inhambane Province",
        "elevation_m": null,
        "population": 0,
        "feature_type": "populated place",
        "geoname_id": 1101473
      }
    },
    {
      "type": "Feature",
      "geometry": {
        "type": "Point",
        "coordinates": [
          35.42333,
          -23.1925
        ]
      },
      "properties": {
        "name": "Chefe Seta",
        "country": "Mozambique",
        "region": "Inhambane Province",
        "elevation_m": null,
        "population": 0,
        "feature_type": "populated place",
        "geoname_id": 1101475
      }
    },
    {
      "type": "Feature",
      "geometry": {
        "type": "Point",
        "coordinates": [
          35.42778,
          -23.21
        ]
      },
      "properties": {
        "name": "Chefe Macangane",
        "country": "Mozambique",
        "region": "Inhambane Province",
        "elevation_m": null,
        "population": 0,
        "feature_type": "populated place",
        "geoname_id": 1101478
      }
    },
    {
      "type": "Feature",
      "geometry": {
        "type": "Point",
        "coordinates": [
          35.31111,
          -24.08583
        ]
      },
      "properties": {
        "name": "Chefe Guinjara",
        "country": "Mozambique",
        "region": "Inhambane Province",
        "elevation_m": null,
        "population": 0,
        "feature_type": "populated place",
        "geoname_id": 1101479
      }
    },
    {
      "type": "Feature",
      "geometry": {
        "type": "Point",
        "coordinates": [
          34.40639,
          -22.09639
        ]
      },
      "properties": {
        "name": "Chefe Maugane",
        "country": "Mozambique",
        "region": "Inhambane Province",
        "elevation_m": null,
        "population": 0,
        "feature_type": "populated place",
        "geoname_id": 1101481
      }
    },
    {
      "type": "Feature",
      "geometry": {
        "type": "Point",
        "coordinates": [
          34.38694,
          -22.09472
        ]
      },
      "properties": {
        "name": "Uetimane",
        "country": "Mozambique",
        "region": "Inhambane Province",
        "elevation_m": null,
        "population": 0,
        "feature_type": "populated place",
        "geoname_id": 1101482
      }
    },
    {
      "type": "Feature",
      "geometry": {
        "type": "Point",
        "coordinates": [
          34.41667,
          -22.08361
        ]
      },
      "properties": {
        "name": "José",
        "country": "Mozambique",
        "region": "Inhambane Province",
        "elevation_m": null,
        "population": 0,
        "feature_type": "populated place",
        "geoname_id": 1101483
      }
    },
    {
      "type": "Feature",
      "geometry": {
        "type": "Point",
        "coordinates": [
          34.40889,
          -22.05722
        ]
      },
      "properties": {
        "name": "Mafussi",
        "country": "Mozambique",
        "region": "Inhambane Province",
        "elevation_m": null,
        "population": 0,
        "feature_type": "populated place",
        "geoname_id": 1101486
      }
    },
    {
      "type": "Feature",
      "geometry": {
        "type": "Point",
        "coordinates": [
          34.29944,
          -22.05139
        ]
      },
      "properties": {
        "name": "Namborete",
        "country": "Mozambique",
        "region": "Inhambane Province",
        "elevation_m": null,
        "population": 0,
        "feature_type": "populated place",
        "geoname_id": 1101487
      }
    },
    {
      "type": "Feature",
      "geometry": {
        "type": "Point",
        "coordinates": [
          35.26972,
          -24.0625
        ]
      },
      "properties": {
        "name": "Bauhoffer",
        "country": "Mozambique",
        "region": "Inhambane Province",
        "elevation_m": null,
        "population": 0,
        "feature_type": "populated place",
        "geoname_id": 1101488
      }
    },
    {
      "type": "Feature",
      "geometry": {
        "type": "Point",
        "coordinates": [
          35.31333,
          -23.16944
        ]
      },
      "properties": {
        "name": "Júlia",
        "country": "Mozambique",
        "region": "Inhambane Province",
        "elevation_m": null,
        "population": 0,
        "feature_type": "populated place",
        "geoname_id": 1101490
      }
    },
    {
      "type": "Feature",
      "geometry": {
        "type": "Point",
        "coordinates": [
          35.30583,
          -24.04278
        ]
      },
      "properties": {
        "name": "Aldeia Teixeira",
        "country": "Mozambique",
        "region": "Inhambane Province",
        "elevation_m": null,
        "population": 0,
        "feature_type": "populated place",
        "geoname_id": 1101493
      }
    },
    {
      "type": "Feature",
      "geometry": {
        "type": "Point",
        "coordinates": [
          35.285,
          -23.18944
        ]
      },
      "properties": {
        "name": "Finiasse",
        "country": "Mozambique",
        "region": "Inhambane Province",
        "elevation_m": null,
        "population": 0,
        "feature_type": "populated place",
        "geoname_id": 1101494
      }
    },
    {
      "type": "Feature",
      "geometry": {
        "type": "Point",
        "coordinates": [
          35.31111,
          -23.19778
        ]
      },
      "properties": {
        "name": "Chefe Cuelane",
        "country": "Mozambique",
        "region": "Inhambane Province",
        "elevation_m": null,
        "population": 0,
        "feature_type": "populated place",
        "geoname_id": 1101495
      }
    },
    {
      "type": "Feature",
      "geometry": {
        "type": "Point",
        "coordinates": [
          35.30222,
          -24.04222
        ]
      },
      "properties": {
        "name": "Mutamba",
        "country": "Mozambique",
        "region": "Inhambane Province",
        "elevation_m": null,
        "population": 0,
        "feature_type": "populated place",
        "geoname_id": 1101496
      }
    },
    {
      "type": "Feature",
      "geometry": {
        "type": "Point",
        "coordinates": [
          35.27833,
          -24.0525
        ]
      },
      "properties": {
        "name": "Chefe Matenga",
        "country": "Mozambique",
        "region": "Inhambane Province",
        "elevation_m": null,
        "population": 0,
        "feature_type": "populated place",
        "geoname_id": 1101497
      }
    },
    {
      "type": "Feature",
      "geometry": {
        "type": "Point",
        "coordinates": [
          35.27278,
          -24.04194
        ]
      },
      "properties": {
        "name": "São Francisco de Assis",
        "country": "Mozambique",
        "region": "Inhambane Province",
        "elevation_m": null,
        "population": 0,
        "feature_type": "populated place",
        "geoname_id": 1101498
      }
    },
    {
      "type": "Feature",
      "geometry": {
        "type": "Point",
        "coordinates": [
          35.3,
          -23.205
        ]
      },
      "properties": {
        "name": "Chefe Luene",
        "country": "Mozambique",
        "region": "Inhambane Province",
        "elevation_m": null,
        "population": 0,
        "feature_type": "populated place",
        "geoname_id": 1101499
      }
    },
    {
      "type": "Feature",
      "geometry": {
        "type": "Point",
        "coordinates": [
          34.12361,
          -22.28
        ]
      },
      "properties": {
        "name": "Lourenço",
        "country": "Mozambique",
        "region": "Inhambane Province",
        "elevation_m": null,
        "population": 0,
        "feature_type": "populated place",
        "geoname_id": 1101501
      }
    },
    {
      "type": "Feature",
      "geometry": {
        "type": "Point",
        "coordinates": [
          35.26639,
          -23.22333
        ]
      },
      "properties": {
        "name": "Tchuquela",
        "country": "Mozambique",
        "region": "Inhambane Province",
        "elevation_m": null,
        "population": 0,
        "feature_type": "populated place",
        "geoname_id": 1101504
      }
    },
    {
      "type": "Feature",
      "geometry": {
        "type": "Point",
        "coordinates": [
          34.10222,
          -22.28889
        ]
      },
      "properties": {
        "name": "Mugolani",
        "country": "Mozambique",
        "region": "Inhambane Province",
        "elevation_m": null,
        "population": 0,
        "feature_type": "populated place",
        "geoname_id": 1101505
      }
    },
    {
      "type": "Feature",
      "geometry": {
        "type": "Point",
        "coordinates": [
          34.09472,
          -22.29333
        ]
      },
      "properties": {
        "name": "Sainda",
        "country": "Mozambique",
        "region": "Inhambane Province",
        "elevation_m": null,
        "population": 0,
        "feature_type": "populated place",
        "geoname_id": 1101506
      }
    },
    {
      "type": "Feature",
      "geometry": {
        "type": "Point",
        "coordinates": [
          35.30583,
          -24.11333
        ]
      },
      "properties": {
        "name": "J. Vaz",
        "country": "Mozambique",
        "region": "Inhambane Province",
        "elevation_m": null,
        "population": 0,
        "feature_type": "populated place",
        "geoname_id": 1101507
      }
    },
    {
      "type": "Feature",
      "geometry": {
        "type": "Point",
        "coordinates": [
          34.13389,
          -22.31944
        ]
      },
      "properties": {
        "name": "Mambico",
        "country": "Mozambique",
        "region": "Inhambane Province",
        "elevation_m": null,
        "population": 0,
        "feature_type": "populated place",
        "geoname_id": 1101508
      }
    },
    {
      "type": "Feature",
      "geometry": {
        "type": "Point",
        "coordinates": [
          35.26333,
          -24.07639
        ]
      },
      "properties": {
        "name": "Netico Nhalombe",
        "country": "Mozambique",
        "region": "Inhambane Province",
        "elevation_m": null,
        "population": 0,
        "feature_type": "populated place",
        "geoname_id": 1101510
      }
    },
    {
      "type": "Feature",
      "geometry": {
        "type": "Point",
        "coordinates": [
          35.24528,
          -24.12861
        ]
      },
      "properties": {
        "name": "Cabo Magumbela",
        "country": "Mozambique",
        "region": "Inhambane Province",
        "elevation_m": null,
        "population": 0,
        "feature_type": "populated place",
        "geoname_id": 1101511
      }
    },
    {
      "type": "Feature",
      "geometry": {
        "type": "Point",
        "coordinates": [
          35.23889,
          -24.05028
        ]
      },
      "properties": {
        "name": "Chefe Mafacaviana",
        "country": "Mozambique",
        "region": "Inhambane Province",
        "elevation_m": null,
        "population": 0,
        "feature_type": "populated place",
        "geoname_id": 1101514
      }
    },
    {
      "type": "Feature",
      "geometry": {
        "type": "Point",
        "coordinates": [
          35.22528,
          -24.03778
        ]
      },
      "properties": {
        "name": "Chefe Dauca",
        "country": "Mozambique",
        "region": "Inhambane Province",
        "elevation_m": null,
        "population": 0,
        "feature_type": "populated place",
        "geoname_id": 1101515
      }
    },
    {
      "type": "Feature",
      "geometry": {
        "type": "Point",
        "coordinates": [
          34.14472,
          -22.32722
        ]
      },
      "properties": {
        "name": "Maiembulani",
        "country": "Mozambique",
        "region": "Inhambane Province",
        "elevation_m": null,
        "population": 0,
        "feature_type": "populated place",
        "geoname_id": 1101516
      }
    },
    {
      "type": "Feature",
      "geometry": {
        "type": "Point",
        "coordinates": [
          34.43694,
          -22.28167
        ]
      },
      "properties": {
        "name": "Marrilane",
        "country": "Mozambique",
        "region": "Inhambane Province",
        "elevation_m": null,
        "population": 0,
        "feature_type": "populated place",
        "geoname_id": 1101517
      }
    },
    {
      "type": "Feature",
      "geometry": {
        "type": "Point",
        "coordinates": [
          34.44694,
          -22.28889
        ]
      },
      "properties": {
        "name": "Laço",
        "country": "Mozambique",
        "region": "Inhambane Province",
        "elevation_m": null,
        "population": 0,
        "feature_type": "populated place",
        "geoname_id": 1101519
      }
    },
    {
      "type": "Feature",
      "geometry": {
        "type": "Point",
        "coordinates": [
          35.14028,
          -23.13861
        ]
      },
      "properties": {
        "name": "Chefe Bambatela",
        "country": "Mozambique",
        "region": "Inhambane Province",
        "elevation_m": null,
        "population": 0,
        "feature_type": "populated place",
        "geoname_id": 1101520
      }
    },
    {
      "type": "Feature",
      "geometry": {
        "type": "Point",
        "coordinates": [
          34.42889,
          -22.30167
        ]
      },
      "properties": {
        "name": "Supeia",
        "country": "Mozambique",
        "region": "Inhambane Province",
        "elevation_m": null,
        "population": 0,
        "feature_type": "populated place",
        "geoname_id": 1101521
      }
    },
    {
      "type": "Feature",
      "geometry": {
        "type": "Point",
        "coordinates": [
          35.20167,
          -23.14972
        ]
      },
      "properties": {
        "name": "Chefe Dopa",
        "country": "Mozambique",
        "region": "Inhambane Province",
        "elevation_m": null,
        "population": 0,
        "feature_type": "populated place",
        "geoname_id": 1101522
      }
    },
    {
      "type": "Feature",
      "geometry": {
        "type": "Point",
        "coordinates": [
          35.1575,
          -23.16056
        ]
      },
      "properties": {
        "name": "Chefe Muconjo",
        "country": "Mozambique",
        "region": "Inhambane Province",
        "elevation_m": null,
        "population": 0,
        "feature_type": "populated place",
        "geoname_id": 1101523
      }
    },
    {
      "type": "Feature",
      "geometry": {
        "type": "Point",
        "coordinates": [
          34.07667,
          -22.36333
        ]
      },
      "properties": {
        "name": "Muhanhe",
        "country": "Mozambique",
        "region": "Inhambane Province",
        "elevation_m": null,
        "population": 0,
        "feature_type": "populated place",
        "geoname_id": 1101525
      }
    },
    {
      "type": "Feature",
      "geometry": {
        "type": "Point",
        "coordinates": [
          35.26889,
          -24.08917
        ]
      },
      "properties": {
        "name": "Cabo Lindela",
        "country": "Mozambique",
        "region": "Inhambane Province",
        "elevation_m": null,
        "population": 0,
        "feature_type": "populated place",
        "geoname_id": 1101529
      }
    },
    {
      "type": "Feature",
      "geometry": {
        "type": "Point",
        "coordinates": [
          35.26333,
          -24.09556
        ]
      },
      "properties": {
        "name": "Cabo Guimereco",
        "country": "Mozambique",
        "region": "Inhambane Province",
        "elevation_m": null,
        "population": 0,
        "feature_type": "populated place",
        "geoname_id": 1101533
      }
    },
    {
      "type": "Feature",
      "geometry": {
        "type": "Point",
        "coordinates": [
          35.23972,
          -24.11333
        ]
      },
      "properties": {
        "name": "C. Biana",
        "country": "Mozambique",
        "region": "Inhambane Province",
        "elevation_m": null,
        "population": 0,
        "feature_type": "populated place",
        "geoname_id": 1101535
      }
    },
    {
      "type": "Feature",
      "geometry": {
        "type": "Point",
        "coordinates": [
          35.26139,
          -24.10333
        ]
      },
      "properties": {
        "name": "Régulo Bambamba",
        "country": "Mozambique",
        "region": "Inhambane Province",
        "elevation_m": null,
        "population": 0,
        "feature_type": "populated place",
        "geoname_id": 1101537
      }
    },
    {
      "type": "Feature",
      "geometry": {
        "type": "Point",
        "coordinates": [
          35.16694,
          -23.20556
        ]
      },
      "properties": {
        "name": "Cabo Marrúcua",
        "country": "Mozambique",
        "region": "Inhambane Province",
        "elevation_m": null,
        "population": 0,
        "feature_type": "populated place",
        "geoname_id": 1101538
      }
    },
    {
      "type": "Feature",
      "geometry": {
        "type": "Point",
        "coordinates": [
          35.21472,
          -24.07083
        ]
      },
      "properties": {
        "name": "Conceição",
        "country": "Mozambique",
        "region": "Inhambane Province",
        "elevation_m": null,
        "population": 0,
        "feature_type": "populated place",
        "geoname_id": 1101540
      }
    },
    {
      "type": "Feature",
      "geometry": {
        "type": "Point",
        "coordinates": [
          35.19556,
          -24.11167
        ]
      },
      "properties": {
        "name": "Cabo Bongo",
        "country": "Mozambique",
        "region": "Inhambane Province",
        "elevation_m": null,
        "population": 0,
        "feature_type": "populated place",
        "geoname_id": 1101541
      }
    },
    {
      "type": "Feature",
      "geometry": {
        "type": "Point",
        "coordinates": [
          35.1975,
          -24.10139
        ]
      },
      "properties": {
        "name": "Bandeira",
        "country": "Mozambique",
        "region": "Inhambane Province",
        "elevation_m": null,
        "population": 0,
        "feature_type": "populated place",
        "geoname_id": 1101543
      }
    },
    {
      "type": "Feature",
      "geometry": {
        "type": "Point",
        "coordinates": [
          35.17444,
          -24.0925
        ]
      },
      "properties": {
        "name": "C. Guissembe",
        "country": "Mozambique",
        "region": "Inhambane Province",
        "elevation_m": null,
        "population": 0,
        "feature_type": "populated place",
        "geoname_id": 1101545
      }
    },
    {
      "type": "Feature",
      "geometry": {
        "type": "Point",
        "coordinates": [
          35.1675,
          -24.07611
        ]
      },
      "properties": {
        "name": "Chefe Jamo",
        "country": "Mozambique",
        "region": "Inhambane Province",
        "elevation_m": null,
        "population": 0,
        "feature_type": "populated place",
        "geoname_id": 1101548
      }
    },
    {
      "type": "Feature",
      "geometry": {
        "type": "Point",
        "coordinates": [
          34.50306,
          -23.94972
        ]
      },
      "properties": {
        "name": "Serração Mecãnica",
        "country": "Mozambique",
        "region": "Inhambane Province",
        "elevation_m": null,
        "population": 0,
        "feature_type": "populated place",
        "geoname_id": 1101553
      }
    },
    {
      "type": "Feature",
      "geometry": {
        "type": "Point",
        "coordinates": [
          34.67278,
          -23.86722
        ]
      },
      "properties": {
        "name": "Alberto",
        "country": "Mozambique",
        "region": "Inhambane Province",
        "elevation_m": null,
        "population": 0,
        "feature_type": "populated place",
        "geoname_id": 1101554
      }
    },
    {
      "type": "Feature",
      "geometry": {
        "type": "Point",
        "coordinates": [
          35.0975,
          -24.12806
        ]
      },
      "properties": {
        "name": "Mário Cume",
        "country": "Mozambique",
        "region": "Inhambane Province",
        "elevation_m": null,
        "population": 0,
        "feature_type": "populated place",
        "geoname_id": 1101556
      }
    },
    {
      "type": "Feature",
      "geometry": {
        "type": "Point",
        "coordinates": [
          34.25972,
          -21.49306
        ]
      },
      "properties": {
        "name": "Tuboi",
        "country": "Mozambique",
        "region": "Inhambane Province",
        "elevation_m": null,
        "population": 0,
        "feature_type": "populated place",
        "geoname_id": 1101557
      }
    },
    {
      "type": "Feature",
      "geometry": {
        "type": "Point",
        "coordinates": [
          34.33222,
          -21.50361
        ]
      },
      "properties": {
        "name": "Sabonete",
        "country": "Mozambique",
        "region": "Inhambane Province",
        "elevation_m": null,
        "population": 0,
        "feature_type": "populated place",
        "geoname_id": 1101559
      }
    },
    {
      "type": "Feature",
      "geometry": {
        "type": "Point",
        "coordinates": [
          34.32639,
          -21.56611
        ]
      },
      "properties": {
        "name": "Nheoane",
        "country": "Mozambique",
        "region": "Inhambane Province",
        "elevation_m": null,
        "population": 0,
        "feature_type": "populated place",
        "geoname_id": 1101560
      }
    },
    {
      "type": "Feature",
      "geometry": {
        "type": "Point",
        "coordinates": [
          35.09194,
          -24.09528
        ]
      },
      "properties": {
        "name": "Chefe Mailene",
        "country": "Mozambique",
        "region": "Inhambane Province",
        "elevation_m": null,
        "population": 0,
        "feature_type": "populated place",
        "geoname_id": 1101562
      }
    },
    {
      "type": "Feature",
      "geometry": {
        "type": "Point",
        "coordinates": [
          34.23278,
          -22.35972
        ]
      },
      "properties": {
        "name": "Baule",
        "country": "Mozambique",
        "region": "Inhambane Province",
        "elevation_m": null,
        "population": 0,
        "feature_type": "populated place",
        "geoname_id": 1101563
      }
    },
    {
      "type": "Feature",
      "geometry": {
        "type": "Point",
        "coordinates": [
          34.31722,
          -21.60472
        ]
      },
      "properties": {
        "name": "Simone",
        "country": "Mozambique",
        "region": "Inhambane Province",
        "elevation_m": null,
        "population": 0,
        "feature_type": "populated place",
        "geoname_id": 1101564
      }
    },
    {
      "type": "Feature",
      "geometry": {
        "type": "Point",
        "coordinates": [
          34.25889,
          -22.38639
        ]
      },
      "properties": {
        "name": "Massembave",
        "country": "Mozambique",
        "region": "Inhambane Province",
        "elevation_m": null,
        "population": 0,
        "feature_type": "populated place",
        "geoname_id": 1101565
      }
    },
    {
      "type": "Feature",
      "geometry": {
        "type": "Point",
        "coordinates": [
          34.24111,
          -22.40472
        ]
      },
      "properties": {
        "name": "Massecane",
        "country": "Mozambique",
        "region": "Inhambane Province",
        "elevation_m": null,
        "population": 0,
        "feature_type": "populated place",
        "geoname_id": 1101566
      }
    },
    {
      "type": "Feature",
      "geometry": {
        "type": "Point",
        "coordinates": [
          35.105,
          -24.08444
        ]
      },
      "properties": {
        "name": "Met. Livre",
        "country": "Mozambique",
        "region": "Inhambane Province",
        "elevation_m": null,
        "population": 0,
        "feature_type": "populated place",
        "geoname_id": 1101567
      }
    },
    {
      "type": "Feature",
      "geometry": {
        "type": "Point",
        "coordinates": [
          34.27972,
          -22.39972
        ]
      },
      "properties": {
        "name": "Paulo",
        "country": "Mozambique",
        "region": "Inhambane Province",
        "elevation_m": null,
        "population": 0,
        "feature_type": "populated place",
        "geoname_id": 1101569
      }
    },
    {
      "type": "Feature",
      "geometry": {
        "type": "Point",
        "coordinates": [
          34.91111,
          -23.89778
        ]
      },
      "properties": {
        "name": "Cabo Dzimane",
        "country": "Mozambique",
        "region": "Inhambane Province",
        "elevation_m": null,
        "population": 0,
        "feature_type": "populated place",
        "geoname_id": 1101575
      }
    },
    {
      "type": "Feature",
      "geometry": {
        "type": "Point",
        "coordinates": [
          35.1025,
          -23.13917
        ]
      },
      "properties": {
        "name": "Chefe Tiane",
        "country": "Mozambique",
        "region": "Inhambane Province",
        "elevation_m": null,
        "population": 0,
        "feature_type": "populated place",
        "geoname_id": 1101577
      }
    },
    {
      "type": "Feature",
      "geometry": {
        "type": "Point",
        "coordinates": [
          34.97389,
          -23.90194
        ]
      },
      "properties": {
        "name": "Cabo Chitsotso",
        "country": "Mozambique",
        "region": "Inhambane Province",
        "elevation_m": null,
        "population": 0,
        "feature_type": "populated place",
        "geoname_id": 1101580
      }
    },
    {
      "type": "Feature",
      "geometry": {
        "type": "Point",
        "coordinates": [
          35.11694,
          -23.15944
        ]
      },
      "properties": {
        "name": "Chefe Runduca",
        "country": "Mozambique",
        "region": "Inhambane Province",
        "elevation_m": null,
        "population": 0,
        "feature_type": "populated place",
        "geoname_id": 1101581
      }
    },
    {
      "type": "Feature",
      "geometry": {
        "type": "Point",
        "coordinates": [
          35.09833,
          -23.18528
        ]
      },
      "properties": {
        "name": "Chefe Chicopa",
        "country": "Mozambique",
        "region": "Inhambane Province",
        "elevation_m": null,
        "population": 0,
        "feature_type": "populated place",
        "geoname_id": 1101582
      }
    },
    {
      "type": "Feature",
      "geometry": {
        "type": "Point",
        "coordinates": [
          35.12722,
          -23.2075
        ]
      },
      "properties": {
        "name": "Cabo Marrule",
        "country": "Mozambique",
        "region": "Inhambane Province",
        "elevation_m": null,
        "population": 0,
        "feature_type": "populated place",
        "geoname_id": 1101583
      }
    },
    {
      "type": "Feature",
      "geometry": {
        "type": "Point",
        "coordinates": [
          34.88056,
          -23.87
        ]
      },
      "properties": {
        "name": "Tauzene",
        "country": "Mozambique",
        "region": "Inhambane Province",
        "elevation_m": null,
        "population": 0,
        "feature_type": "populated place",
        "geoname_id": 1101587
      }
    },
    {
      "type": "Feature",
      "geometry": {
        "type": "Point",
        "coordinates": [
          35.12778,
          -24.07
        ]
      },
      "properties": {
        "name": "Cabo Nhachocho",
        "country": "Mozambique",
        "region": "Inhambane Province",
        "elevation_m": null,
        "population": 0,
        "feature_type": "populated place",
        "geoname_id": 1101592
      }
    },
    {
      "type": "Feature",
      "geometry": {
        "type": "Point",
        "coordinates": [
          34.49806,
          -21.55389
        ]
      },
      "properties": {
        "name": "Delemane",
        "country": "Mozambique",
        "region": "Inhambane Province",
        "elevation_m": null,
        "population": 0,
        "feature_type": "populated place",
        "geoname_id": 1101594
      }
    },
    {
      "type": "Feature",
      "geometry": {
        "type": "Point",
        "coordinates": [
          34.41722,
          -21.59694
        ]
      },
      "properties": {
        "name": "Silva",
        "country": "Mozambique",
        "region": "Inhambane Province",
        "elevation_m": null,
        "population": 0,
        "feature_type": "populated place",
        "geoname_id": 1101595
      }
    },
    {
      "type": "Feature",
      "geometry": {
        "type": "Point",
        "coordinates": [
          35.09889,
          -24.06278
        ]
      },
      "properties": {
        "name": "Cabo Maiaice",
        "country": "Mozambique",
        "region": "Inhambane Province",
        "elevation_m": null,
        "population": 0,
        "feature_type": "populated place",
        "geoname_id": 1101596
      }
    },
    {
      "type": "Feature",
      "geometry": {
        "type": "Point",
        "coordinates": [
          34.47444,
          -21.58889
        ]
      },
      "properties": {
        "name": "Chichavane",
        "country": "Mozambique",
        "region": "Inhambane Province",
        "elevation_m": null,
        "population": 0,
        "feature_type": "populated place",
        "geoname_id": 1101597
      }
    },
    {
      "type": "Feature",
      "geometry": {
        "type": "Point",
        "coordinates": [
          34.495,
          -21.58194
        ]
      },
      "properties": {
        "name": "Chapo",
        "country": "Mozambique",
        "region": "Inhambane Province",
        "elevation_m": null,
        "population": 0,
        "feature_type": "populated place",
        "geoname_id": 1101598
      }
    },
    {
      "type": "Feature",
      "geometry": {
        "type": "Point",
        "coordinates": [
          35.02417,
          -23.13639
        ]
      },
      "properties": {
        "name": "Cabo Mahavisse",
        "country": "Mozambique",
        "region": "Inhambane Province",
        "elevation_m": null,
        "population": 0,
        "feature_type": "populated place",
        "geoname_id": 1101601
      }
    },
    {
      "type": "Feature",
      "geometry": {
        "type": "Point",
        "coordinates": [
          35.05306,
          -23.15639
        ]
      },
      "properties": {
        "name": "Cabo Sitila",
        "country": "Mozambique",
        "region": "Inhambane Province",
        "elevation_m": null,
        "population": 0,
        "feature_type": "populated place",
        "geoname_id": 1101603
      }
    },
    {
      "type": "Feature",
      "geometry": {
        "type": "Point",
        "coordinates": [
          35.00861,
          -23.16639
        ]
      },
      "properties": {
        "name": "Cabo Matala",
        "country": "Mozambique",
        "region": "Inhambane Province",
        "elevation_m": null,
        "population": 0,
        "feature_type": "populated place",
        "geoname_id": 1101604
      }
    },
    {
      "type": "Feature",
      "geometry": {
        "type": "Point",
        "coordinates": [
          35.04806,
          -23.19056
        ]
      },
      "properties": {
        "name": "Cabo Mahate",
        "country": "Mozambique",
        "region": "Inhambane Province",
        "elevation_m": null,
        "population": 0,
        "feature_type": "populated place",
        "geoname_id": 1101609
      }
    },
    {
      "type": "Feature",
      "geometry": {
        "type": "Point",
        "coordinates": [
          35.02278,
          -23.20722
        ]
      },
      "properties": {
        "name": "Cabo Matecheque",
        "country": "Mozambique",
        "region": "Inhambane Province",
        "elevation_m": null,
        "population": 0,
        "feature_type": "populated place",
        "geoname_id": 1101610
      }
    },
    {
      "type": "Feature",
      "geometry": {
        "type": "Point",
        "coordinates": [
          35.02444,
          -23.23
        ]
      },
      "properties": {
        "name": "Cabo Macovane",
        "country": "Mozambique",
        "region": "Inhambane Province",
        "elevation_m": null,
        "population": 0,
        "feature_type": "populated place",
        "geoname_id": 1101612
      }
    },
    {
      "type": "Feature",
      "geometry": {
        "type": "Point",
        "coordinates": [
          35.00972,
          -23.26667
        ]
      },
      "properties": {
        "name": "Penane",
        "country": "Mozambique",
        "region": "Inhambane Province",
        "elevation_m": null,
        "population": 0,
        "feature_type": "populated place",
        "geoname_id": 1101613
      }
    },
    {
      "type": "Feature",
      "geometry": {
        "type": "Point",
        "coordinates": [
          35.035,
          -23.28583
        ]
      },
      "properties": {
        "name": "Alfanete",
        "country": "Mozambique",
        "region": "Inhambane Province",
        "elevation_m": null,
        "population": 0,
        "feature_type": "populated place",
        "geoname_id": 1101615
      }
    },
    {
      "type": "Feature",
      "geometry": {
        "type": "Point",
        "coordinates": [
          35.02694,
          -23.29778
        ]
      },
      "properties": {
        "name": "Cabo Dimande III",
        "country": "Mozambique",
        "region": "Inhambane Province",
        "elevation_m": null,
        "population": 0,
        "feature_type": "populated place",
        "geoname_id": 1101616
      }
    },
    {
      "type": "Feature",
      "geometry": {
        "type": "Point",
        "coordinates": [
          35.03361,
          -23.30833
        ]
      },
      "properties": {
        "name": "Seangamo",
        "country": "Mozambique",
        "region": "Inhambane Province",
        "elevation_m": null,
        "population": 0,
        "feature_type": "populated place",
        "geoname_id": 1101618
      }
    },
    {
      "type": "Feature",
      "geometry": {
        "type": "Point",
        "coordinates": [
          34.49194,
          -22.31444
        ]
      },
      "properties": {
        "name": "Salaveta",
        "country": "Mozambique",
        "region": "Inhambane Province",
        "elevation_m": null,
        "population": 0,
        "feature_type": "populated place",
        "geoname_id": 1101625
      }
    },
    {
      "type": "Feature",
      "geometry": {
        "type": "Point",
        "coordinates": [
          34.48722,
          -22.31083
        ]
      },
      "properties": {
        "name": "Silivela",
        "country": "Mozambique",
        "region": "Inhambane Province",
        "elevation_m": null,
        "population": 0,
        "feature_type": "populated place",
        "geoname_id": 1101626
      }
    },
    {
      "type": "Feature",
      "geometry": {
        "type": "Point",
        "coordinates": [
          34.4425,
          -22.37556
        ]
      },
      "properties": {
        "name": "Muôco",
        "country": "Mozambique",
        "region": "Inhambane Province",
        "elevation_m": null,
        "population": 0,
        "feature_type": "populated place",
        "geoname_id": 1101627
      }
    },
    {
      "type": "Feature",
      "geometry": {
        "type": "Point",
        "coordinates": [
          35.10361,
          -24.14444
        ]
      },
      "properties": {
        "name": "Chefe C. Mangarane",
        "country": "Mozambique",
        "region": "Inhambane Province",
        "elevation_m": null,
        "population": 0,
        "feature_type": "populated place",
        "geoname_id": 1101629
      }
    },
    {
      "type": "Feature",
      "geometry": {
        "type": "Point",
        "coordinates": [
          34.37083,
          -22.36417
        ]
      },
      "properties": {
        "name": "Sando",
        "country": "Mozambique",
        "region": "Inhambane Province",
        "elevation_m": null,
        "population": 0,
        "feature_type": "populated place",
        "geoname_id": 1101630
      }
    },
    {
      "type": "Feature",
      "geometry": {
        "type": "Point",
        "coordinates": [
          35.10306,
          -24.14806
        ]
      },
      "properties": {
        "name": "Met. Livre J. Jamba",
        "country": "Mozambique",
        "region": "Inhambane Province",
        "elevation_m": null,
        "population": 0,
        "feature_type": "populated place",
        "geoname_id": 1101632
      }
    },
    {
      "type": "Feature",
      "geometry": {
        "type": "Point",
        "coordinates": [
          35.12056,
          -24.17111
        ]
      },
      "properties": {
        "name": "Met. Livre J. Auze",
        "country": "Mozambique",
        "region": "Inhambane Province",
        "elevation_m": null,
        "population": 0,
        "feature_type": "populated place",
        "geoname_id": 1101633
      }
    },
    {
      "type": "Feature",
      "geometry": {
        "type": "Point",
        "coordinates": [
          34.42194,
          -22.41944
        ]
      },
      "properties": {
        "name": "Manuel",
        "country": "Mozambique",
        "region": "Inhambane Province",
        "elevation_m": null,
        "population": 0,
        "feature_type": "populated place",
        "geoname_id": 1101634
      }
    },
    {
      "type": "Feature",
      "geometry": {
        "type": "Point",
        "coordinates": [
          35.15472,
          -24.13333
        ]
      },
      "properties": {
        "name": "Ernesto Guilundo",
        "country": "Mozambique",
        "region": "Inhambane Province",
        "elevation_m": null,
        "population": 0,
        "feature_type": "populated place",
        "geoname_id": 1101635
      }
    },
    {
      "type": "Feature",
      "geometry": {
        "type": "Point",
        "coordinates": [
          34.37472,
          -22.40806
        ]
      },
      "properties": {
        "name": "Chegueche",
        "country": "Mozambique",
        "region": "Inhambane Province",
        "elevation_m": null,
        "population": 0,
        "feature_type": "populated place",
        "geoname_id": 1101636
      }
    },
    {
      "type": "Feature",
      "geometry": {
        "type": "Point",
        "coordinates": [
          35.14556,
          -24.1525
        ]
      },
      "properties": {
        "name": "R. Marengula",
        "country": "Mozambique",
        "region": "Inhambane Province",
        "elevation_m": null,
        "population": 0,
        "feature_type": "populated place",
        "geoname_id": 1101637
      }
    },
    {
      "type": "Feature",
      "geometry": {
        "type": "Point",
        "coordinates": [
          34.49528,
          -22.37611
        ]
      },
      "properties": {
        "name": "Calezave",
        "country": "Mozambique",
        "region": "Inhambane Province",
        "elevation_m": null,
        "population": 0,
        "feature_type": "populated place",
        "geoname_id": 1101638
      }
    },
    {
      "type": "Feature",
      "geometry": {
        "type": "Point",
        "coordinates": [
          35.18667,
          -24.13361
        ]
      },
      "properties": {
        "name": "Met. Livre Saia Quichine",
        "country": "Mozambique",
        "region": "Inhambane Province",
        "elevation_m": null,
        "population": 0,
        "feature_type": "populated place",
        "geoname_id": 1101639
      }
    },
    {
      "type": "Feature",
      "geometry": {
        "type": "Point",
        "coordinates": [
          35.13444,
          -23.29444
        ]
      },
      "properties": {
        "name": "Bairrada",
        "country": "Mozambique",
        "region": "Inhambane Province",
        "elevation_m": null,
        "population": 0,
        "feature_type": "populated place",
        "geoname_id": 1101640
      }
    },
    {
      "type": "Feature",
      "geometry": {
        "type": "Point",
        "coordinates": [
          35.07472,
          -23.25167
        ]
      },
      "properties": {
        "name": "Paipane",
        "country": "Mozambique",
        "region": "Inhambane Province",
        "elevation_m": null,
        "population": 0,
        "feature_type": "populated place",
        "geoname_id": 1101644
      }
    },
    {
      "type": "Feature",
      "geometry": {
        "type": "Point",
        "coordinates": [
          34.35083,
          -22.42083
        ]
      },
      "properties": {
        "name": "Ocuzane",
        "country": "Mozambique",
        "region": "Inhambane Province",
        "elevation_m": null,
        "population": 0,
        "feature_type": "populated place",
        "geoname_id": 1101645
      }
    },
    {
      "type": "Feature",
      "geometry": {
        "type": "Point",
        "coordinates": [
          35.06722,
          -23.30333
        ]
      },
      "properties": {
        "name": "Reginaldo",
        "country": "Mozambique",
        "region": "Inhambane Province",
        "elevation_m": null,
        "population": 0,
        "feature_type": "populated place",
        "geoname_id": 1101647
      }
    },
    {
      "type": "Feature",
      "geometry": {
        "type": "Point",
        "coordinates": [
          35.17333,
          -24.20778
        ]
      },
      "properties": {
        "name": "Chefe Nhabombo",
        "country": "Mozambique",
        "region": "Inhambane Province",
        "elevation_m": null,
        "population": 0,
        "feature_type": "populated place",
        "geoname_id": 1101650
      }
    },
    {
      "type": "Feature",
      "geometry": {
        "type": "Point",
        "coordinates": [
          35.135,
          -23.31528
        ]
      },
      "properties": {
        "name": "Chefe Barila",
        "country": "Mozambique",
        "region": "Inhambane Province",
        "elevation_m": null,
        "population": 0,
        "feature_type": "populated place",
        "geoname_id": 1101652
      }
    },
    {
      "type": "Feature",
      "geometry": {
        "type": "Point",
        "coordinates": [
          35.15889,
          -24.17861
        ]
      },
      "properties": {
        "name": "Cabo Jane",
        "country": "Mozambique",
        "region": "Inhambane Province",
        "elevation_m": null,
        "population": 0,
        "feature_type": "populated place",
        "geoname_id": 1101653
      }
    },
    {
      "type": "Feature",
      "geometry": {
        "type": "Point",
        "coordinates": [
          35.16028,
          -24.1825
        ]
      },
      "properties": {
        "name": "Chefe Gulela",
        "country": "Mozambique",
        "region": "Inhambane Province",
        "elevation_m": null,
        "population": 0,
        "feature_type": "populated place",
        "geoname_id": 1101654
      }
    },
    {
      "type": "Feature",
      "geometry": {
        "type": "Point",
        "coordinates": [
          35.17167,
          -24.19472
        ]
      },
      "properties": {
        "name": "C. Gove",
        "country": "Mozambique",
        "region": "Inhambane Province",
        "elevation_m": null,
        "population": 0,
        "feature_type": "populated place",
        "geoname_id": 1101657
      }
    },
    {
      "type": "Feature",
      "geometry": {
        "type": "Point",
        "coordinates": [
          35.18278,
          -24.18917
        ]
      },
      "properties": {
        "name": "Chefe Golo",
        "country": "Mozambique",
        "region": "Inhambane Province",
        "elevation_m": null,
        "population": 0,
        "feature_type": "populated place",
        "geoname_id": 1101658
      }
    },
    {
      "type": "Feature",
      "geometry": {
        "type": "Point",
        "coordinates": [
          34.18167,
          -22.43583
        ]
      },
      "properties": {
        "name": "Chicoluane",
        "country": "Mozambique",
        "region": "Inhambane Province",
        "elevation_m": null,
        "population": 0,
        "feature_type": "populated place",
        "geoname_id": 1101661
      }
    },
    {
      "type": "Feature",
      "geometry": {
        "type": "Point",
        "coordinates": [
          35.17389,
          -24.16306
        ]
      },
      "properties": {
        "name": "Met. Episcopal A. Cumbane",
        "country": "Mozambique",
        "region": "Inhambane Province",
        "elevation_m": null,
        "population": 0,
        "feature_type": "populated place",
        "geoname_id": 1101662
      }
    },
    {
      "type": "Feature",
      "geometry": {
        "type": "Point",
        "coordinates": [
          35.19056,
          -24.15611
        ]
      },
      "properties": {
        "name": "Chefe Nhamongo",
        "country": "Mozambique",
        "region": "Inhambane Province",
        "elevation_m": null,
        "population": 0,
        "feature_type": "populated place",
        "geoname_id": 1101663
      }
    },
    {
      "type": "Feature",
      "geometry": {
        "type": "Point",
        "coordinates": [
          35.195,
          -24.14944
        ]
      },
      "properties": {
        "name": "Chefe Sicapa",
        "country": "Mozambique",
        "region": "Inhambane Province",
        "elevation_m": null,
        "population": 0,
        "feature_type": "populated place",
        "geoname_id": 1101664
      }
    },
    {
      "type": "Feature",
      "geometry": {
        "type": "Point",
        "coordinates": [
          34.99972,
          -23.8725
        ]
      },
      "properties": {
        "name": "Régulo Mucoluane",
        "country": "Mozambique",
        "region": "Inhambane Province",
        "elevation_m": null,
        "population": 0,
        "feature_type": "populated place",
        "geoname_id": 1101665
      }
    },
    {
      "type": "Feature",
      "geometry": {
        "type": "Point",
        "coordinates": [
          34.95333,
          -23.84667
        ]
      },
      "properties": {
        "name": "Lago Tchine",
        "country": "Mozambique",
        "region": "Inhambane Province",
        "elevation_m": null,
        "population": 0,
        "feature_type": "populated place",
        "geoname_id": 1101669
      }
    },
    {
      "type": "Feature",
      "geometry": {
        "type": "Point",
        "coordinates": [
          34.89417,
          -23.83361
        ]
      },
      "properties": {
        "name": "Cabo Inhaulane",
        "country": "Mozambique",
        "region": "Inhambane Province",
        "elevation_m": null,
        "population": 0,
        "feature_type": "populated place",
        "geoname_id": 1101670
      }
    },
    {
      "type": "Feature",
      "geometry": {
        "type": "Point",
        "coordinates": [
          35.17444,
          -23.235
        ]
      },
      "properties": {
        "name": "Chefe Cutsécua",
        "country": "Mozambique",
        "region": "Inhambane Province",
        "elevation_m": null,
        "population": 0,
        "feature_type": "populated place",
        "geoname_id": 1101671
      }
    },
    {
      "type": "Feature",
      "geometry": {
        "type": "Point",
        "coordinates": [
          34.93028,
          -23.80917
        ]
      },
      "properties": {
        "name": "Uetela",
        "country": "Mozambique",
        "region": "Inhambane Province",
        "elevation_m": null,
        "population": 0,
        "feature_type": "populated place",
        "geoname_id": 1101672
      }
    },
    {
      "type": "Feature",
      "geometry": {
        "type": "Point",
        "coordinates": [
          35.24056,
          -23.25333
        ]
      },
      "properties": {
        "name": "Chefe Mabinde",
        "country": "Mozambique",
        "region": "Inhambane Province",
        "elevation_m": null,
        "population": 0,
        "feature_type": "populated place",
        "geoname_id": 1101673
      }
    },
    {
      "type": "Feature",
      "geometry": {
        "type": "Point",
        "coordinates": [
          34.97139,
          -23.78361
        ]
      },
      "properties": {
        "name": "Venâncio",
        "country": "Mozambique",
        "region": "Inhambane Province",
        "elevation_m": null,
        "population": 0,
        "feature_type": "populated place",
        "geoname_id": 1101674
      }
    },
    {
      "type": "Feature",
      "geometry": {
        "type": "Point",
        "coordinates": [
          34.99278,
          -23.7675
        ]
      },
      "properties": {
        "name": "Alberto",
        "country": "Mozambique",
        "region": "Inhambane Province",
        "elevation_m": null,
        "population": 0,
        "feature_type": "populated place",
        "geoname_id": 1101675
      }
    },
    {
      "type": "Feature",
      "geometry": {
        "type": "Point",
        "coordinates": [
          35.24722,
          -23.2775
        ]
      },
      "properties": {
        "name": "Cabo Muchache",
        "country": "Mozambique",
        "region": "Inhambane Province",
        "elevation_m": null,
        "population": 0,
        "feature_type": "populated place",
        "geoname_id": 1101676
      }
    },
    {
      "type": "Feature",
      "geometry": {
        "type": "Point",
        "coordinates": [
          34.94556,
          -23.75389
        ]
      },
      "properties": {
        "name": "Rolamento",
        "country": "Mozambique",
        "region": "Inhambane Province",
        "elevation_m": null,
        "population": 0,
        "feature_type": "populated place",
        "geoname_id": 1101677
      }
    },
    {
      "type": "Feature",
      "geometry": {
        "type": "Point",
        "coordinates": [
          35.23194,
          -24.14861
        ]
      },
      "properties": {
        "name": "Cat. Anglicana",
        "country": "Mozambique",
        "region": "Inhambane Province",
        "elevation_m": null,
        "population": 0,
        "feature_type": "populated place",
        "geoname_id": 1101678
      }
    },
    {
      "type": "Feature",
      "geometry": {
        "type": "Point",
        "coordinates": [
          35.22806,
          -24.15083
        ]
      },
      "properties": {
        "name": "Cabo Guicundo",
        "country": "Mozambique",
        "region": "Inhambane Province",
        "elevation_m": null,
        "population": 0,
        "feature_type": "populated place",
        "geoname_id": 1101679
      }
    },
    {
      "type": "Feature",
      "geometry": {
        "type": "Point",
        "coordinates": [
          34.96833,
          -23.7375
        ]
      },
      "properties": {
        "name": "Cabo Como",
        "country": "Mozambique",
        "region": "Inhambane Province",
        "elevation_m": null,
        "population": 0,
        "feature_type": "populated place",
        "geoname_id": 1101681
      }
    },
    {
      "type": "Feature",
      "geometry": {
        "type": "Point",
        "coordinates": [
          35.25333,
          -24.15833
        ]
      },
      "properties": {
        "name": "Cat. J. Marengula",
        "country": "Mozambique",
        "region": "Inhambane Province",
        "elevation_m": null,
        "population": 0,
        "feature_type": "populated place",
        "geoname_id": 1101682
      }
    },
    {
      "type": "Feature",
      "geometry": {
        "type": "Point",
        "coordinates": [
          35.24028,
          -23.31167
        ]
      },
      "properties": {
        "name": "Luis",
        "country": "Mozambique",
        "region": "Inhambane Province",
        "elevation_m": null,
        "population": 0,
        "feature_type": "populated place",
        "geoname_id": 1101687
      }
    },
    {
      "type": "Feature",
      "geometry": {
        "type": "Point",
        "coordinates": [
          35.19917,
          -24.18333
        ]
      },
      "properties": {
        "name": "Chefe G. Macovela",
        "country": "Mozambique",
        "region": "Inhambane Province",
        "elevation_m": null,
        "population": 0,
        "feature_type": "populated place",
        "geoname_id": 1101688
      }
    },
    {
      "type": "Feature",
      "geometry": {
        "type": "Point",
        "coordinates": [
          35.23361,
          -24.19278
        ]
      },
      "properties": {
        "name": "Chefe G. Simone",
        "country": "Mozambique",
        "region": "Inhambane Province",
        "elevation_m": null,
        "population": 0,
        "feature_type": "populated place",
        "geoname_id": 1101690
      }
    },
    {
      "type": "Feature",
      "geometry": {
        "type": "Point",
        "coordinates": [
          35.25278,
          -24.21583
        ]
      },
      "properties": {
        "name": "Chefe Rudo",
        "country": "Mozambique",
        "region": "Inhambane Province",
        "elevation_m": null,
        "population": 0,
        "feature_type": "populated place",
        "geoname_id": 1101692
      }
    },
    {
      "type": "Feature",
      "geometry": {
        "type": "Point",
        "coordinates": [
          34.95528,
          -23.6475
        ]
      },
      "properties": {
        "name": "Joaquim",
        "country": "Mozambique",
        "region": "Inhambane Province",
        "elevation_m": null,
        "population": 0,
        "feature_type": "populated place",
        "geoname_id": 1101699
      }
    },
    {
      "type": "Feature",
      "geometry": {
        "type": "Point",
        "coordinates": [
          35.24583,
          -24.19806
        ]
      },
      "properties": {
        "name": "Cabo Mabelane",
        "country": "Mozambique",
        "region": "Inhambane Province",
        "elevation_m": null,
        "population": 0,
        "feature_type": "populated place",
        "geoname_id": 1101700
      }
    },
    {
      "type": "Feature",
      "geometry": {
        "type": "Point",
        "coordinates": [
          35.24472,
          -24.18472
        ]
      },
      "properties": {
        "name": "Cabo Gurguema",
        "country": "Mozambique",
        "region": "Inhambane Province",
        "elevation_m": null,
        "population": 0,
        "feature_type": "populated place",
        "geoname_id": 1101701
      }
    },
    {
      "type": "Feature",
      "geometry": {
        "type": "Point",
        "coordinates": [
          34.94667,
          -23.6175
        ]
      },
      "properties": {
        "name": "Carlos",
        "country": "Mozambique",
        "region": "Inhambane Province",
        "elevation_m": null,
        "population": 0,
        "feature_type": "populated place",
        "geoname_id": 1101702
      }
    },
    {
      "type": "Feature",
      "geometry": {
        "type": "Point",
        "coordinates": [
          34.40833,
          -22.46194
        ]
      },
      "properties": {
        "name": "Chitine",
        "country": "Mozambique",
        "region": "Inhambane Province",
        "elevation_m": null,
        "population": 0,
        "feature_type": "populated place",
        "geoname_id": 1101705
      }
    },
    {
      "type": "Feature",
      "geometry": {
        "type": "Point",
        "coordinates": [
          35.25806,
          -24.19139
        ]
      },
      "properties": {
        "name": "Cat. Met. Z. Gavemende",
        "country": "Mozambique",
        "region": "Inhambane Province",
        "elevation_m": null,
        "population": 0,
        "feature_type": "populated place",
        "geoname_id": 1101708
      }
    },
    {
      "type": "Feature",
      "geometry": {
        "type": "Point",
        "coordinates": [
          34.11139,
          -21.64278
        ]
      },
      "properties": {
        "name": "Punguene",
        "country": "Mozambique",
        "region": "Inhambane Province",
        "elevation_m": null,
        "population": 0,
        "feature_type": "populated place",
        "geoname_id": 1101711
      }
    },
    {
      "type": "Feature",
      "geometry": {
        "type": "Point",
        "coordinates": [
          35.29944,
          -23.22972
        ]
      },
      "properties": {
        "name": "Chefe Nhavuo",
        "country": "Mozambique",
        "region": "Inhambane Province",
        "elevation_m": null,
        "population": 0,
        "feature_type": "populated place",
        "geoname_id": 1101719
      }
    },
    {
      "type": "Feature",
      "geometry": {
        "type": "Point",
        "coordinates": [
          35.29556,
          -23.24167
        ]
      },
      "properties": {
        "name": "Zefanias",
        "country": "Mozambique",
        "region": "Inhambane Province",
        "elevation_m": null,
        "population": 0,
        "feature_type": "populated place",
        "geoname_id": 1101720
      }
    },
    {
      "type": "Feature",
      "geometry": {
        "type": "Point",
        "coordinates": [
          35.26639,
          -23.2625
        ]
      },
      "properties": {
        "name": "Semende",
        "country": "Mozambique",
        "region": "Inhambane Province",
        "elevation_m": null,
        "population": 0,
        "feature_type": "populated place",
        "geoname_id": 1101722
      }
    },
    {
      "type": "Feature",
      "geometry": {
        "type": "Point",
        "coordinates": [
          35.30111,
          -23.27444
        ]
      },
      "properties": {
        "name": "Chefe Anguluve",
        "country": "Mozambique",
        "region": "Inhambane Province",
        "elevation_m": null,
        "population": 0,
        "feature_type": "populated place",
        "geoname_id": 1101723
      }
    },
    {
      "type": "Feature",
      "geometry": {
        "type": "Point",
        "coordinates": [
          35.33583,
          -23.285
        ]
      },
      "properties": {
        "name": "Cabo Malembane",
        "country": "Mozambique",
        "region": "Inhambane Province",
        "elevation_m": null,
        "population": 0,
        "feature_type": "populated place",
        "geoname_id": 1101724
      }
    },
    {
      "type": "Feature",
      "geometry": {
        "type": "Point",
        "coordinates": [
          35.28528,
          -23.29444
        ]
      },
      "properties": {
        "name": "Alexandre",
        "country": "Mozambique",
        "region": "Inhambane Province",
        "elevation_m": null,
        "population": 0,
        "feature_type": "populated place",
        "geoname_id": 1101725
      }
    },
    {
      "type": "Feature",
      "geometry": {
        "type": "Point",
        "coordinates": [
          35.31,
          -23.29417
        ]
      },
      "properties": {
        "name": "Chefe Vinhane",
        "country": "Mozambique",
        "region": "Inhambane Province",
        "elevation_m": null,
        "population": 0,
        "feature_type": "populated place",
        "geoname_id": 1101726
      }
    },
    {
      "type": "Feature",
      "geometry": {
        "type": "Point",
        "coordinates": [
          34.21194,
          -21.625
        ]
      },
      "properties": {
        "name": "Fabião",
        "country": "Mozambique",
        "region": "Inhambane Province",
        "elevation_m": null,
        "population": 0,
        "feature_type": "populated place",
        "geoname_id": 1101727
      }
    },
    {
      "type": "Feature",
      "geometry": {
        "type": "Point",
        "coordinates": [
          34.27611,
          -21.61639
        ]
      },
      "properties": {
        "name": "Maceda",
        "country": "Mozambique",
        "region": "Inhambane Province",
        "elevation_m": null,
        "population": 0,
        "feature_type": "populated place",
        "geoname_id": 1101728
      }
    },
    {
      "type": "Feature",
      "geometry": {
        "type": "Point",
        "coordinates": [
          34.26139,
          -21.635
        ]
      },
      "properties": {
        "name": "Longane",
        "country": "Mozambique",
        "region": "Inhambane Province",
        "elevation_m": null,
        "population": 0,
        "feature_type": "populated place",
        "geoname_id": 1101730
      }
    },
    {
      "type": "Feature",
      "geometry": {
        "type": "Point",
        "coordinates": [
          34.28417,
          -21.65528
        ]
      },
      "properties": {
        "name": "Majanhane",
        "country": "Mozambique",
        "region": "Inhambane Province",
        "elevation_m": null,
        "population": 0,
        "feature_type": "populated place",
        "geoname_id": 1101732
      }
    },
    {
      "type": "Feature",
      "geometry": {
        "type": "Point",
        "coordinates": [
          34.19444,
          -21.66611
        ]
      },
      "properties": {
        "name": "Jossia",
        "country": "Mozambique",
        "region": "Inhambane Province",
        "elevation_m": null,
        "population": 0,
        "feature_type": "populated place",
        "geoname_id": 1101738
      }
    },
    {
      "type": "Feature",
      "geometry": {
        "type": "Point",
        "coordinates": [
          34.98861,
          -23.57389
        ]
      },
      "properties": {
        "name": "Cabo Cochanhane",
        "country": "Mozambique",
        "region": "Inhambane Province",
        "elevation_m": null,
        "population": 0,
        "feature_type": "populated place",
        "geoname_id": 1101739
      }
    },
    {
      "type": "Feature",
      "geometry": {
        "type": "Point",
        "coordinates": [
          34.2025,
          -21.66083
        ]
      },
      "properties": {
        "name": "Teneche",
        "country": "Mozambique",
        "region": "Inhambane Province",
        "elevation_m": null,
        "population": 0,
        "feature_type": "populated place",
        "geoname_id": 1101740
      }
    },
    {
      "type": "Feature",
      "geometry": {
        "type": "Point",
        "coordinates": [
          34.19306,
          -21.68972
        ]
      },
      "properties": {
        "name": "Julai",
        "country": "Mozambique",
        "region": "Inhambane Province",
        "elevation_m": null,
        "population": 0,
        "feature_type": "populated place",
        "geoname_id": 1101741
      }
    },
    {
      "type": "Feature",
      "geometry": {
        "type": "Point",
        "coordinates": [
          34.96694,
          -23.565
        ]
      },
      "properties": {
        "name": "Naiene",
        "country": "Mozambique",
        "region": "Inhambane Province",
        "elevation_m": null,
        "population": 0,
        "feature_type": "populated place",
        "geoname_id": 1101743
      }
    },
    {
      "type": "Feature",
      "geometry": {
        "type": "Point",
        "coordinates": [
          34.92778,
          -23.53222
        ]
      },
      "properties": {
        "name": "Jeremias",
        "country": "Mozambique",
        "region": "Inhambane Province",
        "elevation_m": null,
        "population": 0,
        "feature_type": "populated place",
        "geoname_id": 1101749
      }
    },
    {
      "type": "Feature",
      "geometry": {
        "type": "Point",
        "coordinates": [
          34.92833,
          -23.50778
        ]
      },
      "properties": {
        "name": "Jossias",
        "country": "Mozambique",
        "region": "Inhambane Province",
        "elevation_m": null,
        "population": 0,
        "feature_type": "populated place",
        "geoname_id": 1101751
      }
    },
    {
      "type": "Feature",
      "geometry": {
        "type": "Point",
        "coordinates": [
          34.47694,
          -22.47806
        ]
      },
      "properties": {
        "name": "Samo",
        "country": "Mozambique",
        "region": "Inhambane Province",
        "elevation_m": null,
        "population": 0,
        "feature_type": "populated place",
        "geoname_id": 1101752
      }
    },
    {
      "type": "Feature",
      "geometry": {
        "type": "Point",
        "coordinates": [
          34.47944,
          -22.45806
        ]
      },
      "properties": {
        "name": "Flor",
        "country": "Mozambique",
        "region": "Inhambane Province",
        "elevation_m": null,
        "population": 0,
        "feature_type": "populated place",
        "geoname_id": 1101753
      }
    },
    {
      "type": "Feature",
      "geometry": {
        "type": "Point",
        "coordinates": [
          34.46611,
          -22.43194
        ]
      },
      "properties": {
        "name": "Pimeuane",
        "country": "Mozambique",
        "region": "Inhambane Province",
        "elevation_m": null,
        "population": 0,
        "feature_type": "populated place",
        "geoname_id": 1101754
      }
    },
    {
      "type": "Feature",
      "geometry": {
        "type": "Point",
        "coordinates": [
          34.47611,
          -22.43667
        ]
      },
      "properties": {
        "name": "Manguezane",
        "country": "Mozambique",
        "region": "Inhambane Province",
        "elevation_m": null,
        "population": 0,
        "feature_type": "populated place",
        "geoname_id": 1101755
      }
    },
    {
      "type": "Feature",
      "geometry": {
        "type": "Point",
        "coordinates": [
          34.87417,
          -23.63778
        ]
      },
      "properties": {
        "name": "Alifeu",
        "country": "Mozambique",
        "region": "Inhambane Province",
        "elevation_m": null,
        "population": 0,
        "feature_type": "populated place",
        "geoname_id": 1101756
      }
    },
    {
      "type": "Feature",
      "geometry": {
        "type": "Point",
        "coordinates": [
          34.90472,
          -23.72667
        ]
      },
      "properties": {
        "name": "Zabele",
        "country": "Mozambique",
        "region": "Inhambane Province",
        "elevation_m": null,
        "population": 0,
        "feature_type": "populated place",
        "geoname_id": 1101759
      }
    },
    {
      "type": "Feature",
      "geometry": {
        "type": "Point",
        "coordinates": [
          34.87083,
          -23.71333
        ]
      },
      "properties": {
        "name": "Fenias",
        "country": "Mozambique",
        "region": "Inhambane Province",
        "elevation_m": null,
        "population": 0,
        "feature_type": "populated place",
        "geoname_id": 1101762
      }
    },
    {
      "type": "Feature",
      "geometry": {
        "type": "Point",
        "coordinates": [
          34.42583,
          -22.49028
        ]
      },
      "properties": {
        "name": "Jossia",
        "country": "Mozambique",
        "region": "Inhambane Province",
        "elevation_m": null,
        "population": 0,
        "feature_type": "populated place",
        "geoname_id": 1101763
      }
    },
    {
      "type": "Feature",
      "geometry": {
        "type": "Point",
        "coordinates": [
          34.39889,
          -22.51556
        ]
      },
      "properties": {
        "name": "Choalane",
        "country": "Mozambique",
        "region": "Inhambane Province",
        "elevation_m": null,
        "population": 0,
        "feature_type": "populated place",
        "geoname_id": 1101764
      }
    },
    {
      "type": "Feature",
      "geometry": {
        "type": "Point",
        "coordinates": [
          35.4075,
          -23.24444
        ]
      },
      "properties": {
        "name": "Cabo Nhabacal",
        "country": "Mozambique",
        "region": "Inhambane Province",
        "elevation_m": null,
        "population": 0,
        "feature_type": "populated place",
        "geoname_id": 1101770
      }
    },
    {
      "type": "Feature",
      "geometry": {
        "type": "Point",
        "coordinates": [
          35.44472,
          -23.24889
        ]
      },
      "properties": {
        "name": "Cabo Lino",
        "country": "Mozambique",
        "region": "Inhambane Province",
        "elevation_m": null,
        "population": 0,
        "feature_type": "populated place",
        "geoname_id": 1101771
      }
    },
    {
      "type": "Feature",
      "geometry": {
        "type": "Point",
        "coordinates": [
          35.38722,
          -23.25694
        ]
      },
      "properties": {
        "name": "Cabo Anhane",
        "country": "Mozambique",
        "region": "Inhambane Province",
        "elevation_m": null,
        "population": 0,
        "feature_type": "populated place",
        "geoname_id": 1101773
      }
    },
    {
      "type": "Feature",
      "geometry": {
        "type": "Point",
        "coordinates": [
          35.3975,
          -23.28639
        ]
      },
      "properties": {
        "name": "Cabo Gongane",
        "country": "Mozambique",
        "region": "Inhambane Province",
        "elevation_m": null,
        "population": 0,
        "feature_type": "populated place",
        "geoname_id": 1101776
      }
    },
    {
      "type": "Feature",
      "geometry": {
        "type": "Point",
        "coordinates": [
          35.41472,
          -23.27194
        ]
      },
      "properties": {
        "name": "Chefe Maguezane",
        "country": "Mozambique",
        "region": "Inhambane Province",
        "elevation_m": null,
        "population": 0,
        "feature_type": "populated place",
        "geoname_id": 1101777
      }
    },
    {
      "type": "Feature",
      "geometry": {
        "type": "Point",
        "coordinates": [
          35.32722,
          -24.21056
        ]
      },
      "properties": {
        "name": "Chefe Macupulane",
        "country": "Mozambique",
        "region": "Inhambane Province",
        "elevation_m": null,
        "population": 0,
        "feature_type": "populated place",
        "geoname_id": 1101779
      }
    },
    {
      "type": "Feature",
      "geometry": {
        "type": "Point",
        "coordinates": [
          35.42389,
          -23.2975
        ]
      },
      "properties": {
        "name": "Chefe Mangonhe",
        "country": "Mozambique",
        "region": "Inhambane Province",
        "elevation_m": null,
        "population": 0,
        "feature_type": "populated place",
        "geoname_id": 1101781
      }
    },
    {
      "type": "Feature",
      "geometry": {
        "type": "Point",
        "coordinates": [
          35.31778,
          -24.185
        ]
      },
      "properties": {
        "name": "Cat. Met. Episcopal Matembena",
        "country": "Mozambique",
        "region": "Inhambane Province",
        "elevation_m": null,
        "population": 0,
        "feature_type": "populated place",
        "geoname_id": 1101782
      }
    },
    {
      "type": "Feature",
      "geometry": {
        "type": "Point",
        "coordinates": [
          35.30778,
          -24.13389
        ]
      },
      "properties": {
        "name": "Manuel Segundo",
        "country": "Mozambique",
        "region": "Inhambane Province",
        "elevation_m": null,
        "population": 0,
        "feature_type": "populated place",
        "geoname_id": 1101783
      }
    },
    {
      "type": "Feature",
      "geometry": {
        "type": "Point",
        "coordinates": [
          35.30972,
          -24.15
        ]
      },
      "properties": {
        "name": "Chefe Muamúdua",
        "country": "Mozambique",
        "region": "Inhambane Province",
        "elevation_m": null,
        "population": 0,
        "feature_type": "populated place",
        "geoname_id": 1101784
      }
    },
    {
      "type": "Feature",
      "geometry": {
        "type": "Point",
        "coordinates": [
          35.29444,
          -24.15889
        ]
      },
      "properties": {
        "name": "Uache Nhaúce",
        "country": "Mozambique",
        "region": "Inhambane Province",
        "elevation_m": null,
        "population": 0,
        "feature_type": "populated place",
        "geoname_id": 1101785
      }
    },
    {
      "type": "Feature",
      "geometry": {
        "type": "Point",
        "coordinates": [
          35.27806,
          -24.16611
        ]
      },
      "properties": {
        "name": "V. Nhacundela",
        "country": "Mozambique",
        "region": "Inhambane Province",
        "elevation_m": null,
        "population": 0,
        "feature_type": "populated place",
        "geoname_id": 1101786
      }
    },
    {
      "type": "Feature",
      "geometry": {
        "type": "Point",
        "coordinates": [
          35.48639,
          -23.24639
        ]
      },
      "properties": {
        "name": "Chefe Fadjene",
        "country": "Mozambique",
        "region": "Inhambane Province",
        "elevation_m": null,
        "population": 0,
        "feature_type": "populated place",
        "geoname_id": 1101792
      }
    },
    {
      "type": "Feature",
      "geometry": {
        "type": "Point",
        "coordinates": [
          35.48,
          -23.26639
        ]
      },
      "properties": {
        "name": "Chefe Fadjene",
        "country": "Mozambique",
        "region": "Inhambane Province",
        "elevation_m": null,
        "population": 0,
        "feature_type": "populated place",
        "geoname_id": 1101795
      }
    },
    {
      "type": "Feature",
      "geometry": {
        "type": "Point",
        "coordinates": [
          35.34389,
          -24.16222
        ]
      },
      "properties": {
        "name": "M. Pelile",
        "country": "Mozambique",
        "region": "Inhambane Province",
        "elevation_m": null,
        "population": 0,
        "feature_type": "populated place",
        "geoname_id": 1101800
      }
    },
    {
      "type": "Feature",
      "geometry": {
        "type": "Point",
        "coordinates": [
          35.45389,
          -23.27944
        ]
      },
      "properties": {
        "name": "Chefe Nazarate",
        "country": "Mozambique",
        "region": "Inhambane Province",
        "elevation_m": null,
        "population": 0,
        "feature_type": "populated place",
        "geoname_id": 1101801
      }
    },
    {
      "type": "Feature",
      "geometry": {
        "type": "Point",
        "coordinates": [
          35.3375,
          -24.15056
        ]
      },
      "properties": {
        "name": "Rungo Guizivila",
        "country": "Mozambique",
        "region": "Inhambane Province",
        "elevation_m": null,
        "population": 0,
        "feature_type": "populated place",
        "geoname_id": 1101803
      }
    },
    {
      "type": "Feature",
      "geometry": {
        "type": "Point",
        "coordinates": [
          34.17583,
          -22.53361
        ]
      },
      "properties": {
        "name": "Lázaro",
        "country": "Mozambique",
        "region": "Inhambane Province",
        "elevation_m": null,
        "population": 0,
        "feature_type": "populated place",
        "geoname_id": 1101807
      }
    },
    {
      "type": "Feature",
      "geometry": {
        "type": "Point",
        "coordinates": [
          34.20167,
          -22.55417
        ]
      },
      "properties": {
        "name": "Lucas",
        "country": "Mozambique",
        "region": "Inhambane Province",
        "elevation_m": null,
        "population": 0,
        "feature_type": "populated place",
        "geoname_id": 1101809
      }
    },
    {
      "type": "Feature",
      "geometry": {
        "type": "Point",
        "coordinates": [
          34.21917,
          -22.56167
        ]
      },
      "properties": {
        "name": "Pedro",
        "country": "Mozambique",
        "region": "Inhambane Province",
        "elevation_m": null,
        "population": 0,
        "feature_type": "populated place",
        "geoname_id": 1101810
      }
    },
    {
      "type": "Feature",
      "geometry": {
        "type": "Point",
        "coordinates": [
          35.38722,
          -24.13139
        ]
      },
      "properties": {
        "name": "J. Nhagilunguane",
        "country": "Mozambique",
        "region": "Inhambane Province",
        "elevation_m": null,
        "population": 0,
        "feature_type": "populated place",
        "geoname_id": 1101811
      }
    },
    {
      "type": "Feature",
      "geometry": {
        "type": "Point",
        "coordinates": [
          35.38306,
          -24.15306
        ]
      },
      "properties": {
        "name": "Q. Cumba",
        "country": "Mozambique",
        "region": "Inhambane Province",
        "elevation_m": null,
        "population": 0,
        "feature_type": "populated place",
        "geoname_id": 1101812
      }
    },
    {
      "type": "Feature",
      "geometry": {
        "type": "Point",
        "coordinates": [
          35.39222,
          -24.18
        ]
      },
      "properties": {
        "name": "Guibavane",
        "country": "Mozambique",
        "region": "Inhambane Province",
        "elevation_m": null,
        "population": 0,
        "feature_type": "populated place",
        "geoname_id": 1101813
      }
    },
    {
      "type": "Feature",
      "geometry": {
        "type": "Point",
        "coordinates": [
          34.24389,
          -22.53861
        ]
      },
      "properties": {
        "name": "Cabo Tome",
        "country": "Mozambique",
        "region": "Inhambane Province",
        "elevation_m": null,
        "population": 0,
        "feature_type": "populated place",
        "geoname_id": 1101816
      }
    },
    {
      "type": "Feature",
      "geometry": {
        "type": "Point",
        "coordinates": [
          34.25361,
          -22.53917
        ]
      },
      "properties": {
        "name": "Eugénio",
        "country": "Mozambique",
        "region": "Inhambane Province",
        "elevation_m": null,
        "population": 0,
        "feature_type": "populated place",
        "geoname_id": 1101817
      }
    },
    {
      "type": "Feature",
      "geometry": {
        "type": "Point",
        "coordinates": [
          35.39361,
          -24.16278
        ]
      },
      "properties": {
        "name": "Cabo Guiconela",
        "country": "Mozambique",
        "region": "Inhambane Province",
        "elevation_m": null,
        "population": 0,
        "feature_type": "populated place",
        "geoname_id": 1101818
      }
    },
    {
      "type": "Feature",
      "geometry": {
        "type": "Point",
        "coordinates": [
          35.4525,
          -23.34806
        ]
      },
      "properties": {
        "name": "Fernando",
        "country": "Mozambique",
        "region": "Inhambane Province",
        "elevation_m": null,
        "population": 0,
        "feature_type": "populated place",
        "geoname_id": 1101819
      }
    },
    {
      "type": "Feature",
      "geometry": {
        "type": "Point",
        "coordinates": [
          35.40028,
          -24.14917
        ]
      },
      "properties": {
        "name": "G. Guifugo",
        "country": "Mozambique",
        "region": "Inhambane Province",
        "elevation_m": null,
        "population": 0,
        "feature_type": "populated place",
        "geoname_id": 1101820
      }
    },
    {
      "type": "Feature",
      "geometry": {
        "type": "Point",
        "coordinates": [
          35.44167,
          -24.12722
        ]
      },
      "properties": {
        "name": "Guidabua Guilima",
        "country": "Mozambique",
        "region": "Inhambane Province",
        "elevation_m": null,
        "population": 0,
        "feature_type": "populated place",
        "geoname_id": 1101821
      }
    },
    {
      "type": "Feature",
      "geometry": {
        "type": "Point",
        "coordinates": [
          35.44528,
          -24.13667
        ]
      },
      "properties": {
        "name": "Maache Guilima",
        "country": "Mozambique",
        "region": "Inhambane Province",
        "elevation_m": null,
        "population": 0,
        "feature_type": "populated place",
        "geoname_id": 1101822
      }
    },
    {
      "type": "Feature",
      "geometry": {
        "type": "Point",
        "coordinates": [
          35.41167,
          -24.15028
        ]
      },
      "properties": {
        "name": "Cat. Met. Livre",
        "country": "Mozambique",
        "region": "Inhambane Province",
        "elevation_m": null,
        "population": 0,
        "feature_type": "populated place",
        "geoname_id": 1101823
      }
    },
    {
      "type": "Feature",
      "geometry": {
        "type": "Point",
        "coordinates": [
          35.39417,
          -24.21778
        ]
      },
      "properties": {
        "name": "Chefe Nhamasuca",
        "country": "Mozambique",
        "region": "Inhambane Province",
        "elevation_m": null,
        "population": 0,
        "feature_type": "populated place",
        "geoname_id": 1101827
      }
    },
    {
      "type": "Feature",
      "geometry": {
        "type": "Point",
        "coordinates": [
          32.10833,
          -24.94583
        ]
      },
      "properties": {
        "name": "Mangungane",
        "country": "Mozambique",
        "region": "Maputo Province",
        "elevation_m": null,
        "population": 0,
        "feature_type": "populated place",
        "geoname_id": 1101828
      }
    },
    {
      "type": "Feature",
      "geometry": {
        "type": "Point",
        "coordinates": [
          32.11472,
          -24.89111
        ]
      },
      "properties": {
        "name": "Vamalau",
        "country": "Mozambique",
        "region": "Maputo Province",
        "elevation_m": null,
        "population": 0,
        "feature_type": "populated place",
        "geoname_id": 1101830
      }
    },
    {
      "type": "Feature",
      "geometry": {
        "type": "Point",
        "coordinates": [
          35.42806,
          -23.34611
        ]
      },
      "properties": {
        "name": "D. Diegues",
        "country": "Mozambique",
        "region": "Inhambane Province",
        "elevation_m": null,
        "population": 0,
        "feature_type": "populated place",
        "geoname_id": 1101831
      }
    }
  ]
}