{
  "type": "FeatureCollection",
  "features": [
    {
      "type": "Feature",
      "geometry": {
        "type": "Point",
        "coordinates": [
          57.49889,
          -20.16194
        ]
      },
      "properties": {
        "name": "Port Louis",
        "country": "Mauritius",
        "region": "Port Louis",
        "elevation_m": null,
        "population": 155226,
        "feature_type": "capital of a political entity",
        "geoname_id": 934154
      }
    },
    {
      "type": "Feature",
      "geometry": {
        "type": "Point",
        "coordinates": [
          57.47833,
          -20.29806
        ]
      },
      "properties": {
        "name": "Vacoas",
        "country": "Mauritius",
        "region": "Plaines Wilhems",
        "elevation_m": null,
        "population": 115289,
        "feature_type": "populated place",
        "geoname_id": 933945
      }
    },
    {
      "type": "Feature",
      "geometry": {
        "type": "Point",
        "coordinates": [
          57.46609,
          -20.23325
        ]
      },
      "properties": {
        "name": "Beau Bassin-Rose Hill",
        "country": "Mauritius",
        "region": "Plaines Wilhems",
        "elevation_m": null,
        "population": 111355,
        "feature_type": "seat of a first-order administrative division",
        "geoname_id": 934765
      }
    },
    {
      "type": "Feature",
      "geometry": {
        "type": "Point",
        "coordinates": [
          57.52594,
          -20.31628
        ]
      },
      "properties": {
        "name": "Curepipe",
        "country": "Mauritius",
        "region": "Plaines Wilhems",
        "elevation_m": null,
        "population": 78618,
        "feature_type": "populated place",
        "geoname_id": 934570
      }
    },
    {
      "type": "Feature",
      "geometry": {
        "type": "Point",
        "coordinates": [
          57.4791,
          -20.26381
        ]
      },
      "properties": {
        "name": "Quatre Bornes",
        "country": "Mauritius",
        "region": "Plaines Wilhems",
        "elevation_m": null,
        "population": 77308,
        "feature_type": "populated place",
        "geoname_id": 934131
      }
    },
    {
      "type": "Feature",
      "geometry": {
        "type": "Point",
        "coordinates": [
          57.55025,
          -20.0576
        ]
      },
      "properties": {
        "name": "Triolet",
        "country": "Mauritius",
        "region": "Pamplemousses",
        "elevation_m": null,
        "population": 24361,
        "feature_type": "populated place",
        "geoname_id": 933959
      }
    },
    {
      "type": "Feature",
      "geometry": {
        "type": "Point",
        "coordinates": [
          57.65055,
          -20.03841
        ]
      },
      "properties": {
        "name": "Goodlands",
        "country": "Mauritius",
        "region": "Rivière du Rempart",
        "elevation_m": null,
        "population": 21063,
        "feature_type": "populated place",
        "geoname_id": 934488
      }
    },
    {
      "type": "Feature",
      "geometry": {
        "type": "Point",
        "coordinates": [
          57.74976,
          -20.25777
        ]
      },
      "properties": {
        "name": "Bel Air Rivière Sèche",
        "country": "Mauritius",
        "region": "Flacq",
        "elevation_m": null,
        "population": 18036,
        "feature_type": "populated place",
        "geoname_id": 934750
      }
    },
    {
      "type": "Feature",
      "geometry": {
        "type": "Point",
        "coordinates": [
          57.40611,
          -20.25667
        ]
      },
      "properties": {
        "name": "Bambous",
        "country": "Mauritius",
        "region": "Black River",
        "elevation_m": null,
        "population": 17818,
        "feature_type": "populated place",
        "geoname_id": 934778
      }
    },
    {
      "type": "Feature",
      "geometry": {
        "type": "Point",
        "coordinates": [
          57.71444,
          -20.18972
        ]
      },
      "properties": {
        "name": "Centre de Flacq",
        "country": "Mauritius",
        "region": "Flacq",
        "elevation_m": null,
        "population": 17710,
        "feature_type": "seat of a first-order administrative division",
        "geoname_id": 934631
      }
    },
    {
      "type": "Feature",
      "geometry": {
        "type": "Point",
        "coordinates": [
          57.7,
          -20.40806
        ]
      },
      "properties": {
        "name": "Mahébourg",
        "country": "Mauritius",
        "region": "Grand Port",
        "elevation_m": null,
        "population": 17042,
        "feature_type": "populated place",
        "geoname_id": 934322
      }
    },
    {
      "type": "Feature",
      "geometry": {
        "type": "Point",
        "coordinates": [
          57.53431,
          -20.2215
        ]
      },
      "properties": {
        "name": "Saint Pierre",
        "country": "Mauritius",
        "region": "Moka",
        "elevation_m": null,
        "population": 16704,
        "feature_type": "populated place",
        "geoname_id": 934032
      }
    },
    {
      "type": "Feature",
      "geometry": {
        "type": "Point",
        "coordinates": [
          57.53013,
          -20.13859
        ]
      },
      "properties": {
        "name": "Le Hochet",
        "country": "Mauritius",
        "region": "Pamplemousses",
        "elevation_m": null,
        "population": 15662,
        "feature_type": "populated place",
        "geoname_id": 1106809
      }
    },
    {
      "type": "Feature",
      "geometry": {
        "type": "Point",
        "coordinates": [
          57.49139,
          -20.11944
        ]
      },
      "properties": {
        "name": "Baie du Tombeau",
        "country": "Mauritius",
        "region": "Pamplemousses",
        "elevation_m": null,
        "population": 15301,
        "feature_type": "populated place",
        "geoname_id": 1106616
      }
    },
    {
      "type": "Feature",
      "geometry": {
        "type": "Point",
        "coordinates": [
          57.55033,
          -20.03301
        ]
      },
      "properties": {
        "name": "Trou aux Biches",
        "country": "Mauritius",
        "region": "Pamplemousses",
        "elevation_m": null,
        "population": 14706,
        "feature_type": "populated place",
        "geoname_id": 933953
      }
    },
    {
      "type": "Feature",
      "geometry": {
        "type": "Point",
        "coordinates": [
          57.59667,
          -20.40028
        ]
      },
      "properties": {
        "name": "Rose Belle",
        "country": "Mauritius",
        "region": "Grand Port",
        "elevation_m": null,
        "population": 12619,
        "feature_type": "seat of a first-order administrative division",
        "geoname_id": 934072
      }
    },
    {
      "type": "Feature",
      "geometry": {
        "type": "Point",
        "coordinates": [
          57.46556,
          -20.48722
        ]
      },
      "properties": {
        "name": "Chemin Grenier",
        "country": "Mauritius",
        "region": "Savanne",
        "elevation_m": null,
        "population": 12457,
        "feature_type": "populated place",
        "geoname_id": 934614
      }
    },
    {
      "type": "Feature",
      "geometry": {
        "type": "Point",
        "coordinates": [
          57.58015,
          -20.01816
        ]
      },
      "properties": {
        "name": "Grand Baie",
        "country": "Mauritius",
        "region": "Rivière du Rempart",
        "elevation_m": null,
        "population": 12173,
        "feature_type": "populated place",
        "geoname_id": 934482
      }
    },
    {
      "type": "Feature",
      "geometry": {
        "type": "Point",
        "coordinates": [
          57.58017,
          -20.01839
        ]
      },
      "properties": {
        "name": "Lallmatie",
        "country": "Mauritius",
        "region": "",
        "elevation_m": null,
        "population": 11910,
        "feature_type": "populated place",
        "geoname_id": 11205637
      }
    },
    {
      "type": "Feature",
      "geometry": {
        "type": "Point",
        "coordinates": [
          57.53116,
          -20.1283
        ]
      },
      "properties": {
        "name": "Terre Rouge",
        "country": "Mauritius",
        "region": "Pamplemousses",
        "elevation_m": null,
        "population": 11210,
        "feature_type": "populated place",
        "geoname_id": 933974
      }
    },
    {
      "type": "Feature",
      "geometry": {
        "type": "Point",
        "coordinates": [
          57.61361,
          -20.40861
        ]
      },
      "properties": {
        "name": "New Grove",
        "country": "Mauritius",
        "region": "Grand Port",
        "elevation_m": null,
        "population": 11023,
        "feature_type": "populated place",
        "geoname_id": 934240
      }
    },
    {
      "type": "Feature",
      "geometry": {
        "type": "Point",
        "coordinates": [
          57.68472,
          -20.10306
        ]
      },
      "properties": {
        "name": "Riviere du Rempart",
        "country": "Mauritius",
        "region": "Rivière du Rempart",
        "elevation_m": null,
        "population": 10825,
        "feature_type": "seat of a first-order administrative division",
        "geoname_id": 934091
      }
    },
    {
      "type": "Feature",
      "geometry": {
        "type": "Point",
        "coordinates": [
          57.66968,
          -20.42967
        ]
      },
      "properties": {
        "name": "Plaine Magnien",
        "country": "Mauritius",
        "region": "Grand Port",
        "elevation_m": null,
        "population": 10778,
        "feature_type": "populated place",
        "geoname_id": 934169
      }
    },
    {
      "type": "Feature",
      "geometry": {
        "type": "Point",
        "coordinates": [
          57.56833,
          -20.04333
        ]
      },
      "properties": {
        "name": "Rouge Terre",
        "country": "Mauritius",
        "region": "Pamplemousses",
        "elevation_m": null,
        "population": 10760,
        "feature_type": "populated place",
        "geoname_id": 934065
      }
    },
    {
      "type": "Feature",
      "geometry": {
        "type": "Point",
        "coordinates": [
          57.66111,
          -20.18972
        ]
      },
      "properties": {
        "name": "Lalmatie",
        "country": "Mauritius",
        "region": "Flacq",
        "elevation_m": null,
        "population": 10641,
        "feature_type": "populated place",
        "geoname_id": 934390
      }
    },
    {
      "type": "Feature",
      "geometry": {
        "type": "Point",
        "coordinates": [
          57.48826,
          -20.19271
        ]
      },
      "properties": {
        "name": "Pailles",
        "country": "Mauritius",
        "region": "Moka",
        "elevation_m": null,
        "population": 10622,
        "feature_type": "populated place",
        "geoname_id": 934219
      }
    },
    {
      "type": "Feature",
      "geometry": {
        "type": "Point",
        "coordinates": [
          57.50528,
          -20.50972
        ]
      },
      "properties": {
        "name": "Surinam",
        "country": "Mauritius",
        "region": "Savanne",
        "elevation_m": null,
        "population": 10621,
        "feature_type": "populated place",
        "geoname_id": 933988
      }
    },
    {
      "type": "Feature",
      "geometry": {
        "type": "Point",
        "coordinates": [
          57.563,
          -20.493
        ]
      },
      "properties": {
        "name": "Rivière des Anguilles",
        "country": "Mauritius",
        "region": "Savanne",
        "elevation_m": null,
        "population": 9927,
        "feature_type": "populated place",
        "geoname_id": 934095
      }
    },
    {
      "type": "Feature",
      "geometry": {
        "type": "Point",
        "coordinates": [
          57.57028,
          -20.10389
        ]
      },
      "properties": {
        "name": "Pamplemousses",
        "country": "Mauritius",
        "region": "Pamplemousses",
        "elevation_m": null,
        "population": 9682,
        "feature_type": "seat of a first-order administrative division",
        "geoname_id": 934213
      }
    },
    {
      "type": "Feature",
      "geometry": {
        "type": "Point",
        "coordinates": [
          57.65865,
          -20.28538
        ]
      },
      "properties": {
        "name": "Montagne Blanche",
        "country": "Mauritius",
        "region": "",
        "elevation_m": null,
        "population": 9440,
        "feature_type": "populated place",
        "geoname_id": 934262
      }
    },
    {
      "type": "Feature",
      "geometry": {
        "type": "Point",
        "coordinates": [
          57.62296,
          -20.02022
        ]
      },
      "properties": {
        "name": "Petit Raffray",
        "country": "Mauritius",
        "region": "Rivière du Rempart",
        "elevation_m": null,
        "population": 9410,
        "feature_type": "populated place",
        "geoname_id": 934184
      }
    },
    {
      "type": "Feature",
      "geometry": {
        "type": "Point",
        "coordinates": [
          57.51083,
          -20.21904
        ]
      },
      "properties": {
        "name": "Moka",
        "country": "Mauritius",
        "region": "Moka",
        "elevation_m": null,
        "population": 9364,
        "feature_type": "populated place",
        "geoname_id": 934277
      }
    },
    {
      "type": "Feature",
      "geometry": {
        "type": "Point",
        "coordinates": [
          57.45952,
          -20.19324
        ]
      },
      "properties": {
        "name": "Richelieu",
        "country": "Mauritius",
        "region": "Black River",
        "elevation_m": null,
        "population": 9178,
        "feature_type": "populated place",
        "geoname_id": 12168288
      }
    },
    {
      "type": "Feature",
      "geometry": {
        "type": "Point",
        "coordinates": [
          57.73056,
          -20.16306
        ]
      },
      "properties": {
        "name": "Poste de Flacq",
        "country": "Mauritius",
        "region": "Flacq",
        "elevation_m": null,
        "population": 8659,
        "feature_type": "populated place",
        "geoname_id": 934149
      }
    },
    {
      "type": "Feature",
      "geometry": {
        "type": "Point",
        "coordinates": [
          63.41667,
          -19.68333
        ]
      },
      "properties": {
        "name": "Port Mathurin",
        "country": "Mauritius",
        "region": "Rodrigues",
        "elevation_m": null,
        "population": 8350,
        "feature_type": "seat of a first-order administrative division",
        "geoname_id": 1545752
      }
    },
    {
      "type": "Feature",
      "geometry": {
        "type": "Point",
        "coordinates": [
          57.5725,
          -20.065
        ]
      },
      "properties": {
        "name": "Plaine des Papayes",
        "country": "Mauritius",
        "region": "Pamplemousses",
        "elevation_m": null,
        "population": 7925,
        "feature_type": "populated place",
        "geoname_id": 934170
      }
    },
    {
      "type": "Feature",
      "geometry": {
        "type": "Point",
        "coordinates": [
          57.61222,
          -20.47
        ]
      },
      "properties": {
        "name": "L’Escalier",
        "country": "Mauritius",
        "region": "Grand Port",
        "elevation_m": null,
        "population": 7899,
        "feature_type": "populated place",
        "geoname_id": 934343
      }
    },
    {
      "type": "Feature",
      "geometry": {
        "type": "Point",
        "coordinates": [
          57.54417,
          -20.41889
        ]
      },
      "properties": {
        "name": "Grand Bois",
        "country": "Mauritius",
        "region": "Savanne",
        "elevation_m": null,
        "population": 7804,
        "feature_type": "populated place",
        "geoname_id": 934485
      }
    },
    {
      "type": "Feature",
      "geometry": {
        "type": "Point",
        "coordinates": [
          57.573,
          -20.151
        ]
      },
      "properties": {
        "name": "Long Mountain",
        "country": "Mauritius",
        "region": "Pamplemousses",
        "elevation_m": null,
        "population": 7775,
        "feature_type": "populated place",
        "geoname_id": 934333
      }
    },
    {
      "type": "Feature",
      "geometry": {
        "type": "Point",
        "coordinates": [
          57.66083,
          -20.00639
        ]
      },
      "properties": {
        "name": "Grand Gaube",
        "country": "Mauritius",
        "region": "Rivière du Rempart",
        "elevation_m": null,
        "population": 7706,
        "feature_type": "populated place",
        "geoname_id": 934479
      }
    },
    {
      "type": "Feature",
      "geometry": {
        "type": "Point",
        "coordinates": [
          57.64667,
          -20.16389
        ]
      },
      "properties": {
        "name": "Brisée Verdière",
        "country": "Mauritius",
        "region": "Flacq",
        "elevation_m": null,
        "population": 7696,
        "feature_type": "populated place",
        "geoname_id": 934677
      }
    },
    {
      "type": "Feature",
      "geometry": {
        "type": "Point",
        "coordinates": [
          57.59417,
          -20.06583
        ]
      },
      "properties": {
        "name": "Belle Vue Harel",
        "country": "Mauritius",
        "region": "Pamplemousses",
        "elevation_m": null,
        "population": 7607,
        "feature_type": "populated place",
        "geoname_id": 934736
      }
    },
    {
      "type": "Feature",
      "geometry": {
        "type": "Point",
        "coordinates": [
          57.66361,
          -20.12028
        ]
      },
      "properties": {
        "name": "Belle Vue Maurel",
        "country": "Mauritius",
        "region": "Rivière du Rempart",
        "elevation_m": null,
        "population": 7607,
        "feature_type": "populated place",
        "geoname_id": 934739
      }
    },
    {
      "type": "Feature",
      "geometry": {
        "type": "Point",
        "coordinates": [
          57.52347,
          -20.06494
        ]
      },
      "properties": {
        "name": "Pointe aux Piments",
        "country": "Mauritius",
        "region": "Pamplemousses",
        "elevation_m": null,
        "population": 7556,
        "feature_type": "populated place",
        "geoname_id": 1106614
      }
    },
    {
      "type": "Feature",
      "geometry": {
        "type": "Point",
        "coordinates": [
          57.56188,
          -20.24476
        ]
      },
      "properties": {
        "name": "Dagotière",
        "country": "Mauritius",
        "region": "Moka",
        "elevation_m": null,
        "population": 7468,
        "feature_type": "populated place",
        "geoname_id": 934400
      }
    },
    {
      "type": "Feature",
      "geometry": {
        "type": "Point",
        "coordinates": [
          57.56111,
          -20.37056
        ]
      },
      "properties": {
        "name": "Nouvelle France",
        "country": "Mauritius",
        "region": "Grand Port",
        "elevation_m": null,
        "population": 7238,
        "feature_type": "populated place",
        "geoname_id": 934229
      }
    },
    {
      "type": "Feature",
      "geometry": {
        "type": "Point",
        "coordinates": [
          57.70351,
          -20.42325
        ]
      },
      "properties": {
        "name": "Beau Vallon",
        "country": "Mauritius",
        "region": "Grand Port",
        "elevation_m": null,
        "population": 7016,
        "feature_type": "populated place",
        "geoname_id": 934753
      }
    },
    {
      "type": "Feature",
      "geometry": {
        "type": "Point",
        "coordinates": [
          57.672,
          -20.175
        ]
      },
      "properties": {
        "name": "Bon Accueil",
        "country": "Mauritius",
        "region": "Flacq",
        "elevation_m": null,
        "population": 6553,
        "feature_type": "populated place",
        "geoname_id": 934693
      }
    },
    {
      "type": "Feature",
      "geometry": {
        "type": "Point",
        "coordinates": [
          57.59737,
          -20.2479
        ]
      },
      "properties": {
        "name": "Quartier Militaire",
        "country": "Mauritius",
        "region": "Moka",
        "elevation_m": null,
        "population": 6424,
        "feature_type": "seat of a first-order administrative division",
        "geoname_id": 934133
      }
    },
    {
      "type": "Feature",
      "geometry": {
        "type": "Point",
        "coordinates": [
          57.64249,
          -20.00215
        ]
      },
      "properties": {
        "name": "Calodyne",
        "country": "Mauritius",
        "region": "Rivière du Rempart",
        "elevation_m": null,
        "population": 6252,
        "feature_type": "populated place",
        "geoname_id": 8643380
      }
    },
    {
      "type": "Feature",
      "geometry": {
        "type": "Point",
        "coordinates": [
          57.67667,
          -20.14583
        ]
      },
      "properties": {
        "name": "Laventure",
        "country": "Mauritius",
        "region": "Flacq",
        "elevation_m": null,
        "population": 6171,
        "feature_type": "populated place",
        "geoname_id": 1106584
      }
    },
    {
      "type": "Feature",
      "geometry": {
        "type": "Point",
        "coordinates": [
          57.56833,
          -20.07199
        ]
      },
      "properties": {
        "name": "Morcellement Saint André",
        "country": "Mauritius",
        "region": "Pamplemousses",
        "elevation_m": null,
        "population": 6150,
        "feature_type": "populated place",
        "geoname_id": 934058
      }
    },
    {
      "type": "Feature",
      "geometry": {
        "type": "Point",
        "coordinates": [
          57.63202,
          -19.99057
        ]
      },
      "properties": {
        "name": "Anse La Raye",
        "country": "Mauritius",
        "region": "",
        "elevation_m": null,
        "population": 6060,
        "feature_type": "populated place",
        "geoname_id": 10171149
      }
    },
    {
      "type": "Feature",
      "geometry": {
        "type": "Point",
        "coordinates": [
          57.73611,
          -20.22611
        ]
      },
      "properties": {
        "name": "Ecroignard",
        "country": "Mauritius",
        "region": "Flacq",
        "elevation_m": null,
        "population": 5952,
        "feature_type": "populated place",
        "geoname_id": 1106660
      }
    },
    {
      "type": "Feature",
      "geometry": {
        "type": "Point",
        "coordinates": [
          57.63028,
          -20.09028
        ]
      },
      "properties": {
        "name": "Piton",
        "country": "Mauritius",
        "region": "Rivière du Rempart",
        "elevation_m": null,
        "population": 5909,
        "feature_type": "populated place",
        "geoname_id": 934255
      }
    },
    {
      "type": "Feature",
      "geometry": {
        "type": "Point",
        "coordinates": [
          57.584,
          -20.04732
        ]
      },
      "properties": {
        "name": "Fond du Sac",
        "country": "Mauritius",
        "region": "Pamplemousses",
        "elevation_m": null,
        "population": 5796,
        "feature_type": "populated place",
        "geoname_id": 934513
      }
    },
    {
      "type": "Feature",
      "geometry": {
        "type": "Point",
        "coordinates": [
          57.68779,
          -20.2907
        ]
      },
      "properties": {
        "name": "Sebastopol",
        "country": "Mauritius",
        "region": "Flacq",
        "elevation_m": null,
        "population": 5745,
        "feature_type": "populated place",
        "geoname_id": 934013
      }
    },
    {
      "type": "Feature",
      "geometry": {
        "type": "Point",
        "coordinates": [
          57.71222,
          -20.11111
        ]
      },
      "properties": {
        "name": "Roches Noire",
        "country": "Mauritius",
        "region": "Rivière du Rempart",
        "elevation_m": null,
        "population": 5733,
        "feature_type": "populated place",
        "geoname_id": 934085
      }
    },
    {
      "type": "Feature",
      "geometry": {
        "type": "Point",
        "coordinates": [
          57.77448,
          -20.20151
        ]
      },
      "properties": {
        "name": "Quatre Cocos",
        "country": "Mauritius",
        "region": "Flacq",
        "elevation_m": null,
        "population": 5724,
        "feature_type": "populated place",
        "geoname_id": 1106643
      }
    },
    {
      "type": "Feature",
      "geometry": {
        "type": "Point",
        "coordinates": [
          57.44592,
          -20.19551
        ]
      },
      "properties": {
        "name": "Petite Rivière",
        "country": "Mauritius",
        "region": "Black River",
        "elevation_m": null,
        "population": 5331,
        "feature_type": "populated place",
        "geoname_id": 934195
      }
    },
    {
      "type": "Feature",
      "geometry": {
        "type": "Point",
        "coordinates": [
          57.57889,
          -20.46278
        ]
      },
      "properties": {
        "name": "Camp Diable",
        "country": "Mauritius",
        "region": "Savanne",
        "elevation_m": null,
        "population": 5082,
        "feature_type": "populated place",
        "geoname_id": 934660
      }
    },
    {
      "type": "Feature",
      "geometry": {
        "type": "Point",
        "coordinates": [
          57.5885,
          -19.99883
        ]
      },
      "properties": {
        "name": "Péreybère",
        "country": "Mauritius",
        "region": "Rivière du Rempart",
        "elevation_m": null,
        "population": 5000,
        "feature_type": "populated place",
        "geoname_id": 1106611
      }
    },
    {
      "type": "Feature",
      "geometry": {
        "type": "Point",
        "coordinates": [
          57.46611,
          -20.48222
        ]
      },
      "properties": {
        "name": "Chamouny",
        "country": "Mauritius",
        "region": "Savanne",
        "elevation_m": null,
        "population": 4913,
        "feature_type": "populated place",
        "geoname_id": 934624
      }
    },
    {
      "type": "Feature",
      "geometry": {
        "type": "Point",
        "coordinates": [
          57.61417,
          -19.98417
        ]
      },
      "properties": {
        "name": "Cap Malheureux",
        "country": "Mauritius",
        "region": "Rivière du Rempart",
        "elevation_m": null,
        "population": 4803,
        "feature_type": "populated place",
        "geoname_id": 934649
      }
    },
    {
      "type": "Feature",
      "geometry": {
        "type": "Point",
        "coordinates": [
          57.55389,
          -20.11167
        ]
      },
      "properties": {
        "name": "Calebasses",
        "country": "Mauritius",
        "region": "Pamplemousses",
        "elevation_m": null,
        "population": 4648,
        "feature_type": "populated place",
        "geoname_id": 1106811
      }
    },
    {
      "type": "Feature",
      "geometry": {
        "type": "Point",
        "coordinates": [
          57.567,
          -20.338
        ]
      },
      "properties": {
        "name": "Midlands",
        "country": "Mauritius",
        "region": "Plaines Wilhems",
        "elevation_m": null,
        "population": 4546,
        "feature_type": "populated place",
        "geoname_id": 934282
      }
    },
    {
      "type": "Feature",
      "geometry": {
        "type": "Point",
        "coordinates": [
          57.58365,
          -20.05486
        ]
      },
      "properties": {
        "name": "Belle Vue Pilot",
        "country": "Mauritius",
        "region": "Pamplemousses",
        "elevation_m": null,
        "population": 4518,
        "feature_type": "populated place",
        "geoname_id": 934735
      }
    },
    {
      "type": "Feature",
      "geometry": {
        "type": "Point",
        "coordinates": [
          57.51667,
          -20.51667
        ]
      },
      "properties": {
        "name": "Souillac",
        "country": "Mauritius",
        "region": "Savanne",
        "elevation_m": null,
        "population": 4434,
        "feature_type": "seat of a first-order administrative division",
        "geoname_id": 933995
      }
    },
    {
      "type": "Feature",
      "geometry": {
        "type": "Point",
        "coordinates": [
          57.74556,
          -20.21583
        ]
      },
      "properties": {
        "name": "Camp Ithier",
        "country": "Mauritius",
        "region": "Flacq",
        "elevation_m": null,
        "population": 4401,
        "feature_type": "populated place",
        "geoname_id": 1106645
      }
    },
    {
      "type": "Feature",
      "geometry": {
        "type": "Point",
        "coordinates": [
          57.37056,
          -20.32556
        ]
      },
      "properties": {
        "name": "Tamarin",
        "country": "Mauritius",
        "region": "Black River",
        "elevation_m": null,
        "population": 4371,
        "feature_type": "seat of a first-order administrative division",
        "geoname_id": 933982
      }
    },
    {
      "type": "Feature",
      "geometry": {
        "type": "Point",
        "coordinates": [
          57.69083,
          -20.11167
        ]
      },
      "properties": {
        "name": "Plaines des Roches",
        "country": "Mauritius",
        "region": "Rivière du Rempart",
        "elevation_m": null,
        "population": 4218,
        "feature_type": "populated place",
        "geoname_id": 1106631
      }
    },
    {
      "type": "Feature",
      "geometry": {
        "type": "Point",
        "coordinates": [
          57.63833,
          -20.36417
        ]
      },
      "properties": {
        "name": "Saint Hubert",
        "country": "Mauritius",
        "region": "Grand Port",
        "elevation_m": null,
        "population": 4170,
        "feature_type": "populated place",
        "geoname_id": 934047
      }
    },
    {
      "type": "Feature",
      "geometry": {
        "type": "Point",
        "coordinates": [
          57.73097,
          -20.28778
        ]
      },
      "properties": {
        "name": "Olivia",
        "country": "Mauritius",
        "region": "Flacq",
        "elevation_m": null,
        "population": 3980,
        "feature_type": "populated place",
        "geoname_id": 934225
      }
    },
    {
      "type": "Feature",
      "geometry": {
        "type": "Point",
        "coordinates": [
          57.55969,
          -20.14298
        ]
      },
      "properties": {
        "name": "Notre Dame",
        "country": "Mauritius",
        "region": "Pamplemousses",
        "elevation_m": null,
        "population": 3959,
        "feature_type": "populated place",
        "geoname_id": 934232
      }
    },
    {
      "type": "Feature",
      "geometry": {
        "type": "Point",
        "coordinates": [
          57.60219,
          -20.03018
        ]
      },
      "properties": {
        "name": "The Vale",
        "country": "Mauritius",
        "region": "Rivière du Rempart",
        "elevation_m": null,
        "population": 3707,
        "feature_type": "populated place",
        "geoname_id": 933970
      }
    },
    {
      "type": "Feature",
      "geometry": {
        "type": "Point",
        "coordinates": [
          57.62917,
          -20.05972
        ]
      },
      "properties": {
        "name": "Cottage",
        "country": "Mauritius",
        "region": "Rivière du Rempart",
        "elevation_m": null,
        "population": 3646,
        "feature_type": "populated place",
        "geoname_id": 1106596
      }
    },
    {
      "type": "Feature",
      "geometry": {
        "type": "Point",
        "coordinates": [
          57.77056,
          -20.29917
        ]
      },
      "properties": {
        "name": "Quatre Soeurs",
        "country": "Mauritius",
        "region": "Flacq",
        "elevation_m": null,
        "population": 3515,
        "feature_type": "populated place",
        "geoname_id": 934127
      }
    },
    {
      "type": "Feature",
      "geometry": {
        "type": "Point",
        "coordinates": [
          57.43,
          -20.20722
        ]
      },
      "properties": {
        "name": "Gros Cailloux",
        "country": "Mauritius",
        "region": "Black River",
        "elevation_m": null,
        "population": 3361,
        "feature_type": "populated place",
        "geoname_id": 1106763
      }
    },
    {
      "type": "Feature",
      "geometry": {
        "type": "Point",
        "coordinates": [
          57.40766,
          -20.20814
        ]
      },
      "properties": {
        "name": "Albion",
        "country": "Mauritius",
        "region": "Black River",
        "elevation_m": null,
        "population": 3254,
        "feature_type": "populated place",
        "geoname_id": 934812
      }
    },
    {
      "type": "Feature",
      "geometry": {
        "type": "Point",
        "coordinates": [
          57.64472,
          -20.01861
        ]
      },
      "properties": {
        "name": "Roche Terre",
        "country": "Mauritius",
        "region": "Rivière du Rempart",
        "elevation_m": null,
        "population": 3199,
        "feature_type": "populated place",
        "geoname_id": 934076
      }
    },
    {
      "type": "Feature",
      "geometry": {
        "type": "Point",
        "coordinates": [
          57.676,
          -20.208
        ]
      },
      "properties": {
        "name": "Saint Julien",
        "country": "Mauritius",
        "region": "Flacq",
        "elevation_m": null,
        "population": 3188,
        "feature_type": "populated place",
        "geoname_id": 934043
      }
    },
    {
      "type": "Feature",
      "geometry": {
        "type": "Point",
        "coordinates": [
          57.61222,
          -20.24472
        ]
      },
      "properties": {
        "name": "Providence",
        "country": "Mauritius",
        "region": "Moka",
        "elevation_m": null,
        "population": 3126,
        "feature_type": "populated place",
        "geoname_id": 934138
      }
    },
    {
      "type": "Feature",
      "geometry": {
        "type": "Point",
        "coordinates": [
          57.56328,
          -20.19346
        ]
      },
      "properties": {
        "name": "Crève Coeur",
        "country": "Mauritius",
        "region": "Pamplemousses",
        "elevation_m": null,
        "population": 3097,
        "feature_type": "populated place",
        "geoname_id": 934573
      }
    },
    {
      "type": "Feature",
      "geometry": {
        "type": "Point",
        "coordinates": [
          57.7075,
          -20.22
        ]
      },
      "properties": {
        "name": "Queen Victoria",
        "country": "Mauritius",
        "region": "Flacq",
        "elevation_m": null,
        "population": 3025,
        "feature_type": "populated place",
        "geoname_id": 934126
      }
    },
    {
      "type": "Feature",
      "geometry": {
        "type": "Point",
        "coordinates": [
          57.65917,
          -20.13083
        ]
      },
      "properties": {
        "name": "Amaury",
        "country": "Mauritius",
        "region": "Rivière du Rempart",
        "elevation_m": null,
        "population": 2912,
        "feature_type": "populated place",
        "geoname_id": 1106630
      }
    },
    {
      "type": "Feature",
      "geometry": {
        "type": "Point",
        "coordinates": [
          57.59861,
          -20.30132
        ]
      },
      "properties": {
        "name": "Dubreuil",
        "country": "Mauritius",
        "region": "Moka",
        "elevation_m": null,
        "population": 2726,
        "feature_type": "populated place",
        "geoname_id": 1106788
      }
    },
    {
      "type": "Feature",
      "geometry": {
        "type": "Point",
        "coordinates": [
          57.676,
          -20.236
        ]
      },
      "properties": {
        "name": "Camp de Masque",
        "country": "Mauritius",
        "region": "Flacq",
        "elevation_m": null,
        "population": 2721,
        "feature_type": "populated place",
        "geoname_id": 934661
      }
    },
    {
      "type": "Feature",
      "geometry": {
        "type": "Point",
        "coordinates": [
          57.40722,
          -20.28694
        ]
      },
      "properties": {
        "name": "Cascavelle",
        "country": "Mauritius",
        "region": "Black River",
        "elevation_m": null,
        "population": 2613,
        "feature_type": "populated place",
        "geoname_id": 934644
      }
    },
    {
      "type": "Feature",
      "geometry": {
        "type": "Point",
        "coordinates": [
          57.53528,
          -20.10556
        ]
      },
      "properties": {
        "name": "Arsenal",
        "country": "Mauritius",
        "region": "Pamplemousses",
        "elevation_m": null,
        "population": 2599,
        "feature_type": "populated place",
        "geoname_id": 1106813
      }
    },
    {
      "type": "Feature",
      "geometry": {
        "type": "Point",
        "coordinates": [
          63.40833,
          -19.69444
        ]
      },
      "properties": {
        "name": "Baie aux Huîtres",
        "country": "Mauritius",
        "region": "Rodrigues",
        "elevation_m": null,
        "population": 2500,
        "feature_type": "populated place",
        "geoname_id": 1547471
      }
    },
    {
      "type": "Feature",
      "geometry": {
        "type": "Point",
        "coordinates": [
          57.77583,
          -20.28611
        ]
      },
      "properties": {
        "name": "Grande Rivière Sud Est",
        "country": "Mauritius",
        "region": "Flacq",
        "elevation_m": null,
        "population": 2472,
        "feature_type": "populated place",
        "geoname_id": 934475
      }
    },
    {
      "type": "Feature",
      "geometry": {
        "type": "Point",
        "coordinates": [
          57.40611,
          -20.50222
        ]
      },
      "properties": {
        "name": "Bel Ombre",
        "country": "Mauritius",
        "region": "Savanne",
        "elevation_m": null,
        "population": 2417,
        "feature_type": "populated place",
        "geoname_id": 934731
      }
    },
    {
      "type": "Feature",
      "geometry": {
        "type": "Point",
        "coordinates": [
          57.67667,
          -20.06
        ]
      },
      "properties": {
        "name": "Poudre d’Or",
        "country": "Mauritius",
        "region": "Rivière du Rempart",
        "elevation_m": null,
        "population": 2373,
        "feature_type": "populated place",
        "geoname_id": 934144
      }
    },
    {
      "type": "Feature",
      "geometry": {
        "type": "Point",
        "coordinates": [
          57.36611,
          -20.36028
        ]
      },
      "properties": {
        "name": "Grande Rivière Noire",
        "country": "Mauritius",
        "region": "Black River",
        "elevation_m": null,
        "population": 2361,
        "feature_type": "populated place",
        "geoname_id": 934089
      }
    },
    {
      "type": "Feature",
      "geometry": {
        "type": "Point",
        "coordinates": [
          57.64194,
          -20.06972
        ]
      },
      "properties": {
        "name": "Espérance Trébuchet",
        "country": "Mauritius",
        "region": "Rivière du Rempart",
        "elevation_m": null,
        "population": 2323,
        "feature_type": "populated place",
        "geoname_id": 934533
      }
    },
    {
      "type": "Feature",
      "geometry": {
        "type": "Point",
        "coordinates": [
          57.61611,
          -20.21472
        ]
      },
      "properties": {
        "name": "Camp Thorel",
        "country": "Mauritius",
        "region": "Moka",
        "elevation_m": null,
        "population": 2299,
        "feature_type": "populated place",
        "geoname_id": 934656
      }
    },
    {
      "type": "Feature",
      "geometry": {
        "type": "Point",
        "coordinates": [
          57.55476,
          -20.23417
        ]
      },
      "properties": {
        "name": "Verdun",
        "country": "Mauritius",
        "region": "Moka",
        "elevation_m": null,
        "population": 2208,
        "feature_type": "populated place",
        "geoname_id": 933933
      }
    },
    {
      "type": "Feature",
      "geometry": {
        "type": "Point",
        "coordinates": [
          57.76444,
          -20.31417
        ]
      },
      "properties": {
        "name": "Grand Sable",
        "country": "Mauritius",
        "region": "Grand Port",
        "elevation_m": null,
        "population": 2208,
        "feature_type": "populated place",
        "geoname_id": 934459
      }
    },
    {
      "type": "Feature",
      "geometry": {
        "type": "Point",
        "coordinates": [
          57.56694,
          -20.42417
        ]
      },
      "properties": {
        "name": "Rivière du Poste",
        "country": "Mauritius",
        "region": "Savanne",
        "elevation_m": null,
        "population": 2170,
        "feature_type": "populated place",
        "geoname_id": 934092
      }
    },
    {
      "type": "Feature",
      "geometry": {
        "type": "Point",
        "coordinates": [
          57.74944,
          -20.19806
        ]
      },
      "properties": {
        "name": "Mare La Chaux",
        "country": "Mauritius",
        "region": "Flacq",
        "elevation_m": null,
        "population": 2058,
        "feature_type": "populated place",
        "geoname_id": 1106638
      }
    },
    {
      "type": "Feature",
      "geometry": {
        "type": "Point",
        "coordinates": [
          57.372,
          -20.278
        ]
      },
      "properties": {
        "name": "Flic en Flac",
        "country": "Mauritius",
        "region": "Black River",
        "elevation_m": null,
        "population": 2010,
        "feature_type": "populated place",
        "geoname_id": 934517
      }
    },
    {
      "type": "Feature",
      "geometry": {
        "type": "Point",
        "coordinates": [
          57.63194,
          -20.26972
        ]
      },
      "properties": {
        "name": "Melrose",
        "country": "Mauritius",
        "region": "Moka",
        "elevation_m": null,
        "population": 2002,
        "feature_type": "populated place",
        "geoname_id": 934288
      }
    },
    {
      "type": "Feature",
      "geometry": {
        "type": "Point",
        "coordinates": [
          57.73111,
          -20.36306
        ]
      },
      "properties": {
        "name": "Bois des Amourettes",
        "country": "Mauritius",
        "region": "Grand Port",
        "elevation_m": null,
        "population": 1986,
        "feature_type": "populated place",
        "geoname_id": 934705
      }
    },
    {
      "type": "Feature",
      "geometry": {
        "type": "Point",
        "coordinates": [
          57.59083,
          -20.14889
        ]
      },
      "properties": {
        "name": "Congomah",
        "country": "Mauritius",
        "region": "Pamplemousses",
        "elevation_m": null,
        "population": 1956,
        "feature_type": "populated place",
        "geoname_id": 1106621
      }
    },
    {
      "type": "Feature",
      "geometry": {
        "type": "Point",
        "coordinates": [
          57.70611,
          -20.26389
        ]
      },
      "properties": {
        "name": "Clémencia",
        "country": "Mauritius",
        "region": "Flacq",
        "elevation_m": null,
        "population": 1835,
        "feature_type": "populated place",
        "geoname_id": 934599
      }
    },
    {
      "type": "Feature",
      "geometry": {
        "type": "Point",
        "coordinates": [
          57.55,
          -20.496
        ]
      },
      "properties": {
        "name": "Saint Aubin",
        "country": "Mauritius",
        "region": "Savanne",
        "elevation_m": null,
        "population": 1659,
        "feature_type": "populated place",
        "geoname_id": 934056
      }
    },
    {
      "type": "Feature",
      "geometry": {
        "type": "Point",
        "coordinates": [
          57.60389,
          -20.36694
        ]
      },
      "properties": {
        "name": "Cluny",
        "country": "Mauritius",
        "region": "Grand Port",
        "elevation_m": null,
        "population": 1629,
        "feature_type": "populated place",
        "geoname_id": 1106589
      }
    },
    {
      "type": "Feature",
      "geometry": {
        "type": "Point",
        "coordinates": [
          57.7575,
          -20.34278
        ]
      },
      "properties": {
        "name": "Bambous Virieux",
        "country": "Mauritius",
        "region": "Grand Port",
        "elevation_m": null,
        "population": 1540,
        "feature_type": "populated place",
        "geoname_id": 1106677
      }
    },
    {
      "type": "Feature",
      "geometry": {
        "type": "Point",
        "coordinates": [
          57.371,
          -20.404
        ]
      },
      "properties": {
        "name": "Petite Case Noyale",
        "country": "Mauritius",
        "region": "Black River",
        "elevation_m": null,
        "population": 1525,
        "feature_type": "populated place",
        "geoname_id": 934198
      }
    },
    {
      "type": "Feature",
      "geometry": {
        "type": "Point",
        "coordinates": [
          57.60139,
          -20.07583
        ]
      },
      "properties": {
        "name": "Mapou",
        "country": "Mauritius",
        "region": "Rivière du Rempart",
        "elevation_m": null,
        "population": 1288,
        "feature_type": "populated place",
        "geoname_id": 1106771
      }
    },
    {
      "type": "Feature",
      "geometry": {
        "type": "Point",
        "coordinates": [
          57.49163,
          -20.24494
        ]
      },
      "properties": {
        "name": "Ebene CyberCity",
        "country": "Mauritius",
        "region": "Plaines Wilhems",
        "elevation_m": null,
        "population": 1001,
        "feature_type": "populated place",
        "geoname_id": 1106748
      }
    },
    {
      "type": "Feature",
      "geometry": {
        "type": "Point",
        "coordinates": [
          57.69513,
          -20.39986
        ]
      },
      "properties": {
        "name": "Petit Bel Air",
        "country": "Mauritius",
        "region": "Grand Port",
        "elevation_m": null,
        "population": 1000,
        "feature_type": "populated place",
        "geoname_id": 1106683
      }
    },
    {
      "type": "Feature",
      "geometry": {
        "type": "Point",
        "coordinates": [
          57.38389,
          -20.4225
        ]
      },
      "properties": {
        "name": "Chamarel",
        "country": "Mauritius",
        "region": "Black River",
        "elevation_m": null,
        "population": 723,
        "feature_type": "populated place",
        "geoname_id": 934626
      }
    },
    {
      "type": "Feature",
      "geometry": {
        "type": "Point",
        "coordinates": [
          57.58861,
          -20.34667
        ]
      },
      "properties": {
        "name": "Bananes",
        "country": "Mauritius",
        "region": "Grand Port",
        "elevation_m": null,
        "population": 652,
        "feature_type": "populated place",
        "geoname_id": 1106723
      }
    },
    {
      "type": "Feature",
      "geometry": {
        "type": "Point",
        "coordinates": [
          57.46722,
          -20.29083
        ]
      },
      "properties": {
        "name": "Solférino",
        "country": "Mauritius",
        "region": "Plaines Wilhems",
        "elevation_m": null,
        "population": 361,
        "feature_type": "populated place",
        "geoname_id": 934001
      }
    },
    {
      "type": "Feature",
      "geometry": {
        "type": "Point",
        "coordinates": [
          56.61795,
          -10.38803
        ]
      },
      "properties": {
        "name": "Vingt Cinq",
        "country": "Mauritius",
        "region": "Agalega Islands",
        "elevation_m": null,
        "population": 250,
        "feature_type": "seat of a first-order administrative division",
        "geoname_id": 12022106
      }
    },
    {
      "type": "Feature",
      "geometry": {
        "type": "Point",
        "coordinates": [
          59.65851,
          -16.60329
        ]
      },
      "properties": {
        "name": "Cargados Carajos",
        "country": "Mauritius",
        "region": "Cargados Carajos",
        "elevation_m": null,
        "population": 63,
        "feature_type": "seat of a first-order administrative division",
        "geoname_id": 8199111
      }
    },
    {
      "type": "Feature",
      "geometry": {
        "type": "Point",
        "coordinates": [
          57.37056,
          -20.48833
        ]
      },
      "properties": {
        "name": "Baie du Cap",
        "country": "Mauritius",
        "region": "Savanne",
        "elevation_m": null,
        "population": 0,
        "feature_type": "populated place",
        "geoname_id": 1106585
      }
    },
    {
      "type": "Feature",
      "geometry": {
        "type": "Point",
        "coordinates": [
          57.67167,
          -20.4475
        ]
      },
      "properties": {
        "name": "Mon Trésor - Mon Désert",
        "country": "Mauritius",
        "region": "Grand Port",
        "elevation_m": null,
        "population": 0,
        "feature_type": "populated place",
        "geoname_id": 1106587
      }
    },
    {
      "type": "Feature",
      "geometry": {
        "type": "Point",
        "coordinates": [
          57.73639,
          -20.355
        ]
      },
      "properties": {
        "name": "Providence",
        "country": "Mauritius",
        "region": "Grand Port",
        "elevation_m": null,
        "population": 0,
        "feature_type": "populated place",
        "geoname_id": 1106590
      }
    },
    {
      "type": "Feature",
      "geometry": {
        "type": "Point",
        "coordinates": [
          57.6025,
          -20.12028
        ]
      },
      "properties": {
        "name": "Petite Rosalie",
        "country": "Mauritius",
        "region": "Pamplemousses",
        "elevation_m": null,
        "population": 0,
        "feature_type": "populated place",
        "geoname_id": 1106591
      }
    },
    {
      "type": "Feature",
      "geometry": {
        "type": "Point",
        "coordinates": [
          57.5875,
          -20.11194
        ]
      },
      "properties": {
        "name": "Madame Cayeux",
        "country": "Mauritius",
        "region": "Pamplemousses",
        "elevation_m": null,
        "population": 0,
        "feature_type": "populated place",
        "geoname_id": 1106592
      }
    },
    {
      "type": "Feature",
      "geometry": {
        "type": "Point",
        "coordinates": [
          57.57028,
          -20.11472
        ]
      },
      "properties": {
        "name": "Camp des Embrevades",
        "country": "Mauritius",
        "region": "Pamplemousses",
        "elevation_m": null,
        "population": 0,
        "feature_type": "populated place",
        "geoname_id": 1106593
      }
    },
    {
      "type": "Feature",
      "geometry": {
        "type": "Point",
        "coordinates": [
          57.63556,
          -20.08639
        ]
      },
      "properties": {
        "name": "L’Espérance",
        "country": "Mauritius",
        "region": "Rivière du Rempart",
        "elevation_m": null,
        "population": 0,
        "feature_type": "populated place",
        "geoname_id": 1106594
      }
    },
    {
      "type": "Feature",
      "geometry": {
        "type": "Point",
        "coordinates": [
          57.64778,
          -20.07694
        ]
      },
      "properties": {
        "name": "Poudre d’Or Hamlet",
        "country": "Mauritius",
        "region": "Rivière du Rempart",
        "elevation_m": null,
        "population": 0,
        "feature_type": "populated place",
        "geoname_id": 1106595
      }
    },
    {
      "type": "Feature",
      "geometry": {
        "type": "Point",
        "coordinates": [
          57.66639,
          -20.01583
        ]
      },
      "properties": {
        "name": "Germain",
        "country": "Mauritius",
        "region": "Rivière du Rempart",
        "elevation_m": null,
        "population": 0,
        "feature_type": "populated place",
        "geoname_id": 1106597
      }
    },
    {
      "type": "Feature",
      "geometry": {
        "type": "Point",
        "coordinates": [
          57.66111,
          -20.03
        ]
      },
      "properties": {
        "name": "Madame Azor",
        "country": "Mauritius",
        "region": "Rivière du Rempart",
        "elevation_m": null,
        "population": 0,
        "feature_type": "populated place",
        "geoname_id": 1106598
      }
    },
    {
      "type": "Feature",
      "geometry": {
        "type": "Point",
        "coordinates": [
          57.64972,
          -20.03028
        ]
      },
      "properties": {
        "name": "Mamzelle Jeanne",
        "country": "Mauritius",
        "region": "Rivière du Rempart",
        "elevation_m": null,
        "population": 0,
        "feature_type": "populated place",
        "geoname_id": 1106599
      }
    },
    {
      "type": "Feature",
      "geometry": {
        "type": "Point",
        "coordinates": [
          57.60889,
          -19.98972
        ]
      },
      "properties": {
        "name": "Pavillon",
        "country": "Mauritius",
        "region": "Rivière du Rempart",
        "elevation_m": null,
        "population": 0,
        "feature_type": "populated place",
        "geoname_id": 1106603
      }
    },
    {
      "type": "Feature",
      "geometry": {
        "type": "Point",
        "coordinates": [
          57.52139,
          -20.05361
        ]
      },
      "properties": {
        "name": "Camp Bestel",
        "country": "Mauritius",
        "region": "Pamplemousses",
        "elevation_m": null,
        "population": 0,
        "feature_type": "populated place",
        "geoname_id": 1106613
      }
    },
    {
      "type": "Feature",
      "geometry": {
        "type": "Point",
        "coordinates": [
          57.5175,
          -20.10389
        ]
      },
      "properties": {
        "name": "Petit Gamin",
        "country": "Mauritius",
        "region": "Pamplemousses",
        "elevation_m": null,
        "population": 0,
        "feature_type": "populated place",
        "geoname_id": 1106615
      }
    },
    {
      "type": "Feature",
      "geometry": {
        "type": "Point",
        "coordinates": [
          57.54462,
          -20.13237
        ]
      },
      "properties": {
        "name": "Bois Pignolet",
        "country": "Mauritius",
        "region": "Pamplemousses",
        "elevation_m": null,
        "population": 0,
        "feature_type": "populated place",
        "geoname_id": 1106617
      }
    },
    {
      "type": "Feature",
      "geometry": {
        "type": "Point",
        "coordinates": [
          57.57139,
          -20.14731
        ]
      },
      "properties": {
        "name": "Baillache",
        "country": "Mauritius",
        "region": "Pamplemousses",
        "elevation_m": null,
        "population": 0,
        "feature_type": "populated place",
        "geoname_id": 1106618
      }
    },
    {
      "type": "Feature",
      "geometry": {
        "type": "Point",
        "coordinates": [
          57.57486,
          -20.15654
        ]
      },
      "properties": {
        "name": "Ruisseau Rose",
        "country": "Mauritius",
        "region": "Pamplemousses",
        "elevation_m": null,
        "population": 0,
        "feature_type": "populated place",
        "geoname_id": 1106619
      }
    },
    {
      "type": "Feature",
      "geometry": {
        "type": "Point",
        "coordinates": [
          57.58333,
          -20.14833
        ]
      },
      "properties": {
        "name": "Belvédère",
        "country": "Mauritius",
        "region": "Pamplemousses",
        "elevation_m": null,
        "population": 0,
        "feature_type": "populated place",
        "geoname_id": 1106620
      }
    },
    {
      "type": "Feature",
      "geometry": {
        "type": "Point",
        "coordinates": [
          57.58361,
          -20.16417
        ]
      },
      "properties": {
        "name": "Les Mariannes",
        "country": "Mauritius",
        "region": "Pamplemousses",
        "elevation_m": null,
        "population": 0,
        "feature_type": "populated place",
        "geoname_id": 1106622
      }
    },
    {
      "type": "Feature",
      "geometry": {
        "type": "Point",
        "coordinates": [
          57.5725,
          -20.13
        ]
      },
      "properties": {
        "name": "Îlot",
        "country": "Mauritius",
        "region": "Pamplemousses",
        "elevation_m": null,
        "population": 0,
        "feature_type": "populated place",
        "geoname_id": 1106623
      }
    },
    {
      "type": "Feature",
      "geometry": {
        "type": "Point",
        "coordinates": [
          57.58917,
          -20.12694
        ]
      },
      "properties": {
        "name": "D’Epinay",
        "country": "Mauritius",
        "region": "Pamplemousses",
        "elevation_m": null,
        "population": 0,
        "feature_type": "populated place",
        "geoname_id": 1106625
      }
    },
    {
      "type": "Feature",
      "geometry": {
        "type": "Point",
        "coordinates": [
          57.61833,
          -20.13861
        ]
      },
      "properties": {
        "name": "Petite Julie",
        "country": "Mauritius",
        "region": "Pamplemousses",
        "elevation_m": null,
        "population": 0,
        "feature_type": "populated place",
        "geoname_id": 1106626
      }
    },
    {
      "type": "Feature",
      "geometry": {
        "type": "Point",
        "coordinates": [
          57.63444,
          -20.13611
        ]
      },
      "properties": {
        "name": "Mon Songe",
        "country": "Mauritius",
        "region": "Rivière du Rempart",
        "elevation_m": null,
        "population": 0,
        "feature_type": "populated place",
        "geoname_id": 1106627
      }
    },
    {
      "type": "Feature",
      "geometry": {
        "type": "Point",
        "coordinates": [
          57.64778,
          -20.12417
        ]
      },
      "properties": {
        "name": "Barlow",
        "country": "Mauritius",
        "region": "Rivière du Rempart",
        "elevation_m": null,
        "population": 0,
        "feature_type": "populated place",
        "geoname_id": 1106628
      }
    },
    {
      "type": "Feature",
      "geometry": {
        "type": "Point",
        "coordinates": [
          57.665,
          -20.13583
        ]
      },
      "properties": {
        "name": "Bois Jacot",
        "country": "Mauritius",
        "region": "",
        "elevation_m": null,
        "population": 0,
        "feature_type": "populated place",
        "geoname_id": 1106629
      }
    },
    {
      "type": "Feature",
      "geometry": {
        "type": "Point",
        "coordinates": [
          57.64056,
          -20.15278
        ]
      },
      "properties": {
        "name": "Mare d’Australia",
        "country": "Mauritius",
        "region": "Flacq",
        "elevation_m": null,
        "population": 0,
        "feature_type": "populated place",
        "geoname_id": 1106632
      }
    },
    {
      "type": "Feature",
      "geometry": {
        "type": "Point",
        "coordinates": [
          57.67639,
          -20.10278
        ]
      },
      "properties": {
        "name": "La Clémence",
        "country": "Mauritius",
        "region": "Rivière du Rempart",
        "elevation_m": null,
        "population": 0,
        "feature_type": "populated place",
        "geoname_id": 1106633
      }
    },
    {
      "type": "Feature",
      "geometry": {
        "type": "Point",
        "coordinates": [
          57.68472,
          -20.08111
        ]
      },
      "properties": {
        "name": "Hermitage",
        "country": "Mauritius",
        "region": "Rivière du Rempart",
        "elevation_m": null,
        "population": 0,
        "feature_type": "populated place",
        "geoname_id": 1106634
      }
    },
    {
      "type": "Feature",
      "geometry": {
        "type": "Point",
        "coordinates": [
          57.72528,
          -20.1675
        ]
      },
      "properties": {
        "name": "Camp Poorun",
        "country": "Mauritius",
        "region": "Flacq",
        "elevation_m": null,
        "population": 0,
        "feature_type": "populated place",
        "geoname_id": 1106635
      }
    },
    {
      "type": "Feature",
      "geometry": {
        "type": "Point",
        "coordinates": [
          57.72806,
          -20.17889
        ]
      },
      "properties": {
        "name": "Providence",
        "country": "Mauritius",
        "region": "Flacq",
        "elevation_m": null,
        "population": 0,
        "feature_type": "populated place",
        "geoname_id": 1106636
      }
    },
    {
      "type": "Feature",
      "geometry": {
        "type": "Point",
        "coordinates": [
          57.73222,
          -20.18861
        ]
      },
      "properties": {
        "name": "Camp Bouillon",
        "country": "Mauritius",
        "region": "Flacq",
        "elevation_m": null,
        "population": 0,
        "feature_type": "populated place",
        "geoname_id": 1106637
      }
    },
    {
      "type": "Feature",
      "geometry": {
        "type": "Point",
        "coordinates": [
          57.77865,
          -20.19957
        ]
      },
      "properties": {
        "name": "Belle Mare",
        "country": "Mauritius",
        "region": "Flacq",
        "elevation_m": null,
        "population": 0,
        "feature_type": "populated place",
        "geoname_id": 1106642
      }
    },
    {
      "type": "Feature",
      "geometry": {
        "type": "Point",
        "coordinates": [
          57.74806,
          -20.20778
        ]
      },
      "properties": {
        "name": "Isidore Rose",
        "country": "Mauritius",
        "region": "Flacq",
        "elevation_m": null,
        "population": 0,
        "feature_type": "populated place",
        "geoname_id": 1106644
      }
    },
    {
      "type": "Feature",
      "geometry": {
        "type": "Point",
        "coordinates": [
          57.73056,
          -20.20972
        ]
      },
      "properties": {
        "name": "Bramsthan",
        "country": "Mauritius",
        "region": "Flacq",
        "elevation_m": null,
        "population": 0,
        "feature_type": "populated place",
        "geoname_id": 1106646
      }
    },
    {
      "type": "Feature",
      "geometry": {
        "type": "Point",
        "coordinates": [
          57.71194,
          -20.18722
        ]
      },
      "properties": {
        "name": "Saint Remy",
        "country": "Mauritius",
        "region": "Flacq",
        "elevation_m": null,
        "population": 0,
        "feature_type": "populated place",
        "geoname_id": 1106647
      }
    },
    {
      "type": "Feature",
      "geometry": {
        "type": "Point",
        "coordinates": [
          57.78985,
          -20.21098
        ]
      },
      "properties": {
        "name": "Palmar",
        "country": "Mauritius",
        "region": "Flacq",
        "elevation_m": null,
        "population": 0,
        "feature_type": "populated place",
        "geoname_id": 1106650
      }
    },
    {
      "type": "Feature",
      "geometry": {
        "type": "Point",
        "coordinates": [
          57.72083,
          -20.30833
        ]
      },
      "properties": {
        "name": "La Commune",
        "country": "Mauritius",
        "region": "Flacq",
        "elevation_m": null,
        "population": 0,
        "feature_type": "populated place",
        "geoname_id": 1106658
      }
    },
    {
      "type": "Feature",
      "geometry": {
        "type": "Point",
        "coordinates": [
          57.69611,
          -20.20889
        ]
      },
      "properties": {
        "name": "Camp Bonnemère",
        "country": "Mauritius",
        "region": "Flacq",
        "elevation_m": null,
        "population": 0,
        "feature_type": "populated place",
        "geoname_id": 1106659
      }
    },
    {
      "type": "Feature",
      "geometry": {
        "type": "Point",
        "coordinates": [
          57.755,
          -20.24139
        ]
      },
      "properties": {
        "name": "Petit Bois",
        "country": "Mauritius",
        "region": "Flacq",
        "elevation_m": null,
        "population": 0,
        "feature_type": "populated place",
        "geoname_id": 1106661
      }
    },
    {
      "type": "Feature",
      "geometry": {
        "type": "Point",
        "coordinates": [
          57.74667,
          -20.24583
        ]
      },
      "properties": {
        "name": "La Caroline",
        "country": "Mauritius",
        "region": "Flacq",
        "elevation_m": null,
        "population": 0,
        "feature_type": "populated place",
        "geoname_id": 1106662
      }
    },
    {
      "type": "Feature",
      "geometry": {
        "type": "Point",
        "coordinates": [
          57.75917,
          -20.26417
        ]
      },
      "properties": {
        "name": "Ernest Florent",
        "country": "Mauritius",
        "region": "Flacq",
        "elevation_m": null,
        "population": 0,
        "feature_type": "populated place",
        "geoname_id": 1106663
      }
    },
    {
      "type": "Feature",
      "geometry": {
        "type": "Point",
        "coordinates": [
          57.76083,
          -20.30389
        ]
      },
      "properties": {
        "name": "Marie Jeanne",
        "country": "Mauritius",
        "region": "Flacq",
        "elevation_m": null,
        "population": 0,
        "feature_type": "populated place",
        "geoname_id": 1106664
      }
    },
    {
      "type": "Feature",
      "geometry": {
        "type": "Point",
        "coordinates": [
          57.77333,
          -20.30583
        ]
      },
      "properties": {
        "name": "Pointe aux Feuilles",
        "country": "Mauritius",
        "region": "Flacq",
        "elevation_m": null,
        "population": 0,
        "feature_type": "populated place",
        "geoname_id": 1106665
      }
    },
    {
      "type": "Feature",
      "geometry": {
        "type": "Point",
        "coordinates": [
          57.77111,
          -20.28667
        ]
      },
      "properties": {
        "name": "Deux Frères",
        "country": "Mauritius",
        "region": "Flacq",
        "elevation_m": null,
        "population": 0,
        "feature_type": "populated place",
        "geoname_id": 1106666
      }
    },
    {
      "type": "Feature",
      "geometry": {
        "type": "Point",
        "coordinates": [
          57.69778,
          -20.29861
        ]
      },
      "properties": {
        "name": "Clavet",
        "country": "Mauritius",
        "region": "Flacq",
        "elevation_m": null,
        "population": 0,
        "feature_type": "populated place",
        "geoname_id": 1106667
      }
    },
    {
      "type": "Feature",
      "geometry": {
        "type": "Point",
        "coordinates": [
          57.67917,
          -20.2775
        ]
      },
      "properties": {
        "name": "Pellegrin",
        "country": "Mauritius",
        "region": "Flacq",
        "elevation_m": null,
        "population": 0,
        "feature_type": "populated place",
        "geoname_id": 1106668
      }
    },
    {
      "type": "Feature",
      "geometry": {
        "type": "Point",
        "coordinates": [
          57.66889,
          -20.25194
        ]
      },
      "properties": {
        "name": "Petite Cabane",
        "country": "Mauritius",
        "region": "Flacq",
        "elevation_m": null,
        "population": 0,
        "feature_type": "populated place",
        "geoname_id": 1106669
      }
    },
    {
      "type": "Feature",
      "geometry": {
        "type": "Point",
        "coordinates": [
          57.683,
          -20.25
        ]
      },
      "properties": {
        "name": "Camp de Masque Pave",
        "country": "Mauritius",
        "region": "Flacq",
        "elevation_m": null,
        "population": 0,
        "feature_type": "populated place",
        "geoname_id": 1106670
      }
    },
    {
      "type": "Feature",
      "geometry": {
        "type": "Point",
        "coordinates": [
          57.68556,
          -20.20444
        ]
      },
      "properties": {
        "name": "Union Flacq",
        "country": "Mauritius",
        "region": "Flacq",
        "elevation_m": null,
        "population": 0,
        "feature_type": "populated place",
        "geoname_id": 1106671
      }
    },
    {
      "type": "Feature",
      "geometry": {
        "type": "Point",
        "coordinates": [
          57.69861,
          -20.18833
        ]
      },
      "properties": {
        "name": "Belle Vue Allendy",
        "country": "Mauritius",
        "region": "Flacq",
        "elevation_m": null,
        "population": 0,
        "feature_type": "populated place",
        "geoname_id": 1106672
      }
    },
    {
      "type": "Feature",
      "geometry": {
        "type": "Point",
        "coordinates": [
          57.66667,
          -20.18111
        ]
      },
      "properties": {
        "name": "Grand dans Fond",
        "country": "Mauritius",
        "region": "Flacq",
        "elevation_m": null,
        "population": 0,
        "feature_type": "populated place",
        "geoname_id": 1106673
      }
    },
    {
      "type": "Feature",
      "geometry": {
        "type": "Point",
        "coordinates": [
          57.6596,
          -20.17847
        ]
      },
      "properties": {
        "name": "Belvédère",
        "country": "Mauritius",
        "region": "Flacq",
        "elevation_m": null,
        "population": 0,
        "feature_type": "populated place",
        "geoname_id": 1106674
      }
    },
    {
      "type": "Feature",
      "geometry": {
        "type": "Point",
        "coordinates": [
          57.7625,
          -20.32333
        ]
      },
      "properties": {
        "name": "Pointe aux Roches",
        "country": "Mauritius",
        "region": "Grand Port",
        "elevation_m": null,
        "population": 0,
        "feature_type": "populated place",
        "geoname_id": 1106675
      }
    },
    {
      "type": "Feature",
      "geometry": {
        "type": "Point",
        "coordinates": [
          57.76,
          -20.32861
        ]
      },
      "properties": {
        "name": "Petit Sable",
        "country": "Mauritius",
        "region": "Grand Port",
        "elevation_m": null,
        "population": 0,
        "feature_type": "populated place",
        "geoname_id": 1106676
      }
    },
    {
      "type": "Feature",
      "geometry": {
        "type": "Point",
        "coordinates": [
          57.74528,
          -20.3475
        ]
      },
      "properties": {
        "name": "Anse Jonchée",
        "country": "Mauritius",
        "region": "Grand Port",
        "elevation_m": null,
        "population": 0,
        "feature_type": "populated place",
        "geoname_id": 1106678
      }
    },
    {
      "type": "Feature",
      "geometry": {
        "type": "Point",
        "coordinates": [
          57.69783,
          -20.36808
        ]
      },
      "properties": {
        "name": "Ferney",
        "country": "Mauritius",
        "region": "Grand Port",
        "elevation_m": null,
        "population": 0,
        "feature_type": "populated place",
        "geoname_id": 1106679
      }
    },
    {
      "type": "Feature",
      "geometry": {
        "type": "Point",
        "coordinates": [
          57.6825,
          -20.36194
        ]
      },
      "properties": {
        "name": "Le Vallon",
        "country": "Mauritius",
        "region": "Grand Port",
        "elevation_m": null,
        "population": 0,
        "feature_type": "populated place",
        "geoname_id": 1106680
      }
    },
    {
      "type": "Feature",
      "geometry": {
        "type": "Point",
        "coordinates": [
          57.65556,
          -20.38806
        ]
      },
      "properties": {
        "name": "Camp Jardin",
        "country": "Mauritius",
        "region": "Grand Port",
        "elevation_m": null,
        "population": 0,
        "feature_type": "populated place",
        "geoname_id": 1106682
      }
    },
    {
      "type": "Feature",
      "geometry": {
        "type": "Point",
        "coordinates": [
          57.6962,
          -20.40835
        ]
      },
      "properties": {
        "name": "Ville Noire",
        "country": "Mauritius",
        "region": "Grand Port",
        "elevation_m": null,
        "population": 0,
        "feature_type": "populated place",
        "geoname_id": 1106684
      }
    },
    {
      "type": "Feature",
      "geometry": {
        "type": "Point",
        "coordinates": [
          57.72693,
          -20.43035
        ]
      },
      "properties": {
        "name": "Pointe d’Esny",
        "country": "Mauritius",
        "region": "Grand Port",
        "elevation_m": null,
        "population": 0,
        "feature_type": "populated place",
        "geoname_id": 1106685
      }
    },
    {
      "type": "Feature",
      "geometry": {
        "type": "Point",
        "coordinates": [
          57.67083,
          -20.4575
        ]
      },
      "properties": {
        "name": "Camp Carol",
        "country": "Mauritius",
        "region": "Grand Port",
        "elevation_m": null,
        "population": 0,
        "feature_type": "populated place",
        "geoname_id": 1106687
      }
    },
    {
      "type": "Feature",
      "geometry": {
        "type": "Point",
        "coordinates": [
          57.64111,
          -20.44889
        ]
      },
      "properties": {
        "name": "Trois Boutiques",
        "country": "Mauritius",
        "region": "Grand Port",
        "elevation_m": null,
        "population": 0,
        "feature_type": "populated place",
        "geoname_id": 1106689
      }
    },
    {
      "type": "Feature",
      "geometry": {
        "type": "Point",
        "coordinates": [
          57.62111,
          -20.4575
        ]
      },
      "properties": {
        "name": "Plein Bois",
        "country": "Mauritius",
        "region": "Grand Port",
        "elevation_m": null,
        "population": 0,
        "feature_type": "populated place",
        "geoname_id": 1106690
      }
    },
    {
      "type": "Feature",
      "geometry": {
        "type": "Point",
        "coordinates": [
          57.61278,
          -20.47833
        ]
      },
      "properties": {
        "name": "La Sourdine",
        "country": "Mauritius",
        "region": "Grand Port",
        "elevation_m": null,
        "population": 0,
        "feature_type": "populated place",
        "geoname_id": 1106691
      }
    },
    {
      "type": "Feature",
      "geometry": {
        "type": "Point",
        "coordinates": [
          57.57361,
          -20.38639
        ]
      },
      "properties": {
        "name": "Union Park",
        "country": "Mauritius",
        "region": "Grand Port",
        "elevation_m": null,
        "population": 0,
        "feature_type": "populated place",
        "geoname_id": 1106693
      }
    },
    {
      "type": "Feature",
      "geometry": {
        "type": "Point",
        "coordinates": [
          57.58194,
          -20.39278
        ]
      },
      "properties": {
        "name": "Balisson",
        "country": "Mauritius",
        "region": "Grand Port",
        "elevation_m": null,
        "population": 0,
        "feature_type": "populated place",
        "geoname_id": 1106694
      }
    },
    {
      "type": "Feature",
      "geometry": {
        "type": "Point",
        "coordinates": [
          57.58806,
          -20.39611
        ]
      },
      "properties": {
        "name": "Marie Jeanie",
        "country": "Mauritius",
        "region": "Grand Port",
        "elevation_m": null,
        "population": 0,
        "feature_type": "populated place",
        "geoname_id": 1106695
      }
    },
    {
      "type": "Feature",
      "geometry": {
        "type": "Point",
        "coordinates": [
          57.58639,
          -20.37278
        ]
      },
      "properties": {
        "name": "Bémanique",
        "country": "Mauritius",
        "region": "Grand Port",
        "elevation_m": null,
        "population": 0,
        "feature_type": "populated place",
        "geoname_id": 1106697
      }
    },
    {
      "type": "Feature",
      "geometry": {
        "type": "Point",
        "coordinates": [
          57.6275,
          -20.37944
        ]
      },
      "properties": {
        "name": "Mare Chicose",
        "country": "Mauritius",
        "region": "Grand Port",
        "elevation_m": null,
        "population": 0,
        "feature_type": "abandoned populated place",
        "geoname_id": 1106698
      }
    },
    {
      "type": "Feature",
      "geometry": {
        "type": "Point",
        "coordinates": [
          57.64083,
          -20.37361
        ]
      },
      "properties": {
        "name": "Saint Hilaire",
        "country": "Mauritius",
        "region": "Grand Port",
        "elevation_m": null,
        "population": 0,
        "feature_type": "populated place",
        "geoname_id": 1106699
      }
    },
    {
      "type": "Feature",
      "geometry": {
        "type": "Point",
        "coordinates": [
          57.63417,
          -20.36056
        ]
      },
      "properties": {
        "name": "Sainte Madeleine",
        "country": "Mauritius",
        "region": "Grand Port",
        "elevation_m": null,
        "population": 0,
        "feature_type": "populated place",
        "geoname_id": 1106700
      }
    },
    {
      "type": "Feature",
      "geometry": {
        "type": "Point",
        "coordinates": [
          57.5575,
          -20.45028
        ]
      },
      "properties": {
        "name": "Britannia",
        "country": "Mauritius",
        "region": "Savanne",
        "elevation_m": null,
        "population": 0,
        "feature_type": "populated place",
        "geoname_id": 1106702
      }
    },
    {
      "type": "Feature",
      "geometry": {
        "type": "Point",
        "coordinates": [
          57.55083,
          -20.4375
        ]
      },
      "properties": {
        "name": "Saint Avold",
        "country": "Mauritius",
        "region": "Savanne",
        "elevation_m": null,
        "population": 0,
        "feature_type": "populated place",
        "geoname_id": 1106703
      }
    },
    {
      "type": "Feature",
      "geometry": {
        "type": "Point",
        "coordinates": [
          57.55194,
          -20.4425
        ]
      },
      "properties": {
        "name": "Camp Berthaud",
        "country": "Mauritius",
        "region": "Savanne",
        "elevation_m": null,
        "population": 0,
        "feature_type": "populated place",
        "geoname_id": 1106704
      }
    },
    {
      "type": "Feature",
      "geometry": {
        "type": "Point",
        "coordinates": [
          57.55,
          -20.50111
        ]
      },
      "properties": {
        "name": "Senneville",
        "country": "Mauritius",
        "region": "Savanne",
        "elevation_m": null,
        "population": 0,
        "feature_type": "populated place",
        "geoname_id": 1106705
      }
    },
    {
      "type": "Feature",
      "geometry": {
        "type": "Point",
        "coordinates": [
          57.53694,
          -20.46056
        ]
      },
      "properties": {
        "name": "Beau Bois",
        "country": "Mauritius",
        "region": "Savanne",
        "elevation_m": null,
        "population": 0,
        "feature_type": "populated place",
        "geoname_id": 1106706
      }
    },
    {
      "type": "Feature",
      "geometry": {
        "type": "Point",
        "coordinates": [
          57.55194,
          -20.47611
        ]
      },
      "properties": {
        "name": "Tyack",
        "country": "Mauritius",
        "region": "Savanne",
        "elevation_m": null,
        "population": 0,
        "feature_type": "populated place",
        "geoname_id": 1106707
      }
    },
    {
      "type": "Feature",
      "geometry": {
        "type": "Point",
        "coordinates": [
          57.51444,
          -20.50611
        ]
      },
      "properties": {
        "name": "Terracine",
        "country": "Mauritius",
        "region": "Savanne",
        "elevation_m": null,
        "population": 0,
        "feature_type": "populated place",
        "geoname_id": 1106708
      }
    },
    {
      "type": "Feature",
      "geometry": {
        "type": "Point",
        "coordinates": [
          57.5,
          -20.515
        ]
      },
      "properties": {
        "name": "Riambel",
        "country": "Mauritius",
        "region": "Savanne",
        "elevation_m": null,
        "population": 0,
        "feature_type": "populated place",
        "geoname_id": 1106709
      }
    },
    {
      "type": "Feature",
      "geometry": {
        "type": "Point",
        "coordinates": [
          57.48028,
          -20.50944
        ]
      },
      "properties": {
        "name": "Pomponnette",
        "country": "Mauritius",
        "region": "Savanne",
        "elevation_m": null,
        "population": 0,
        "feature_type": "populated place",
        "geoname_id": 1106711
      }
    },
    {
      "type": "Feature",
      "geometry": {
        "type": "Point",
        "coordinates": [
          57.53528,
          -20.49861
        ]
      },
      "properties": {
        "name": "Fontenelle",
        "country": "Mauritius",
        "region": "Savanne",
        "elevation_m": null,
        "population": 0,
        "feature_type": "populated place",
        "geoname_id": 1106712
      }
    },
    {
      "type": "Feature",
      "geometry": {
        "type": "Point",
        "coordinates": [
          57.46056,
          -20.50167
        ]
      },
      "properties": {
        "name": "Saint Felix",
        "country": "Mauritius",
        "region": "Savanne",
        "elevation_m": null,
        "population": 0,
        "feature_type": "populated place",
        "geoname_id": 1106713
      }
    },
    {
      "type": "Feature",
      "geometry": {
        "type": "Point",
        "coordinates": [
          57.43667,
          -20.45806
        ]
      },
      "properties": {
        "name": "Valruche",
        "country": "Mauritius",
        "region": "Savanne",
        "elevation_m": null,
        "population": 0,
        "feature_type": "populated place",
        "geoname_id": 1106714
      }
    },
    {
      "type": "Feature",
      "geometry": {
        "type": "Point",
        "coordinates": [
          57.45833,
          -20.49083
        ]
      },
      "properties": {
        "name": "Valentina",
        "country": "Mauritius",
        "region": "Savanne",
        "elevation_m": null,
        "population": 0,
        "feature_type": "populated place",
        "geoname_id": 1106715
      }
    },
    {
      "type": "Feature",
      "geometry": {
        "type": "Point",
        "coordinates": [
          57.33639,
          -20.46417
        ]
      },
      "properties": {
        "name": "L’Embrasure",
        "country": "Mauritius",
        "region": "Black River",
        "elevation_m": null,
        "population": 0,
        "feature_type": "populated place",
        "geoname_id": 1106716
      }
    },
    {
      "type": "Feature",
      "geometry": {
        "type": "Point",
        "coordinates": [
          57.36082,
          -20.42788
        ]
      },
      "properties": {
        "name": "La Gaulette",
        "country": "Mauritius",
        "region": "Black River",
        "elevation_m": null,
        "population": 0,
        "feature_type": "populated place",
        "geoname_id": 1106719
      }
    },
    {
      "type": "Feature",
      "geometry": {
        "type": "Point",
        "coordinates": [
          57.55361,
          -20.41028
        ]
      },
      "properties": {
        "name": "La Flora",
        "country": "Mauritius",
        "region": "Savanne",
        "elevation_m": null,
        "population": 0,
        "feature_type": "populated place",
        "geoname_id": 1106721
      }
    },
    {
      "type": "Feature",
      "geometry": {
        "type": "Point",
        "coordinates": [
          57.53746,
          -20.32962
        ]
      },
      "properties": {
        "name": "Forest Side",
        "country": "Mauritius",
        "region": "Plaines Wilhems",
        "elevation_m": null,
        "population": 0,
        "feature_type": "populated place",
        "geoname_id": 1106727
      }
    },
    {
      "type": "Feature",
      "geometry": {
        "type": "Point",
        "coordinates": [
          57.51861,
          -20.29917
        ]
      },
      "properties": {
        "name": "Engrais Cathan",
        "country": "Mauritius",
        "region": "Plaines Wilhems",
        "elevation_m": null,
        "population": 0,
        "feature_type": "populated place",
        "geoname_id": 1106728
      }
    },
    {
      "type": "Feature",
      "geometry": {
        "type": "Point",
        "coordinates": [
          57.50944,
          -20.30028
        ]
      },
      "properties": {
        "name": "Engrais Martial",
        "country": "Mauritius",
        "region": "Plaines Wilhems",
        "elevation_m": null,
        "population": 0,
        "feature_type": "populated place",
        "geoname_id": 1106729
      }
    },
    {
      "type": "Feature",
      "geometry": {
        "type": "Point",
        "coordinates": [
          57.51167,
          -20.29028
        ]
      },
      "properties": {
        "name": "Mesnil",
        "country": "Mauritius",
        "region": "Plaines Wilhems",
        "elevation_m": null,
        "population": 0,
        "feature_type": "populated place",
        "geoname_id": 1106731
      }
    },
    {
      "type": "Feature",
      "geometry": {
        "type": "Point",
        "coordinates": [
          57.52389,
          -20.28139
        ]
      },
      "properties": {
        "name": "Saint Antoine",
        "country": "Mauritius",
        "region": "Plaines Wilhems",
        "elevation_m": null,
        "population": 0,
        "feature_type": "populated place",
        "geoname_id": 1106732
      }
    },
    {
      "type": "Feature",
      "geometry": {
        "type": "Point",
        "coordinates": [
          57.52776,
          -20.26936
        ]
      },
      "properties": {
        "name": "Belle Terre",
        "country": "Mauritius",
        "region": "Plaines Wilhems",
        "elevation_m": null,
        "population": 0,
        "feature_type": "populated place",
        "geoname_id": 1106733
      }
    },
    {
      "type": "Feature",
      "geometry": {
        "type": "Point",
        "coordinates": [
          57.53089,
          -20.27097
        ]
      },
      "properties": {
        "name": "Cinq Arpents",
        "country": "Mauritius",
        "region": "Plaines Wilhems",
        "elevation_m": null,
        "population": 0,
        "feature_type": "populated place",
        "geoname_id": 1106734
      }
    },
    {
      "type": "Feature",
      "geometry": {
        "type": "Point",
        "coordinates": [
          57.5106,
          -20.27122
        ]
      },
      "properties": {
        "name": "Valentina",
        "country": "Mauritius",
        "region": "Plaines Wilhems",
        "elevation_m": null,
        "population": 0,
        "feature_type": "section of populated place",
        "geoname_id": 1106735
      }
    },
    {
      "type": "Feature",
      "geometry": {
        "type": "Point",
        "coordinates": [
          57.49755,
          -20.26983
        ]
      },
      "properties": {
        "name": "Petit Camp",
        "country": "Mauritius",
        "region": "Plaines Wilhems",
        "elevation_m": null,
        "population": 0,
        "feature_type": "populated place",
        "geoname_id": 1106736
      }
    },
    {
      "type": "Feature",
      "geometry": {
        "type": "Point",
        "coordinates": [
          57.50194,
          -20.32
        ]
      },
      "properties": {
        "name": "Camp Caval",
        "country": "Mauritius",
        "region": "Plaines Wilhems",
        "elevation_m": null,
        "population": 0,
        "feature_type": "populated place",
        "geoname_id": 1106737
      }
    },
    {
      "type": "Feature",
      "geometry": {
        "type": "Point",
        "coordinates": [
          57.46528,
          -20.33222
        ]
      },
      "properties": {
        "name": "Camp Mapou",
        "country": "Mauritius",
        "region": "Plaines Wilhems",
        "elevation_m": null,
        "population": 0,
        "feature_type": "populated place",
        "geoname_id": 1106738
      }
    },
    {
      "type": "Feature",
      "geometry": {
        "type": "Point",
        "coordinates": [
          57.46861,
          -20.325
        ]
      },
      "properties": {
        "name": "Camp La Savanne",
        "country": "Mauritius",
        "region": "Plaines Wilhems",
        "elevation_m": null,
        "population": 0,
        "feature_type": "populated place",
        "geoname_id": 1106739
      }
    },
    {
      "type": "Feature",
      "geometry": {
        "type": "Point",
        "coordinates": [
          57.46778,
          -20.32194
        ]
      },
      "properties": {
        "name": "Camp Roches",
        "country": "Mauritius",
        "region": "Plaines Wilhems",
        "elevation_m": null,
        "population": 0,
        "feature_type": "populated place",
        "geoname_id": 1106740
      }
    },
    {
      "type": "Feature",
      "geometry": {
        "type": "Point",
        "coordinates": [
          57.47833,
          -20.32111
        ]
      },
      "properties": {
        "name": "Glen Park",
        "country": "Mauritius",
        "region": "Plaines Wilhems",
        "elevation_m": null,
        "population": 0,
        "feature_type": "populated place",
        "geoname_id": 1106741
      }
    },
    {
      "type": "Feature",
      "geometry": {
        "type": "Point",
        "coordinates": [
          57.4675,
          -20.30972
        ]
      },
      "properties": {
        "name": "Holyrood",
        "country": "Mauritius",
        "region": "Plaines Wilhems",
        "elevation_m": null,
        "population": 0,
        "feature_type": "populated place",
        "geoname_id": 1106742
      }
    },
    {
      "type": "Feature",
      "geometry": {
        "type": "Point",
        "coordinates": [
          57.49861,
          -20.32611
        ]
      },
      "properties": {
        "name": "Les Casernes",
        "country": "Mauritius",
        "region": "Plaines Wilhems",
        "elevation_m": null,
        "population": 0,
        "feature_type": "populated place",
        "geoname_id": 1106743
      }
    },
    {
      "type": "Feature",
      "geometry": {
        "type": "Point",
        "coordinates": [
          57.47639,
          -20.28056
        ]
      },
      "properties": {
        "name": "Carreau La Liane",
        "country": "Mauritius",
        "region": "Plaines Wilhems",
        "elevation_m": null,
        "population": 0,
        "feature_type": "populated place",
        "geoname_id": 1106744
      }
    },
    {
      "type": "Feature",
      "geometry": {
        "type": "Point",
        "coordinates": [
          57.46249,
          -20.27109
        ]
      },
      "properties": {
        "name": "La Source",
        "country": "Mauritius",
        "region": "Plaines Wilhems",
        "elevation_m": null,
        "population": 0,
        "feature_type": "populated place",
        "geoname_id": 1106746
      }
    },
    {
      "type": "Feature",
      "geometry": {
        "type": "Point",
        "coordinates": [
          57.45967,
          -20.25029
        ]
      },
      "properties": {
        "name": "Stanley",
        "country": "Mauritius",
        "region": "Plaines Wilhems",
        "elevation_m": null,
        "population": 0,
        "feature_type": "populated place",
        "geoname_id": 1106747
      }
    },
    {
      "type": "Feature",
      "geometry": {
        "type": "Point",
        "coordinates": [
          57.46095,
          -20.24212
        ]
      },
      "properties": {
        "name": "Plaisance",
        "country": "Mauritius",
        "region": "Plaines Wilhems",
        "elevation_m": null,
        "population": 0,
        "feature_type": "populated place",
        "geoname_id": 1106749
      }
    },
    {
      "type": "Feature",
      "geometry": {
        "type": "Point",
        "coordinates": [
          57.47047,
          -20.20472
        ]
      },
      "properties": {
        "name": "Belle Étoile",
        "country": "Mauritius",
        "region": "Plaines Wilhems",
        "elevation_m": null,
        "population": 0,
        "feature_type": "populated place",
        "geoname_id": 1106750
      }
    },
    {
      "type": "Feature",
      "geometry": {
        "type": "Point",
        "coordinates": [
          57.41944,
          -20.27806
        ]
      },
      "properties": {
        "name": "Beaux Songes",
        "country": "Mauritius",
        "region": "Black River",
        "elevation_m": null,
        "population": 0,
        "feature_type": "populated place",
        "geoname_id": 1106753
      }
    },
    {
      "type": "Feature",
      "geometry": {
        "type": "Point",
        "coordinates": [
          57.41194,
          -20.25889
        ]
      },
      "properties": {
        "name": "Eau Bonne",
        "country": "Mauritius",
        "region": "Black River",
        "elevation_m": null,
        "population": 0,
        "feature_type": "populated place",
        "geoname_id": 1106754
      }
    },
    {
      "type": "Feature",
      "geometry": {
        "type": "Point",
        "coordinates": [
          57.35667,
          -20.34139
        ]
      },
      "properties": {
        "name": "La Mivoie",
        "country": "Mauritius",
        "region": "Black River",
        "elevation_m": null,
        "population": 0,
        "feature_type": "populated place",
        "geoname_id": 1106756
      }
    },
    {
      "type": "Feature",
      "geometry": {
        "type": "Point",
        "coordinates": [
          57.37222,
          -20.38972
        ]
      },
      "properties": {
        "name": "Petite Rivière Noire",
        "country": "Mauritius",
        "region": "Black River",
        "elevation_m": null,
        "population": 0,
        "feature_type": "populated place",
        "geoname_id": 1106760
      }
    },
    {
      "type": "Feature",
      "geometry": {
        "type": "Point",
        "coordinates": [
          57.42167,
          -20.2175
        ]
      },
      "properties": {
        "name": "Canot",
        "country": "Mauritius",
        "region": "Black River",
        "elevation_m": null,
        "population": 0,
        "feature_type": "populated place",
        "geoname_id": 1106761
      }
    },
    {
      "type": "Feature",
      "geometry": {
        "type": "Point",
        "coordinates": [
          57.40889,
          -20.20444
        ]
      },
      "properties": {
        "name": "Camp Créoles",
        "country": "Mauritius",
        "region": "Black River",
        "elevation_m": null,
        "population": 0,
        "feature_type": "populated place",
        "geoname_id": 1106762
      }
    },
    {
      "type": "Feature",
      "geometry": {
        "type": "Point",
        "coordinates": [
          57.45332,
          -20.17372
        ]
      },
      "properties": {
        "name": "Pointe aux Sables",
        "country": "Mauritius",
        "region": "Port Louis",
        "elevation_m": null,
        "population": 0,
        "feature_type": "section of populated place",
        "geoname_id": 1106764
      }
    },
    {
      "type": "Feature",
      "geometry": {
        "type": "Point",
        "coordinates": [
          57.53432,
          -20.15816
        ]
      },
      "properties": {
        "name": "Cité La Cure",
        "country": "Mauritius",
        "region": "Port Louis",
        "elevation_m": null,
        "population": 0,
        "feature_type": "section of populated place",
        "geoname_id": 1106768
      }
    },
    {
      "type": "Feature",
      "geometry": {
        "type": "Point",
        "coordinates": [
          57.56595,
          -20.18937
        ]
      },
      "properties": {
        "name": "Melotte",
        "country": "Mauritius",
        "region": "Pamplemousses",
        "elevation_m": null,
        "population": 0,
        "feature_type": "populated place",
        "geoname_id": 1106769
      }
    },
    {
      "type": "Feature",
      "geometry": {
        "type": "Point",
        "coordinates": [
          57.56686,
          -20.18239
        ]
      },
      "properties": {
        "name": "Caroline",
        "country": "Mauritius",
        "region": "Pamplemousses",
        "elevation_m": null,
        "population": 0,
        "feature_type": "populated place",
        "geoname_id": 1106770
      }
    },
    {
      "type": "Feature",
      "geometry": {
        "type": "Point",
        "coordinates": [
          57.58194,
          -20.18722
        ]
      },
      "properties": {
        "name": "Nouvelle Découverte",
        "country": "Mauritius",
        "region": "Moka",
        "elevation_m": null,
        "population": 0,
        "feature_type": "populated place",
        "geoname_id": 1106773
      }
    },
    {
      "type": "Feature",
      "geometry": {
        "type": "Point",
        "coordinates": [
          57.61,
          -20.17444
        ]
      },
      "properties": {
        "name": "Salazie",
        "country": "Mauritius",
        "region": "Moka",
        "elevation_m": null,
        "population": 0,
        "feature_type": "populated place",
        "geoname_id": 1106774
      }
    },
    {
      "type": "Feature",
      "geometry": {
        "type": "Point",
        "coordinates": [
          57.55277,
          -20.21832
        ]
      },
      "properties": {
        "name": "L’Avenir",
        "country": "Mauritius",
        "region": "Moka",
        "elevation_m": null,
        "population": 0,
        "feature_type": "populated place",
        "geoname_id": 1106775
      }
    },
    {
      "type": "Feature",
      "geometry": {
        "type": "Point",
        "coordinates": [
          57.50605,
          -20.22903
        ]
      },
      "properties": {
        "name": "Telfair",
        "country": "Mauritius",
        "region": "Moka",
        "elevation_m": null,
        "population": 0,
        "feature_type": "populated place",
        "geoname_id": 1106776
      }
    },
    {
      "type": "Feature",
      "geometry": {
        "type": "Point",
        "coordinates": [
          57.55423,
          -20.25164
        ]
      },
      "properties": {
        "name": "L’Assurance",
        "country": "Mauritius",
        "region": "Moka",
        "elevation_m": null,
        "population": 0,
        "feature_type": "populated place",
        "geoname_id": 1106781
      }
    },
    {
      "type": "Feature",
      "geometry": {
        "type": "Point",
        "coordinates": [
          57.59583,
          -20.23075
        ]
      },
      "properties": {
        "name": "Espérance",
        "country": "Mauritius",
        "region": "Moka",
        "elevation_m": null,
        "population": 0,
        "feature_type": "populated place",
        "geoname_id": 1106782
      }
    },
    {
      "type": "Feature",
      "geometry": {
        "type": "Point",
        "coordinates": [
          57.58472,
          -20.255
        ]
      },
      "properties": {
        "name": "Vuillemin",
        "country": "Mauritius",
        "region": "Moka",
        "elevation_m": null,
        "population": 0,
        "feature_type": "populated place",
        "geoname_id": 1106783
      }
    },
    {
      "type": "Feature",
      "geometry": {
        "type": "Point",
        "coordinates": [
          57.65528,
          -20.27472
        ]
      },
      "properties": {
        "name": "Petit Paquet",
        "country": "Mauritius",
        "region": "Moka",
        "elevation_m": null,
        "population": 0,
        "feature_type": "populated place",
        "geoname_id": 1106784
      }
    },
    {
      "type": "Feature",
      "geometry": {
        "type": "Point",
        "coordinates": [
          57.5346,
          -20.2415
        ]
      },
      "properties": {
        "name": "Camp Auguste",
        "country": "Mauritius",
        "region": "Moka",
        "elevation_m": null,
        "population": 0,
        "feature_type": "populated place",
        "geoname_id": 1106791
      }
    },
    {
      "type": "Feature",
      "geometry": {
        "type": "Point",
        "coordinates": [
          57.52472,
          -20.30917
        ]
      },
      "properties": {
        "name": "Malherbes",
        "country": "Mauritius",
        "region": "Plaines Wilhems",
        "elevation_m": null,
        "population": 0,
        "feature_type": "populated place",
        "geoname_id": 1106792
      }
    },
    {
      "type": "Feature",
      "geometry": {
        "type": "Point",
        "coordinates": [
          57.5175,
          -20.30417
        ]
      },
      "properties": {
        "name": "Eaux Coulée",
        "country": "Mauritius",
        "region": "Plaines Wilhems",
        "elevation_m": null,
        "population": 0,
        "feature_type": "populated place",
        "geoname_id": 1106793
      }
    },
    {
      "type": "Feature",
      "geometry": {
        "type": "Point",
        "coordinates": [
          57.47556,
          -20.28778
        ]
      },
      "properties": {
        "name": "Bonne Terre",
        "country": "Mauritius",
        "region": "Plaines Wilhems",
        "elevation_m": null,
        "population": 0,
        "feature_type": "populated place",
        "geoname_id": 1106794
      }
    },
    {
      "type": "Feature",
      "geometry": {
        "type": "Point",
        "coordinates": [
          57.4732,
          -20.27122
        ]
      },
      "properties": {
        "name": "La Louise",
        "country": "Mauritius",
        "region": "Plaines Wilhems",
        "elevation_m": null,
        "population": 0,
        "feature_type": "section of populated place",
        "geoname_id": 1106795
      }
    },
    {
      "type": "Feature",
      "geometry": {
        "type": "Point",
        "coordinates": [
          57.49046,
          -20.2594
        ]
      },
      "properties": {
        "name": "Pellegrin",
        "country": "Mauritius",
        "region": "Plaines Wilhems",
        "elevation_m": null,
        "population": 0,
        "feature_type": "populated place",
        "geoname_id": 1106796
      }
    },
    {
      "type": "Feature",
      "geometry": {
        "type": "Point",
        "coordinates": [
          57.47883,
          -20.25316
        ]
      },
      "properties": {
        "name": "Beau Séjour",
        "country": "Mauritius",
        "region": "Plaines Wilhems",
        "elevation_m": null,
        "population": 0,
        "feature_type": "section of populated place",
        "geoname_id": 1106797
      }
    },
    {
      "type": "Feature",
      "geometry": {
        "type": "Point",
        "coordinates": [
          57.44944,
          -20.22028
        ]
      },
      "properties": {
        "name": "Barkly",
        "country": "Mauritius",
        "region": "Plaines Wilhems",
        "elevation_m": null,
        "population": 0,
        "feature_type": "populated place",
        "geoname_id": 1106798
      }
    },
    {
      "type": "Feature",
      "geometry": {
        "type": "Point",
        "coordinates": [
          57.47259,
          -20.21798
        ]
      },
      "properties": {
        "name": "Vuillemain",
        "country": "Mauritius",
        "region": "Plaines Wilhems",
        "elevation_m": null,
        "population": 0,
        "feature_type": "section of populated place",
        "geoname_id": 1106800
      }
    },
    {
      "type": "Feature",
      "geometry": {
        "type": "Point",
        "coordinates": [
          57.48156,
          -20.20215
        ]
      },
      "properties": {
        "name": "Montebello",
        "country": "Mauritius",
        "region": "Port Louis",
        "elevation_m": null,
        "population": 0,
        "feature_type": "section of populated place",
        "geoname_id": 1106801
      }
    },
    {
      "type": "Feature",
      "geometry": {
        "type": "Point",
        "coordinates": [
          57.49264,
          -20.18852
        ]
      },
      "properties": {
        "name": "Les Guibies",
        "country": "Mauritius",
        "region": "Port Louis",
        "elevation_m": null,
        "population": 0,
        "feature_type": "section of populated place",
        "geoname_id": 1106802
      }
    },
    {
      "type": "Feature",
      "geometry": {
        "type": "Point",
        "coordinates": [
          57.47974,
          -20.16318
        ]
      },
      "properties": {
        "name": "Bain des Dames",
        "country": "Mauritius",
        "region": "Port Louis",
        "elevation_m": null,
        "population": 0,
        "feature_type": "populated place",
        "geoname_id": 1106803
      }
    },
    {
      "type": "Feature",
      "geometry": {
        "type": "Point",
        "coordinates": [
          57.51145,
          -20.17497
        ]
      },
      "properties": {
        "name": "Tranquebar",
        "country": "Mauritius",
        "region": "Port Louis",
        "elevation_m": null,
        "population": 0,
        "feature_type": "section of populated place",
        "geoname_id": 1106804
      }
    },
    {
      "type": "Feature",
      "geometry": {
        "type": "Point",
        "coordinates": [
          57.50809,
          -20.16522
        ]
      },
      "properties": {
        "name": "Champ de Mars",
        "country": "Mauritius",
        "region": "Port Louis",
        "elevation_m": null,
        "population": 0,
        "feature_type": "section of populated place",
        "geoname_id": 1106805
      }
    },
    {
      "type": "Feature",
      "geometry": {
        "type": "Point",
        "coordinates": [
          57.51936,
          -20.16833
        ]
      },
      "properties": {
        "name": "Vallée Pitot",
        "country": "Mauritius",
        "region": "Port Louis",
        "elevation_m": null,
        "population": 0,
        "feature_type": "section of populated place",
        "geoname_id": 1106806
      }
    },
    {
      "type": "Feature",
      "geometry": {
        "type": "Point",
        "coordinates": [
          57.51454,
          -20.15952
        ]
      },
      "properties": {
        "name": "Plaine Verte",
        "country": "Mauritius",
        "region": "Port Louis",
        "elevation_m": null,
        "population": 0,
        "feature_type": "section of populated place",
        "geoname_id": 1106807
      }
    },
    {
      "type": "Feature",
      "geometry": {
        "type": "Point",
        "coordinates": [
          57.50731,
          -20.15563
        ]
      },
      "properties": {
        "name": "Camp Yoloff",
        "country": "Mauritius",
        "region": "Port Louis",
        "elevation_m": null,
        "population": 0,
        "feature_type": "section of populated place",
        "geoname_id": 1106808
      }
    },
    {
      "type": "Feature",
      "geometry": {
        "type": "Point",
        "coordinates": [
          57.5475,
          -20.12056
        ]
      },
      "properties": {
        "name": "Khoyratty",
        "country": "Mauritius",
        "region": "Pamplemousses",
        "elevation_m": null,
        "population": 0,
        "feature_type": "populated place",
        "geoname_id": 1106810
      }
    },
    {
      "type": "Feature",
      "geometry": {
        "type": "Point",
        "coordinates": [
          57.54972,
          -20.11111
        ]
      },
      "properties": {
        "name": "L’Espoir",
        "country": "Mauritius",
        "region": "Pamplemousses",
        "elevation_m": null,
        "population": 0,
        "feature_type": "populated place",
        "geoname_id": 1106812
      }
    },
    {
      "type": "Feature",
      "geometry": {
        "type": "Point",
        "coordinates": [
          57.51056,
          -20.10083
        ]
      },
      "properties": {
        "name": "Le Goulet",
        "country": "Mauritius",
        "region": "Pamplemousses",
        "elevation_m": null,
        "population": 0,
        "feature_type": "populated place",
        "geoname_id": 1106814
      }
    },
    {
      "type": "Feature",
      "geometry": {
        "type": "Point",
        "coordinates": [
          57.53637,
          -20.1685
        ]
      },
      "properties": {
        "name": "Vallée des Prêtres",
        "country": "Mauritius",
        "region": "Port Louis",
        "elevation_m": null,
        "population": 0,
        "feature_type": "section of populated place",
        "geoname_id": 1106815
      }
    },
    {
      "type": "Feature",
      "geometry": {
        "type": "Point",
        "coordinates": [
          57.46842,
          -20.19344
        ]
      },
      "properties": {
        "name": "Coromandel",
        "country": "Mauritius",
        "region": "Plaines Wilhems",
        "elevation_m": null,
        "population": 0,
        "feature_type": "populated place",
        "geoname_id": 1106817
      }
    },
    {
      "type": "Feature",
      "geometry": {
        "type": "Point",
        "coordinates": [
          57.52736,
          -20.15652
        ]
      },
      "properties": {
        "name": "Carreau Lalo",
        "country": "Mauritius",
        "region": "Port Louis",
        "elevation_m": null,
        "population": 0,
        "feature_type": "section of populated place",
        "geoname_id": 1106819
      }
    },
    {
      "type": "Feature",
      "geometry": {
        "type": "Point",
        "coordinates": [
          57.48516,
          -20.255
        ]
      },
      "properties": {
        "name": "Saint Jean",
        "country": "Mauritius",
        "region": "Plaines Wilhems",
        "elevation_m": null,
        "population": 0,
        "feature_type": "section of populated place",
        "geoname_id": 1106824
      }
    },
    {
      "type": "Feature",
      "geometry": {
        "type": "Point",
        "coordinates": [
          57.47936,
          -20.27837
        ]
      },
      "properties": {
        "name": "Candos",
        "country": "Mauritius",
        "region": "Plaines Wilhems",
        "elevation_m": null,
        "population": 0,
        "feature_type": "section of populated place",
        "geoname_id": 1106827
      }
    },
    {
      "type": "Feature",
      "geometry": {
        "type": "Point",
        "coordinates": [
          57.49667,
          -20.2775
        ]
      },
      "properties": {
        "name": "River Side",
        "country": "Mauritius",
        "region": "Plaines Wilhems",
        "elevation_m": null,
        "population": 0,
        "feature_type": "populated place",
        "geoname_id": 1106828
      }
    },
    {
      "type": "Feature",
      "geometry": {
        "type": "Point",
        "coordinates": [
          57.50444,
          -20.28778
        ]
      },
      "properties": {
        "name": "Saint Paul",
        "country": "Mauritius",
        "region": "Plaines Wilhems",
        "elevation_m": null,
        "population": 0,
        "feature_type": "populated place",
        "geoname_id": 1106829
      }
    },
    {
      "type": "Feature",
      "geometry": {
        "type": "Point",
        "coordinates": [
          57.37833,
          -20.265
        ]
      },
      "properties": {
        "name": "Anna",
        "country": "Mauritius",
        "region": "Black River",
        "elevation_m": null,
        "population": 0,
        "feature_type": "populated place",
        "geoname_id": 1106830
      }
    },
    {
      "type": "Feature",
      "geometry": {
        "type": "Point",
        "coordinates": [
          57.47888,
          -20.16946
        ]
      },
      "properties": {
        "name": "Cité Valijée",
        "country": "Mauritius",
        "region": "Port Louis",
        "elevation_m": null,
        "population": 0,
        "feature_type": "section of populated place",
        "geoname_id": 1106834
      }
    },
    {
      "type": "Feature",
      "geometry": {
        "type": "Point",
        "coordinates": [
          63.46667,
          -19.66667
        ]
      },
      "properties": {
        "name": "Vainqueur",
        "country": "Mauritius",
        "region": "",
        "elevation_m": null,
        "population": 0,
        "feature_type": "populated place",
        "geoname_id": 1545740
      }
    },
    {
      "type": "Feature",
      "geometry": {
        "type": "Point",
        "coordinates": [
          63.46667,
          -19.68333
        ]
      },
      "properties": {
        "name": "Trèfles",
        "country": "Mauritius",
        "region": "",
        "elevation_m": null,
        "population": 0,
        "feature_type": "populated place",
        "geoname_id": 1545741
      }
    },
    {
      "type": "Feature",
      "geometry": {
        "type": "Point",
        "coordinates": [
          63.43333,
          -19.7
        ]
      },
      "properties": {
        "name": "Saint Gabriel",
        "country": "Mauritius",
        "region": "Rodrigues",
        "elevation_m": null,
        "population": 0,
        "feature_type": "populated place",
        "geoname_id": 1545746
      }
    },
    {
      "type": "Feature",
      "geometry": {
        "type": "Point",
        "coordinates": [
          63.4,
          -19.7
        ]
      },
      "properties": {
        "name": "Quatre Vents",
        "country": "Mauritius",
        "region": "Rodrigues",
        "elevation_m": null,
        "population": 0,
        "feature_type": "populated place",
        "geoname_id": 1545750
      }
    },
    {
      "type": "Feature",
      "geometry": {
        "type": "Point",
        "coordinates": [
          63.45,
          -19.75
        ]
      },
      "properties": {
        "name": "Port Sud-Est",
        "country": "Mauritius",
        "region": "Rodrigues",
        "elevation_m": null,
        "population": 0,
        "feature_type": "populated place",
        "geoname_id": 1545751
      }
    },
    {
      "type": "Feature",
      "geometry": {
        "type": "Point",
        "coordinates": [
          63.41667,
          -19.71667
        ]
      },
      "properties": {
        "name": "Petit Gabriel",
        "country": "Mauritius",
        "region": "Rodrigues",
        "elevation_m": null,
        "population": 0,
        "feature_type": "populated place",
        "geoname_id": 1545756
      }
    },
    {
      "type": "Feature",
      "geometry": {
        "type": "Point",
        "coordinates": [
          63.4625,
          -19.71111
        ]
      },
      "properties": {
        "name": "Petit Brûlé",
        "country": "Mauritius",
        "region": "Rodrigues",
        "elevation_m": null,
        "population": 0,
        "feature_type": "populated place",
        "geoname_id": 1545757
      }
    },
    {
      "type": "Feature",
      "geometry": {
        "type": "Point",
        "coordinates": [
          63.45,
          -19.68333
        ]
      },
      "properties": {
        "name": "Paves",
        "country": "Mauritius",
        "region": "",
        "elevation_m": null,
        "population": 0,
        "feature_type": "populated place",
        "geoname_id": 1545758
      }
    },
    {
      "type": "Feature",
      "geometry": {
        "type": "Point",
        "coordinates": [
          63.46944,
          -19.71111
        ]
      },
      "properties": {
        "name": "Nouvelle Découverte",
        "country": "Mauritius",
        "region": "Rodrigues",
        "elevation_m": null,
        "population": 0,
        "feature_type": "populated place",
        "geoname_id": 1545762
      }
    },
    {
      "type": "Feature",
      "geometry": {
        "type": "Point",
        "coordinates": [
          63.44722,
          -19.71389
        ]
      },
      "properties": {
        "name": "Lataniers",
        "country": "Mauritius",
        "region": "Rodrigues",
        "elevation_m": null,
        "population": 0,
        "feature_type": "populated place",
        "geoname_id": 1545774
      }
    },
    {
      "type": "Feature",
      "geometry": {
        "type": "Point",
        "coordinates": [
          63.38333,
          -19.7
        ]
      },
      "properties": {
        "name": "La Ferme",
        "country": "Mauritius",
        "region": "Rodrigues",
        "elevation_m": null,
        "population": 0,
        "feature_type": "populated place",
        "geoname_id": 1545776
      }
    },
    {
      "type": "Feature",
      "geometry": {
        "type": "Point",
        "coordinates": [
          63.43056,
          -19.68056
        ]
      },
      "properties": {
        "name": "Crève Coeur",
        "country": "Mauritius",
        "region": "Rodrigues",
        "elevation_m": null,
        "population": 0,
        "feature_type": "populated place",
        "geoname_id": 1545795
      }
    },
    {
      "type": "Feature",
      "geometry": {
        "type": "Point",
        "coordinates": [
          63.475,
          -19.71389
        ]
      },
      "properties": {
        "name": "Coromandel",
        "country": "Mauritius",
        "region": "Rodrigues",
        "elevation_m": null,
        "population": 0,
        "feature_type": "populated place",
        "geoname_id": 1545799
      }
    },
    {
      "type": "Feature",
      "geometry": {
        "type": "Point",
        "coordinates": [
          63.45,
          -19.68333
        ]
      },
      "properties": {
        "name": "Bambou",
        "country": "Mauritius",
        "region": "",
        "elevation_m": null,
        "population": 0,
        "feature_type": "populated place",
        "geoname_id": 1545806
      }
    },
    {
      "type": "Feature",
      "geometry": {
        "type": "Point",
        "coordinates": [
          63.38194,
          -19.73889
        ]
      },
      "properties": {
        "name": "La Fouche",
        "country": "Mauritius",
        "region": "Rodrigues",
        "elevation_m": null,
        "population": 0,
        "feature_type": "populated place",
        "geoname_id": 1547457
      }
    },
    {
      "type": "Feature",
      "geometry": {
        "type": "Point",
        "coordinates": [
          63.38333,
          -19.75
        ]
      },
      "properties": {
        "name": "Petite Butte",
        "country": "Mauritius",
        "region": "Rodrigues",
        "elevation_m": null,
        "population": 0,
        "feature_type": "populated place",
        "geoname_id": 1547459
      }
    },
    {
      "type": "Feature",
      "geometry": {
        "type": "Point",
        "coordinates": [
          63.41111,
          -19.74028
        ]
      },
      "properties": {
        "name": "Rivière Cocos",
        "country": "Mauritius",
        "region": "Rodrigues",
        "elevation_m": null,
        "population": 0,
        "feature_type": "populated place",
        "geoname_id": 1547466
      }
    },
    {
      "type": "Feature",
      "geometry": {
        "type": "Point",
        "coordinates": [
          63.39167,
          -19.71667
        ]
      },
      "properties": {
        "name": "Mangue",
        "country": "Mauritius",
        "region": "Rodrigues",
        "elevation_m": null,
        "population": 0,
        "feature_type": "populated place",
        "geoname_id": 1547467
      }
    },
    {
      "type": "Feature",
      "geometry": {
        "type": "Point",
        "coordinates": [
          63.39444,
          -19.73333
        ]
      },
      "properties": {
        "name": "Maréchal",
        "country": "Mauritius",
        "region": "Rodrigues",
        "elevation_m": null,
        "population": 0,
        "feature_type": "populated place",
        "geoname_id": 1547472
      }
    },
    {
      "type": "Feature",
      "geometry": {
        "type": "Point",
        "coordinates": [
          63.44861,
          -19.67778
        ]
      },
      "properties": {
        "name": "Grand Baie",
        "country": "Mauritius",
        "region": "Rodrigues",
        "elevation_m": null,
        "population": 0,
        "feature_type": "populated place",
        "geoname_id": 1547476
      }
    },
    {
      "type": "Feature",
      "geometry": {
        "type": "Point",
        "coordinates": [
          63.43056,
          -19.675
        ]
      },
      "properties": {
        "name": "Anse aux Anglais",
        "country": "Mauritius",
        "region": "Rodrigues",
        "elevation_m": null,
        "population": 0,
        "feature_type": "populated place",
        "geoname_id": 1547480
      }
    },
    {
      "type": "Feature",
      "geometry": {
        "type": "Point",
        "coordinates": [
          63.47083,
          -19.69167
        ]
      },
      "properties": {
        "name": "Roche Bon Dieu",
        "country": "Mauritius",
        "region": "Rodrigues",
        "elevation_m": null,
        "population": 0,
        "feature_type": "populated place",
        "geoname_id": 1547481
      }
    },
    {
      "type": "Feature",
      "geometry": {
        "type": "Point",
        "coordinates": [
          63.46667,
          -19.7125
        ]
      },
      "properties": {
        "name": "Grande Montagne",
        "country": "Mauritius",
        "region": "Rodrigues",
        "elevation_m": null,
        "population": 0,
        "feature_type": "populated place",
        "geoname_id": 1547483
      }
    },
    {
      "type": "Feature",
      "geometry": {
        "type": "Point",
        "coordinates": [
          63.48333,
          -19.7
        ]
      },
      "properties": {
        "name": "Patate Théophile",
        "country": "Mauritius",
        "region": "Rodrigues",
        "elevation_m": null,
        "population": 0,
        "feature_type": "populated place",
        "geoname_id": 1547484
      }
    },
    {
      "type": "Feature",
      "geometry": {
        "type": "Point",
        "coordinates": [
          63.48333,
          -19.72778
        ]
      },
      "properties": {
        "name": "Petit Gravier",
        "country": "Mauritius",
        "region": "Rodrigues",
        "elevation_m": null,
        "population": 0,
        "feature_type": "populated place",
        "geoname_id": 1547490
      }
    },
    {
      "type": "Feature",
      "geometry": {
        "type": "Point",
        "coordinates": [
          63.44167,
          -19.7
        ]
      },
      "properties": {
        "name": "Citronelle",
        "country": "Mauritius",
        "region": "Rodrigues",
        "elevation_m": null,
        "population": 0,
        "feature_type": "populated place",
        "geoname_id": 1547494
      }
    },
    {
      "type": "Feature",
      "geometry": {
        "type": "Point",
        "coordinates": [
          63.44167,
          -19.70833
        ]
      },
      "properties": {
        "name": "Mont Lubin",
        "country": "Mauritius",
        "region": "Rodrigues",
        "elevation_m": null,
        "population": 0,
        "feature_type": "populated place",
        "geoname_id": 1547495
      }
    },
    {
      "type": "Feature",
      "geometry": {
        "type": "Point",
        "coordinates": [
          63.35979,
          -19.75386
        ]
      },
      "properties": {
        "name": "Plaine Corail",
        "country": "Mauritius",
        "region": "Rodrigues",
        "elevation_m": null,
        "population": 0,
        "feature_type": "populated place",
        "geoname_id": 1547511
      }
    },
    {
      "type": "Feature",
      "geometry": {
        "type": "Point",
        "coordinates": [
          63.41667,
          -19.72917
        ]
      },
      "properties": {
        "name": "Citron Donis",
        "country": "Mauritius",
        "region": "Rodrigues",
        "elevation_m": null,
        "population": 0,
        "feature_type": "populated place",
        "geoname_id": 1547514
      }
    },
    {
      "type": "Feature",
      "geometry": {
        "type": "Point",
        "coordinates": [
          63.36111,
          -19.72917
        ]
      },
      "properties": {
        "name": "Baie Topaze",
        "country": "Mauritius",
        "region": "Rodrigues",
        "elevation_m": null,
        "population": 0,
        "feature_type": "populated place",
        "geoname_id": 1547520
      }
    },
    {
      "type": "Feature",
      "geometry": {
        "type": "Point",
        "coordinates": [
          63.425,
          -19.68889
        ]
      },
      "properties": {
        "name": "Camp du Roi",
        "country": "Mauritius",
        "region": "Rodrigues",
        "elevation_m": null,
        "population": 0,
        "feature_type": "populated place",
        "geoname_id": 1547525
      }
    },
    {
      "type": "Feature",
      "geometry": {
        "type": "Point",
        "coordinates": [
          63.45417,
          -19.70278
        ]
      },
      "properties": {
        "name": "Chameaux",
        "country": "Mauritius",
        "region": "Rodrigues",
        "elevation_m": null,
        "population": 0,
        "feature_type": "populated place",
        "geoname_id": 1547526
      }
    },
    {
      "type": "Feature",
      "geometry": {
        "type": "Point",
        "coordinates": [
          63.46667,
          -19.70278
        ]
      },
      "properties": {
        "name": "Brûlé",
        "country": "Mauritius",
        "region": "Rodrigues",
        "elevation_m": null,
        "population": 0,
        "feature_type": "populated place",
        "geoname_id": 1547527
      }
    },
    {
      "type": "Feature",
      "geometry": {
        "type": "Point",
        "coordinates": [
          63.45417,
          -19.71111
        ]
      },
      "properties": {
        "name": "Palissade Ternel",
        "country": "Mauritius",
        "region": "Rodrigues",
        "elevation_m": null,
        "population": 0,
        "feature_type": "populated place",
        "geoname_id": 1547528
      }
    },
    {
      "type": "Feature",
      "geometry": {
        "type": "Point",
        "coordinates": [
          63.475,
          -19.71667
        ]
      },
      "properties": {
        "name": "Saint Louis",
        "country": "Mauritius",
        "region": "Rodrigues",
        "elevation_m": null,
        "population": 0,
        "feature_type": "populated place",
        "geoname_id": 1547529
      }
    },
    {
      "type": "Feature",
      "geometry": {
        "type": "Point",
        "coordinates": [
          63.42222,
          -19.73194
        ]
      },
      "properties": {
        "name": "Eau Vannée",
        "country": "Mauritius",
        "region": "Rodrigues",
        "elevation_m": null,
        "population": 0,
        "feature_type": "populated place",
        "geoname_id": 1547531
      }
    },
    {
      "type": "Feature",
      "geometry": {
        "type": "Point",
        "coordinates": [
          63.44167,
          -19.73889
        ]
      },
      "properties": {
        "name": "Songe",
        "country": "Mauritius",
        "region": "Rodrigues",
        "elevation_m": null,
        "population": 0,
        "feature_type": "populated place",
        "geoname_id": 1547535
      }
    },
    {
      "type": "Feature",
      "geometry": {
        "type": "Point",
        "coordinates": [
          63.46667,
          -19.73611
        ]
      },
      "properties": {
        "name": "Bassin Cabri",
        "country": "Mauritius",
        "region": "Rodrigues",
        "elevation_m": null,
        "population": 0,
        "feature_type": "populated place",
        "geoname_id": 1547536
      }
    },
    {
      "type": "Feature",
      "geometry": {
        "type": "Point",
        "coordinates": [
          63.4375,
          -19.68611
        ]
      },
      "properties": {
        "name": "Solitude",
        "country": "Mauritius",
        "region": "Rodrigues",
        "elevation_m": null,
        "population": 0,
        "feature_type": "populated place",
        "geoname_id": 1547543
      }
    },
    {
      "type": "Feature",
      "geometry": {
        "type": "Point",
        "coordinates": [
          63.42917,
          -19.70556
        ]
      },
      "properties": {
        "name": "Soupir",
        "country": "Mauritius",
        "region": "Rodrigues",
        "elevation_m": null,
        "population": 0,
        "feature_type": "populated place",
        "geoname_id": 1547544
      }
    },
    {
      "type": "Feature",
      "geometry": {
        "type": "Point",
        "coordinates": [
          57.40056,
          -20.335
        ]
      },
      "properties": {
        "name": "Yemen",
        "country": "Mauritius",
        "region": "Black River",
        "elevation_m": null,
        "population": 0,
        "feature_type": "populated place",
        "geoname_id": 933911
      }
    },
    {
      "type": "Feature",
      "geometry": {
        "type": "Point",
        "coordinates": [
          57.65583,
          -20.46778
        ]
      },
      "properties": {
        "name": "Virginia",
        "country": "Mauritius",
        "region": "Grand Port",
        "elevation_m": null,
        "population": 0,
        "feature_type": "populated place",
        "geoname_id": 933920
      }
    },
    {
      "type": "Feature",
      "geometry": {
        "type": "Point",
        "coordinates": [
          57.50389,
          -20.09389
        ]
      },
      "properties": {
        "name": "Ville Valio",
        "country": "Mauritius",
        "region": "Pamplemousses",
        "elevation_m": null,
        "population": 0,
        "feature_type": "populated place",
        "geoname_id": 933924
      }
    },
    {
      "type": "Feature",
      "geometry": {
        "type": "Point",
        "coordinates": [
          57.56306,
          -20.33639
        ]
      },
      "properties": {
        "name": "Ville d’Apray",
        "country": "Mauritius",
        "region": "Plaines Wilhems",
        "elevation_m": null,
        "population": 0,
        "feature_type": "populated place",
        "geoname_id": 933925
      }
    },
    {
      "type": "Feature",
      "geometry": {
        "type": "Point",
        "coordinates": [
          57.62111,
          -20.14472
        ]
      },
      "properties": {
        "name": "Ville Bague",
        "country": "Mauritius",
        "region": "Pamplemousses",
        "elevation_m": null,
        "population": 0,
        "feature_type": "populated place",
        "geoname_id": 933927
      }
    },
    {
      "type": "Feature",
      "geometry": {
        "type": "Point",
        "coordinates": [
          57.71899,
          -20.37444
        ]
      },
      "properties": {
        "name": "Vieux Grand Port",
        "country": "Mauritius",
        "region": "Grand Port",
        "elevation_m": null,
        "population": 0,
        "feature_type": "populated place",
        "geoname_id": 933930
      }
    },
    {
      "type": "Feature",
      "geometry": {
        "type": "Point",
        "coordinates": [
          57.57037,
          -20.15587
        ]
      },
      "properties": {
        "name": "Valton",
        "country": "Mauritius",
        "region": "Pamplemousses",
        "elevation_m": null,
        "population": 0,
        "feature_type": "populated place",
        "geoname_id": 933936
      }
    },
    {
      "type": "Feature",
      "geometry": {
        "type": "Point",
        "coordinates": [
          57.56536,
          -20.25664
        ]
      },
      "properties": {
        "name": "Valetta",
        "country": "Mauritius",
        "region": "Moka",
        "elevation_m": null,
        "population": 0,
        "feature_type": "populated place",
        "geoname_id": 933937
      }
    },
    {
      "type": "Feature",
      "geometry": {
        "type": "Point",
        "coordinates": [
          57.655,
          -20.44389
        ]
      },
      "properties": {
        "name": "Union Vale",
        "country": "Mauritius",
        "region": "Grand Port",
        "elevation_m": null,
        "population": 0,
        "feature_type": "populated place",
        "geoname_id": 933947
      }
    },
    {
      "type": "Feature",
      "geometry": {
        "type": "Point",
        "coordinates": [
          57.63083,
          -20.01917
        ]
      },
      "properties": {
        "name": "Réunion Maurel",
        "country": "Mauritius",
        "region": "Rivière du Rempart",
        "elevation_m": null,
        "population": 0,
        "feature_type": "populated place",
        "geoname_id": 933948
      }
    },
    {
      "type": "Feature",
      "geometry": {
        "type": "Point",
        "coordinates": [
          57.79448,
          -20.23405
        ]
      },
      "properties": {
        "name": "Trou d’Eau Douce",
        "country": "Mauritius",
        "region": "Flacq",
        "elevation_m": null,
        "population": 0,
        "feature_type": "populated place",
        "geoname_id": 933951
      }
    },
    {
      "type": "Feature",
      "geometry": {
        "type": "Point",
        "coordinates": [
          57.73806,
          -20.26667
        ]
      },
      "properties": {
        "name": "Trois Îlots",
        "country": "Mauritius",
        "region": "Flacq",
        "elevation_m": null,
        "population": 0,
        "feature_type": "populated place",
        "geoname_id": 933956
      }
    },
    {
      "type": "Feature",
      "geometry": {
        "type": "Point",
        "coordinates": [
          57.535,
          -20.0475
        ]
      },
      "properties": {
        "name": "Trio",
        "country": "Mauritius",
        "region": "Pamplemousses",
        "elevation_m": null,
        "population": 0,
        "feature_type": "populated place",
        "geoname_id": 933960
      }
    },
    {
      "type": "Feature",
      "geometry": {
        "type": "Point",
        "coordinates": [
          57.49423,
          -20.25585
        ]
      },
      "properties": {
        "name": "Trianon",
        "country": "Mauritius",
        "region": "Plaines Wilhems",
        "elevation_m": null,
        "population": 0,
        "feature_type": "populated place",
        "geoname_id": 933961
      }
    },
    {
      "type": "Feature",
      "geometry": {
        "type": "Point",
        "coordinates": [
          57.60222,
          -20.11139
        ]
      },
      "properties": {
        "name": "The Mount",
        "country": "Mauritius",
        "region": "Pamplemousses",
        "elevation_m": null,
        "population": 0,
        "feature_type": "populated place",
        "geoname_id": 933971
      }
    },
    {
      "type": "Feature",
      "geometry": {
        "type": "Point",
        "coordinates": [
          57.41667,
          -20.31667
        ]
      },
      "properties": {
        "name": "Suase",
        "country": "Mauritius",
        "region": "Black River",
        "elevation_m": null,
        "population": 0,
        "feature_type": "populated place",
        "geoname_id": 933991
      }
    },
    {
      "type": "Feature",
      "geometry": {
        "type": "Point",
        "coordinates": [
          57.63889,
          -20.48167
        ]
      },
      "properties": {
        "name": "Souffleur",
        "country": "Mauritius",
        "region": "Grand Port",
        "elevation_m": null,
        "population": 0,
        "feature_type": "populated place",
        "geoname_id": 933997
      }
    },
    {
      "type": "Feature",
      "geometry": {
        "type": "Point",
        "coordinates": [
          57.57222,
          -20.02083
        ]
      },
      "properties": {
        "name": "Sottise",
        "country": "Mauritius",
        "region": "",
        "elevation_m": null,
        "population": 0,
        "feature_type": "populated place",
        "geoname_id": 933998
      }
    },
    {
      "type": "Feature",
      "geometry": {
        "type": "Point",
        "coordinates": [
          57.54627,
          -20.07775
        ]
      },
      "properties": {
        "name": "Solitude",
        "country": "Mauritius",
        "region": "Pamplemousses",
        "elevation_m": null,
        "population": 0,
        "feature_type": "populated place",
        "geoname_id": 934000
      }
    },
    {
      "type": "Feature",
      "geometry": {
        "type": "Point",
        "coordinates": [
          57.66556,
          -20.08056
        ]
      },
      "properties": {
        "name": "Schoenfeld",
        "country": "Mauritius",
        "region": "Rivière du Rempart",
        "elevation_m": null,
        "population": 0,
        "feature_type": "populated place",
        "geoname_id": 934014
      }
    },
    {
      "type": "Feature",
      "geometry": {
        "type": "Point",
        "coordinates": [
          57.63306,
          -20.47444
        ]
      },
      "properties": {
        "name": "Savinia",
        "country": "Mauritius",
        "region": "Grand Port",
        "elevation_m": null,
        "population": 0,
        "feature_type": "populated place",
        "geoname_id": 934015
      }
    },
    {
      "type": "Feature",
      "geometry": {
        "type": "Point",
        "coordinates": [
          57.60889,
          -20.485
        ]
      },
      "properties": {
        "name": "Savannah",
        "country": "Mauritius",
        "region": "Savanne",
        "elevation_m": null,
        "population": 0,
        "feature_type": "populated place",
        "geoname_id": 934020
      }
    },
    {
      "type": "Feature",
      "geometry": {
        "type": "Point",
        "coordinates": [
          57.65139,
          -20.29583
        ]
      },
      "properties": {
        "name": "Sans Souci",
        "country": "Mauritius",
        "region": "",
        "elevation_m": null,
        "population": 0,
        "feature_type": "populated place",
        "geoname_id": 934024
      }
    },
    {
      "type": "Feature",
      "geometry": {
        "type": "Point",
        "coordinates": [
          57.44167,
          -20.17139
        ]
      },
      "properties": {
        "name": "Mare Samson",
        "country": "Mauritius",
        "region": "Black River",
        "elevation_m": null,
        "population": 0,
        "feature_type": "populated place",
        "geoname_id": 934027
      }
    },
    {
      "type": "Feature",
      "geometry": {
        "type": "Point",
        "coordinates": [
          57.38833,
          -20.49639
        ]
      },
      "properties": {
        "name": "Saint Martin",
        "country": "Mauritius",
        "region": "Savanne",
        "elevation_m": null,
        "population": 0,
        "feature_type": "populated place",
        "geoname_id": 934037
      }
    },
    {
      "type": "Feature",
      "geometry": {
        "type": "Point",
        "coordinates": [
          57.63417,
          -20.00444
        ]
      },
      "properties": {
        "name": "Saint François",
        "country": "Mauritius",
        "region": "Rivière du Rempart",
        "elevation_m": null,
        "population": 0,
        "feature_type": "populated place",
        "geoname_id": 934048
      }
    },
    {
      "type": "Feature",
      "geometry": {
        "type": "Point",
        "coordinates": [
          57.56639,
          -20.48667
        ]
      },
      "properties": {
        "name": "Saint Félix",
        "country": "Mauritius",
        "region": "Savanne",
        "elevation_m": null,
        "population": 0,
        "feature_type": "populated place",
        "geoname_id": 934049
      }
    },
    {
      "type": "Feature",
      "geometry": {
        "type": "Point",
        "coordinates": [
          57.425,
          -20.48361
        ]
      },
      "properties": {
        "name": "Frederica",
        "country": "Mauritius",
        "region": "Savanne",
        "elevation_m": null,
        "population": 0,
        "feature_type": "populated place",
        "geoname_id": 934051
      }
    },
    {
      "type": "Feature",
      "geometry": {
        "type": "Point",
        "coordinates": [
          57.52822,
          -20.14733
        ]
      },
      "properties": {
        "name": "Sainte Croix",
        "country": "Mauritius",
        "region": "Port Louis",
        "elevation_m": null,
        "population": 0,
        "feature_type": "section of populated place",
        "geoname_id": 934052
      }
    },
    {
      "type": "Feature",
      "geometry": {
        "type": "Point",
        "coordinates": [
          57.63417,
          -20.14778
        ]
      },
      "properties": {
        "name": "Saint Cloud",
        "country": "Mauritius",
        "region": "Pamplemousses",
        "elevation_m": null,
        "population": 0,
        "feature_type": "populated place",
        "geoname_id": 934055
      }
    },
    {
      "type": "Feature",
      "geometry": {
        "type": "Point",
        "coordinates": [
          57.65361,
          -20.04167
        ]
      },
      "properties": {
        "name": "Saint Antoine",
        "country": "Mauritius",
        "region": "Rivière du Rempart",
        "elevation_m": null,
        "population": 0,
        "feature_type": "populated place",
        "geoname_id": 934057
      }
    },
    {
      "type": "Feature",
      "geometry": {
        "type": "Point",
        "coordinates": [
          57.38333,
          -20.48333
        ]
      },
      "properties": {
        "name": "Ruisseau Créole",
        "country": "Mauritius",
        "region": "Savanne",
        "elevation_m": null,
        "population": 0,
        "feature_type": "populated place",
        "geoname_id": 934062
      }
    },
    {
      "type": "Feature",
      "geometry": {
        "type": "Point",
        "coordinates": [
          57.65722,
          -20.41861
        ]
      },
      "properties": {
        "name": "Ruisseau Copeaux",
        "country": "Mauritius",
        "region": "Grand Port",
        "elevation_m": null,
        "population": 0,
        "feature_type": "populated place",
        "geoname_id": 934063
      }
    },
    {
      "type": "Feature",
      "geometry": {
        "type": "Point",
        "coordinates": [
          57.52666,
          -20.21329
        ]
      },
      "properties": {
        "name": "Roselyn Cottage",
        "country": "Mauritius",
        "region": "Moka",
        "elevation_m": null,
        "population": 0,
        "feature_type": "section of populated place",
        "geoname_id": 934067
      }
    },
    {
      "type": "Feature",
      "geometry": {
        "type": "Point",
        "coordinates": [
          57.47,
          -20.24194
        ]
      },
      "properties": {
        "name": "Rose Hill",
        "country": "Mauritius",
        "region": "Plaines Wilhems",
        "elevation_m": null,
        "population": 0,
        "feature_type": "section of populated place",
        "geoname_id": 934069
      }
    },
    {
      "type": "Feature",
      "geometry": {
        "type": "Point",
        "coordinates": [
          57.45662,
          -20.23751
        ]
      },
      "properties": {
        "name": "Roches Brunes",
        "country": "Mauritius",
        "region": "Plaines Wilhems",
        "elevation_m": null,
        "population": 0,
        "feature_type": "section of populated place",
        "geoname_id": 934077
      }
    },
    {
      "type": "Feature",
      "geometry": {
        "type": "Point",
        "coordinates": [
          57.51018,
          -20.14548
        ]
      },
      "properties": {
        "name": "Roche Bois",
        "country": "Mauritius",
        "region": "Port Louis",
        "elevation_m": null,
        "population": 0,
        "feature_type": "section of populated place",
        "geoname_id": 934086
      }
    },
    {
      "type": "Feature",
      "geometry": {
        "type": "Point",
        "coordinates": [
          57.56,
          -20.44611
        ]
      },
      "properties": {
        "name": "Rivière Dragon",
        "country": "Mauritius",
        "region": "Savanne",
        "elevation_m": null,
        "population": 0,
        "feature_type": "populated place",
        "geoname_id": 934094
      }
    },
    {
      "type": "Feature",
      "geometry": {
        "type": "Point",
        "coordinates": [
          57.69655,
          -20.39009
        ]
      },
      "properties": {
        "name": "Rivière des Creoles",
        "country": "Mauritius",
        "region": "Grand Port",
        "elevation_m": null,
        "population": 0,
        "feature_type": "populated place",
        "geoname_id": 934096
      }
    },
    {
      "type": "Feature",
      "geometry": {
        "type": "Point",
        "coordinates": [
          57.53573,
          -20.20972
        ]
      },
      "properties": {
        "name": "Rivière Baptiste",
        "country": "Mauritius",
        "region": "Moka",
        "elevation_m": null,
        "population": 0,
        "feature_type": "populated place",
        "geoname_id": 934097
      }
    },
    {
      "type": "Feature",
      "geometry": {
        "type": "Point",
        "coordinates": [
          57.57659,
          -20.19771
        ]
      },
      "properties": {
        "name": "Ripailles",
        "country": "Mauritius",
        "region": "Moka",
        "elevation_m": null,
        "population": 0,
        "feature_type": "populated place",
        "geoname_id": 934102
      }
    },
    {
      "type": "Feature",
      "geometry": {
        "type": "Point",
        "coordinates": [
          57.66583,
          -20.20889
        ]
      },
      "properties": {
        "name": "Rich Fund",
        "country": "Mauritius",
        "region": "Flacq",
        "elevation_m": null,
        "population": 0,
        "feature_type": "populated place",
        "geoname_id": 934104
      }
    },
    {
      "type": "Feature",
      "geometry": {
        "type": "Point",
        "coordinates": [
          57.5,
          -20.11667
        ]
      },
      "properties": {
        "name": "Richeterre",
        "country": "Mauritius",
        "region": "Pamplemousses",
        "elevation_m": null,
        "population": 0,
        "feature_type": "populated place",
        "geoname_id": 934106
      }
    },
    {
      "type": "Feature",
      "geometry": {
        "type": "Point",
        "coordinates": [
          57.65556,
          -20.38472
        ]
      },
      "properties": {
        "name": "Riche en Eau",
        "country": "Mauritius",
        "region": "Grand Port",
        "elevation_m": null,
        "population": 0,
        "feature_type": "populated place",
        "geoname_id": 934108
      }
    },
    {
      "type": "Feature",
      "geometry": {
        "type": "Point",
        "coordinates": [
          57.57694,
          -20.45639
        ]
      },
      "properties": {
        "name": "Riche Bois",
        "country": "Mauritius",
        "region": "Savanne",
        "elevation_m": null,
        "population": 0,
        "feature_type": "populated place",
        "geoname_id": 934109
      }
    },
    {
      "type": "Feature",
      "geometry": {
        "type": "Point",
        "coordinates": [
          57.48806,
          -20.30917
        ]
      },
      "properties": {
        "name": "Réunion",
        "country": "Mauritius",
        "region": "Plaines Wilhems",
        "elevation_m": null,
        "population": 0,
        "feature_type": "populated place",
        "geoname_id": 934110
      }
    },
    {
      "type": "Feature",
      "geometry": {
        "type": "Point",
        "coordinates": [
          57.68333,
          -20.1
        ]
      },
      "properties": {
        "name": "Ravin",
        "country": "Mauritius",
        "region": "Rivière du Rempart",
        "elevation_m": null,
        "population": 0,
        "feature_type": "populated place",
        "geoname_id": 934119
      }
    },
    {
      "type": "Feature",
      "geometry": {
        "type": "Point",
        "coordinates": [
          57.4725,
          -20.30083
        ]
      },
      "properties": {
        "name": "Quinze Cantons",
        "country": "Mauritius",
        "region": "Plaines Wilhems",
        "elevation_m": null,
        "population": 0,
        "feature_type": "section of populated place",
        "geoname_id": 934125
      }
    },
    {
      "type": "Feature",
      "geometry": {
        "type": "Point",
        "coordinates": [
          56.7,
          -10.48333
        ]
      },
      "properties": {
        "name": "Port Sainte Rita",
        "country": "Mauritius",
        "region": "Agalega Islands",
        "elevation_m": null,
        "population": 0,
        "feature_type": "populated place",
        "geoname_id": 934152
      }
    },
    {
      "type": "Feature",
      "geometry": {
        "type": "Point",
        "coordinates": [
          57.6325,
          -20.14944
        ]
      },
      "properties": {
        "name": "Pont Praslin",
        "country": "Mauritius",
        "region": "Pamplemousses",
        "elevation_m": null,
        "population": 0,
        "feature_type": "populated place",
        "geoname_id": 934155
      }
    },
    {
      "type": "Feature",
      "geometry": {
        "type": "Point",
        "coordinates": [
          57.55806,
          -20.38278
        ]
      },
      "properties": {
        "name": "Pont Colville",
        "country": "Mauritius",
        "region": "Grand Port",
        "elevation_m": null,
        "population": 0,
        "feature_type": "populated place",
        "geoname_id": 934156
      }
    },
    {
      "type": "Feature",
      "geometry": {
        "type": "Point",
        "coordinates": [
          57.70444,
          -20.16667
        ]
      },
      "properties": {
        "name": "Pont Blanc",
        "country": "Mauritius",
        "region": "Flacq",
        "elevation_m": null,
        "population": 0,
        "feature_type": "populated place",
        "geoname_id": 934159
      }
    },
    {
      "type": "Feature",
      "geometry": {
        "type": "Point",
        "coordinates": [
          57.56,
          -20.00833
        ]
      },
      "properties": {
        "name": "Pointe aux Canonniers",
        "country": "Mauritius",
        "region": "Pamplemousses",
        "elevation_m": null,
        "population": 0,
        "feature_type": "populated place",
        "geoname_id": 934162
      }
    },
    {
      "type": "Feature",
      "geometry": {
        "type": "Point",
        "coordinates": [
          57.66097,
          -20.43031
        ]
      },
      "properties": {
        "name": "Plaisance",
        "country": "Mauritius",
        "region": "Grand Port",
        "elevation_m": null,
        "population": 0,
        "feature_type": "populated place",
        "geoname_id": 934164
      }
    },
    {
      "type": "Feature",
      "geometry": {
        "type": "Point",
        "coordinates": [
          57.50222,
          -20.28667
        ]
      },
      "properties": {
        "name": "Phoenix",
        "country": "Mauritius",
        "region": "Plaines Wilhems",
        "elevation_m": null,
        "population": 0,
        "feature_type": "populated place",
        "geoname_id": 934181
      }
    },
    {
      "type": "Feature",
      "geometry": {
        "type": "Point",
        "coordinates": [
          57.52569,
          -20.21628
        ]
      },
      "properties": {
        "name": "Petit Verger",
        "country": "Mauritius",
        "region": "Moka",
        "elevation_m": null,
        "population": 0,
        "feature_type": "populated place",
        "geoname_id": 934182
      }
    },
    {
      "type": "Feature",
      "geometry": {
        "type": "Point",
        "coordinates": [
          57.62917,
          -20.00139
        ]
      },
      "properties": {
        "name": "Petit Paquet",
        "country": "Mauritius",
        "region": "Rivière du Rempart",
        "elevation_m": null,
        "population": 0,
        "feature_type": "populated place",
        "geoname_id": 934185
      }
    },
    {
      "type": "Feature",
      "geometry": {
        "type": "Point",
        "coordinates": [
          57.43361,
          -20.17556
        ]
      },
      "properties": {
        "name": "Petit Verger",
        "country": "Mauritius",
        "region": "Black River",
        "elevation_m": null,
        "population": 0,
        "feature_type": "populated place",
        "geoname_id": 934188
      }
    },
    {
      "type": "Feature",
      "geometry": {
        "type": "Point",
        "coordinates": [
          57.7175,
          -20.37111
        ]
      },
      "properties": {
        "name": "Pavillon du Grand Port",
        "country": "Mauritius",
        "region": "Grand Port",
        "elevation_m": null,
        "population": 0,
        "feature_type": "populated place",
        "geoname_id": 934203
      }
    },
    {
      "type": "Feature",
      "geometry": {
        "type": "Point",
        "coordinates": [
          57.38444,
          -20.28222
        ]
      },
      "properties": {
        "name": "Palmyre",
        "country": "Mauritius",
        "region": "Black River",
        "elevation_m": null,
        "population": 0,
        "feature_type": "populated place",
        "geoname_id": 934214
      }
    },
    {
      "type": "Feature",
      "geometry": {
        "type": "Point",
        "coordinates": [
          57.44417,
          -20.27917
        ]
      },
      "properties": {
        "name": "Palma",
        "country": "Mauritius",
        "region": "",
        "elevation_m": null,
        "population": 0,
        "feature_type": "populated place",
        "geoname_id": 934215
      }
    },
    {
      "type": "Feature",
      "geometry": {
        "type": "Point",
        "coordinates": [
          57.49005,
          -20.21718
        ]
      },
      "properties": {
        "name": "Mount Ory",
        "country": "Mauritius",
        "region": "Moka",
        "elevation_m": null,
        "population": 0,
        "feature_type": "populated place",
        "geoname_id": 934245
      }
    },
    {
      "type": "Feature",
      "geometry": {
        "type": "Point",
        "coordinates": [
          57.4,
          -20.3
        ]
      },
      "properties": {
        "name": "Mon Vallon",
        "country": "Mauritius",
        "region": "Black River",
        "elevation_m": null,
        "population": 0,
        "feature_type": "populated place",
        "geoname_id": 934252
      }
    },
    {
      "type": "Feature",
      "geometry": {
        "type": "Point",
        "coordinates": [
          57.67167,
          -20.44667
        ]
      },
      "properties": {
        "name": "Mon Trésor",
        "country": "Mauritius",
        "region": "Grand Port",
        "elevation_m": null,
        "population": 0,
        "feature_type": "section of populated place",
        "geoname_id": 934254
      }
    },
    {
      "type": "Feature",
      "geometry": {
        "type": "Point",
        "coordinates": [
          57.63083,
          -20.23889
        ]
      },
      "properties": {
        "name": "Mont Ida",
        "country": "Mauritius",
        "region": "",
        "elevation_m": null,
        "population": 0,
        "feature_type": "populated place",
        "geoname_id": 934257
      }
    },
    {
      "type": "Feature",
      "geometry": {
        "type": "Point",
        "coordinates": [
          57.53977,
          -20.21736
        ]
      },
      "properties": {
        "name": "Mont Fleury",
        "country": "Mauritius",
        "region": "Moka",
        "elevation_m": null,
        "population": 0,
        "feature_type": "section of populated place",
        "geoname_id": 934258
      }
    },
    {
      "type": "Feature",
      "geometry": {
        "type": "Point",
        "coordinates": [
          57.47444,
          -20.47889
        ]
      },
      "properties": {
        "name": "Mont Blanc",
        "country": "Mauritius",
        "region": "Savanne",
        "elevation_m": null,
        "population": 0,
        "feature_type": "populated place",
        "geoname_id": 934260
      }
    },
    {
      "type": "Feature",
      "geometry": {
        "type": "Point",
        "coordinates": [
          57.57389,
          -20.09056
        ]
      },
      "properties": {
        "name": "Mon Rocher",
        "country": "Mauritius",
        "region": "Pamplemousses",
        "elevation_m": null,
        "population": 0,
        "feature_type": "populated place",
        "geoname_id": 934264
      }
    },
    {
      "type": "Feature",
      "geometry": {
        "type": "Point",
        "coordinates": [
          57.62444,
          -20.08917
        ]
      },
      "properties": {
        "name": "Mon Piton",
        "country": "Mauritius",
        "region": "Rivière du Rempart",
        "elevation_m": null,
        "population": 0,
        "feature_type": "populated place",
        "geoname_id": 934266
      }
    },
    {
      "type": "Feature",
      "geometry": {
        "type": "Point",
        "coordinates": [
          57.61917,
          -20.03278
        ]
      },
      "properties": {
        "name": "Mon Loisir",
        "country": "Mauritius",
        "region": "Port Louis",
        "elevation_m": null,
        "population": 0,
        "feature_type": "populated place",
        "geoname_id": 934268
      }
    },
    {
      "type": "Feature",
      "geometry": {
        "type": "Point",
        "coordinates": [
          57.58972,
          -20.1175
        ]
      },
      "properties": {
        "name": "Mon Goût",
        "country": "Mauritius",
        "region": "Pamplemousses",
        "elevation_m": null,
        "population": 0,
        "feature_type": "populated place",
        "geoname_id": 934269
      }
    },
    {
      "type": "Feature",
      "geometry": {
        "type": "Point",
        "coordinates": [
          57.67167,
          -20.44722
        ]
      },
      "properties": {
        "name": "Mon Désert",
        "country": "Mauritius",
        "region": "Grand Port",
        "elevation_m": null,
        "population": 0,
        "feature_type": "section of populated place",
        "geoname_id": 934271
      }
    },
    {
      "type": "Feature",
      "geometry": {
        "type": "Point",
        "coordinates": [
          57.53531,
          -20.22634
        ]
      },
      "properties": {
        "name": "Mon Désert",
        "country": "Mauritius",
        "region": "Moka",
        "elevation_m": null,
        "population": 0,
        "feature_type": "populated place",
        "geoname_id": 934272
      }
    },
    {
      "type": "Feature",
      "geometry": {
        "type": "Point",
        "coordinates": [
          57.35444,
          -20.44778
        ]
      },
      "properties": {
        "name": "Moka",
        "country": "Mauritius",
        "region": "Black River",
        "elevation_m": null,
        "population": 0,
        "feature_type": "populated locality",
        "geoname_id": 934276
      }
    },
    {
      "type": "Feature",
      "geometry": {
        "type": "Point",
        "coordinates": [
          57.51363,
          -20.24031
        ]
      },
      "properties": {
        "name": "Minissy",
        "country": "Mauritius",
        "region": "Moka",
        "elevation_m": null,
        "population": 0,
        "feature_type": "populated place",
        "geoname_id": 934278
      }
    },
    {
      "type": "Feature",
      "geometry": {
        "type": "Point",
        "coordinates": [
          57.67444,
          -20.01944
        ]
      },
      "properties": {
        "name": "Melville",
        "country": "Mauritius",
        "region": "Rivière du Rempart",
        "elevation_m": null,
        "population": 0,
        "feature_type": "populated place",
        "geoname_id": 934287
      }
    },
    {
      "type": "Feature",
      "geometry": {
        "type": "Point",
        "coordinates": [
          57.38889,
          -20.26028
        ]
      },
      "properties": {
        "name": "Médine",
        "country": "Mauritius",
        "region": "Black River",
        "elevation_m": null,
        "population": 0,
        "feature_type": "populated place",
        "geoname_id": 934290
      }
    },
    {
      "type": "Feature",
      "geometry": {
        "type": "Point",
        "coordinates": [
          57.6425,
          -20.24222
        ]
      },
      "properties": {
        "name": "Médine",
        "country": "Mauritius",
        "region": "Flacq",
        "elevation_m": null,
        "population": 0,
        "feature_type": "populated place",
        "geoname_id": 934291
      }
    },
    {
      "type": "Feature",
      "geometry": {
        "type": "Point",
        "coordinates": [
          57.58861,
          -20.43583
        ]
      },
      "properties": {
        "name": "Mare Tabac",
        "country": "Mauritius",
        "region": "Grand Port",
        "elevation_m": null,
        "population": 0,
        "feature_type": "populated place",
        "geoname_id": 934303
      }
    },
    {
      "type": "Feature",
      "geometry": {
        "type": "Point",
        "coordinates": [
          57.67639,
          -20.24778
        ]
      },
      "properties": {
        "name": "Mare Jacot",
        "country": "Mauritius",
        "region": "Flacq",
        "elevation_m": null,
        "population": 0,
        "feature_type": "populated place",
        "geoname_id": 934307
      }
    },
    {
      "type": "Feature",
      "geometry": {
        "type": "Point",
        "coordinates": [
          57.632,
          -20.424
        ]
      },
      "properties": {
        "name": "Mare d’Albert",
        "country": "Mauritius",
        "region": "Grand Port",
        "elevation_m": null,
        "population": 0,
        "feature_type": "populated place",
        "geoname_id": 934309
      }
    },
    {
      "type": "Feature",
      "geometry": {
        "type": "Point",
        "coordinates": [
          57.57472,
          -20.10806
        ]
      },
      "properties": {
        "name": "Maison Blanche",
        "country": "Mauritius",
        "region": "Pamplemousses",
        "elevation_m": null,
        "population": 0,
        "feature_type": "populated place",
        "geoname_id": 934320
      }
    },
    {
      "type": "Feature",
      "geometry": {
        "type": "Point",
        "coordinates": [
          57.66722,
          -20.23278
        ]
      },
      "properties": {
        "name": "L’Unité",
        "country": "Mauritius",
        "region": "Flacq",
        "elevation_m": null,
        "population": 0,
        "feature_type": "populated place",
        "geoname_id": 934327
      }
    },
    {
      "type": "Feature",
      "geometry": {
        "type": "Point",
        "coordinates": [
          57.53861,
          -20.505
        ]
      },
      "properties": {
        "name": "L’Union",
        "country": "Mauritius",
        "region": "Savanne",
        "elevation_m": null,
        "population": 0,
        "feature_type": "populated place",
        "geoname_id": 934328
      }
    },
    {
      "type": "Feature",
      "geometry": {
        "type": "Point",
        "coordinates": [
          57.46667,
          -20.5
        ]
      },
      "properties": {
        "name": "L’Union",
        "country": "Mauritius",
        "region": "",
        "elevation_m": null,
        "population": 0,
        "feature_type": "populated place",
        "geoname_id": 934329
      }
    },
    {
      "type": "Feature",
      "geometry": {
        "type": "Point",
        "coordinates": [
          57.45,
          -20.46667
        ]
      },
      "properties": {
        "name": "Luchon",
        "country": "Mauritius",
        "region": "Savanne",
        "elevation_m": null,
        "population": 0,
        "feature_type": "populated place",
        "geoname_id": 934330
      }
    },
    {
      "type": "Feature",
      "geometry": {
        "type": "Point",
        "coordinates": [
          57.65861,
          -20.47333
        ]
      },
      "properties": {
        "name": "Ligne Barrin",
        "country": "Mauritius",
        "region": "Grand Port",
        "elevation_m": null,
        "population": 0,
        "feature_type": "populated place",
        "geoname_id": 934337
      }
    },
    {
      "type": "Feature",
      "geometry": {
        "type": "Point",
        "coordinates": [
          57.62083,
          -20.35472
        ]
      },
      "properties": {
        "name": "Le Val",
        "country": "Mauritius",
        "region": "Grand Port",
        "elevation_m": null,
        "population": 0,
        "feature_type": "populated place",
        "geoname_id": 934338
      }
    },
    {
      "type": "Feature",
      "geometry": {
        "type": "Point",
        "coordinates": [
          57.70306,
          -20.30444
        ]
      },
      "properties": {
        "name": "L’Étoile",
        "country": "Mauritius",
        "region": "Flacq",
        "elevation_m": null,
        "population": 0,
        "feature_type": "populated place",
        "geoname_id": 934339
      }
    },
    {
      "type": "Feature",
      "geometry": {
        "type": "Point",
        "coordinates": [
          57.675,
          -20.28944
        ]
      },
      "properties": {
        "name": "Lesur",
        "country": "Mauritius",
        "region": "Flacq",
        "elevation_m": null,
        "population": 0,
        "feature_type": "populated place",
        "geoname_id": 934340
      }
    },
    {
      "type": "Feature",
      "geometry": {
        "type": "Point",
        "coordinates": [
          57.58222,
          -20.19
        ]
      },
      "properties": {
        "name": "L’Escalier",
        "country": "Mauritius",
        "region": "Moka",
        "elevation_m": null,
        "population": 0,
        "feature_type": "populated place",
        "geoname_id": 934344
      }
    },
    {
      "type": "Feature",
      "geometry": {
        "type": "Point",
        "coordinates": [
          57.49386,
          -20.23436
        ]
      },
      "properties": {
        "name": "Réduit",
        "country": "Mauritius",
        "region": "Moka",
        "elevation_m": null,
        "population": 0,
        "feature_type": "populated place",
        "geoname_id": 934347
      }
    },
    {
      "type": "Feature",
      "geometry": {
        "type": "Point",
        "coordinates": [
          57.5975,
          -20.11472
        ]
      },
      "properties": {
        "name": "Le Plessis",
        "country": "Mauritius",
        "region": "Pamplemousses",
        "elevation_m": null,
        "population": 0,
        "feature_type": "populated place",
        "geoname_id": 934349
      }
    },
    {
      "type": "Feature",
      "geometry": {
        "type": "Point",
        "coordinates": [
          57.49722,
          -20.11361
        ]
      },
      "properties": {
        "name": "Léonbourg",
        "country": "Mauritius",
        "region": "Pamplemousses",
        "elevation_m": null,
        "population": 0,
        "feature_type": "populated place",
        "geoname_id": 934352
      }
    },
    {
      "type": "Feature",
      "geometry": {
        "type": "Point",
        "coordinates": [
          57.46806,
          -20.42528
        ]
      },
      "properties": {
        "name": "Le Marres",
        "country": "Mauritius",
        "region": "Savanne",
        "elevation_m": null,
        "population": 0,
        "feature_type": "populated place",
        "geoname_id": 934355
      }
    },
    {
      "type": "Feature",
      "geometry": {
        "type": "Point",
        "coordinates": [
          57.69861,
          -20.44472
        ]
      },
      "properties": {
        "name": "Le Chaland",
        "country": "Mauritius",
        "region": "Grand Port",
        "elevation_m": null,
        "population": 0,
        "feature_type": "populated place",
        "geoname_id": 934361
      }
    },
    {
      "type": "Feature",
      "geometry": {
        "type": "Point",
        "coordinates": [
          57.50339,
          -20.21863
        ]
      },
      "properties": {
        "name": "Le Bocage",
        "country": "Mauritius",
        "region": "Moka",
        "elevation_m": null,
        "population": 0,
        "feature_type": "section of populated place",
        "geoname_id": 934365
      }
    },
    {
      "type": "Feature",
      "geometry": {
        "type": "Point",
        "coordinates": [
          57.35611,
          -20.4425
        ]
      },
      "properties": {
        "name": "Lavilléon",
        "country": "Mauritius",
        "region": "Black River",
        "elevation_m": null,
        "population": 0,
        "feature_type": "populated locality",
        "geoname_id": 934366
      }
    },
    {
      "type": "Feature",
      "geometry": {
        "type": "Point",
        "coordinates": [
          57.59667,
          -20.24361
        ]
      },
      "properties": {
        "name": "La Russie",
        "country": "Mauritius",
        "region": "Moka",
        "elevation_m": null,
        "population": 0,
        "feature_type": "populated place",
        "geoname_id": 934377
      }
    },
    {
      "type": "Feature",
      "geometry": {
        "type": "Point",
        "coordinates": [
          57.46667,
          -20.2
        ]
      },
      "properties": {
        "name": "La Rotraite",
        "country": "Mauritius",
        "region": "",
        "elevation_m": null,
        "population": 0,
        "feature_type": "populated place",
        "geoname_id": 934378
      }
    },
    {
      "type": "Feature",
      "geometry": {
        "type": "Point",
        "coordinates": [
          57.61694,
          -20.41361
        ]
      },
      "properties": {
        "name": "La Rosa",
        "country": "Mauritius",
        "region": "Grand Port",
        "elevation_m": null,
        "population": 0,
        "feature_type": "populated place",
        "geoname_id": 934379
      }
    },
    {
      "type": "Feature",
      "geometry": {
        "type": "Point",
        "coordinates": [
          57.63167,
          -20.42583
        ]
      },
      "properties": {
        "name": "La Rampe - Le Moirt",
        "country": "Mauritius",
        "region": "Grand Port",
        "elevation_m": null,
        "population": 0,
        "feature_type": "populated place",
        "geoname_id": 934380
      }
    },
    {
      "type": "Feature",
      "geometry": {
        "type": "Point",
        "coordinates": [
          57.73806,
          -20.28722
        ]
      },
      "properties": {
        "name": "La Nourrice",
        "country": "Mauritius",
        "region": "Flacq",
        "elevation_m": null,
        "population": 0,
        "feature_type": "populated place",
        "geoname_id": 934383
      }
    },
    {
      "type": "Feature",
      "geometry": {
        "type": "Point",
        "coordinates": [
          57.65,
          -20.13333
        ]
      },
      "properties": {
        "name": "La Morue",
        "country": "Mauritius",
        "region": "Rivière du Rempart",
        "elevation_m": null,
        "population": 0,
        "feature_type": "populated place",
        "geoname_id": 934385
      }
    },
    {
      "type": "Feature",
      "geometry": {
        "type": "Point",
        "coordinates": [
          57.38944,
          -20.24861
        ]
      },
      "properties": {
        "name": "La Mecque",
        "country": "Mauritius",
        "region": "Black River",
        "elevation_m": null,
        "population": 0,
        "feature_type": "populated place",
        "geoname_id": 934386
      }
    },
    {
      "type": "Feature",
      "geometry": {
        "type": "Point",
        "coordinates": [
          57.64194,
          -20.15667
        ]
      },
      "properties": {
        "name": "La Marre",
        "country": "Mauritius",
        "region": "Flacq",
        "elevation_m": null,
        "population": 0,
        "feature_type": "populated place",
        "geoname_id": 934387
      }
    },
    {
      "type": "Feature",
      "geometry": {
        "type": "Point",
        "coordinates": [
          57.485,
          -20.335
        ]
      },
      "properties": {
        "name": "La Marie",
        "country": "Mauritius",
        "region": "Plaines Wilhems",
        "elevation_m": null,
        "population": 0,
        "feature_type": "populated place",
        "geoname_id": 934388
      }
    },
    {
      "type": "Feature",
      "geometry": {
        "type": "Point",
        "coordinates": [
          57.73556,
          -20.25972
        ]
      },
      "properties": {
        "name": "La Lucie",
        "country": "Mauritius",
        "region": "Flacq",
        "elevation_m": null,
        "population": 0,
        "feature_type": "populated place",
        "geoname_id": 934389
      }
    },
    {
      "type": "Feature",
      "geometry": {
        "type": "Point",
        "coordinates": [
          57.55182,
          -20.20311
        ]
      },
      "properties": {
        "name": "La Laura",
        "country": "Mauritius",
        "region": "Moka",
        "elevation_m": null,
        "population": 0,
        "feature_type": "populated place",
        "geoname_id": 934391
      }
    },
    {
      "type": "Feature",
      "geometry": {
        "type": "Point",
        "coordinates": [
          57.53388,
          -20.21921
        ]
      },
      "properties": {
        "name": "L’Agrément",
        "country": "Mauritius",
        "region": "Moka",
        "elevation_m": null,
        "population": 0,
        "feature_type": "section of populated place",
        "geoname_id": 934392
      }
    },
    {
      "type": "Feature",
      "geometry": {
        "type": "Point",
        "coordinates": [
          57.72444,
          -20.21361
        ]
      },
      "properties": {
        "name": "La Gaiété",
        "country": "Mauritius",
        "region": "Flacq",
        "elevation_m": null,
        "population": 0,
        "feature_type": "populated place",
        "geoname_id": 934395
      }
    },
    {
      "type": "Feature",
      "geometry": {
        "type": "Point",
        "coordinates": [
          57.47833,
          -20.31861
        ]
      },
      "properties": {
        "name": "La Croisée",
        "country": "Mauritius",
        "region": "Plaines Wilhems",
        "elevation_m": null,
        "population": 0,
        "feature_type": "populated place",
        "geoname_id": 934401
      }
    },
    {
      "type": "Feature",
      "geometry": {
        "type": "Point",
        "coordinates": [
          57.37944,
          -20.41944
        ]
      },
      "properties": {
        "name": "La Crete",
        "country": "Mauritius",
        "region": "Black River",
        "elevation_m": null,
        "population": 0,
        "feature_type": "populated place",
        "geoname_id": 934402
      }
    },
    {
      "type": "Feature",
      "geometry": {
        "type": "Point",
        "coordinates": [
          57.50162,
          -20.13161
        ]
      },
      "properties": {
        "name": "La Cocoterie",
        "country": "Mauritius",
        "region": "Pamplemousses",
        "elevation_m": null,
        "population": 0,
        "feature_type": "populated place",
        "geoname_id": 934403
      }
    },
    {
      "type": "Feature",
      "geometry": {
        "type": "Point",
        "coordinates": [
          57.47389,
          -20.29389
        ]
      },
      "properties": {
        "name": "La Caverne",
        "country": "Mauritius",
        "region": "Plaines Wilhems",
        "elevation_m": null,
        "population": 0,
        "feature_type": "section of populated place",
        "geoname_id": 934406
      }
    },
    {
      "type": "Feature",
      "geometry": {
        "type": "Point",
        "coordinates": [
          57.61,
          -20.06833
        ]
      },
      "properties": {
        "name": "Labourdonnais",
        "country": "Mauritius",
        "region": "Rivière du Rempart",
        "elevation_m": null,
        "population": 0,
        "feature_type": "populated place",
        "geoname_id": 934410
      }
    },
    {
      "type": "Feature",
      "geometry": {
        "type": "Point",
        "coordinates": [
          57.31667,
          -20.43333
        ]
      },
      "properties": {
        "name": "Labonté",
        "country": "Mauritius",
        "region": "Black River",
        "elevation_m": null,
        "population": 0,
        "feature_type": "populated place",
        "geoname_id": 934411
      }
    },
    {
      "type": "Feature",
      "geometry": {
        "type": "Point",
        "coordinates": [
          57.52528,
          -20.11333
        ]
      },
      "properties": {
        "name": "La Bergerie",
        "country": "Mauritius",
        "region": "Pamplemousses",
        "elevation_m": null,
        "population": 0,
        "feature_type": "populated place",
        "geoname_id": 934412
      }
    },
    {
      "type": "Feature",
      "geometry": {
        "type": "Point",
        "coordinates": [
          57.61944,
          -20.46694
        ]
      },
      "properties": {
        "name": "La Barraque",
        "country": "Mauritius",
        "region": "Grand Port",
        "elevation_m": null,
        "population": 0,
        "feature_type": "populated place",
        "geoname_id": 934413
      }
    },
    {
      "type": "Feature",
      "geometry": {
        "type": "Point",
        "coordinates": [
          57.58,
          -20.44111
        ]
      },
      "properties": {
        "name": "Joli Bois",
        "country": "Mauritius",
        "region": "Grand Port",
        "elevation_m": null,
        "population": 0,
        "feature_type": "populated place",
        "geoname_id": 934422
      }
    },
    {
      "type": "Feature",
      "geometry": {
        "type": "Point",
        "coordinates": [
          57.68028,
          -20.07417
        ]
      },
      "properties": {
        "name": "Île d’Ambre",
        "country": "Mauritius",
        "region": "Rivière du Rempart",
        "elevation_m": null,
        "population": 0,
        "feature_type": "populated place",
        "geoname_id": 934430
      }
    },
    {
      "type": "Feature",
      "geometry": {
        "type": "Point",
        "coordinates": [
          57.51802,
          -20.27923
        ]
      },
      "properties": {
        "name": "Highlands",
        "country": "Mauritius",
        "region": "Plaines Wilhems",
        "elevation_m": null,
        "population": 0,
        "feature_type": "section of populated place",
        "geoname_id": 934435
      }
    },
    {
      "type": "Feature",
      "geometry": {
        "type": "Point",
        "coordinates": [
          57.6,
          -20.26667
        ]
      },
      "properties": {
        "name": "Hervé",
        "country": "Mauritius",
        "region": "Moka",
        "elevation_m": null,
        "population": 0,
        "feature_type": "populated place",
        "geoname_id": 934436
      }
    },
    {
      "type": "Feature",
      "geometry": {
        "type": "Point",
        "coordinates": [
          57.7025,
          -20.26083
        ]
      },
      "properties": {
        "name": "Hermitage",
        "country": "Mauritius",
        "region": "Flacq",
        "elevation_m": null,
        "population": 0,
        "feature_type": "populated place",
        "geoname_id": 934437
      }
    },
    {
      "type": "Feature",
      "geometry": {
        "type": "Point",
        "coordinates": [
          57.53913,
          -20.27593
        ]
      },
      "properties": {
        "name": "Hermitage",
        "country": "Mauritius",
        "region": "Moka",
        "elevation_m": null,
        "population": 0,
        "feature_type": "populated place",
        "geoname_id": 934438
      }
    },
    {
      "type": "Feature",
      "geometry": {
        "type": "Point",
        "coordinates": [
          57.55,
          -20.25
        ]
      },
      "properties": {
        "name": "Hermitage",
        "country": "Mauritius",
        "region": "Moka",
        "elevation_m": null,
        "population": 0,
        "feature_type": "populated place",
        "geoname_id": 934439
      }
    },
    {
      "type": "Feature",
      "geometry": {
        "type": "Point",
        "coordinates": [
          57.46639,
          -20.33556
        ]
      },
      "properties": {
        "name": "Henrietta",
        "country": "Mauritius",
        "region": "Plaines Wilhems",
        "elevation_m": null,
        "population": 0,
        "feature_type": "populated place",
        "geoname_id": 934442
      }
    },
    {
      "type": "Feature",
      "geometry": {
        "type": "Point",
        "coordinates": [
          57.5181,
          -20.22217
        ]
      },
      "properties": {
        "name": "Helvétia",
        "country": "Mauritius",
        "region": "Moka",
        "elevation_m": null,
        "population": 0,
        "feature_type": "populated place",
        "geoname_id": 934443
      }
    },
    {
      "type": "Feature",
      "geometry": {
        "type": "Point",
        "coordinates": [
          57.69806,
          -20.09694
        ]
      },
      "properties": {
        "name": "Haute Rive",
        "country": "Mauritius",
        "region": "Rivière du Rempart",
        "elevation_m": null,
        "population": 0,
        "feature_type": "populated place",
        "geoname_id": 934447
      }
    },
    {
      "type": "Feature",
      "geometry": {
        "type": "Point",
        "coordinates": [
          57.66806,
          -20.20278
        ]
      },
      "properties": {
        "name": "Haut de Flacq",
        "country": "Mauritius",
        "region": "Flacq",
        "elevation_m": null,
        "population": 0,
        "feature_type": "populated place",
        "geoname_id": 934448
      }
    },
    {
      "type": "Feature",
      "geometry": {
        "type": "Point",
        "coordinates": [
          57.60722,
          -20.43778
        ]
      },
      "properties": {
        "name": "Gros Bois",
        "country": "Mauritius",
        "region": "Grand Port",
        "elevation_m": null,
        "population": 0,
        "feature_type": "populated place",
        "geoname_id": 934456
      }
    },
    {
      "type": "Feature",
      "geometry": {
        "type": "Point",
        "coordinates": [
          57.60306,
          -20.41639
        ]
      },
      "properties": {
        "name": "Gros Billot",
        "country": "Mauritius",
        "region": "Grand Port",
        "elevation_m": null,
        "population": 0,
        "feature_type": "populated place",
        "geoname_id": 934457
      }
    },
    {
      "type": "Feature",
      "geometry": {
        "type": "Point",
        "coordinates": [
          57.47652,
          -20.17794
        ]
      },
      "properties": {
        "name": "Grand River North West",
        "country": "Mauritius",
        "region": "Port Louis",
        "elevation_m": null,
        "population": 0,
        "feature_type": "populated place",
        "geoname_id": 934463
      }
    },
    {
      "type": "Feature",
      "geometry": {
        "type": "Point",
        "coordinates": [
          57.60472,
          -20.13139
        ]
      },
      "properties": {
        "name": "Grande Rosalie",
        "country": "Mauritius",
        "region": "Pamplemousses",
        "elevation_m": null,
        "population": 0,
        "feature_type": "populated place",
        "geoname_id": 934474
      }
    },
    {
      "type": "Feature",
      "geometry": {
        "type": "Point",
        "coordinates": [
          57.67667,
          -20.16556
        ]
      },
      "properties": {
        "name": "Grande Retraite",
        "country": "Mauritius",
        "region": "Flacq",
        "elevation_m": null,
        "population": 0,
        "feature_type": "populated place",
        "geoname_id": 934478
      }
    },
    {
      "type": "Feature",
      "geometry": {
        "type": "Point",
        "coordinates": [
          57.36932,
          -20.41354
        ]
      },
      "properties": {
        "name": "Grande Case Noyale",
        "country": "Mauritius",
        "region": "Black River",
        "elevation_m": null,
        "population": 0,
        "feature_type": "populated place",
        "geoname_id": 934480
      }
    },
    {
      "type": "Feature",
      "geometry": {
        "type": "Point",
        "coordinates": [
          57.64694,
          -20.10417
        ]
      },
      "properties": {
        "name": "Gokoola",
        "country": "Mauritius",
        "region": "Rivière du Rempart",
        "elevation_m": null,
        "population": 0,
        "feature_type": "populated place",
        "geoname_id": 934496
      }
    },
    {
      "type": "Feature",
      "geometry": {
        "type": "Point",
        "coordinates": [
          57.62583,
          -20.06444
        ]
      },
      "properties": {
        "name": "Forbach",
        "country": "Mauritius",
        "region": "Rivière du Rempart",
        "elevation_m": null,
        "population": 0,
        "feature_type": "populated place",
        "geoname_id": 934511
      }
    },
    {
      "type": "Feature",
      "geometry": {
        "type": "Point",
        "coordinates": [
          57.50083,
          -20.30944
        ]
      },
      "properties": {
        "name": "Floréal",
        "country": "Mauritius",
        "region": "Plaines Wilhems",
        "elevation_m": null,
        "population": 0,
        "feature_type": "populated place",
        "geoname_id": 934515
      }
    },
    {
      "type": "Feature",
      "geometry": {
        "type": "Point",
        "coordinates": [
          57.54712,
          -20.34294
        ]
      },
      "properties": {
        "name": "Seizième Mille",
        "country": "Mauritius",
        "region": "Plaines Wilhems",
        "elevation_m": null,
        "population": 0,
        "feature_type": "populated place",
        "geoname_id": 934538
      }
    },
    {
      "type": "Feature",
      "geometry": {
        "type": "Point",
        "coordinates": [
          57.62361,
          -20.37361
        ]
      },
      "properties": {
        "name": "Eau Bleue",
        "country": "Mauritius",
        "region": "Grand Port",
        "elevation_m": null,
        "population": 0,
        "feature_type": "populated place",
        "geoname_id": 934545
      }
    },
    {
      "type": "Feature",
      "geometry": {
        "type": "Point",
        "coordinates": [
          57.63111,
          -20.40139
        ]
      },
      "properties": {
        "name": "Deux Bras",
        "country": "Mauritius",
        "region": "Grand Port",
        "elevation_m": null,
        "population": 0,
        "feature_type": "populated place",
        "geoname_id": 934560
      }
    },
    {
      "type": "Feature",
      "geometry": {
        "type": "Point",
        "coordinates": [
          57.73278,
          -20.27917
        ]
      },
      "properties": {
        "name": "Deep River",
        "country": "Mauritius",
        "region": "Flacq",
        "elevation_m": null,
        "population": 0,
        "feature_type": "populated place",
        "geoname_id": 934563
      }
    },
    {
      "type": "Feature",
      "geometry": {
        "type": "Point",
        "coordinates": [
          57.68528,
          -20.39722
        ]
      },
      "properties": {
        "name": "Dalais",
        "country": "Mauritius",
        "region": "Grand Port",
        "elevation_m": null,
        "population": 0,
        "feature_type": "populated place",
        "geoname_id": 934565
      }
    },
    {
      "type": "Feature",
      "geometry": {
        "type": "Point",
        "coordinates": [
          57.53556,
          -20.2494
        ]
      },
      "properties": {
        "name": "Côte d’Or",
        "country": "Mauritius",
        "region": "Moka",
        "elevation_m": null,
        "population": 0,
        "feature_type": "populated place",
        "geoname_id": 934580
      }
    },
    {
      "type": "Feature",
      "geometry": {
        "type": "Point",
        "coordinates": [
          57.35447,
          -20.43472
        ]
      },
      "properties": {
        "name": "Coteau Raffin",
        "country": "Mauritius",
        "region": "Black River",
        "elevation_m": null,
        "population": 0,
        "feature_type": "populated place",
        "geoname_id": 934581
      }
    },
    {
      "type": "Feature",
      "geometry": {
        "type": "Point",
        "coordinates": [
          57.63806,
          -20.23778
        ]
      },
      "properties": {
        "name": "Coquinbourg",
        "country": "Mauritius",
        "region": "Flacq",
        "elevation_m": null,
        "population": 0,
        "feature_type": "populated place",
        "geoname_id": 934588
      }
    },
    {
      "type": "Feature",
      "geometry": {
        "type": "Point",
        "coordinates": [
          57.70861,
          -20.17778
        ]
      },
      "properties": {
        "name": "Constance",
        "country": "Mauritius",
        "region": "Flacq",
        "elevation_m": null,
        "population": 0,
        "feature_type": "populated place",
        "geoname_id": 934590
      }
    },
    {
      "type": "Feature",
      "geometry": {
        "type": "Point",
        "coordinates": [
          57.3925,
          -20.29778
        ]
      },
      "properties": {
        "name": "Clarence",
        "country": "Mauritius",
        "region": "Black River",
        "elevation_m": null,
        "population": 0,
        "feature_type": "populated place",
        "geoname_id": 934600
      }
    },
    {
      "type": "Feature",
      "geometry": {
        "type": "Point",
        "coordinates": [
          57.54324,
          -20.2224
        ]
      },
      "properties": {
        "name": "Circonstance",
        "country": "Mauritius",
        "region": "Moka",
        "elevation_m": null,
        "population": 0,
        "feature_type": "populated place",
        "geoname_id": 934609
      }
    },
    {
      "type": "Feature",
      "geometry": {
        "type": "Point",
        "coordinates": [
          57.37306,
          -20.47944
        ]
      },
      "properties": {
        "name": "Choisy",
        "country": "Mauritius",
        "region": "Savanne",
        "elevation_m": null,
        "population": 0,
        "feature_type": "populated place",
        "geoname_id": 934610
      }
    },
    {
      "type": "Feature",
      "geometry": {
        "type": "Point",
        "coordinates": [
          57.45801,
          -20.20295
        ]
      },
      "properties": {
        "name": "Chébel",
        "country": "Mauritius",
        "region": "Plaines Wilhems",
        "elevation_m": null,
        "population": 0,
        "feature_type": "populated place",
        "geoname_id": 934615
      }
    },
    {
      "type": "Feature",
      "geometry": {
        "type": "Point",
        "coordinates": [
          57.52009,
          -20.21713
        ]
      },
      "properties": {
        "name": "Chantenay",
        "country": "Mauritius",
        "region": "Moka",
        "elevation_m": null,
        "population": 0,
        "feature_type": "populated place",
        "geoname_id": 934622
      }
    },
    {
      "type": "Feature",
      "geometry": {
        "type": "Point",
        "coordinates": [
          57.64472,
          -20.37167
        ]
      },
      "properties": {
        "name": "Cent Gaulettes",
        "country": "Mauritius",
        "region": "Grand Port",
        "elevation_m": null,
        "population": 0,
        "feature_type": "populated place",
        "geoname_id": 934634
      }
    },
    {
      "type": "Feature",
      "geometry": {
        "type": "Point",
        "coordinates": [
          57.39472,
          -20.29472
        ]
      },
      "properties": {
        "name": "Cazela",
        "country": "Mauritius",
        "region": "Black River",
        "elevation_m": null,
        "population": 0,
        "feature_type": "populated place",
        "geoname_id": 934636
      }
    },
    {
      "type": "Feature",
      "geometry": {
        "type": "Point",
        "coordinates": [
          57.48669,
          -20.16499
        ]
      },
      "properties": {
        "name": "Cassis",
        "country": "Mauritius",
        "region": "Port Louis",
        "elevation_m": null,
        "population": 0,
        "feature_type": "section of populated place",
        "geoname_id": 934641
      }
    },
    {
      "type": "Feature",
      "geometry": {
        "type": "Point",
        "coordinates": [
          57.66667,
          -20.23333
        ]
      },
      "properties": {
        "name": "Camp Sonah",
        "country": "Mauritius",
        "region": "Flacq",
        "elevation_m": null,
        "population": 0,
        "feature_type": "populated place",
        "geoname_id": 934657
      }
    },
    {
      "type": "Feature",
      "geometry": {
        "type": "Point",
        "coordinates": [
          57.40167,
          -20.33
        ]
      },
      "properties": {
        "name": "Camp Malgache",
        "country": "Mauritius",
        "region": "Black River",
        "elevation_m": null,
        "population": 0,
        "feature_type": "populated place",
        "geoname_id": 934658
      }
    },
    {
      "type": "Feature",
      "geometry": {
        "type": "Point",
        "coordinates": [
          57.52111,
          -20.28694
        ]
      },
      "properties": {
        "name": "Camp Fouquereaux",
        "country": "Mauritius",
        "region": "Plaines Wilhems",
        "elevation_m": null,
        "population": 0,
        "feature_type": "populated place",
        "geoname_id": 934659
      }
    },
    {
      "type": "Feature",
      "geometry": {
        "type": "Point",
        "coordinates": [
          57.59333,
          -20.13278
        ]
      },
      "properties": {
        "name": "Camp Créole",
        "country": "Mauritius",
        "region": "Pamplemousses",
        "elevation_m": null,
        "population": 0,
        "feature_type": "populated place",
        "geoname_id": 934662
      }
    },
    {
      "type": "Feature",
      "geometry": {
        "type": "Point",
        "coordinates": [
          57.66111,
          -20.46389
        ]
      },
      "properties": {
        "name": "Camp Accacia",
        "country": "Mauritius",
        "region": "Grand Port",
        "elevation_m": null,
        "population": 0,
        "feature_type": "populated place",
        "geoname_id": 934663
      }
    },
    {
      "type": "Feature",
      "geometry": {
        "type": "Point",
        "coordinates": [
          57.46554,
          -20.18451
        ]
      },
      "properties": {
        "name": "Camp Benoît",
        "country": "Mauritius",
        "region": "Port Louis",
        "elevation_m": null,
        "population": 0,
        "feature_type": "section of populated place",
        "geoname_id": 934664
      }
    },
    {
      "type": "Feature",
      "geometry": {
        "type": "Point",
        "coordinates": [
          57.38306,
          -20.42889
        ]
      },
      "properties": {
        "name": "Cachette",
        "country": "Mauritius",
        "region": "Black River",
        "elevation_m": null,
        "population": 0,
        "feature_type": "populated place",
        "geoname_id": 934672
      }
    },
    {
      "type": "Feature",
      "geometry": {
        "type": "Point",
        "coordinates": [
          57.66972,
          -20.465
        ]
      },
      "properties": {
        "name": "Le Bouchon",
        "country": "Mauritius",
        "region": "Grand Port",
        "elevation_m": null,
        "population": 0,
        "feature_type": "populated place",
        "geoname_id": 934683
      }
    },
    {
      "type": "Feature",
      "geometry": {
        "type": "Point",
        "coordinates": [
          57.58778,
          -20.23806
        ]
      },
      "properties": {
        "name": "Bonne Veine",
        "country": "Mauritius",
        "region": "Moka",
        "elevation_m": null,
        "population": 0,
        "feature_type": "populated place",
        "geoname_id": 934685
      }
    },
    {
      "type": "Feature",
      "geometry": {
        "type": "Point",
        "coordinates": [
          57.71222,
          -20.20056
        ]
      },
      "properties": {
        "name": "Camp Garreau",
        "country": "Mauritius",
        "region": "Flacq",
        "elevation_m": null,
        "population": 0,
        "feature_type": "populated place",
        "geoname_id": 934686
      }
    },
    {
      "type": "Feature",
      "geometry": {
        "type": "Point",
        "coordinates": [
          57.62028,
          -20.08611
        ]
      },
      "properties": {
        "name": "Bon Espoir",
        "country": "Mauritius",
        "region": "Rivière du Rempart",
        "elevation_m": null,
        "population": 0,
        "feature_type": "populated place",
        "geoname_id": 934688
      }
    },
    {
      "type": "Feature",
      "geometry": {
        "type": "Point",
        "coordinates": [
          57.4175,
          -20.48361
        ]
      },
      "properties": {
        "name": "Bon Courage",
        "country": "Mauritius",
        "region": "Savanne",
        "elevation_m": null,
        "population": 0,
        "feature_type": "populated place",
        "geoname_id": 934689
      }
    },
    {
      "type": "Feature",
      "geometry": {
        "type": "Point",
        "coordinates": [
          57.56194,
          -20.06194
        ]
      },
      "properties": {
        "name": "Bon Air",
        "country": "Mauritius",
        "region": "Pamplemousses",
        "elevation_m": null,
        "population": 0,
        "feature_type": "populated place",
        "geoname_id": 934692
      }
    },
    {
      "type": "Feature",
      "geometry": {
        "type": "Point",
        "coordinates": [
          57.51028,
          -20.44139
        ]
      },
      "properties": {
        "name": "Bois Sec",
        "country": "Mauritius",
        "region": "Savanne",
        "elevation_m": null,
        "population": 0,
        "feature_type": "populated place",
        "geoname_id": 934694
      }
    },
    {
      "type": "Feature",
      "geometry": {
        "type": "Point",
        "coordinates": [
          57.58306,
          -20.08139
        ]
      },
      "properties": {
        "name": "Bois Rouge",
        "country": "Mauritius",
        "region": "Pamplemousses",
        "elevation_m": null,
        "population": 0,
        "feature_type": "populated place",
        "geoname_id": 934696
      }
    },
    {
      "type": "Feature",
      "geometry": {
        "type": "Point",
        "coordinates": [
          57.53306,
          -20.12333
        ]
      },
      "properties": {
        "name": "Bois Marchand",
        "country": "Mauritius",
        "region": "Pamplemousses",
        "elevation_m": null,
        "population": 0,
        "feature_type": "populated place",
        "geoname_id": 934698
      }
    },
    {
      "type": "Feature",
      "geometry": {
        "type": "Point",
        "coordinates": [
          57.5825,
          -20.06417
        ]
      },
      "properties": {
        "name": "Bois Mangue",
        "country": "Mauritius",
        "region": "Pamplemousses",
        "elevation_m": null,
        "population": 0,
        "feature_type": "populated place",
        "geoname_id": 934699
      }
    },
    {
      "type": "Feature",
      "geometry": {
        "type": "Point",
        "coordinates": [
          57.6,
          -20.41306
        ]
      },
      "properties": {
        "name": "Bois d’Oiseaux",
        "country": "Mauritius",
        "region": "Grand Port",
        "elevation_m": null,
        "population": 0,
        "feature_type": "populated place",
        "geoname_id": 934701
      }
    },
    {
      "type": "Feature",
      "geometry": {
        "type": "Point",
        "coordinates": [
          57.735,
          -20.29778
        ]
      },
      "properties": {
        "name": "Bois d’Oiseaux",
        "country": "Mauritius",
        "region": "Flacq",
        "elevation_m": null,
        "population": 0,
        "feature_type": "populated place",
        "geoname_id": 934702
      }
    },
    {
      "type": "Feature",
      "geometry": {
        "type": "Point",
        "coordinates": [
          57.685,
          -20.1625
        ]
      },
      "properties": {
        "name": "Bois d’Oiseaux",
        "country": "Mauritius",
        "region": "Flacq",
        "elevation_m": null,
        "population": 0,
        "feature_type": "populated place",
        "geoname_id": 934703
      }
    },
    {
      "type": "Feature",
      "geometry": {
        "type": "Point",
        "coordinates": [
          57.5325,
          -20.41944
        ]
      },
      "properties": {
        "name": "Bois Chéri",
        "country": "Mauritius",
        "region": "Savanne",
        "elevation_m": null,
        "population": 0,
        "feature_type": "populated place",
        "geoname_id": 934708
      }
    },
    {
      "type": "Feature",
      "geometry": {
        "type": "Point",
        "coordinates": [
          57.58306,
          -20.49694
        ]
      },
      "properties": {
        "name": "Bénarès",
        "country": "Mauritius",
        "region": "Savanne",
        "elevation_m": null,
        "population": 0,
        "feature_type": "populated place",
        "geoname_id": 934728
      }
    },
    {
      "type": "Feature",
      "geometry": {
        "type": "Point",
        "coordinates": [
          57.66389,
          -20.19611
        ]
      },
      "properties": {
        "name": "Belvédère",
        "country": "Mauritius",
        "region": "Flacq",
        "elevation_m": null,
        "population": 0,
        "feature_type": "populated place",
        "geoname_id": 934729
      }
    },
    {
      "type": "Feature",
      "geometry": {
        "type": "Point",
        "coordinates": [
          57.65861,
          -20.045
        ]
      },
      "properties": {
        "name": "Belmont",
        "country": "Mauritius",
        "region": "Rivière du Rempart",
        "elevation_m": null,
        "population": 0,
        "feature_type": "populated place",
        "geoname_id": 934733
      }
    },
    {
      "type": "Feature",
      "geometry": {
        "type": "Point",
        "coordinates": [
          57.72222,
          -20.36917
        ]
      },
      "properties": {
        "name": "Belle Vue",
        "country": "Mauritius",
        "region": "Grand Port",
        "elevation_m": null,
        "population": 0,
        "feature_type": "populated place",
        "geoname_id": 934737
      }
    },
    {
      "type": "Feature",
      "geometry": {
        "type": "Point",
        "coordinates": [
          57.41167,
          -20.195
        ]
      },
      "properties": {
        "name": "Belle Vue",
        "country": "Mauritius",
        "region": "Black River",
        "elevation_m": null,
        "population": 0,
        "feature_type": "populated place",
        "geoname_id": 934738
      }
    },
    {
      "type": "Feature",
      "geometry": {
        "type": "Point",
        "coordinates": [
          57.72639,
          -20.26167
        ]
      },
      "properties": {
        "name": "Belle Rose",
        "country": "Mauritius",
        "region": "Flacq",
        "elevation_m": null,
        "population": 0,
        "feature_type": "populated place",
        "geoname_id": 934740
      }
    },
    {
      "type": "Feature",
      "geometry": {
        "type": "Point",
        "coordinates": [
          57.51833,
          -20.215
        ]
      },
      "properties": {
        "name": "Belle Rose",
        "country": "Mauritius",
        "region": "Moka",
        "elevation_m": null,
        "population": 0,
        "feature_type": "populated place",
        "geoname_id": 934741
      }
    },
    {
      "type": "Feature",
      "geometry": {
        "type": "Point",
        "coordinates": [
          57.7274,
          -20.31106
        ]
      },
      "properties": {
        "name": "Belle Rive",
        "country": "Mauritius",
        "region": "Flacq",
        "elevation_m": null,
        "population": 0,
        "feature_type": "populated place",
        "geoname_id": 934742
      }
    },
    {
      "type": "Feature",
      "geometry": {
        "type": "Point",
        "coordinates": [
          57.38333,
          -20.25
        ]
      },
      "properties": {
        "name": "Belle Isle",
        "country": "Mauritius",
        "region": "Black River",
        "elevation_m": null,
        "population": 0,
        "feature_type": "populated place",
        "geoname_id": 934744
      }
    },
    {
      "type": "Feature",
      "geometry": {
        "type": "Point",
        "coordinates": [
          57.65639,
          -20.23972
        ]
      },
      "properties": {
        "name": "Bel Étang",
        "country": "Mauritius",
        "region": "Flacq",
        "elevation_m": null,
        "population": 0,
        "feature_type": "populated place",
        "geoname_id": 934746
      }
    },
    {
      "type": "Feature",
      "geometry": {
        "type": "Point",
        "coordinates": [
          57.57056,
          -20.50056
        ]
      },
      "properties": {
        "name": "Bel Air",
        "country": "Mauritius",
        "region": "Savanne",
        "elevation_m": null,
        "population": 0,
        "feature_type": "populated place",
        "geoname_id": 934748
      }
    },
    {
      "type": "Feature",
      "geometry": {
        "type": "Point",
        "coordinates": [
          57.68011,
          -20.40936
        ]
      },
      "properties": {
        "name": "Grand Bel Air",
        "country": "Mauritius",
        "region": "Grand Port",
        "elevation_m": null,
        "population": 0,
        "feature_type": "populated place",
        "geoname_id": 934749
      }
    },
    {
      "type": "Feature",
      "geometry": {
        "type": "Point",
        "coordinates": [
          57.66333,
          -20.36778
        ]
      },
      "properties": {
        "name": "Beau Site",
        "country": "Mauritius",
        "region": "Grand Port",
        "elevation_m": null,
        "population": 0,
        "feature_type": "populated place",
        "geoname_id": 934755
      }
    },
    {
      "type": "Feature",
      "geometry": {
        "type": "Point",
        "coordinates": [
          57.62861,
          -20.09472
        ]
      },
      "properties": {
        "name": "Beau Séjour",
        "country": "Mauritius",
        "region": "",
        "elevation_m": null,
        "population": 0,
        "feature_type": "populated place",
        "geoname_id": 934756
      }
    },
    {
      "type": "Feature",
      "geometry": {
        "type": "Point",
        "coordinates": [
          57.56833,
          -20.09417
        ]
      },
      "properties": {
        "name": "Beau Plan",
        "country": "Mauritius",
        "region": "Pamplemousses",
        "elevation_m": null,
        "population": 0,
        "feature_type": "populated place",
        "geoname_id": 934758
      }
    },
    {
      "type": "Feature",
      "geometry": {
        "type": "Point",
        "coordinates": [
          57.60111,
          -19.98389
        ]
      },
      "properties": {
        "name": "Beau Manguier",
        "country": "Mauritius",
        "region": "Rivière du Rempart",
        "elevation_m": null,
        "population": 0,
        "feature_type": "populated place",
        "geoname_id": 934759
      }
    },
    {
      "type": "Feature",
      "geometry": {
        "type": "Point",
        "coordinates": [
          57.64333,
          -20.445
        ]
      },
      "properties": {
        "name": "Beau Fond",
        "country": "Mauritius",
        "region": "Grand Port",
        "elevation_m": null,
        "population": 0,
        "feature_type": "populated place",
        "geoname_id": 934760
      }
    },
    {
      "type": "Feature",
      "geometry": {
        "type": "Point",
        "coordinates": [
          57.43361,
          -20.49806
        ]
      },
      "properties": {
        "name": "Beau Champ",
        "country": "Mauritius",
        "region": "Savanne",
        "elevation_m": null,
        "population": 0,
        "feature_type": "populated place",
        "geoname_id": 934762
      }
    },
    {
      "type": "Feature",
      "geometry": {
        "type": "Point",
        "coordinates": [
          57.76639,
          -20.27139
        ]
      },
      "properties": {
        "name": "Beau Champ",
        "country": "Mauritius",
        "region": "Flacq",
        "elevation_m": null,
        "population": 0,
        "feature_type": "populated place",
        "geoname_id": 934763
      }
    },
    {
      "type": "Feature",
      "geometry": {
        "type": "Point",
        "coordinates": [
          57.56612,
          -20.20773
        ]
      },
      "properties": {
        "name": "Beau Bois",
        "country": "Mauritius",
        "region": "Moka",
        "elevation_m": null,
        "population": 0,
        "feature_type": "populated place",
        "geoname_id": 934764
      }
    },
    {
      "type": "Feature",
      "geometry": {
        "type": "Point",
        "coordinates": [
          57.5675,
          -20.48139
        ]
      },
      "properties": {
        "name": "Batimarais",
        "country": "Mauritius",
        "region": "Savanne",
        "elevation_m": null,
        "population": 0,
        "feature_type": "populated place",
        "geoname_id": 934766
      }
    },
    {
      "type": "Feature",
      "geometry": {
        "type": "Point",
        "coordinates": [
          57.56933,
          -20.17289
        ]
      },
      "properties": {
        "name": "Robinson",
        "country": "Mauritius",
        "region": "Pamplemousses",
        "elevation_m": null,
        "population": 0,
        "feature_type": "populated place",
        "geoname_id": 934770
      }
    },
    {
      "type": "Feature",
      "geometry": {
        "type": "Point",
        "coordinates": [
          57.57509,
          -20.23696
        ]
      },
      "properties": {
        "name": "Bar le Duc",
        "country": "Mauritius",
        "region": "Moka",
        "elevation_m": null,
        "population": 0,
        "feature_type": "populated place",
        "geoname_id": 934773
      }
    },
    {
      "type": "Feature",
      "geometry": {
        "type": "Point",
        "coordinates": [
          57.37306,
          -20.32028
        ]
      },
      "properties": {
        "name": "Barachois",
        "country": "Mauritius",
        "region": "Black River",
        "elevation_m": null,
        "population": 0,
        "feature_type": "populated place",
        "geoname_id": 934776
      }
    },
    {
      "type": "Feature",
      "geometry": {
        "type": "Point",
        "coordinates": [
          57.73,
          -20.29139
        ]
      },
      "properties": {
        "name": "Baie Mannioc",
        "country": "Mauritius",
        "region": "Flacq",
        "elevation_m": null,
        "population": 0,
        "feature_type": "populated place",
        "geoname_id": 934786
      }
    },
    {
      "type": "Feature",
      "geometry": {
        "type": "Point",
        "coordinates": [
          57.52053,
          -20.25545
        ]
      },
      "properties": {
        "name": "Bagatelle",
        "country": "Mauritius",
        "region": "Plaines Wilhems",
        "elevation_m": null,
        "population": 0,
        "feature_type": "populated place",
        "geoname_id": 934788
      }
    },
    {
      "type": "Feature",
      "geometry": {
        "type": "Point",
        "coordinates": [
          57.49383,
          -20.22146
        ]
      },
      "properties": {
        "name": "Bagatelle",
        "country": "Mauritius",
        "region": "Moka",
        "elevation_m": null,
        "population": 0,
        "feature_type": "populated place",
        "geoname_id": 934789
      }
    },
    {
      "type": "Feature",
      "geometry": {
        "type": "Point",
        "coordinates": [
          57.62889,
          -20.39083
        ]
      },
      "properties": {
        "name": "Astroea",
        "country": "Mauritius",
        "region": "Grand Port",
        "elevation_m": null,
        "population": 0,
        "feature_type": "populated place",
        "geoname_id": 934792
      }
    },
    {
      "type": "Feature",
      "geometry": {
        "type": "Point",
        "coordinates": [
          57.72944,
          -20.19806
        ]
      },
      "properties": {
        "name": "Argy",
        "country": "Mauritius",
        "region": "Flacq",
        "elevation_m": null,
        "population": 0,
        "feature_type": "populated place",
        "geoname_id": 934796
      }
    },
    {
      "type": "Feature",
      "geometry": {
        "type": "Point",
        "coordinates": [
          57.63417,
          -20.12167
        ]
      },
      "properties": {
        "name": "Antoinette",
        "country": "Mauritius",
        "region": "Rivière du Rempart",
        "elevation_m": null,
        "population": 0,
        "feature_type": "populated place",
        "geoname_id": 934798
      }
    },
    {
      "type": "Feature",
      "geometry": {
        "type": "Point",
        "coordinates": [
          57.56667,
          -20.15
        ]
      },
      "properties": {
        "name": "Amitié",
        "country": "Mauritius",
        "region": "Pamplemousses",
        "elevation_m": null,
        "population": 0,
        "feature_type": "populated place",
        "geoname_id": 934804
      }
    },
    {
      "type": "Feature",
      "geometry": {
        "type": "Point",
        "coordinates": [
          57.66389,
          -20.10944
        ]
      },
      "properties": {
        "name": "Amitié",
        "country": "Mauritius",
        "region": "Rivière du Rempart",
        "elevation_m": null,
        "population": 0,
        "feature_type": "populated place",
        "geoname_id": 934805
      }
    },
    {
      "type": "Feature",
      "geometry": {
        "type": "Point",
        "coordinates": [
          57.57458,
          -20.2409
        ]
      },
      "properties": {
        "name": "Alma",
        "country": "Mauritius",
        "region": "Moka",
        "elevation_m": null,
        "population": 0,
        "feature_type": "populated place",
        "geoname_id": 934809
      }
    },
    {
      "type": "Feature",
      "geometry": {
        "type": "Point",
        "coordinates": [
          57.52127,
          -20.14929
        ]
      },
      "properties": {
        "name": "Abercrombie",
        "country": "Mauritius",
        "region": "Port Louis",
        "elevation_m": null,
        "population": 0,
        "feature_type": "section of populated place",
        "geoname_id": 934818
      }
    },
    {
      "type": "Feature",
      "geometry": {
        "type": "Point",
        "coordinates": [
          57.51566,
          -20.08326
        ]
      },
      "properties": {
        "name": "Balaclava",
        "country": "Mauritius",
        "region": "",
        "elevation_m": null,
        "population": 0,
        "feature_type": "populated place",
        "geoname_id": 7289494
      }
    },
    {
      "type": "Feature",
      "geometry": {
        "type": "Point",
        "coordinates": [
          57.48553,
          -20.20619
        ]
      },
      "properties": {
        "name": "Soreze",
        "country": "Mauritius",
        "region": "",
        "elevation_m": null,
        "population": 0,
        "feature_type": "populated place",
        "geoname_id": 8533136
      }
    },
    {
      "type": "Feature",
      "geometry": {
        "type": "Point",
        "coordinates": [
          57.32619,
          -20.44494
        ]
      },
      "properties": {
        "name": "Le Morne",
        "country": "Mauritius",
        "region": "Black River",
        "elevation_m": null,
        "population": 0,
        "feature_type": "populated place",
        "geoname_id": 7911318
      }
    },
    {
      "type": "Feature",
      "geometry": {
        "type": "Point",
        "coordinates": [
          57.71907,
          -20.44098
        ]
      },
      "properties": {
        "name": "Blue bay",
        "country": "Mauritius",
        "region": "",
        "elevation_m": null,
        "population": 0,
        "feature_type": "populated place",
        "geoname_id": 8394334
      }
    },
    {
      "type": "Feature",
      "geometry": {
        "type": "Point",
        "coordinates": [
          57.61699,
          -20.15757
        ]
      },
      "properties": {
        "name": "La Nicoliere",
        "country": "Mauritius",
        "region": "",
        "elevation_m": null,
        "population": 0,
        "feature_type": "populated place",
        "geoname_id": 8299629
      }
    },
    {
      "type": "Feature",
      "geometry": {
        "type": "Point",
        "coordinates": [
          57.55244,
          -20.34786
        ]
      },
      "properties": {
        "name": "Belle Rive",
        "country": "Mauritius",
        "region": "",
        "elevation_m": null,
        "population": 0,
        "feature_type": "populated place",
        "geoname_id": 8299631
      }
    },
    {
      "type": "Feature",
      "geometry": {
        "type": "Point",
        "coordinates": [
          57.52322,
          -20.32021
        ]
      },
      "properties": {
        "name": "Saint-Joseph",
        "country": "Mauritius",
        "region": "",
        "elevation_m": null,
        "population": 0,
        "feature_type": "populated place",
        "geoname_id": 8299632
      }
    },
    {
      "type": "Feature",
      "geometry": {
        "type": "Point",
        "coordinates": [
          57.75212,
          -20.13823
        ]
      },
      "properties": {
        "name": "Poste Lafayette",
        "country": "Mauritius",
        "region": "",
        "elevation_m": null,
        "population": 0,
        "feature_type": "populated place",
        "geoname_id": 8604578
      }
    },
    {
      "type": "Feature",
      "geometry": {
        "type": "Point",
        "coordinates": [
          57.60617,
          -19.98767
        ]
      },
      "properties": {
        "name": "Bain Boeuf",
        "country": "Mauritius",
        "region": "",
        "elevation_m": null,
        "population": 0,
        "feature_type": "populated place",
        "geoname_id": 8630032
      }
    },
    {
      "type": "Feature",
      "geometry": {
        "type": "Point",
        "coordinates": [
          57.54458,
          -20.34708
        ]
      },
      "properties": {
        "name": "Morcellement Domah",
        "country": "Mauritius",
        "region": "",
        "elevation_m": null,
        "population": 0,
        "feature_type": "section of populated place",
        "geoname_id": 10628830
      }
    },
    {
      "type": "Feature",
      "geometry": {
        "type": "Point",
        "coordinates": [
          57.44635,
          -20.23388
        ]
      },
      "properties": {
        "name": "Mont Roches",
        "country": "Mauritius",
        "region": "",
        "elevation_m": null,
        "population": 0,
        "feature_type": "populated place",
        "geoname_id": 11101882
      }
    },
    {
      "type": "Feature",
      "geometry": {
        "type": "Point",
        "coordinates": [
          57.5663,
          -20.24412
        ]
      },
      "properties": {
        "name": "Upper Dagotiere",
        "country": "Mauritius",
        "region": "",
        "elevation_m": null,
        "population": 0,
        "feature_type": "section of populated place",
        "geoname_id": 11204305
      }
    },
    {
      "type": "Feature",
      "geometry": {
        "type": "Point",
        "coordinates": [
          57.39851,
          -20.50655
        ]
      },
      "properties": {
        "name": "St Martin",
        "country": "Mauritius",
        "region": "",
        "elevation_m": null,
        "population": 0,
        "feature_type": "populated place",
        "geoname_id": 11204783
      }
    },
    {
      "type": "Feature",
      "geometry": {
        "type": "Point",
        "coordinates": [
          57.70667,
          -20.41694
        ]
      },
      "properties": {
        "name": "Beau Vallon NHDC",
        "country": "Mauritius",
        "region": "",
        "elevation_m": null,
        "population": 0,
        "feature_type": "section of populated place",
        "geoname_id": 11204944
      }
    },
    {
      "type": "Feature",
      "geometry": {
        "type": "Point",
        "coordinates": [
          63.36535,
          -19.74726
        ]
      },
      "properties": {
        "name": "Cascade Jean Louis",
        "country": "Mauritius",
        "region": "",
        "elevation_m": null,
        "population": 0,
        "feature_type": "populated place",
        "geoname_id": 11204946
      }
    },
    {
      "type": "Feature",
      "geometry": {
        "type": "Point",
        "coordinates": [
          57.46914,
          -20.17613
        ]
      },
      "properties": {
        "name": "Camp Chapelon",
        "country": "Mauritius",
        "region": "",
        "elevation_m": null,
        "population": 0,
        "feature_type": "section of populated place",
        "geoname_id": 11205145
      }
    },
    {
      "type": "Feature",
      "geometry": {
        "type": "Point",
        "coordinates": [
          57.46113,
          -20.2587
        ]
      },
      "properties": {
        "name": "Belle Rose",
        "country": "Mauritius",
        "region": "",
        "elevation_m": null,
        "population": 0,
        "feature_type": "section of populated place",
        "geoname_id": 11205643
      }
    },
    {
      "type": "Feature",
      "geometry": {
        "type": "Point",
        "coordinates": [
          57.46006,
          -20.21872
        ]
      },
      "properties": {
        "name": "Maingard",
        "country": "Mauritius",
        "region": "",
        "elevation_m": null,
        "population": 0,
        "feature_type": "section of populated place",
        "geoname_id": 11205662
      }
    },
    {
      "type": "Feature",
      "geometry": {
        "type": "Point",
        "coordinates": [
          57.45551,
          -20.25628
        ]
      },
      "properties": {
        "name": "Trefles",
        "country": "Mauritius",
        "region": "",
        "elevation_m": null,
        "population": 0,
        "feature_type": "section of populated place",
        "geoname_id": 11205710
      }
    },
    {
      "type": "Feature",
      "geometry": {
        "type": "Point",
        "coordinates": [
          57.67938,
          -20.30716
        ]
      },
      "properties": {
        "name": "Petite Etoile",
        "country": "Mauritius",
        "region": "",
        "elevation_m": null,
        "population": 0,
        "feature_type": "section of populated place",
        "geoname_id": 11257983
      }
    },
    {
      "type": "Feature",
      "geometry": {
        "type": "Point",
        "coordinates": [
          57.55132,
          -20.28289
        ]
      },
      "properties": {
        "name": "Belle Rive",
        "country": "Mauritius",
        "region": "Moka",
        "elevation_m": null,
        "population": 0,
        "feature_type": "populated place",
        "geoname_id": 11258580
      }
    },
    {
      "type": "Feature",
      "geometry": {
        "type": "Point",
        "coordinates": [
          57.51931,
          -20.27391
        ]
      },
      "properties": {
        "name": "Morcellement Lonrho",
        "country": "Mauritius",
        "region": "",
        "elevation_m": null,
        "population": 0,
        "feature_type": "populated place",
        "geoname_id": 11258581
      }
    },
    {
      "type": "Feature",
      "geometry": {
        "type": "Point",
        "coordinates": [
          57.46586,
          -20.2061
        ]
      },
      "properties": {
        "name": "Camp Levieux",
        "country": "Mauritius",
        "region": "",
        "elevation_m": null,
        "population": 0,
        "feature_type": "populated place",
        "geoname_id": 11497846
      }
    },
    {
      "type": "Feature",
      "geometry": {
        "type": "Point",
        "coordinates": [
          57.47189,
          -20.2264
        ]
      },
      "properties": {
        "name": "Beau-Bassin",
        "country": "Mauritius",
        "region": "",
        "elevation_m": null,
        "population": 0,
        "feature_type": "section of populated place",
        "geoname_id": 11695115
      }
    },
    {
      "type": "Feature",
      "geometry": {
        "type": "Point",
        "coordinates": [
          57.7068,
          -20.08834
        ]
      },
      "properties": {
        "name": "Pointe des Lascars",
        "country": "Mauritius",
        "region": "",
        "elevation_m": 0,
        "population": 0,
        "feature_type": "section of populated place",
        "geoname_id": 11048952
      }
    },
    {
      "type": "Feature",
      "geometry": {
        "type": "Point",
        "coordinates": [
          57.78893,
          -20.27832
        ]
      },
      "properties": {
        "name": "La Place Belgath",
        "country": "Mauritius",
        "region": "",
        "elevation_m": 0,
        "population": 0,
        "feature_type": "section of populated place",
        "geoname_id": 11048953
      }
    },
    {
      "type": "Feature",
      "geometry": {
        "type": "Point",
        "coordinates": [
          57.52472,
          -20.13307
        ]
      },
      "properties": {
        "name": "Riche Terre",
        "country": "Mauritius",
        "region": "Pamplemousses",
        "elevation_m": null,
        "population": 0,
        "feature_type": "populated place",
        "geoname_id": 12168273
      }
    },
    {
      "type": "Feature",
      "geometry": {
        "type": "Point",
        "coordinates": [
          57.57222,
          -20.16764
        ]
      },
      "properties": {
        "name": "Boulingrin",
        "country": "Mauritius",
        "region": "Pamplemousses",
        "elevation_m": null,
        "population": 0,
        "feature_type": "populated place",
        "geoname_id": 12168279
      }
    },
    {
      "type": "Feature",
      "geometry": {
        "type": "Point",
        "coordinates": [
          57.48012,
          -20.17322
        ]
      },
      "properties": {
        "name": "Plaine Lauzun",
        "country": "Mauritius",
        "region": "Port Louis",
        "elevation_m": null,
        "population": 0,
        "feature_type": "section of populated place",
        "geoname_id": 12168280
      }
    },
    {
      "type": "Feature",
      "geometry": {
        "type": "Point",
        "coordinates": [
          57.56267,
          -20.17288
        ]
      },
      "properties": {
        "name": "Thomassin",
        "country": "Mauritius",
        "region": "Pamplemousses",
        "elevation_m": null,
        "population": 0,
        "feature_type": "populated place",
        "geoname_id": 12168283
      }
    },
    {
      "type": "Feature",
      "geometry": {
        "type": "Point",
        "coordinates": [
          57.56342,
          -20.18965
        ]
      },
      "properties": {
        "name": "Tosca",
        "country": "Mauritius",
        "region": "Pamplemousses",
        "elevation_m": null,
        "population": 0,
        "feature_type": "populated place",
        "geoname_id": 12168284
      }
    },
    {
      "type": "Feature",
      "geometry": {
        "type": "Point",
        "coordinates": [
          57.56044,
          -20.19971
        ]
      },
      "properties": {
        "name": "Malenga",
        "country": "Mauritius",
        "region": "Moka",
        "elevation_m": null,
        "population": 0,
        "feature_type": "populated place",
        "geoname_id": 12168285
      }
    },
    {
      "type": "Feature",
      "geometry": {
        "type": "Point",
        "coordinates": [
          57.46744,
          -20.21272
        ]
      },
      "properties": {
        "name": "Chapman Hill",
        "country": "Mauritius",
        "region": "Plaines Wilhems",
        "elevation_m": null,
        "population": 0,
        "feature_type": "section of populated place",
        "geoname_id": 12168289
      }
    },
    {
      "type": "Feature",
      "geometry": {
        "type": "Point",
        "coordinates": [
          57.50499,
          -20.22115
        ]
      },
      "properties": {
        "name": "Camp Samy",
        "country": "Mauritius",
        "region": "Moka",
        "elevation_m": null,
        "population": 0,
        "feature_type": "populated place",
        "geoname_id": 12168290
      }
    },
    {
      "type": "Feature",
      "geometry": {
        "type": "Point",
        "coordinates": [
          57.5164,
          -20.21911
        ]
      },
      "properties": {
        "name": "Bois Chéri",
        "country": "Mauritius",
        "region": "Moka",
        "elevation_m": null,
        "population": 0,
        "feature_type": "populated place",
        "geoname_id": 12168291
      }
    },
    {
      "type": "Feature",
      "geometry": {
        "type": "Point",
        "coordinates": [
          57.51221,
          -20.22539
        ]
      },
      "properties": {
        "name": "Gentilly",
        "country": "Mauritius",
        "region": "Moka",
        "elevation_m": null,
        "population": 0,
        "feature_type": "populated place",
        "geoname_id": 12168299
      }
    },
    {
      "type": "Feature",
      "geometry": {
        "type": "Point",
        "coordinates": [
          57.49861,
          -20.23033
        ]
      },
      "properties": {
        "name": "Martindale",
        "country": "Mauritius",
        "region": "Moka",
        "elevation_m": null,
        "population": 0,
        "feature_type": "populated place",
        "geoname_id": 12168300
      }
    },
    {
      "type": "Feature",
      "geometry": {
        "type": "Point",
        "coordinates": [
          57.48511,
          -20.17029
        ]
      },
      "properties": {
        "name": "Bell Village",
        "country": "Mauritius",
        "region": "Port Louis",
        "elevation_m": null,
        "population": 0,
        "feature_type": "section of populated place",
        "geoname_id": 12173287
      }
    }
  ]
}